CASE_ID,ACCIDENT_YEAR,PROC_DATE,JURIS,COLLISION_DATE,COLLISION_TIME,OFFICER_ID,REPORTING_DISTRICT,DAY_OF_WEEK,CHP_SHIFT,POPULATION,CNTY_CITY_LOC,SPECIAL_COND,BEAT_TYPE,CHP_BEAT_TYPE,CITY_DIVISION_LAPD,CHP_BEAT_CLASS,BEAT_NUMBER,PRIMARY_RD,SECONDARY_RD,DISTANCE,DIRECTION,INTERSECTION,WEATHER_1,WEATHER_2,STATE_HWY_IND,CALTRANS_COUNTY,CALTRANS_DISTRICT,STATE_ROUTE,ROUTE_SUFFIX,POSTMILE_PREFIX,POSTMILE,LOCATION_TYPE,RAMP_INTERSECTION,SIDE_OF_HWY,TOW_AWAY,COLLISION_SEVERITY,NUMBER_KILLED,NUMBER_INJURED,PARTY_COUNT,PRIMARY_COLL_FACTOR,PCF_CODE_OF_VIOL,PCF_VIOL_CATEGORY,PCF_VIOLATION,PCF_VIOL_SUBSECTION,HIT_AND_RUN,TYPE_OF_COLLISION,MVIW,PED_ACTION,ROAD_SURFACE,ROAD_COND_1,ROAD_COND_2,LIGHTING,CONTROL_DEVICE,CHP_ROAD_TYPE,PEDESTRIAN_ACCIDENT,BICYCLE_ACCIDENT,MOTORCYCLE_ACCIDENT,TRUCK_ACCIDENT,NOT_PRIVATE_PROPERTY,ALCOHOL_INVOLVED,STWD_VEHTYPE_AT_FAULT,CHP_VEHTYPE_AT_FAULT,COUNT_SEVERE_INJ,COUNT_VISIBLE_INJ,COUNT_COMPLAINT_PAIN,COUNT_PED_KILLED,COUNT_PED_INJURED,COUNT_BICYCLIST_KILLED,COUNT_BICYCLIST_INJURED,COUNT_MC_KILLED,COUNT_MC_INJURED,PRIMARY_RAMP,SECONDARY_RAMP,LATITUDE,LONGITUDE,COUNTY,CITY,POINT_X,POINT_Y
6489679,2014,2014-07-30,3019,2014-05-24,2057,2648,WE,6,5,7,3019,0,0,0,NA,0,001,GRAND AV,EDINGER AV,220,S,N,B,-,N,NA,NA,NA,NA,NA,NA,NA,NA,NA,Y,3,0,1,2,A,-,09,21801,A,N,D,C,A,A,H,-,C,A,0,NA,NA,Y,NA,Y,NA,D,22,0,1,0,0,0,0,0,0,1,-,-,NA,NA,ORANGE,SANTA ANA,-117.8505,33.7261169
6499847,2014,2016-04-09,9675,2014-05-23,2128,20535,NA,5,2,7,3019,0,1,1,NA,2,502,RT 5,17TH ST,700,S,N,A,-,Y,ORA,12,5,-,-,32.49,R,2,S,Y,2,0,2,3,A,-,03,22350,NA,N,D,E,A,A,H,-,C,D,1,NA,NA,NA,Y,Y,NA,A,01,1,1,0,0,0,0,0,0,0,TO,-,33.75802,-117.8615,ORANGE,SANTA ANA,-117.86276906,33.76018376
6500085,2014,2014-07-28,3001,2014-05-09,2015,1373,NA,5,5,7,3001,0,0,0,NA,0,015,EUCLID ST,W LINCOLN AV,308,S,N,A,-,N,NA,NA,NA,NA,NA,NA,NA,NA,NA,Y,4,0,2,2,A,-,09,21801,A,N,D,C,A,A,H,-,C,D,0,NA,NA,NA,NA,Y,NA,A,01,0,0,2,0,0,0,0,0,0,-,-,NA,NA,ORANGE,ANAHEIM,-117.94148,33.83244
6524148,2014,2014-07-17,3019,2014-04-20,2017,3322,WESTE,7,5,7,3019,0,0,0,NA,0,001,SOUTH HARBOR BL,WEST 1ST ST,900,S,N,A,-,N,NA,NA,NA,NA,NA,NA,NA,NA,NA,Y,4,0,1,2,A,-,03,22350,NA,N,C,C,A,A,H,-,C,D,0,NA,NA,NA,NA,Y,NA,A,08,0,0,1,0,0,0,0,0,0,-,-,NA,NA,ORANGE,SANTA ANA,-117.92014,33.74268281
6524846,2014,2014-08-06,9670,2014-05-23,2245,020472,NA,5,3,9,3000,0,3,5,NA,2,003,MONTECITO RD,BOSTONIAN DR,10,N,N,A,-,N,NA,NA,NA,NA,NA,NA,NA,NA,NA,Y,4,0,1,2,A,-,03,22350,NA,N,C,C,A,A,H,-,C,A,0,NA,NA,NA,NA,Y,NA,A,07,0,0,1,0,0,0,0,0,0,-,-,33.79092,-118.07792,ORANGE,UNINCORPORATED,-118.07778382,33.79082487
6536019,2014,2014-07-30,9690,2014-05-17,2006,20125,NA,6,2,9,3000,0,2,4,NA,2,037,LIVE OAK CANYON RD,SHELTER CANYON RD,1461,S,N,A,-,N,NA,NA,NA,NA,NA,NA,NA,NA,NA,Y,3,0,1,1,A,-,03,22350,NA,N,E,I,A,A,H,-,B,D,0,NA,NA,NA,NA,Y,NA,A,01,0,1,0,0,0,0,0,0,0,-,-,33.66258,-117.60086,ORANGE,UNINCORPORATED,-117.602283,33.66976
6543033,2014,2015-04-06,3010,2014-06-18,1511,2084,241,3,5,6,3010,0,0,0,NA,0,009,CENTER AV,GOTHARD,540,E,N,A,-,N,NA,NA,NA,NA,NA,NA,NA,NA,NA,N,4,0,1,1,A,-,08,22107,NA,N,A,-,A,A,H,-,A,D,0,NA,Y,NA,NA,Y,NA,L,04,0,0,1,0,0,0,1,0,0,-,-,NA,NA,ORANGE,HUNTINGTON BEACH,-117.99861737,33.73390171
6546878,2014,2016-03-30,3000,2014-06-07,1220,3355,797J4,6,5,4,3021,0,0,0,NA,0,121,BEACH BL,CHAPMAN AV,12,S,N,A,-,Y,ORA,12,39,-,-,9.671,I,5,S,N,3,0,1,2,-,-,-,NA,NA,N,G,B,B,A,H,-,A,A,0,Y,NA,NA,NA,Y,NA,-,-,0,1,0,0,1,0,0,0,0,-,-,NA,NA,ORANGE,STANTON,-117.99306686,33.78827839
6547060,2014,2016-04-04,9690,2014-06-23,1502,14552,NA,1,2,5,3017,0,1,1,NA,2,058,RT 5,CAMINO DE ESTRELLA,36,N,N,A,-,Y,ORA,12,5,-,-,6.972,R,1,S,N,4,0,1,2,A,-,03,22350,NA,F,C,C,A,A,H,-,A,A,1,NA,NA,NA,NA,Y,NA,A,01,0,0,1,0,0,0,0,0,0,TO,-,33.45831,-117.65674,ORANGE,SAN CLEMENTE,-117.67262936,33.46828784
6557462,2014,2016-05-28,9675,2014-07-09,1730,20766,NA,3,2,6,3026,0,1,1,NA,2,504,RT 5,BARRANCA PKWY,500,N,N,A,-,Y,ORA,12,5,-,-,22.71,H,-,S,Y,4,0,1,3,A,-,03,22350,NA,N,C,C,A,A,H,-,A,D,1,NA,NA,NA,NA,Y,NA,A,01,0,0,1,0,0,0,0,0,0,-,-,33.66425,-117.75104,ORANGE,IRVINE,-117.7488419,33.66156136
6570726,2014,2016-05-28,9675,2014-07-30,0820,16944,NA,3,1,7,3019,0,1,1,NA,2,502,RT 5,RT 22,20,S,N,A,-,Y,ORA,12,22,-,R,10.775,R,1,E,N,4,0,1,2,A,-,03,22350,NA,N,C,C,A,A,H,-,A,D,6,NA,NA,NA,NA,Y,NA,D,22,0,0,1,0,0,0,0,0,0,TO,-,33.77861,-117.87749,ORANGE,SANTA ANA,-117.871227,33.77819796
6572200,2014,2014-08-06,3008,2014-06-25,0850,1033,NA,3,5,6,3008,0,0,0,NA,0,0A1,BROOKHURST RD,ROBERTA AV,220,N,N,A,-,N,NA,NA,NA,NA,NA,NA,NA,NA,NA,Y,4,0,2,2,A,-,03,22350,NA,N,C,C,A,A,H,-,A,A,0,NA,NA,NA,NA,Y,NA,A,07,0,0,2,0,0,0,0,0,0,-,-,NA,NA,ORANGE,FULLERTON,-117.95927942,33.85678312
6581090,2014,2015-05-29,3004,2014-07-10,0900,P462,08,4,5,6,3004,0,0,0,NA,0,009,PLACENTIA AV,20TH ST,35,N,N,A,-,N,NA,NA,NA,NA,NA,NA,NA,NA,NA,N,4,0,1,2,A,-,03,22350,NA,N,C,C,A,A,H,-,A,D,0,NA,NA,NA,NA,Y,NA,A,01,0,0,1,0,0,0,0,0,0,-,-,33.64716,-117.93208,ORANGE,COSTA MESA,-117.93204,33.64710596
6581935,2014,2014-08-19,3001,2014-07-29,1106,1508,NA,2,5,7,3001,0,0,0,NA,0,0D1,BROOKHURST ST,BROADWAY,107,S,N,A,-,N,NA,NA,NA,NA,NA,NA,NA,NA,NA,N,4,0,3,2,A,-,07,21658,A,N,B,C,A,A,A,-,A,D,0,NA,NA,NA,NA,Y,NA,A,01,0,0,3,0,0,0,0,0,0,-,-,NA,NA,ORANGE,ANAHEIM,-117.95895,33.82859664
6595763,2014,2014-09-08,3019,2014-08-09,2133,2580,WE,6,5,7,3019,0,0,0,NA,0,001,BRISTOL ST,CIVIC CENTER DR,0,NA,Y,A,-,N,NA,NA,NA,NA,NA,NA,NA,NA,NA,N,4,0,1,2,A,-,12,21453,A,M,D,C,A,A,H,-,C,A,0,NA,NA,NA,NA,Y,NA,A,01,0,0,1,0,0,0,0,0,0,-,-,NA,NA,ORANGE,SANTA ANA,-117.88511003,33.7515001
6597969,2014,2014-09-18,3026,2014-08-07,1017,4779,NA,4,5,6,3026,0,0,0,NA,0,00C,ALTON PKWY,EAST YALE LOOP,0,NA,Y,A,-,N,NA,NA,NA,NA,NA,NA,NA,NA,NA,Y,4,0,4,3,A,-,12,21453,A,N,D,C,A,A,H,-,A,A,0,NA,NA,NA,NA,Y,NA,A,01,0,0,4,0,0,0,0,0,0,-,-,NA,NA,ORANGE,IRVINE,-117.79153003,33.6713301
6603445,2014,2014-09-19,3009,2014-08-21,1043,4049,86,4,5,6,3009,0,0,0,NA,0,013,MAGNOLIA ST,INGRAM AV,129,S,N,A,-,N,NA,NA,NA,NA,NA,NA,NA,NA,NA,Y,4,0,1,2,A,-,07,21658,A,N,C,C,A,A,H,-,A,D,0,NA,NA,NA,NA,Y,NA,A,01,0,0,1,0,0,0,0,0,0,-,-,NA,NA,ORANGE,GARDEN GROVE,-117.97251862,33.76056639
6610781,2014,2016-05-24,3011,2014-08-17,1733,31340,83,7,5,4,3011,0,0,0,NA,0,003,RT 1,BLUFF DR,480,N,N,A,-,Y,ORA,12,1,-,-,6.04,H,-,S,Y,3,0,4,4,A,-,03,22350,NA,N,C,C,A,A,H,-,A,D,0,NA,NA,NA,NA,Y,NA,A,07,0,2,2,0,0,0,0,0,0,-,-,NA,NA,ORANGE,LAGUNA BEACH,-117.7471766,33.50558116
6632821,2014,2014-10-08,3008,2014-09-11,1327,1297,NA,4,5,6,3008,0,0,0,NA,0,Z II,ORANGETHORPE AV,RICHMAN AV,0,NA,Y,A,-,N,NA,NA,NA,NA,NA,NA,NA,NA,NA,Y,4,0,2,2,A,-,09,21801,A,N,D,C,A,A,H,-,A,A,0,NA,NA,NA,NA,Y,NA,A,01,0,0,2,0,0,0,0,0,0,-,-,NA,NA,ORANGE,FULLERTON,-117.93307008,33.85958002
6638975,2014,2015-05-07,3015,2014-08-25,1737,1509,44N,1,5,6,3015,0,0,0,NA,0,331,EAST CHAPMAN AV,HEWES ST,32,W,N,A,-,N,NA,NA,NA,NA,NA,NA,NA,NA,NA,N,4,0,1,3,A,-,03,22350,NA,N,C,C,A,A,H,-,A,A,0,NA,NA,NA,NA,Y,NA,D,22,0,0,1,0,0,0,0,0,0,-,-,NA,NA,ORANGE,ORANGE,-117.80581504,33.78774164
6652118,2014,2016-06-18,9670,2014-10-02,1905,018654,NA,4,2,4,3020,0,1,1,NA,2,045,RT 405,SEAL BEACH BL,1000,S,N,A,-,Y,ORA,12,405,-,-,22.45,H,-,S,Y,4,0,2,3,A,-,03,22350,NA,N,C,D,A,A,H,-,A,D,1,NA,NA,NA,NA,Y,NA,A,01,0,0,2,0,0,0,0,0,0,-,-,33.77405,-118.07214,ORANGE,SEAL BEACH,-118.07179983,33.77425947
6658048,2014,2014-10-22,3004,2014-09-15,2002,P616,31,1,5,6,3004,0,0,0,NA,0,005,BRISTOL ST,RED HILL AV,0,NA,Y,A,-,N,NA,NA,NA,NA,NA,NA,NA,NA,NA,N,4,0,2,3,A,-,01,23152,A,N,C,C,A,A,H,-,C,A,0,NA,NA,NA,NA,Y,Y,A,01,0,0,2,0,0,0,0,0,0,-,-,33.66682,-117.88233,ORANGE,COSTA MESA,-117.88203,33.66663004
6676771,2014,2014-12-16,3007,2014-10-08,0731,270,42,3,5,5,3007,0,0,0,NA,0,56M,SLATER AV,SANTA MARIA ST,35,E,N,A,-,N,NA,NA,NA,NA,NA,NA,NA,NA,NA,Y,3,0,2,2,A,-,09,21802,A,N,D,C,A,A,H,-,A,A,0,NA,NA,NA,NA,Y,NA,A,01,0,1,1,0,0,0,0,0,0,-,-,NA,NA,ORANGE,FOUNTAIN VALLEY,-117.97867518,33.70848071
6683003,2014,2014-12-23,3024,2014-10-15,1132,140,P 15,3,5,5,3024,0,0,0,NA,0,WEST,SPRINGDALE ST,WESTMINSTER BL,10,S,N,A,-,N,NA,NA,NA,NA,NA,NA,NA,NA,NA,N,4,0,1,2,A,-,03,22350,NA,M,C,C,A,A,H,-,A,D,0,NA,NA,NA,NA,Y,NA,A,01,0,0,1,0,0,0,0,0,0,-,-,NA,NA,ORANGE,WESTMINSTER,-118.02461839,33.75905261
6709515,2014,2015-01-07,3026,2014-11-14,1324,7094,NA,5,5,6,3026,0,0,0,NA,0,00U,ALTON PKWY,SAN MARINO,225,E,N,B,-,N,NA,NA,NA,NA,NA,NA,NA,NA,NA,Y,4,0,1,2,A,-,07,21658,A,N,B,C,A,A,H,-,A,A,0,NA,NA,NA,NA,Y,NA,D,22,0,0,1,0,0,0,0,0,0,-,-,NA,NA,ORANGE,IRVINE,-117.81314278,33.68177764
6718628,2017,2018-02-20,3009,2017-12-08,1756,3965,083,5,5,6,3009,0,0,0,NA,0,012,BROOKHURST ST,BIXBY AV,20,N,N,A,-,N,NA,NA,NA,NA,NA,NA,NA,NA,NA,Y,1,1,0,2,A,-,11,21954,A,N,G,B,D,A,H,-,C,A,0,Y,NA,NA,NA,Y,Y,N,60,0,0,0,1,0,0,0,0,0,-,-,33.78493,-117.96252,ORANGE,GARDEN GROVE,-117.95873101,33.78442483
6741914,2014,2015-01-20,3010,2014-11-15,1458,1176,425,6,5,6,3010,0,0,0,NA,0,003,MAGNOLIA,GARFIELD,0,NA,Y,A,-,N,NA,NA,NA,NA,NA,NA,NA,NA,NA,Y,2,0,2,2,A,-,09,21801,A,N,A,C,A,A,H,-,A,A,0,NA,NA,NA,NA,Y,NA,A,07,1,1,0,0,0,0,0,0,0,-,-,NA,NA,ORANGE,HUNTINGTON BEACH,-117.97145003,33.68681005
6742641,2014,2015-01-12,9690,2014-10-24,1450,17631,NA,5,2,9,3000,0,2,4,NA,2,035,OSO PKWY,MEANDERING TRL,100,E,N,A,-,N,NA,NA,NA,NA,NA,NA,NA,NA,NA,Y,4,0,1,3,A,-,03,22350,NA,N,C,C,A,A,H,-,A,A,0,NA,NA,NA,NA,Y,NA,A,07,0,0,1,0,0,0,0,0,0,-,-,33.58719,-117.6239,ORANGE,UNINCORPORATED,-117.62334549,33.58692569
6750654,2014,2015-01-26,3019,2014-11-26,1204,2630,SC,3,5,7,3019,0,0,0,NA,0,004,MCFADDEN AV,FAIRVIEW ST,20,W,N,A,-,N,NA,NA,NA,NA,NA,NA,NA,NA,NA,N,4,0,1,2,A,-,03,22350,NA,N,C,C,A,A,H,-,A,A,0,NA,NA,NA,NA,Y,NA,-,99,0,0,1,0,0,0,0,0,0,-,-,NA,NA,ORANGE,SANTA ANA,-117.90685562,33.7345009
6754925,2014,2015-02-03,3024,2014-12-22,2114,156,P-05,1,5,5,3024,0,0,0,NA,0,WEST,GOLDENWEST ST,BESTEL AV,165,N,N,A,-,N,NA,NA,NA,NA,NA,NA,NA,NA,NA,N,4,0,1,2,A,-,03,22350,NA,F,H,G,A,-,H,-,E,D,0,NA,Y,NA,NA,Y,NA,A,01,0,0,1,0,0,0,1,0,0,-,-,NA,NA,ORANGE,WESTMINSTER,-118.0072902,33.76889232
6765476,2014,2015-01-29,3022,2014-12-11,1327,1109,NORTH,4,5,5,3022,0,0,0,NA,0,004,E 1ST ST,CHARLOMA DR,158,E,N,A,-,N,NA,NA,NA,NA,NA,NA,NA,NA,NA,Y,3,0,1,1,A,-,08,22107,NA,N,E,I,A,A,H,-,A,D,0,NA,NA,NA,NA,Y,NA,A,01,0,1,0,0,0,0,0,0,0,-,-,33.7428,-117.81056,ORANGE,TUSTIN,-117.81050515,33.74284979
6770869,2014,2015-02-12,9675,2014-12-19,1855,15826,NA,5,2,7,3001,0,1,3,NA,2,093,RT 91,RT 57,1200,W,N,B,-,Y,NA,NA,NA,NA,NA,NA,NA,NA,NA,Y,3,0,1,2,A,-,03,22350,NA,N,C,C,A,A,H,-,C,D,0,NA,NA,NA,NA,Y,NA,A,01,0,1,0,0,0,0,0,0,0,-,-,33.85209,-117.80022,ORANGE,ANAHEIM,-117.87662817,33.84981967
6773375,2014,2015-02-18,3004,2014-12-03,1254,P543,04,3,5,6,3004,0,0,0,NA,0,015,IRVINE AV,EAST 17TH ST,23,S,N,C,-,N,NA,NA,NA,NA,NA,NA,NA,NA,NA,N,4,0,1,1,A,-,01,23152,F,N,E,I,A,B,H,-,A,A,0,NA,NA,NA,NA,Y,NA,A,01,0,0,1,0,0,0,0,0,0,-,-,33.37418,-117.54314,ORANGE,COSTA MESA,-117.90869697,33.62837068
6773704,2014,2015-02-06,3000,2014-12-18,0920,5051,921E5,4,5,4,3049,0,0,0,NA,0,6M82,ALISO CREEK RD,SUMMERFIELD ST,450,S,N,A,-,N,NA,NA,NA,NA,NA,NA,NA,NA,NA,Y,4,0,2,2,A,-,03,22350,NA,N,C,C,A,A,H,-,A,A,0,NA,NA,NA,NA,Y,NA,A,07,0,0,2,0,0,0,0,0,0,-,-,NA,NA,ORANGE,ALISO VIEJO,-117.72352772,33.5753539
6797529,2015,2015-02-24,3007,2015-01-17,2341,284,75,6,5,5,3007,0,0,0,NA,0,P23,BROOKHURST,NIAGARA RIVER,0,NA,Y,A,-,N,NA,NA,NA,NA,NA,NA,NA,NA,NA,N,4,0,1,2,A,-,08,22107,NA,N,B,C,A,A,H,-,C,D,0,NA,NA,NA,NA,Y,NA,A,01,0,0,1,0,0,0,0,0,0,-,-,NA,NA,ORANGE,FOUNTAIN VALLEY,-117.95420005,33.68958007
6813342,2015,2016-09-23,3014,2015-01-30,0126,1257,RD24,5,5,5,3014,0,0,0,NA,0,0A2,RT 55,RT 1,348,N,N,B,C,Y,ORA,12,55,-,-,0.382,R,2,S,Y,3,0,1,1,A,-,01,23152,A,M,E,I,A,A,H,-,C,D,0,NA,NA,NA,NA,Y,Y,A,01,0,1,0,0,0,0,0,0,0,TR,-,33.6223,-117.9291,ORANGE,NEWPORT BEACH,-117.92874556,33.62261796
6816730,2015,2016-09-23,9675,2015-02-04,1920,18087,NA,3,2,7,3001,0,1,3,NA,2,093,RT 91,LA PALMA AV,100,E,N,A,-,Y,ORA,12,91,-,-,6.44,H,-,W,Y,4,0,1,1,A,-,03,22350,NA,N,F,A,A,A,H,-,C,D,6,NA,NA,Y,NA,Y,NA,C,02,0,0,1,0,0,0,0,0,1,-,-,33.84748,-117.86977,ORANGE,ANAHEIM,-117.87060584,33.84759521
6847940,2015,2015-03-17,9690,2015-02-15,1836,020125,NA,7,2,9,3000,0,2,4,NA,2,037,LIVE OAK CANYON RD,ONEILL PARK,3168,N,N,A,-,N,NA,NA,NA,NA,NA,NA,NA,NA,NA,Y,3,0,2,1,A,-,01,23152,A,N,F,A,A,A,H,-,B,D,0,NA,NA,NA,NA,Y,Y,A,07,0,1,1,0,0,0,0,0,0,-,-,33.66195,-117.60082,ORANGE,UNINCORPORATED,NA,NA
6862429,2015,2015-03-27,3019,2015-03-07,1545,2250,SC,6,5,7,3019,0,0,0,NA,0,004,BRISTOL ST,ALTON AV,0,NA,Y,A,-,N,NA,NA,NA,NA,NA,NA,NA,NA,NA,N,4,0,1,2,A,-,03,22350,NA,M,C,C,A,A,H,-,A,A,0,NA,NA,NA,NA,Y,NA,A,07,0,0,1,0,0,0,0,0,0,-,-,NA,NA,ORANGE,SANTA ANA,-117.88554,33.70367011
6863038,2015,2016-09-14,9675,2015-03-11,1705,16944,NA,3,2,6,3015,0,1,3,NA,2,550,RT 55,RT 91,1000,S,N,B,-,Y,ORA,12,55,-,-,17.69,H,-,N,Y,3,0,1,2,A,-,07,21658,A,N,C,C,A,A,H,-,A,D,6,NA,NA,NA,NA,Y,NA,A,07,0,1,0,0,0,0,0,0,0,-,-,33.83932,-117.83375,ORANGE,ORANGE,-117.82927396,33.84302426
6867223,2015,2015-04-17,3008,2015-03-05,1827,1364,Z2,4,5,6,3008,0,0,0,NA,0,1827,ORANGETHORPE AV,LEMON ST,0,NA,Y,A,-,N,NA,NA,NA,NA,NA,NA,NA,NA,NA,N,3,0,1,2,A,-,05,21650,1,N,A,G,A,A,H,-,C,A,0,NA,Y,NA,NA,Y,NA,L,04,0,1,0,0,0,0,1,0,0,-,-,33.8594,-117.9199,ORANGE,FULLERTON,-117.91987002,33.85951001
6870251,2015,2015-04-15,3010,2015-03-25,1352,2057,138,3,5,6,3010,0,0,0,NA,0,009,EDWARDS,BOLSA,305,S,N,A,-,N,NA,NA,NA,NA,NA,NA,NA,NA,NA,N,4,0,1,2,A,-,03,22350,NA,M,C,C,A,A,H,-,A,D,0,NA,NA,NA,NA,Y,NA,A,01,0,0,1,0,0,0,0,0,0,-,-,NA,NA,ORANGE,HUNTINGTON BEACH,-118.01569,33.74365373
6893458,2015,2016-11-08,9675,2015-04-18,1645,19979,NA,6,2,4,3002,0,1,3,NA,2,570,RT 57,LAMBERT RD,1000,S,N,A,-,Y,ORA,12,57,-,-,20.57,H,-,S,N,4,0,1,2,A,-,03,22350,NA,N,C,C,A,A,H,-,A,D,6,NA,NA,NA,NA,Y,NA,A,01,0,0,1,0,0,0,0,0,0,-,-,33.92078,-117.88037,ORANGE,BREA,-117.88043911,33.92047741
6908285,2015,2015-05-11,3009,2015-04-14,0040,1541,123,2,5,6,3009,0,0,0,NA,0,E21,CHAPMAN AV,EUCLID ST,0,NA,Y,A,-,N,NA,NA,NA,NA,NA,NA,NA,NA,NA,Y,4,0,4,2,A,-,12,21453,A,N,D,C,A,A,H,-,C,A,0,NA,NA,NA,NA,Y,NA,A,01,0,0,4,0,0,0,0,0,0,-,-,NA,NA,ORANGE,GARDEN GROVE,-117.94126006,33.78867003
6944197,2015,2015-06-12,3000,2015-04-27,1621,5163,951F4,1,5,5,3040,0,0,0,NA,0,18743,NIGUEL RD,ALICIA PKWY,83,S,N,A,-,N,NA,NA,NA,NA,NA,NA,NA,NA,NA,N,3,0,1,2,A,-,08,22107,NA,N,F,A,A,A,H,-,A,A,0,NA,NA,Y,NA,Y,NA,D,22,0,1,0,0,0,0,0,0,1,-,-,NA,NA,ORANGE,LAGUNA NIGUEL,-117.71551144,33.52914991
6945607,2015,2015-06-25,3000,2015-04-21,1655,8418,971H6,2,5,4,3029,0,0,0,NA,0,737,LA CRESTA DR,AMBER LANTERN,0,NA,Y,B,-,N,NA,NA,NA,NA,NA,NA,NA,NA,NA,N,4,0,1,2,A,-,10,21950,NA,N,A,B,D,A,H,-,A,A,0,Y,NA,NA,NA,Y,NA,-,-,0,0,1,0,1,0,0,0,0,-,-,NA,NA,ORANGE,DANA POINT,-117.7022301,33.46909004
6982800,2015,2017-01-19,9675,2015-07-07,1748,18832,NA,2,2,7,3019,0,1,3,NA,2,551,RT 55,RT 5,50,S,N,A,-,Y,ORA,12,55,-,-,10.44,H,-,S,Y,4,0,1,3,A,-,03,22350,NA,N,C,C,A,A,H,-,A,D,6,NA,NA,NA,NA,Y,NA,D,22,0,0,1,0,0,0,0,0,0,-,-,33.70988,-117.79544,ORANGE,SANTA ANA,-117.83391841,33.74055026
6984685,2015,2016-12-14,3010,2015-06-29,0925,1145,292,1,5,6,3010,0,0,0,NA,0,005,RT 39,TAYLOR,0,NA,Y,A,-,Y,ORA,12,39,-,-,3.385,I,5,S,Y,4,0,1,2,A,-,09,21802,A,N,D,C,A,A,H,-,A,A,0,NA,NA,NA,NA,Y,NA,A,01,0,0,1,0,0,0,0,0,0,-,-,NA,NA,ORANGE,HUNTINGTON BEACH,-117.98916241,33.69761943
6996735,2015,2015-07-31,3000,2015-05-23,1050,6717,891F4,6,5,5,3050,0,0,0,NA,0,18762,LAKE FOREST DR,MUIRLANDS BL,0,NA,Y,B,-,N,NA,NA,NA,NA,NA,NA,NA,NA,NA,Y,3,0,1,2,A,-,12,21453,A,N,D,C,A,A,H,-,A,A,0,NA,NA,NA,NA,Y,NA,A,01,0,1,0,0,0,0,0,0,0,-,-,33.38028,-117.42354,ORANGE,LAKE FOREST,-117.70984008,33.63425004
7000927,2015,2017-01-19,9675,2015-07-09,1605,19407,NA,4,2,5,3022,0,1,1,NA,2,502,RT 5,TUSTIN RANCH RD,125,S,N,A,-,Y,ORA,12,5,-,-,28.16,H,-,N,Y,4,0,3,2,A,-,03,22350,NA,N,C,C,A,A,H,-,A,D,1,NA,NA,NA,NA,Y,NA,D,22,0,0,3,0,0,0,0,0,0,-,-,33.72458,-117.80249,ORANGE,TUSTIN,-117.80259064,33.72493972
7043775,2015,2015-09-11,3010,2015-08-13,2150,1106,452,4,5,6,3010,0,0,0,NA,0,002,ATLANTA AV,DELAWARE ST,0,NA,Y,A,-,N,NA,NA,NA,NA,NA,NA,NA,NA,NA,Y,2,0,2,2,A,-,08,22107,NA,N,D,C,A,A,H,-,C,D,0,NA,NA,Y,NA,Y,NA,A,01,1,0,1,0,0,0,0,0,1,-,-,NA,NA,ORANGE,HUNTINGTON BEACH,-117.99259007,33.65764003
7048767,2015,2015-09-16,3019,2015-08-21,0845,2630,NE,5,5,7,3019,0,0,0,NA,0,002,4TH ST,TUSTIN AV,0,NA,Y,A,-,N,NA,NA,NA,NA,NA,NA,NA,NA,NA,N,4,0,1,2,A,-,12,21453,A,N,D,C,A,A,H,-,A,A,0,NA,NA,NA,NA,Y,NA,A,01,0,0,1,0,0,0,0,0,0,-,-,NA,NA,ORANGE,SANTA ANA,-117.83413012,33.74827004
7050320,2015,2017-01-14,9670,2015-08-29,2020,16271,NA,6,2,5,3024,0,1,1,NA,2,042,RT 405,SPRINGDALE ST,1400,N,N,A,-,Y,ORA,12,405,-,-,19.65,H,-,N,N,4,0,1,2,A,-,03,22350,NA,N,C,C,A,A,H,-,C,D,1,NA,NA,NA,NA,Y,NA,A,01,0,0,1,0,0,0,0,0,0,-,-,33.76431,-118.02797,ORANGE,WESTMINSTER,-118.02801479,33.76418778
7066623,2015,2015-09-17,9670,2015-08-27,0939,15927,NA,4,1,9,3000,0,3,5,NA,2,003,MARTHA ANN DR,PIEDMONT ST,542,S,N,A,-,N,NA,NA,NA,NA,NA,NA,NA,NA,NA,Y,3,0,1,2,A,-,08,22107,NA,N,C,E,A,A,H,-,A,D,0,NA,NA,NA,NA,Y,Y,A,01,0,1,0,0,0,0,0,0,0,-,-,33.79043,-118.08777,ORANGE,UNINCORPORATED,-118.0878027,33.79039949
7067317,2015,2017-01-19,9675,2015-08-28,1818,20766,NA,5,2,6,3026,0,1,1,NA,2,503,RT 5,CULVER DR,1000,N,N,A,-,Y,ORA,12,5,-,R,26.81,H,-,N,Y,3,0,1,4,A,-,07,21658,A,N,B,C,A,A,H,-,A,D,1,NA,NA,Y,NA,Y,NA,A,08,0,1,0,0,0,0,0,0,1,-,-,33.71389,-117.78685,ORANGE,IRVINE,-117.78470746,33.71243337
7088692,2015,2015-10-13,3010,2015-09-05,1324,2057,447,6,5,6,3010,0,0,0,NA,0,003,LAWSON,ADAMS,0,NA,Y,A,-,N,NA,NA,NA,NA,NA,NA,NA,NA,NA,Y,3,0,1,2,A,-,09,21802,A,N,D,C,A,A,H,-,A,A,0,NA,NA,NA,NA,Y,NA,A,01,0,1,0,0,0,0,0,0,0,-,-,NA,NA,ORANGE,HUNTINGTON BEACH,-117.95021009,33.67234011
7098142,2015,2015-10-24,3019,2015-09-25,0827,2630,WE,5,5,7,3019,0,0,0,NA,0,001,EDINGER AV,HARMON ST,170,W,N,A,-,N,NA,NA,NA,NA,NA,NA,NA,NA,NA,N,4,0,2,2,A,-,03,22350,NA,N,C,C,A,A,H,-,A,A,0,NA,NA,NA,NA,Y,NA,D,22,0,0,2,0,0,0,0,0,0,-,-,33.73121,-117.93152,ORANGE,SANTA ANA,-117.9321878,33.73094443