CASE_ID,ACCIDENT_YEAR,PROC_DATE,JURIS,COLLISION_DATE,COLLISION_TIME,OFFICER_ID,REPORTING_DISTRICT,DAY_OF_WEEK,CHP_SHIFT,POPULATION,CNTY_CITY_LOC,SPECIAL_COND,BEAT_TYPE,CHP_BEAT_TYPE,CITY_DIVISION_LAPD,CHP_BEAT_CLASS,BEAT_NUMBER,PRIMARY_RD,SECONDARY_RD,DISTANCE,DIRECTION,INTERSECTION,WEATHER_1,WEATHER_2,STATE_HWY_IND,CALTRANS_COUNTY,CALTRANS_DISTRICT,STATE_ROUTE,ROUTE_SUFFIX,POSTMILE_PREFIX,POSTMILE,LOCATION_TYPE,RAMP_INTERSECTION,SIDE_OF_HWY,TOW_AWAY,COLLISION_SEVERITY,NUMBER_KILLED,NUMBER_INJURED,PARTY_COUNT,PRIMARY_COLL_FACTOR,PCF_CODE_OF_VIOL,PCF_VIOL_CATEGORY,PCF_VIOLATION,PCF_VIOL_SUBSECTION,HIT_AND_RUN,TYPE_OF_COLLISION,MVIW,PED_ACTION,ROAD_SURFACE,ROAD_COND_1,ROAD_COND_2,LIGHTING,CONTROL_DEVICE,CHP_ROAD_TYPE,PEDESTRIAN_ACCIDENT,BICYCLE_ACCIDENT,MOTORCYCLE_ACCIDENT,TRUCK_ACCIDENT,NOT_PRIVATE_PROPERTY,ALCOHOL_INVOLVED,STWD_VEHTYPE_AT_FAULT,CHP_VEHTYPE_AT_FAULT,COUNT_SEVERE_INJ,COUNT_VISIBLE_INJ,COUNT_COMPLAINT_PAIN,COUNT_PED_KILLED,COUNT_PED_INJURED,COUNT_BICYCLIST_KILLED,COUNT_BICYCLIST_INJURED,COUNT_MC_KILLED,COUNT_MC_INJURED,PRIMARY_RAMP,SECONDARY_RAMP,LATITUDE,LONGITUDE,COUNTY,CITY,POINT_X,POINT_Y
90777014,2018,2018-07-26,9675,2018-07-22,1145,019979,NA,7,1,7,3019,0,1,3,NA,2,552,SR-55 SOUTHBOUND,DYER RD,1500,N,N,A,-,Y,NA,NA,55,NA,NA,NA,NA,NA,S,Y,4,0,3,4,A,-,03,22350,NA,N,C,C,A,A,H,-,A,D,0,NA,NA,NA,NA,Y,NA,A,01,0,0,3,0,0,0,0,0,0,-,-,33.71147918701172,-117.84912872314452,ORANGE,SANTA ANA,-117.84902954101563,33.71138381958008
90799772,2018,2018-08-28,9670,2018-07-26,0815,018516,NA,4,1,5,3003,0,1,3,NA,2,092,SR-91 E/B,STANTON AVE,1557,E,N,B,-,Y,NA,NA,91,NA,NA,NA,NA,NA,E,Y,3,0,3,4,A,-,07,21658,A,N,B,C,A,A,H,-,A,D,0,NA,NA,NA,Y,Y,NA,A,01,0,1,2,0,0,0,0,0,0,-,-,33.855899810791016,-117.98873901367188,ORANGE,BUENA PARK,-117.98873901367188,33.856056213378906
90804598,2018,2018-09-04,9670,2018-08-30,1010,021585,NA,4,1,5,3024,0,1,1,NA,2,041,I-405 S/B,NEWLAND ST,528,S,N,A,-,Y,NA,NA,405,NA,NA,NA,NA,NA,S,N,4,0,2,3,A,-,03,22350,NA,N,C,C,A,A,D,-,A,D,0,NA,NA,NA,NA,Y,NA,A,01,0,0,2,0,0,0,0,0,0,-,-,33.72386169433594,-117.9769287109375,ORANGE,WESTMINSTER,-117.97692108154295,33.72386932373047
90826204,2018,2018-10-02,9670,2018-09-30,1105,021459,NA,7,1,6,3008,0,1,3,NA,2,093,SR-91 W/B,GILBERT ST,250,W,N,A,-,Y,NA,NA,91,NA,NA,NA,NA,NA,W,Y,3,0,2,2,A,-,03,22350,NA,N,C,C,A,A,H,-,A,D,0,NA,NA,NA,NA,Y,NA,A,07,0,1,1,0,0,0,0,0,0,-,-,33.8550910949707,-117.9687728881836,ORANGE,FULLERTON,-117.9687957763672,33.855018615722656
90832401,2018,2018-10-09,9675,2018-09-28,1345,021982,NA,5,1,6,3026,0,1,1,NA,2,502,I-5 N/B,JAMBOREE RD,1000,S,N,A,-,Y,NA,NA,5,NA,NA,NA,NA,NA,N,Y,3,0,1,2,A,-,03,22350,NA,N,D,C,A,A,H,-,A,D,0,NA,NA,Y,NA,Y,NA,C,02,0,1,0,0,0,0,0,0,1,-,-,33.7145881652832,-117.7876434326172,ORANGE,IRVINE,-117.78765106201172,33.71457290649414
90859555,2018,2018-11-14,9690,2018-11-07,1340,015927,NA,3,1,5,3028,0,1,1,NA,2,056,I-5 S/B (SAN DIEGO FRWY),OSO PKWY,600,S,N,A,-,Y,NA,NA,5,NA,NA,NA,NA,NA,S,Y,4,0,1,2,A,-,03,22350,NA,N,C,C,A,A,H,-,A,D,0,NA,NA,NA,NA,Y,NA,A,01,0,0,1,0,0,0,0,0,0,-,-,33.577701568603516,-117.6718978881836,ORANGE,MISSION VIEJO,-117.67194366455078,33.577701568603516
90860091,2018,2018-11-14,9670,2018-11-13,0922,018516,NA,2,1,5,3003,0,1,3,NA,2,091,SR-91 W/B,ORANGETHORPE AVE,500,E,N,B,-,Y,NA,NA,91,NA,NA,NA,NA,NA,W,Y,4,0,1,2,A,-,03,22350,NA,N,C,C,A,A,H,-,A,D,0,NA,NA,NA,NA,Y,NA,A,01,0,0,1,0,0,0,0,0,0,-,-,33.85803985595703,-118.03156280517578,ORANGE,BUENA PARK,-118.03159332275392,33.85796356201172
90865758,2018,2018-11-23,9675,2018-11-14,0900,017773,NA,3,1,6,3026,0,1,1,NA,2,406,I-405 S/B,VON KARMAN AVE,528,S,N,A,-,Y,NA,NA,405,NA,NA,NA,NA,NA,S,Y,4,0,2,3,A,-,03,22350,NA,N,C,C,A,A,H,-,A,D,0,NA,NA,NA,NA,Y,NA,A,01,0,0,2,0,0,0,0,0,0,-,-,33.67940139770508,-117.84999847412108,ORANGE,IRVINE,-117.84996795654295,33.679466247558594
9089869,2020,2020-07-08,3004,2020-03-30,1938,P648,16,1,5,6,3004,0,0,0,NA,0,008,FAIRVIEW RD,ARLINGTON AV,6,N,N,A,-,N,NA,NA,NA,NA,NA,NA,NA,NA,NA,N,4,0,1,2,A,-,12,21453,A,N,H,G,A,A,H,-,C,A,0,NA,Y,NA,NA,Y,NA,-,-,0,0,1,0,0,0,1,0,0,-,-,33.66120147705078,-117.90760040283205,ORANGE,COSTA MESA,-117.90779876708984,33.6688346862793
90972620,2019,2019-04-22,9670,2019-04-15,1400,021543,NA,1,2,5,3007,0,1,1,NA,2,040,I-405 N/B,BROOKHURST ST,528,S,N,A,-,Y,NA,NA,405,NA,NA,NA,NA,NA,N,Y,3,0,1,2,A,-,03,22350,NA,N,C,C,A,A,D,-,A,D,0,NA,NA,NA,NA,Y,NA,D,22,0,1,0,0,0,0,0,0,0,-,-,33.70357131958008,-117.95198059082033,ORANGE,FOUNTAIN VALLEY,-117.95201110839844,33.703529357910156
90978820,2019,2019-04-30,9670,2019-04-27,1320,020809,NA,6,1,9,3000,0,3,5,NA,2,005,NEWLAND ST (14700 BLOCK),MADISON AVE,300,S,N,A,-,N,NA,NA,NA,NA,NA,NA,NA,NA,NA,N,4,0,1,2,A,-,03,22350,NA,F,C,C,A,A,H,-,A,D,0,NA,NA,NA,NA,Y,NA,-,99,0,0,1,0,0,0,0,0,0,-,-,33.747371673583984,-117.98098754882813,ORANGE,UNINCORPORATED,-117.98088836669922,33.747596740722656
90985595,2019,2019-05-09,9670,2019-04-29,0935,016209,NA,1,1,6,3009,0,1,3,NA,2,021,SR-22 W/B (GARDEN GROVE FREEWAY),SPRINGDALE ST.,200,W,N,C,-,Y,NA,NA,22,NA,NA,NA,NA,NA,W,Y,4,0,1,6,A,-,03,22350,NA,N,C,C,A,B,H,-,A,D,0,NA,NA,NA,NA,Y,NA,A,01,0,0,1,0,0,0,0,0,0,-,-,33.77436828613281,-118.0210189819336,ORANGE,GARDEN GROVE,-118.0210189819336,33.7744026184082
91073896,2019,2019-09-13,9675,2019-09-07,1055,019942,NA,6,1,7,3001,0,1,3,NA,2,094,SR-91 WESTBOUND,IMPERIAL HIGHWAY,500,W,N,A,-,Y,NA,NA,NA,NA,NA,NA,NA,NA,NA,Y,4,0,1,2,A,-,03,22350,NA,N,C,C,A,A,H,-,A,D,0,NA,NA,Y,NA,Y,NA,C,02,0,0,1,0,0,0,0,0,1,-,-,33.687538146972656,-117.98676300048828,ORANGE,ANAHEIM,NA,NA
9108657,2020,2020-11-09,3008,2020-05-01,1233,1378,ZONE2,5,5,6,3008,0,0,0,NA,0,NA,HARBOR BL,AMERIGE AV,0,NA,Y,A,-,N,NA,NA,NA,NA,NA,NA,NA,NA,NA,Y,4,0,2,2,A,-,09,21801,A,N,B,C,A,A,H,-,A,A,0,NA,NA,Y,NA,Y,NA,A,01,0,0,2,0,0,0,0,0,1,-,-,NA,NA,ORANGE,FULLERTON,-117.92437744140624,33.87137985229492
91098074,2019,2019-10-15,9690,2019-10-08,1535,019089,NA,2,2,9,3000,0,3,5,NA,2,004,BARBERRY STREET,TUBEROSE STREET,72,E,N,A,-,N,NA,NA,NA,NA,NA,NA,NA,NA,NA,Y,4,0,1,1,A,-,08,22107,NA,N,E,I,A,A,H,-,A,D,0,NA,NA,NA,NA,Y,NA,A,07,0,0,1,0,0,0,0,0,0,-,-,33.54549026489258,-117.63507080078124,ORANGE,UNINCORPORATED,-117.63506317138672,33.54561996459961
91138975,2019,2019-12-10,9675,2019-11-29,1455,020091,NA,5,2,6,3004,0,1,1,NA,2,405,I-405 SOUTHBOUND,FAIRVIEW RD,800,S,N,A,-,Y,NA,NA,405,NA,NA,NA,NA,NA,S,Y,4,0,1,3,A,-,08,22107,NA,N,B,C,A,A,H,-,A,D,0,NA,NA,NA,NA,Y,NA,A,01,0,0,1,0,0,0,0,0,0,-,-,33.6876106262207,-117.9040298461914,ORANGE,COSTA MESA,-117.9040298461914,33.6876335144043
91153296,2019,2019-12-26,9675,2019-12-17,0907,017773,NA,2,1,6,3026,0,1,1,NA,2,406,I-405 S/B,CULVER DR,1584,S,N,A,-,Y,NA,NA,405,NA,NA,NA,NA,NA,S,Y,4,0,1,3,A,-,03,22350,NA,N,C,C,A,A,H,-,A,D,0,NA,NA,NA,NA,Y,NA,A,07,0,0,1,0,0,0,0,0,0,-,-,33.667701721191406,-117.81800079345705,ORANGE,IRVINE,-117.81798553466795,33.66774368286133
91158762,2019,2020-01-03,9675,2019-12-26,0030,020544,NA,4,3,9,3000,0,2,4,NA,2,034,SANTIAGO CANYON ROAD,SILVERADO CANYON ROAD,375,N,N,C,-,N,NA,NA,NA,NA,NA,NA,NA,NA,NA,Y,3,0,1,1,A,-,08,22107,NA,N,E,I,A,B,H,-,D,D,0,NA,NA,NA,NA,Y,NA,D,22,0,1,0,0,0,0,0,0,0,-,-,33.74787902832031,-117.67442321777344,ORANGE,UNINCORPORATED,-117.67183685302734,33.74821090698242
91177221,2020,2020-01-30,9690,2020-01-24,0740,014329,NA,5,1,4,3045,0,1,1,NA,2,055,I-5 S/B (SAN DIEGO FRWY),EL TORO RD,2000,N,N,B,-,Y,NA,NA,5,NA,NA,NA,NA,NA,S,Y,4,0,1,2,A,-,07,21658,A,N,C,C,A,A,H,-,A,D,0,NA,NA,NA,NA,Y,NA,M,47,0,0,1,0,0,0,0,0,0,-,-,33.61891174316406,-117.71212005615234,ORANGE,LAGUNA HILLS,-117.7121353149414,33.618892669677734
91193601,2020,2020-02-26,9675,2020-02-15,1830,021377,NA,6,2,4,3002,0,1,3,NA,2,570,SR-57 SOUTHBOUND,TONNER CYN RD,5280,N,N,A,-,N,NA,NA,NA,NA,NA,NA,NA,NA,NA,N,4,0,1,2,A,-,03,22350,NA,N,C,C,A,A,H,-,C,D,0,NA,NA,NA,NA,Y,NA,D,22,0,0,1,0,0,0,0,0,0,-,-,33.94552993774414,-117.86917877197266,ORANGE,BREA,-117.8657684326172,33.94938659667969
91257167,2020,2020-06-25,9670,2020-06-19,2105,021861,NA,5,2,7,3001,0,1,1,NA,2,503,I-5 S/B FROM EUCLID ST.,EUCLID ST.,792,S,N,A,-,Y,NA,NA,5,NA,NA,NA,R,NA,S,Y,4,0,1,1,A,-,03,22350,NA,N,A,I,A,A,H,-,D,D,0,NA,NA,NA,NA,Y,NA,A,01,0,0,1,0,0,0,0,0,0,-,-,33.8343391418457,-117.93875122070313,ORANGE,ANAHEIM,-117.93875122070313,33.8343391418457
91340414,2020,2020-11-05,9670,2020-09-28,0639,016271,NA,1,1,9,3000,0,3,5,NA,2,004,DALE STREET,HOPI STREET,0,NA,Y,A,-,N,NA,NA,NA,NA,NA,NA,NA,NA,NA,Y,4,0,1,2,A,-,09,21802,A,N,D,C,A,A,H,-,A,A,0,NA,NA,NA,NA,Y,NA,A,07,0,0,1,0,0,0,0,0,0,-,-,33.79376983642578,-117.98419952392578,ORANGE,UNINCORPORATED,-117.98420715332033,33.79378128051758
91341021,2020,2020-11-06,9690,2020-11-05,1800,016493,NA,4,2,4,3045,0,1,1,NA,2,055,I-5 S/B (SAN DIEGO FRWY),EL TORO RD,1500,N,N,B,-,N,NA,NA,5,NA,NA,NA,NA,NA,S,N,4,0,1,2,A,-,03,22350,NA,N,C,C,A,A,H,-,C,D,0,NA,NA,NA,NA,Y,NA,A,01,0,0,1,0,0,0,0,0,0,-,-,33.61650085449219,-117.7100830078125,ORANGE,LAGUNA HILLS,-117.70997619628906,33.616607666015625
9136962,2020,2020-09-28,3008,2020-07-13,1516,1546,ZONE1,1,5,6,3008,0,0,0,NA,0,NA,COMMONWEALTH AV,GILBERT ST,0,NA,Y,A,-,N,NA,NA,NA,NA,NA,NA,NA,NA,NA,NA,3,0,1,2,A,-,08,22107,NA,N,G,B,B,A,H,-,A,A,0,Y,NA,NA,NA,Y,NA,D,22,0,1,0,0,1,0,0,0,0,-,-,NA,NA,ORANGE,FULLERTON,-117.96822357177734,33.87004852294922
91425483,2020,2021-03-25,9670,2020-11-30,0052,021210,NA,1,3,5,3003,0,1,1,NA,2,501,INTERSTATE 5 SOUTHBOUND,STANTON AVENUE,243,S,N,A,-,Y,NA,NA,5,NA,NA,NA,NA,NA,S,Y,1,1,1,2,A,-,03,22350,NA,N,C,C,A,A,H,-,C,D,0,NA,NA,NA,NA,Y,NA,A,01,0,0,1,0,0,0,0,0,0,-,-,33.86333084106445,-117.99295043945313,ORANGE,BUENA PARK,-117.99298095703124,33.863277435302734
9146407,2020,2020-10-20,3015,2020-08-19,1610,1386,27,3,5,6,3015,0,0,0,NA,0,711,GLASSELL,BRISTOL,0,NA,Y,A,-,N,NA,NA,NA,NA,NA,NA,NA,NA,NA,N,3,0,1,2,A,-,10,21950,NA,N,G,B,B,A,H,-,A,D,0,Y,NA,NA,NA,Y,NA,A,08,0,1,0,0,1,0,0,0,0,-,-,NA,NA,ORANGE,ORANGE,-117.85291290283205,33.826759338378906
9150063,2020,2020-10-21,3001,2020-05-06,2347,A1047,NA,3,5,7,3001,0,0,0,NA,0,0D1,BEACH BL,ANACAPA WY,152,N,N,A,-,Y,ORA,12,39,-,-,12.87,H,-,N,Y,2,0,1,2,A,-,11,21954,A,F,G,B,E,A,H,-,C,A,0,Y,NA,NA,NA,Y,NA,N,60,1,0,0,0,1,0,0,0,0,-,-,NA,NA,ORANGE,ANAHEIM,-117.99350738525392,33.8348503112793
91514345,2021,2021-07-07,9690,2021-06-27,1030,012712,NA,7,1,5,3028,0,1,1,NA,2,056,I-5 N/B (SAN DIEGO FRWY) TO CROWN VALLEY PKWY.,CROWN VALLEY PKWY,40,S,N,A,-,Y,NA,NA,5,NA,NA,NA,R,NA,N,N,3,0,1,2,A,-,03,22350,NA,N,C,C,A,A,H,-,A,D,0,NA,NA,NA,NA,Y,NA,D,22,0,1,0,0,0,0,0,0,0,-,-,33.5594482421875,-117.6719207763672,ORANGE,MISSION VIEJO,-117.6719207763672,33.5594482421875
91526795,2021,2021-07-22,9675,2021-07-10,0915,016748,NA,6,1,9,3000,0,3,5,NA,2,001,BREA CANYON RD,TONNER CANYON ROAD,1600,S,N,A,-,N,NA,NA,NA,NA,NA,NA,NA,NA,NA,Y,3,0,1,1,A,-,08,22107,NA,N,E,I,A,A,H,-,A,D,0,NA,NA,NA,NA,Y,NA,A,01,0,1,0,0,0,0,0,0,0,-,-,33.94078826904297,-117.88404846191406,ORANGE,UNINCORPORATED,-117.8781509399414,33.94076919555664
91527558,2021,2021-07-23,9675,2021-07-16,0800,020027,NA,5,1,6,3004,0,1,3,NA,2,553,SR-55 SOUTHBOUND,I-405 NORTHBOUND,250,N,N,A,-,Y,NA,NA,55,NA,NA,NA,NA,NA,S,Y,4,0,1,3,A,-,03,22350,NA,N,C,C,A,A,H,-,A,D,0,NA,NA,NA,Y,Y,NA,D,22,0,0,1,0,0,0,0,0,0,-,-,33.68783187866211,-117.8719482421875,ORANGE,COSTA MESA,-117.8718719482422,33.6877555847168
91573060,2021,2021-09-17,9670,2021-09-09,1005,019138,NA,4,1,5,3024,0,1,1,NA,2,043,I-405 SB,EDWARDS ST,200,S,N,A,-,Y,NA,NA,405,NA,NA,NA,NA,NA,S,Y,3,0,2,2,A,-,07,21658,A,N,B,2,A,A,D,-,A,D,0,NA,NA,NA,Y,Y,NA,G,25,0,1,1,0,0,0,0,0,0,-,-,33.7529296875,-118.014892578125,ORANGE,WESTMINSTER,-118.01487731933594,33.7529411315918
91575165,2021,2021-09-21,9675,2021-09-10,1631,021377,NA,5,2,7,3001,0,1,3,NA,2,094,SR-91 E/B FROM LAKEVIEW AVE,LAKEVIEW AVE,500,E,N,A,-,Y,NA,NA,91,NA,NA,NA,R,NA,E,Y,4,0,2,2,A,-,03,22350,NA,N,C,C,A,A,H,-,A,A,0,NA,NA,NA,NA,Y,NA,A,07,0,0,2,0,0,0,0,0,0,-,-,33.85166931152344,-117.8127670288086,ORANGE,ANAHEIM,-117.8127670288086,33.85166931152344
91576920,2021,2021-09-22,9675,2021-09-13,0920,019652,NA,1,1,6,3008,0,1,3,NA,2,570,SR-57 SOUTHBOUND,YORBA LINDA BLVD,1600,N,N,A,-,Y,NA,NA,57,NA,NA,NA,NA,NA,S,N,4,0,1,4,A,-,03,22350,NA,F,C,C,A,A,H,-,A,D,0,NA,NA,NA,NA,Y,NA,-,99,0,0,1,0,0,0,0,0,0,-,-,33.89870834350586,-117.88121032714844,ORANGE,FULLERTON,-117.88127899169922,33.898704528808594
91648775,2021,2021-12-10,9670,2021-12-02,2001,017022,NA,4,2,6,3009,0,1,3,NA,2,022,SR-22 E/B (GARDEN GROVE FREEWAY),NEWLAND STREET,1000,W,N,A,-,Y,NA,NA,22,NA,NA,NA,NA,NA,E,Y,4,0,2,4,A,-,03,22350,NA,N,B,C,A,A,H,-,C,D,0,NA,NA,NA,Y,Y,NA,A,01,0,0,2,0,0,0,0,0,0,-,-,33.7686882019043,-117.97827911376952,ORANGE,GARDEN GROVE,-117.97830963134766,33.76865005493164
91651775,2021,2021-12-14,9675,2021-12-04,1603,021633,NA,6,2,5,3016,0,1,3,NA,2,571,SR-57 SOUTHBOUND,LA JOLLA ST,595,N,N,A,-,Y,NA,NA,57,NA,NA,NA,NA,NA,S,N,4,0,1,2,A,-,03,22350,NA,N,C,C,A,A,H,-,A,D,0,NA,NA,NA,NA,Y,NA,A,01,0,0,1,0,0,0,0,0,0,-,-,33.859161376953125,-117.8767318725586,ORANGE,PLACENTIA,-117.87670135498048,33.859169006347656
9165953,2020,2021-03-05,3000,2020-08-23,1213,9519,797G,7,5,4,3021,0,0,0,NA,0,221,CERRITOS AV,LOWDEN,197,W,N,A,-,N,NA,NA,NA,NA,NA,NA,NA,NA,NA,Y,4,0,2,3,A,-,07,21658,A,N,C,C,A,A,H,-,A,A,0,NA,NA,NA,NA,Y,NA,D,22,0,0,2,0,0,0,0,0,0,-,-,NA,NA,ORANGE,STANTON,-118.00700378417967,33.81003189086914
91674438,2022,2022-01-10,9675,2022-01-04,1410,020699,NA,2,2,7,3001,0,1,3,NA,2,093,SR-91 WESTBOUND,LAKEVIEW AVE,0,NA,Y,A,-,Y,ORA,NA,91,NA,R,9.835,H,NA,L,N,4,0,2,2,A,-,03,22350,NA,N,C,C,A,A,H,-,A,D,0,NA,NA,NA,NA,Y,NA,A,01,0,0,2,0,0,0,0,0,0,-,-,33.84844970703125,-117.81751251220705,ORANGE,ANAHEIM,-117.81746673583984,33.84841537475586
91675809,2022,2022-01-11,9690,2022-01-04,1825,020364,NA,2,2,9,3000,0,2,4,NA,2,034,ANTONIO PARKWAY,COW CAMP ROAD,200,S,N,A,-,Y,NA,NA,NA,NA,NA,NA,NA,NA,NA,Y,4,0,2,2,A,-,03,22350,NA,N,A,A,A,D,H,-,C,D,0,NA,NA,NA,NA,Y,NA,A,01,0,0,2,0,0,0,0,0,0,-,-,33.52568817138672,-117.61882781982422,ORANGE,UNINCORPORATED,-117.61894989013672,33.52581787109375
91685896,2022,2022-01-26,9675,2022-01-16,1800,021377,NA,7,2,7,3001,0,1,3,NA,2,570,STATE ROUTE 57 NORTHBOUND,LOS ANGELES COUNTY LINE,100,S,N,B,-,Y,ORA,NA,57,NA,R,22.54,H,NA,R,Y,4,0,1,2,A,-,06,21750,A,N,B,C,A,A,H,-,C,D,0,NA,NA,NA,NA,Y,NA,A,01,0,0,1,0,0,0,0,0,0,-,-,33.94594955444336,-117.86849975585938,ORANGE,ANAHEIM,-117.8684310913086,33.945899963378906
91702382,2022,2022-02-16,9675,2022-02-11,1521,019938,NA,5,2,6,3004,0,1,1,NA,2,405,I-405 SOUTHBOUND TO FAIRVIEW ROAD,FAIRVIEW ROAD,750,N,N,A,-,Y,ORA,NA,405,NA,NA,10.946,H,NA,L,Y,4,0,1,2,A,-,07,21658,A,F,B,C,A,A,H,-,A,D,0,NA,NA,NA,NA,Y,NA,-,99,0,0,1,0,0,0,0,0,0,-,-,33.687618255615234,-117.91055297851563,ORANGE,COSTA MESA,-117.91054534912108,33.68777084350586
91800237,2022,2022-06-21,9675,2022-06-16,1642,020923,NA,4,2,9,3000,0,2,4,NA,2,012,ESPERANZA RD.,IMPERIAL HIGHWAY NORTHBOUND FROM ESPERANZA ROAD,0,NA,Y,A,-,N,NA,NA,NA,NA,NA,NA,NA,NA,NA,N,3,0,1,2,A,-,12,21453,A,N,D,C,A,A,H,-,A,D,0,NA,NA,NA,NA,Y,NA,A,07,0,1,0,0,0,0,0,0,0,-,-,33.86280059814453,-117.89932250976563,ORANGE,UNINCORPORATED,-117.79045867919922,33.86264419555664
91805647,2022,2022-06-29,9670,2022-06-28,0825,022737,NA,2,1,5,3007,0,1,1,NA,2,041,I-405 (SAN DIEGO FWY) S/B,MAGNOLIA ST,400,N,N,A,-,Y,ORA,NA,405,NA,NA,15.102,H,NA,L,N,4,0,1,2,A,-,03,22350,NA,N,C,C,A,A,D,E,A,D,0,NA,NA,NA,NA,Y,NA,A,01,0,0,1,0,0,0,0,0,0,-,-,33.718719482421875,-117.97077178955078,ORANGE,FOUNTAIN VALLEY,-117.97071838378906,33.71876525878906
9183531,2019,2020-12-17,3008,2019-09-01,1322,1470,1,7,5,6,3008,0,0,0,NA,0,NA,ADLENA DR,MALVERN AV,32,N,N,A,-,N,NA,NA,NA,NA,NA,NA,NA,NA,NA,Y,3,0,1,2,D,-,00,NA,NA,N,A,G,A,A,H,-,A,D,0,NA,Y,NA,NA,Y,NA,-,-,0,1,0,0,0,0,1,0,0,-,-,NA,NA,ORANGE,FULLERTON,-117.95526123046876,33.876365661621094
9186457,2019,2020-12-04,3008,2019-02-11,0828,1320,NA,1,5,6,3008,0,0,0,NA,0,001,MALVERN AV,GILBERT ST,45,N,N,A,-,N,NA,NA,NA,NA,NA,NA,NA,NA,NA,N,4,0,1,2,A,-,03,22350,NA,M,C,C,A,A,H,-,A,A,0,NA,NA,NA,NA,Y,NA,-,99,0,0,1,0,0,0,0,0,0,-,-,NA,NA,ORANGE,FULLERTON,-117.96745300292967,33.8779411315918
91925180,2022,2022-11-23,9670,2022-11-21,0000,022455,NA,1,3,5,3003,0,1,1,NA,2,501,I-5,BEACH BLVD,150,N,N,A,-,Y,ORA,NA,5,NA,NA,43.464,H,NA,R,Y,4,0,1,1,C,-,18,NA,NA,N,E,J,A,A,H,-,C,D,0,NA,NA,NA,NA,Y,NA,-,-,0,0,1,0,0,0,0,0,0,-,-,33.86661148071289,-117.99884033203124,ORANGE,BUENA PARK,-117.99867248535156,33.866825103759766
9197366,2020,2020-12-21,3008,2020-10-17,1641,1523,ZONE1,6,5,6,3008,0,0,0,NA,0,NA,ROSECRANS AV,CAMINO REY,359,NA,N,A,-,N,NA,NA,NA,NA,NA,NA,NA,NA,NA,N,3,0,1,2,A,-,10,21950,A,N,G,B,C,A,H,-,A,A,0,Y,NA,NA,NA,Y,NA,A,01,0,1,0,0,1,0,0,0,0,-,-,NA,NA,ORANGE,FULLERTON,-117.95227813720705,33.89265823364258
91982243,2023,2023-01-30,9670,2023-01-28,1100,020523,NA,6,1,9,3000,0,3,5,NA,2,005,NEWLAND ST,WASHINGTON AVE,0,NA,Y,A,-,N,NA,NA,NA,NA,NA,NA,NA,NA,NA,N,4,0,1,2,A,-,09,21802,A,N,D,C,A,A,H,-,A,A,0,NA,NA,NA,NA,Y,NA,A,07,0,0,1,0,0,0,0,0,0,-,-,33.746578216552734,-117.98090362548828,ORANGE,UNINCORPORATED,-117.98088073730467,33.74659729003906
92019260,2023,2023-03-16,9670,2023-03-13,206,021910,NA,1,3,5,3003,0,1,3,NA,2,092,SR-91 E/B (ARTESIA FREEWAY) TO BEACH BLVD.,BEACH BLVD,370,W,N,A,-,Y,NA,NA,NA,NA,NA,NA,NA,NA,NA,N,4,0,1,1,A,-,03,22350,NA,N,F,I,A,A,H,-,C,D,0,NA,NA,NA,NA,Y,NA,A,01,0,0,1,0,0,0,0,0,0,-,-,33.855690002441406,-117.99945831298828,ORANGE,BUENA PARK,-117.99945831298828,33.855690002441406
92089694,2023,2023-06-09,9675,2023-06-06,1445,018985,NA,2,2,6,3004,0,1,3,NA,2,553,SR-55 N/N,I-405.,50,N,N,B,-,Y,ORA,NA,55,NA,R,6.03,H,NA,R,Y,4,0,1,2,A,-,07,21658,A,N,B,C,A,A,H,-,A,D,0,NA,NA,NA,NA,Y,NA,A,01,0,0,1,0,0,0,0,0,0,-,-,33.68778991699219,-117.8717803955078,ORANGE,COSTA MESA,-117.87173461914063,33.68776321411133
92090524,2023,2023-06-12,9675,2023-06-07,1650,023208,NA,3,2,6,3015,0,1,3,NA,2,550,SR-55 NORTHBOUND,KATELLA AVENUE,1300,S,N,B,-,Y,ORA,NA,55,NA,NA,15.013,H,NA,R,Y,4,0,1,2,A,-,03,22350,NA,N,C,C,A,A,H,-,A,D,0,NA,NA,NA,NA,Y,NA,A,01,0,0,1,0,0,0,0,0,0,-,-,33.806671142578125,-117.83177947998048,ORANGE,ORANGE,-117.83175659179688,33.806671142578125