CASE_ID,ACCIDENT_YEAR,PROC_DATE,JURIS,COLLISION_DATE,COLLISION_TIME,OFFICER_ID,REPORTING_DISTRICT,DAY_OF_WEEK,CHP_SHIFT,POPULATION,CNTY_CITY_LOC,SPECIAL_COND,BEAT_TYPE,CHP_BEAT_TYPE,CITY_DIVISION_LAPD,CHP_BEAT_CLASS,BEAT_NUMBER,PRIMARY_RD,SECONDARY_RD,DISTANCE,DIRECTION,INTERSECTION,WEATHER_1,WEATHER_2,STATE_HWY_IND,CALTRANS_COUNTY,CALTRANS_DISTRICT,STATE_ROUTE,ROUTE_SUFFIX,POSTMILE_PREFIX,POSTMILE,LOCATION_TYPE,RAMP_INTERSECTION,SIDE_OF_HWY,TOW_AWAY,COLLISION_SEVERITY,NUMBER_KILLED,NUMBER_INJURED,PARTY_COUNT,PRIMARY_COLL_FACTOR,PCF_CODE_OF_VIOL,PCF_VIOL_CATEGORY,PCF_VIOLATION,PCF_VIOL_SUBSECTION,HIT_AND_RUN,TYPE_OF_COLLISION,MVIW,PED_ACTION,ROAD_SURFACE,ROAD_COND_1,ROAD_COND_2,LIGHTING,CONTROL_DEVICE,CHP_ROAD_TYPE,PEDESTRIAN_ACCIDENT,BICYCLE_ACCIDENT,MOTORCYCLE_ACCIDENT,TRUCK_ACCIDENT,NOT_PRIVATE_PROPERTY,ALCOHOL_INVOLVED,STWD_VEHTYPE_AT_FAULT,CHP_VEHTYPE_AT_FAULT,COUNT_SEVERE_INJ,COUNT_VISIBLE_INJ,COUNT_COMPLAINT_PAIN,COUNT_PED_KILLED,COUNT_PED_INJURED,COUNT_BICYCLIST_KILLED,COUNT_BICYCLIST_INJURED,COUNT_MC_KILLED,COUNT_MC_INJURED,PRIMARY_RAMP,SECONDARY_RAMP,LATITUDE,LONGITUDE,COUNTY,CITY,POINT_X,POINT_Y
8517372,2017,2018-01-09,3001,2017-10-29,0930,1278,NA,7,5,7,3001,0,0,0,NA,0,0D2,E CLIFPARK WY,SOUTH STATE COLLEGE BL,27,E,N,B,-,N,NA,NA,NA,NA,NA,NA,NA,NA,NA,N,3,0,1,2,A,-,05,21650,1,N,A,G,A,A,H,-,A,D,0,NA,Y,NA,NA,Y,NA,L,04,0,1,0,0,0,0,1,0,0,-,-,NA,NA,ORANGE,ANAHEIM,-117.88927132,33.82029
8517790,2017,2018-01-26,3000,2017-11-27,0740,9684,891D5,1,5,4,3045,0,0,0,NA,0,745,LAKE FOREST DR,DEL LAGO DR,327,E,N,B,-,NA,NA,NA,NA,NA,NA,NA,NA,NA,NA,Y,3,0,2,2,A,-,09,21804,A,N,D,C,A,B,H,-,A,D,0,NA,NA,NA,NA,Y,NA,A,01,0,1,1,0,0,0,0,0,0,-,-,NA,NA,ORANGE,LAGUNA HILLS,-117.72582902,33.62888488
8518267,2017,2018-01-25,3001,2017-10-30,1344,A1555,NA,1,5,7,3001,0,0,0,NA,0,0D3,EAST KATELLA AV,SOUTH ANAHEIM BL,539,E,N,B,-,N,NA,NA,NA,NA,NA,NA,NA,NA,NA,Y,4,0,5,4,A,-,03,22350,NA,N,C,C,A,A,H,-,A,A,0,NA,NA,NA,NA,Y,NA,A,01,0,0,5,0,0,0,0,0,0,-,-,NA,NA,ORANGE,ANAHEIM,-117.90473993,33.80343
8522596,2017,2018-01-10,3000,2017-11-29,0944,9334,992H3,3,5,5,3017,0,0,0,NA,0,746A73,AVENIDA PICO,CALLE DE LOS MOLINOS,64,E,N,A,-,N,NA,NA,NA,NA,NA,NA,NA,NA,NA,Y,4,0,1,2,A,-,03,22350,NA,N,C,C,A,A,H,-,A,A,0,NA,NA,NA,NA,Y,NA,A,07,0,0,1,0,0,0,0,0,0,-,-,NA,NA,ORANGE,SAN CLEMENTE,-117.62474379,33.43680089
8527996,2017,2018-01-19,3022,2017-12-13,1908,1142,NA,3,5,5,3022,0,0,0,NA,0,NA,MAIN ST,CENTENNIAL WY,270,W,N,A,-,N,NA,NA,NA,NA,NA,NA,NA,NA,NA,N,2,0,1,2,A,-,11,21954,A,N,G,B,-,A,H,-,C,D,0,Y,NA,NA,NA,Y,Y,N,60,1,0,0,0,1,0,0,0,0,-,-,33.74204,-117.81882,ORANGE,TUSTIN,-117.81971596,33.7421
8538268,2017,2018-02-05,3000,2017-06-03,0451,4412,862F4,6,5,5,3050,0,0,0,NA,0,4A62,SHADY RIDGE LN,SADDLEBACK RANCH RD,355,N,N,E,-,N,NA,NA,NA,NA,NA,NA,NA,NA,NA,Y,3,0,1,2,A,-,08,22107,NA,N,F,E,A,B,H,-,C,D,0,NA,NA,NA,NA,Y,NA,A,01,0,1,0,0,0,0,0,0,0,-,-,NA,NA,ORANGE,LAKE FOREST,-117.63192564,33.68179016
8539150,2017,2018-01-30,3000,2017-12-11,1453,9154,791J4,1,5,4,3021,0,0,0,NA,0,024,CHAPMAN AV,SANTA PAULA ST,0,NA,Y,A,-,N,NA,NA,NA,NA,NA,NA,NA,NA,NA,N,4,0,2,2,A,-,09,21804,NA,N,A,C,A,A,H,-,A,D,0,NA,NA,NA,NA,Y,NA,A,07,0,0,2,0,0,0,0,0,0,-,-,NA,NA,ORANGE,STANTON,-117.99424012,33.78836005
8543620,2018,2018-08-10,3024,2018-01-05,1613,409,P-12,5,5,5,3024,0,0,0,NA,0,WEST,19TH ST,RT 39,9,W,N,A,-,Y,ORA,12,39,-,-,7.761,I,6,S,N,3,0,1,2,A,-,09,21801,A,N,H,G,A,A,H,-,A,D,0,NA,Y,NA,NA,Y,NA,A,01,0,1,0,0,0,0,1,0,0,-,-,33.760841369628906,-117.98963928222656,ORANGE,WESTMINSTER,-117.98979949951172,33.76110076904297
8545282,2018,2018-02-09,3010,2018-01-20,1038,1208,441,6,5,6,3010,0,0,0,NA,0,004,ACACIA,14TH ST,0,NA,Y,A,-,N,NA,NA,NA,NA,NA,NA,NA,NA,NA,Y,3,0,1,2,A,-,09,21804,A,N,D,C,A,A,H,-,A,A,0,NA,NA,NA,NA,Y,NA,A,07,0,1,0,0,0,0,0,0,0,-,-,NA,NA,ORANGE,HUNTINGTON BEACH,-118.0056381225586,33.667301177978516
8547083,2018,2018-02-14,3002,2018-01-15,2227,1641,B135,1,5,4,3002,0,0,0,NA,0,013,BREA BL,ASH ST,402,N,N,A,-,N,NA,NA,NA,NA,NA,NA,NA,NA,NA,N,4,0,1,3,A,-,03,22350,NA,N,B,C,A,A,H,-,C,A,0,NA,NA,NA,NA,Y,NA,A,07,0,0,1,0,0,0,0,0,0,-,-,NA,NA,ORANGE,BREA,-117.89809417724608,33.9208869934082
8547347,2018,2018-03-02,3006,2018-01-25,2318,329,14,4,5,3,3006,0,0,0,NA,0,001,VALLEY VIEW ST,ORANGETHORPE AV,0,NA,Y,A,-,N,NA,NA,NA,NA,NA,NA,NA,NA,NA,Y,4,0,1,2,A,-,12,21453,A,N,D,C,A,A,H,-,C,A,0,NA,NA,NA,NA,Y,NA,A,01,0,0,1,0,0,0,0,0,0,-,-,NA,NA,ORANGE,LA PALMA,-118.0287628173828,33.85887908935547
8548233,2018,2018-02-09,3009,2018-01-27,1152,4303,71,6,5,6,3009,0,0,0,NA,0,1 2,MAGNOLIA AV,KATELLA AV,3,W,N,A,-,N,NA,NA,NA,NA,NA,NA,NA,NA,NA,N,3,0,1,2,A,-,08,22107,NA,N,G,B,B,A,H,-,A,A,0,Y,NA,NA,NA,Y,NA,A,01,0,1,0,0,1,0,0,0,0,-,-,NA,NA,ORANGE,GARDEN GROVE,-117.97564697265624,33.80308151245117
8557236,2018,2018-02-20,3022,2018-01-27,2044,1249,NORTH,6,5,5,3022,0,0,0,NA,0,NA,RED HILL AV,SAN JUAN ST,0,NA,Y,A,-,N,NA,NA,NA,NA,NA,NA,NA,NA,NA,Y,4,0,1,2,A,-,09,21801,A,N,D,C,A,A,H,-,C,A,0,NA,NA,NA,NA,Y,NA,A,01,0,0,1,0,0,0,0,0,0,-,-,33.7364501953125,-117.8126220703125,ORANGE,TUSTIN,-117.81266021728516,33.736289978027344
8560654,2018,2018-08-13,3010,2018-02-17,0204,2151,252,6,5,6,3010,0,0,0,NA,0,007,RT 39,MACDONALD,0,N,N,A,-,Y,ORA,12,39,-,-,5.35,H,-,S,Y,4,0,1,2,A,-,01,23153,A,N,C,C,A,A,H,-,C,A,0,NA,NA,NA,NA,Y,Y,A,01,0,0,1,0,0,0,0,0,0,-,-,NA,NA,ORANGE,HUNTINGTON BEACH,-117.98936462402344,33.72605895996094
8560909,2018,2018-03-01,3010,2018-02-15,0839,2103,455,4,5,6,3010,0,0,0,NA,0,002,MAGNOLIA,OCEANWOOD,115,S,N,A,-,N,NA,NA,NA,NA,NA,NA,NA,NA,NA,N,4,0,1,2,A,-,05,21650,1,N,H,G,A,A,H,-,A,D,0,NA,Y,NA,NA,Y,NA,L,04,0,0,1,0,0,0,1,0,0,-,-,NA,NA,ORANGE,HUNTINGTON BEACH,-117.97106170654295,33.65910339355469
8564453,2017,2018-03-20,3000,2017-11-17,1422,10077,862A5,5,5,5,3050,0,0,0,NA,0,760,ALTON PKWY,TOWNE CENTRE DR SOUTH,0,NA,Y,A,-,N,NA,NA,NA,NA,NA,NA,NA,NA,NA,Y,2,0,2,2,A,-,12,21453,A,N,D,C,A,A,H,-,A,A,0,NA,NA,NA,NA,Y,NA,-,-,1,0,1,0,0,0,0,0,0,-,-,NA,NA,ORANGE,LAKE FOREST,-117.67783012,33.67798002
8568781,2018,2018-03-15,3002,2018-03-01,1852,1408,NA,4,5,4,3002,0,0,0,NA,0,B12,LAMBERT RD,WILDCAT WY,70,E,N,A,-,N,NA,NA,NA,NA,NA,NA,NA,NA,NA,Y,4,0,2,2,A,-,03,22350,NA,N,C,C,A,A,H,-,C,A,0,NA,NA,NA,NA,Y,NA,A,01,0,0,2,0,0,0,0,0,0,-,-,NA,NA,ORANGE,BREA,-117.87503051757813,33.92549133300781
8568790,2018,2018-03-13,3002,2018-02-19,0818,1461,NA,1,5,4,3002,0,0,0,NA,0,014,ELM ST,MAPLE AV,119,W,N,A,-,N,NA,NA,NA,NA,NA,NA,NA,NA,NA,Y,4,0,1,1,A,-,08,22107,NA,N,E,I,A,A,H,-,A,D,0,NA,NA,NA,NA,Y,NA,A,07,0,0,1,0,0,0,0,0,0,-,-,NA,NA,ORANGE,BREA,-117.89307403564452,33.90968704223633
8576738,2018,2018-03-16,3022,2018-02-02,2208,1285,NA,5,5,5,3022,0,0,0,NA,0,NA,6TH ST,PLATT WY,91,E,N,A,-,N,NA,NA,NA,NA,NA,NA,NA,NA,NA,Y,3,0,1,1,A,-,01,23152,A,N,E,I,A,A,H,-,C,D,0,NA,NA,NA,NA,Y,Y,A,07,0,1,0,0,0,0,0,0,0,-,-,NA,NA,ORANGE,TUSTIN,-117.82140350341795,33.74008560180664
8580286,2018,2018-03-26,3004,2018-03-03,0807,P659,14,6,5,6,3004,0,0,0,NA,0,011,ADAMS AV,MESA VERDE DR WEST,79,E,N,B,-,N,NA,NA,NA,NA,NA,NA,NA,NA,NA,Y,4,0,1,3,A,-,01,23152,A,F,C,C,A,B,H,-,A,A,0,NA,NA,NA,NA,Y,Y,D,22,0,0,1,0,0,0,0,0,0,-,-,33.672569274902344,-117.93540191650392,ORANGE,COSTA MESA,-117.93515777587892,33.67253112792969
8593448,2017,2018-04-12,3008,2017-09-06,2007,1559,ZONE3,3,5,6,3008,0,0,0,NA,0,NA,YORBA LINDA BL,RT 57,325,E,N,A,-,N,NA,NA,NA,NA,NA,NA,NA,NA,NA,Y,4,0,2,3,A,-,03,22350,NA,N,C,C,A,A,H,-,C,D,0,NA,NA,NA,NA,Y,NA,A,01,0,0,2,0,0,0,0,0,0,-,SF,NA,NA,ORANGE,FULLERTON,-117.88048,33.88902
8596835,2018,2018-05-07,3019,2018-03-06,1630,3449,NE,2,5,7,3019,0,0,0,NA,0,002,SANTA CLARA AV,ROSS ST,0,NA,Y,A,-,N,NA,NA,NA,NA,NA,NA,NA,NA,NA,N,4,0,1,2,A,-,03,22350,NA,N,C,C,A,A,H,-,A,D,0,NA,NA,NA,NA,Y,NA,A,01,0,0,1,0,0,0,0,0,0,-,-,33.76668930053711,-117.87242889404295,ORANGE,SANTA ANA,-117.87245178222656,33.76686096191406
8606955,2018,2018-05-10,3014,2018-04-05,1840,1453,RD11,4,5,5,3014,0,0,0,NA,0,0A1,E BALBOA BL,C ST,14,W,N,A,-,N,NA,NA,NA,NA,NA,NA,NA,NA,NA,Y,3,0,2,2,A,-,06,21755,A,N,C,C,A,A,H,-,A,D,0,NA,NA,Y,NA,Y,NA,C,02,0,2,0,0,0,0,0,0,2,-,-,33.60049819946289,-117.89610290527344,ORANGE,NEWPORT BEACH,-117.89618682861328,33.60057830810547
8616742,2018,2018-05-16,3003,2018-04-29,1700,980,NA,7,5,5,3003,0,0,0,NA,0,001,MALVERN AV,BURLINGAME AV,0,NA,Y,A,-,N,NA,NA,NA,NA,NA,NA,NA,NA,NA,Y,4,0,1,2,A,-,12,21453,A,N,D,C,A,A,H,-,A,A,0,NA,NA,NA,NA,Y,NA,A,01,0,0,1,0,0,0,0,0,0,-,-,33.887779235839844,-117.98719787597656,ORANGE,BUENA PARK,-117.98715972900392,33.87770080566406
8616969,2018,2018-05-17,3004,2018-04-24,2105,P543,18,2,5,6,3004,0,0,0,NA,0,004,HARBOR BL,VILLAGE WY,211,N,N,A,-,N,NA,NA,NA,NA,NA,NA,NA,NA,NA,Y,3,0,1,2,A,-,03,22350,NA,N,C,C,A,A,H,-,C,A,0,NA,NA,Y,NA,Y,NA,C,02,0,1,0,0,0,0,0,0,1,-,-,33.40409851074219,-117.5509033203125,ORANGE,COSTA MESA,-117.9193878173828,33.67805862426758
8628007,2018,2018-06-07,3002,2018-05-09,1020,8961,741AS,3,5,5,3025,0,0,0,NA,0,1A04,LA PALMA AV,MERCADO DEL RIO,73,E,N,A,-,N,NA,NA,NA,NA,NA,NA,NA,NA,NA,Y,2,0,2,2,A,-,09,21804,A,N,D,C,A,A,H,-,A,D,0,NA,NA,NA,NA,Y,NA,A,01,1,1,0,0,0,0,0,0,0,-,-,NA,NA,ORANGE,YORBA LINDA,NA,NA
8628404,2018,2018-06-07,3001,2018-05-20,1838,1397,NA,7,5,7,3001,0,0,0,NA,0,D 1,WEST BROADWAY,SOUTH GILBERT ST,92,E,N,B,-,N,NA,NA,NA,NA,NA,NA,NA,NA,NA,N,3,0,1,2,A,-,03,22350,NA,M,C,G,A,A,H,-,A,D,0,NA,Y,NA,NA,Y,NA,A,07,0,1,0,0,0,0,1,0,0,-,-,NA,NA,ORANGE,ANAHEIM,-117.9673080444336,33.82872772216797
8634192,2018,2018-06-15,3019,2018-04-17,1715,2595,WESTE,2,5,7,3019,0,0,0,NA,0,NA,NORTH FAIRVIEW,17TH ST,40,N,N,A,-,N,NA,NA,NA,NA,NA,NA,NA,NA,NA,N,4,0,1,2,A,-,09,21804,A,N,D,C,A,A,H,-,A,D,0,NA,NA,NA,NA,Y,NA,-,NA,0,0,1,0,0,0,0,0,0,-,-,NA,NA,ORANGE,SANTA ANA,-117.90286254882813,33.75996017456055
8642771,2018,2018-06-27,3026,2018-05-13,1725,317,NA,7,5,6,3026,0,0,0,NA,0,00P,REGAL,KEYSTONE,35,W,N,A,-,N,NA,NA,NA,NA,NA,NA,NA,NA,NA,Y,3,0,3,2,A,-,01,23152,A,N,B,C,A,A,H,-,A,A,0,NA,NA,NA,NA,Y,NA,A,07,0,1,2,0,0,0,0,0,0,-,-,NA,NA,ORANGE,IRVINE,-117.75114440917967,33.693580627441406
8646935,2018,2018-07-09,3012,2018-06-05,1151,653,45,2,5,5,3012,0,0,0,NA,0,004,WALNUT,LAMBERT RD,0,NA,Y,B,-,N,NA,NA,NA,NA,NA,NA,NA,NA,NA,Y,4,0,2,2,A,-,03,22350,NA,N,-,C,A,A,H,-,A,A,0,NA,NA,NA,NA,Y,NA,D,22,0,0,2,0,0,0,0,0,0,-,-,NA,NA,ORANGE,LA HABRA,-117.95047760009766,33.924659729003906
8649809,2018,2018-09-06,3001,2018-07-17,1049,2422,NA,2,5,7,3001,0,0,0,NA,0,0D1,NORTH MAGNOLIA AV,W GREENBRIER AVE,134,S,N,A,-,N,NA,NA,NA,NA,NA,NA,NA,NA,NA,Y,3,0,3,2,A,-,07,21658,A,N,D,C,A,A,H,-,A,D,0,NA,NA,NA,NA,Y,NA,A,07,0,2,1,0,0,0,0,0,0,-,-,NA,NA,ORANGE,ANAHEIM,-117.9761199951172,33.844051361083984
8652631,2018,2018-08-16,3012,2018-06-29,1344,631,46,5,5,5,3012,0,0,0,NA,0,004,IMPERIAL HWY,LESLIE ST,407,W,N,A,-,Y,ORA,12,90,-,-,2.05,H,-,W,N,4,0,2,2,A,-,09,21804,A,N,D,C,A,A,H,-,A,D,0,NA,NA,NA,NA,Y,NA,A,01,0,0,2,0,0,0,0,0,0,-,-,NA,NA,ORANGE,LA HABRA,-117.9410400390625,33.91740417480469
8667489,2018,2018-07-23,3015,2018-06-24,1709,1419,203,7,5,6,3015,0,0,0,NA,0,722,N JAMBOREE RD,E IRVINE PARK RD,42,N,N,A,-,N,NA,NA,NA,NA,NA,NA,NA,NA,NA,Y,2,0,1,1,A,-,01,23152,A,N,E,I,A,A,H,-,A,A,0,NA,NA,Y,NA,Y,Y,C,02,1,0,0,0,0,0,0,0,1,-,-,NA,NA,ORANGE,ORANGE,-117.76061248779295,33.79637145996094
8674207,2018,2019-01-07,3001,2018-07-13,0939,1410,NA,5,5,7,3001,0,0,0,NA,0,0D1,WEST LINCOLN AV,SOUTH RT 39,120,E,N,A,-,Y,ORA,12,39,-,-,12.685,I,6,N,N,4,0,1,2,A,-,03,22350,NA,N,C,C,A,A,H,-,A,D,0,NA,NA,NA,NA,Y,NA,A,08,0,0,1,0,0,0,0,0,0,-,-,NA,NA,ORANGE,ANAHEIM,-117.99339294433594,33.83214569091797
8675688,2018,2018-08-29,3009,2018-07-30,1554,3739,NA,1,5,6,3009,0,0,0,NA,0,NA,BIXBY AV,HESTER PL,282,E,N,A,-,N,NA,NA,NA,NA,NA,NA,NA,NA,NA,N,3,0,1,2,A,-,09,21804,A,N,D,C,A,A,H,-,A,D,0,NA,NA,NA,NA,Y,NA,A,07,0,1,0,0,0,0,0,0,0,-,-,NA,NA,ORANGE,GARDEN GROVE,-117.96159362792967,33.784912109375
8676719,2018,2018-10-19,3003,2018-08-01,1041,1184,NA,3,5,5,3003,0,0,0,NA,0,NA,BEACH BL,EL CAPITAN WY,286,S,N,A,-,N,NA,NA,NA,NA,NA,NA,NA,NA,NA,N,4,0,1,2,A,-,03,22350,NA,N,C,C,A,A,H,-,A,A,0,NA,NA,NA,NA,Y,NA,A,01,0,0,1,0,0,0,0,0,0,-,-,NA,NA,ORANGE,BUENA PARK,-117.99803924560548,33.85207748413086
8677840,2018,2018-10-09,3014,2018-08-03,0925,1146,RD36,5,5,5,3014,0,0,0,NA,0,0A3,JAMBOREE RD,UNIVERSITY DR,585,S,N,A,-,N,NA,NA,NA,NA,NA,NA,NA,NA,NA,Y,4,0,3,3,A,-,03,22350,NA,N,C,C,A,A,H,-,A,A,0,NA,NA,NA,NA,Y,NA,A,07,0,0,3,0,0,0,0,0,0,-,-,33.64540100097656,-117.86699676513672,ORANGE,NEWPORT BEACH,-117.86695861816406,33.645538330078125
8683334,2018,2018-10-08,3003,2018-08-14,1740,1184,NA,2,5,5,3003,0,0,0,NA,0,NA,WESTERN AV,SANTA ELENA DR,511,N,N,A,-,N,NA,NA,NA,NA,NA,NA,NA,NA,NA,N,4,0,2,3,A,-,03,22350,NA,N,C,C,A,A,H,-,A,A,0,NA,NA,NA,NA,Y,NA,A,01,0,0,2,0,0,0,0,0,0,-,-,33.842498779296875,-118.02200317382813,ORANGE,BUENA PARK,-118.00237274169922,33.842891693115234
8686894,2017,2018-08-27,3000,2017-06-16,1710,1778,891-F,5,5,4,3045,0,0,0,NA,0,849,AVENIDA DE LA CAROLTA,LOS ALISO BL,0,NA,Y,A,-,N,NA,NA,NA,NA,NA,NA,NA,NA,NA,Y,4,0,1,2,A,-,09,21804,A,N,D,C,A,A,H,-,A,A,0,NA,NA,Y,NA,Y,NA,A,01,0,0,1,0,0,0,0,0,1,-,-,NA,NA,ORANGE,LAGUNA HILLS,-117.69947011,33.60654009
8688200,2018,2018-09-11,3008,2018-02-06,1114,1407,NA,2,5,6,3008,0,0,0,NA,0,0Z2,HIGHLAND AV,WALNUT AV,50,S,N,A,-,N,NA,NA,NA,NA,NA,NA,NA,NA,NA,N,4,0,2,2,A,-,03,22350,NA,N,C,C,A,A,H,-,A,A,0,NA,NA,NA,NA,Y,NA,A,07,0,0,2,0,0,0,0,0,0,-,-,NA,NA,ORANGE,FULLERTON,-117.92869567871094,33.86821365356445
8692395,2018,2018-09-28,3009,2018-08-20,1420,2724,143,1,5,6,3009,0,0,0,NA,0,2 2,BUARO ST,TWINTREE AV,0,NA,Y,A,-,N,NA,NA,NA,NA,NA,NA,NA,NA,NA,Y,4,0,1,3,A,-,08,22103,NA,N,B,C,A,A,H,-,A,A,0,NA,NA,NA,NA,Y,NA,A,08,0,0,1,0,0,0,0,0,0,-,-,NA,NA,ORANGE,GARDEN GROVE,-117.91922760009766,33.78382873535156
8694046,2018,2018-09-07,3004,2018-07-31,1501,P627,NA,2,5,6,3004,0,0,0,NA,0,015,18TH ST,WALLACE AV,16,E,N,A,-,N,NA,NA,NA,NA,NA,NA,NA,NA,NA,N,4,0,2,2,A,-,09,21802,A,N,D,C,A,A,H,-,A,D,0,NA,NA,NA,NA,Y,NA,A,01,0,0,2,0,0,0,0,0,0,-,-,33.63970184326172,-117.92980194091795,ORANGE,COSTA MESA,-117.92974090576172,33.63975143432617
8696086,2018,2019-01-09,3010,2018-08-17,1900,2137,242,5,5,6,3010,0,0,0,NA,0,009,RT 39,EDINGER,25,S,N,A,-,Y,ORA,12,39,-,-,5.641,I,5,S,N,4,0,1,2,A,-,09,21804,A,N,D,G,A,A,H,-,B,A,0,NA,Y,NA,NA,Y,NA,L,04,0,0,1,0,0,0,1,0,0,-,-,NA,NA,ORANGE,HUNTINGTON BEACH,-117.98944091796876,33.73025131225586
8696386,2018,2018-10-29,3020,2018-08-22,0139,429,S14,3,5,4,3020,0,0,0,NA,0,004,PACIFIC COAST HWY,SEAL BEACH BL,304,E,N,A,-,Y,ORA,12,1,-,-,32.64,H,-,N,Y,4,0,1,2,A,-,03,22350,NA,N,C,C,A,A,H,-,E,D,0,NA,NA,NA,NA,Y,NA,A,01,0,0,1,0,0,0,0,0,0,-,-,NA,NA,ORANGE,SEAL BEACH,-118.09423828125,33.740379333496094
8698075,2018,2018-10-02,3010,2018-09-16,1852,1261,147,7,5,6,3010,0,0,0,NA,0,009,EDINGER,GRAHAM,0,NA,Y,A,-,N,NA,NA,NA,NA,NA,NA,NA,NA,NA,Y,3,0,1,2,A,-,12,21453,A,N,D,C,A,A,H,-,B,A,0,NA,NA,NA,NA,Y,NA,A,07,0,1,0,0,0,0,0,0,0,-,-,NA,NA,ORANGE,HUNTINGTON BEACH,-118.03270721435548,33.72990036010742
8704069,2018,2018-10-01,3000,2018-07-18,2000,3324,972J5,3,5,5,3017,0,0,0,NA,0,4A75,AVENIDA LA PATA,CAMINO DEL RIO,534,N,N,A,-,N,NA,NA,NA,NA,NA,NA,NA,NA,NA,Y,3,0,1,1,A,-,01,23152,A,N,E,I,A,A,H,-,B,D,0,NA,NA,NA,NA,Y,Y,A,01,0,1,0,0,0,0,0,0,0,-,-,NA,NA,ORANGE,SAN CLEMENTE,-117.610051,33.473061
8710195,2018,2018-10-18,3001,2018-08-01,1055,41555,NA,3,5,7,3001,0,0,0,NA,0,0D2,N EUCLID ST,ANAHEIM PLZ,62,S,N,A,-,N,NA,NA,NA,NA,NA,NA,NA,NA,NA,Y,3,0,1,4,A,-,03,22350,NA,N,C,C,A,A,H,-,A,A,0,NA,NA,NA,NA,Y,NA,A,01,0,1,0,0,0,0,0,0,0,-,-,NA,NA,ORANGE,ANAHEIM,-117.94158172607422,33.838130950927734
8713500,2018,2018-11-15,3015,2018-10-05,0316,1570,164,5,5,6,3015,0,0,0,NA,0,131,S JAMBOREE RD,HANDY CREEK RD,412,S,N,A,-,N,NA,NA,NA,NA,NA,NA,NA,NA,NA,N,4,0,1,1,A,-,01,23152,A,N,E,I,A,A,H,-,C,D,0,NA,NA,NA,NA,Y,Y,D,22,0,0,1,0,0,0,0,0,0,-,-,NA,NA,ORANGE,ORANGE,-117.75924682617188,33.77915954589844
8715836,2018,2018-10-15,3009,2018-10-02,0839,4438,013,2,5,6,3009,0,0,0,NA,0,1   1,CHAPMAN AV,STONEGATE LN,15,E,N,A,-,N,NA,NA,NA,NA,NA,NA,NA,NA,NA,N,4,0,1,2,A,-,10,21950,A,N,A,B,B,A,H,-,A,A,0,Y,NA,NA,NA,Y,NA,A,01,0,0,1,0,1,0,0,0,0,-,-,NA,NA,ORANGE,GARDEN GROVE,-118.03053283691406,33.78841018676758
8722643,2018,2018-11-01,3001,2018-08-26,1325,1636,1237,7,5,7,3001,0,0,0,NA,0,0D4,LA PALMA AV,KELLOGG DR,27,E,N,A,-,N,NA,NA,NA,NA,NA,NA,NA,NA,NA,N,4,0,1,2,A,-,21,22106,NA,N,C,C,A,A,H,-,A,A,0,NA,NA,NA,NA,Y,NA,A,01,0,0,1,0,0,0,0,0,0,-,-,NA,NA,ORANGE,ANAHEIM,-117.80654907226563,33.85948944091797
8724740,2018,2018-10-30,3014,2018-09-29,1401,1395,RD35,6,5,5,3014,0,0,0,NA,0,0A3,BACK BAY DR,EASTBLUFF DR,230,W,N,A,-,N,NA,NA,NA,NA,NA,NA,NA,NA,NA,N,3,0,1,1,A,-,03,22350,NA,N,H,A,A,A,H,-,A,D,0,NA,Y,NA,NA,Y,NA,L,04,0,1,0,0,0,0,1,0,0,-,-,33.645301818847656,-117.87159729003906,ORANGE,NEWPORT BEACH,-117.87148284912108,33.645301818847656
8736279,2018,2018-11-20,3001,2018-08-27,0811,A1740,NA,1,5,7,3001,0,0,0,NA,0,0D7,ROME AV,WESTERN AV,277,E,N,B,-,N,NA,NA,NA,NA,NA,NA,NA,NA,NA,N,4,0,1,2,A,-,08,22103,NA,N,D,C,A,A,H,-,B,D,0,NA,NA,NA,NA,Y,NA,A,07,0,0,1,0,0,0,0,0,0,-,-,NA,NA,ORANGE,ANAHEIM,-118.00121307373048,33.82051467895508
8740963,2018,2018-11-16,3024,2018-10-30,1049,412,P 26,2,5,5,3024,0,0,0,NA,0,EAST,MAGNOLIA ST,GABLES LN,0,NA,Y,A,-,N,NA,NA,NA,NA,NA,NA,NA,NA,NA,Y,4,0,2,3,A,-,07,21658,A,N,C,C,A,A,H,-,A,D,0,NA,NA,NA,NA,Y,NA,A,01,0,0,2,0,0,0,0,0,0,-,-,33.74374008178711,-117.97222900390624,ORANGE,WESTMINSTER,-117.97225952148438,33.74367141723633
8743669,2018,2019-01-30,3026,2018-10-28,0837,566,CROSS,7,5,6,3026,0,0,0,NA,0,00C,CULVER DR,RT 5,250,N,N,A,-,Y,ORA,12,5,-,R,26.747,R,4,N,NA,3,0,2,2,A,-,03,22350,NA,N,D,C,A,A,H,-,A,D,0,NA,NA,NA,NA,Y,NA,A,07,0,1,1,0,0,0,0,0,0,-,NO,NA,NA,ORANGE,IRVINE,-117.78392791748048,33.711788177490234
8745882,2018,2019-07-23,3008,2018-05-04,1201,1530,NA,5,5,6,3008,0,0,0,NA,0,002,LEMON ST,WALNUT WY,12,S,N,A,-,N,NA,NA,NA,NA,NA,NA,NA,NA,NA,N,4,0,1,2,A,-,05,21650,1,N,D,G,A,A,H,-,A,D,0,NA,Y,NA,NA,Y,NA,L,04,0,0,1,0,0,0,1,0,0,-,-,NA,NA,ORANGE,FULLERTON,-117.91985321044922,33.8672981262207