CASE_ID,ACCIDENT_YEAR,PROC_DATE,JURIS,COLLISION_DATE,COLLISION_TIME,OFFICER_ID,REPORTING_DISTRICT,DAY_OF_WEEK,CHP_SHIFT,POPULATION,CNTY_CITY_LOC,SPECIAL_COND,BEAT_TYPE,CHP_BEAT_TYPE,CITY_DIVISION_LAPD,CHP_BEAT_CLASS,BEAT_NUMBER,PRIMARY_RD,SECONDARY_RD,DISTANCE,DIRECTION,INTERSECTION,WEATHER_1,WEATHER_2,STATE_HWY_IND,CALTRANS_COUNTY,CALTRANS_DISTRICT,STATE_ROUTE,ROUTE_SUFFIX,POSTMILE_PREFIX,POSTMILE,LOCATION_TYPE,RAMP_INTERSECTION,SIDE_OF_HWY,TOW_AWAY,COLLISION_SEVERITY,NUMBER_KILLED,NUMBER_INJURED,PARTY_COUNT,PRIMARY_COLL_FACTOR,PCF_CODE_OF_VIOL,PCF_VIOL_CATEGORY,PCF_VIOLATION,PCF_VIOL_SUBSECTION,HIT_AND_RUN,TYPE_OF_COLLISION,MVIW,PED_ACTION,ROAD_SURFACE,ROAD_COND_1,ROAD_COND_2,LIGHTING,CONTROL_DEVICE,CHP_ROAD_TYPE,PEDESTRIAN_ACCIDENT,BICYCLE_ACCIDENT,MOTORCYCLE_ACCIDENT,TRUCK_ACCIDENT,NOT_PRIVATE_PROPERTY,ALCOHOL_INVOLVED,STWD_VEHTYPE_AT_FAULT,CHP_VEHTYPE_AT_FAULT,COUNT_SEVERE_INJ,COUNT_VISIBLE_INJ,COUNT_COMPLAINT_PAIN,COUNT_PED_KILLED,COUNT_PED_INJURED,COUNT_BICYCLIST_KILLED,COUNT_BICYCLIST_INJURED,COUNT_MC_KILLED,COUNT_MC_INJURED,PRIMARY_RAMP,SECONDARY_RAMP,LATITUDE,LONGITUDE,COUNTY,CITY,POINT_X,POINT_Y
90237367,2016,2016-08-04,9675,2016-07-12,2055,020027,NA,2,2,9,3000,0,3,5,NA,2,003,IRVINE AVE,MONTE VISTA AVE,0,NA,Y,A,-,N,NA,NA,NA,NA,NA,NA,NA,NA,NA,Y,3,0,1,4,A,-,09,21801,A,F,D,C,A,A,H,-,C,D,0,NA,NA,NA,NA,Y,Y,A,07,0,1,0,0,0,0,0,0,0,-,-,33.65308,-117.88985,ORANGE,UNINCORPORATED,-117.8898501,33.65309004
90239291,2016,2016-08-08,9675,2016-07-30,0500,019171,NA,6,3,5,3022,0,1,3,NA,2,552,SR-55 N/B (COSTA MESA FWY),EDINGER AVE,1000,S,N,A,-,Y,NA,NA,NA,NA,NA,NA,NA,NA,NA,Y,3,0,1,2,A,-,01,23152,A,N,C,C,A,A,H,-,C,D,0,NA,NA,NA,NA,Y,Y,A,01,0,1,0,0,0,0,0,0,0,-,-,33.70682,-117.85354,ORANGE,TUSTIN,-117.83629497,33.724081580000004
90239992,2016,2016-08-08,9670,2016-07-16,0205,021210,NA,6,3,5,3007,0,1,1,NA,2,041,I-405 SB,WARD ST.,25,N,N,A,-,Y,NA,NA,405,NA,NA,NA,NA,NA,S,Y,3,0,1,1,A,-,01,23152,A,N,E,J,A,A,H,-,D,D,0,NA,NA,NA,NA,Y,Y,A,01,0,1,0,0,0,0,0,0,0,-,-,33.69986,-117.94573,ORANGE,FOUNTAIN VALLEY,-117.94570966,33.69990881
90244007,2016,2016-08-12,9670,2016-07-16,1835,018212,NA,6,2,9,3000,0,1,1,NA,2,440,I-405 N/B (SAN DIEGO FREEWAY),SANTA ANA RIVER,60,S,N,A,-,Y,NA,NA,405,NA,NA,NA,NA,NA,N,Y,3,0,1,2,A,-,07,21658,NA,N,B,C,A,A,H,-,A,A,0,NA,NA,Y,NA,Y,NA,A,07,0,1,0,0,0,0,0,0,1,-,-,33.69551,-117.93469,ORANGE,UNINCORPORATED,-117.93464283,33.69562436
90247346,2016,2016-08-18,9675,2016-08-11,2023,020545,NA,4,2,7,3019,0,1,1,NA,2,502,I-5 NORTHBOUND,BROADWAY,1302,N,N,A,-,Y,NA,NA,5,NA,NA,NA,NA,NA,N,Y,3,0,3,5,A,-,03,22350,NA,M,C,C,A,A,H,-,C,D,0,NA,NA,NA,NA,Y,NA,A,01,0,2,1,0,0,0,0,0,0,-,-,33.77355,-117.87152,ORANGE,SANTA ANA,-117.87153555,33.7735369
90251918,2016,2016-08-24,9675,2016-08-19,1411,021224,NA,5,2,6,3026,0,1,1,NA,2,504,I-5 SOUTHBOUND,ALTON PKWY,1500,S,N,A,-,Y,NA,NA,5,NA,NA,NA,NA,NA,S,Y,4,0,2,3,A,-,03,22350,NA,N,C,C,A,A,H,-,A,D,0,NA,NA,NA,NA,Y,NA,A,01,0,0,2,0,0,0,0,0,0,-,-,33.65167,-117.74088,ORANGE,IRVINE,-117.74087099,33.65167725
90268683,2016,2016-09-15,9690,2016-09-14,1635,018526,NA,3,2,5,3028,0,1,1,NA,2,560,I-5 S/B (SAN DIEGO FRWY),CROWN VALLEY PKWY,2500,N,N,A,-,Y,NA,NA,5,NA,NA,NA,NA,NA,S,Y,4,0,1,2,A,-,03,22350,NA,N,C,C,A,A,H,-,A,D,0,NA,NA,NA,NA,Y,NA,A,01,0,0,1,0,0,0,0,0,0,-,-,33.56973,-117.67218,ORANGE,MISSION VIEJO,-117.67207118,33.56972835
90273749,2016,2016-09-22,9675,2016-09-15,0725,014558,NA,4,1,6,3026,0,1,1,NA,2,406,I-405 N/B,UNIVERSITY DR,500,N,N,A,-,Y,NA,NA,405,NA,NA,NA,NA,NA,N,Y,3,0,1,2,A,-,03,22350,NA,N,C,C,A,A,H,-,A,D,0,NA,NA,NA,NA,Y,NA,A,01,0,1,0,0,0,0,0,0,0,-,-,33.66407,-117.79832,ORANGE,IRVINE,-117.79832553,33.66403083
9027733,2020,2020-05-29,3000,2020-02-04,0745,5036,892F3,2,5,5,3028,0,0,0,NA,0,750,ANAYA,HERENCIA,48,E,N,A,-,N,NA,NA,NA,NA,NA,NA,NA,NA,NA,N,2,0,1,2,A,-,10,21954,B,N,G,B,D,A,H,-,B,D,0,Y,NA,NA,NA,Y,NA,A,07,1,0,0,0,1,0,0,0,0,-,-,NA,NA,ORANGE,MISSION VIEJO,-117.63523864746094,33.64311599731445
90277721,2016,2016-09-28,9670,2016-09-11,0200,020605,NA,7,3,5,3007,0,1,1,NA,2,040,I-405 N/B,NEWLAND ST,528,S,N,A,-,Y,NA,NA,NA,NA,NA,NA,NA,NA,NA,Y,3,0,6,1,A,-,08,22107,NA,N,F,J,A,A,H,-,D,D,0,NA,NA,NA,NA,Y,NA,A,07,0,6,0,0,0,0,0,0,0,-,-,33.72618,-117.97966,ORANGE,FOUNTAIN VALLEY,-117.97941716,33.72591513
90283007,2016,2016-10-04,9690,2016-10-02,1535,018479,NA,7,2,4,3018,0,1,1,NA,2,057,I-5 N/B SAN DIEGO FRWY TO SR-74,SR-74 (ORTEGA HWY),300,S,N,A,-,Y,NA,NA,NA,NA,NA,NA,NA,NA,NA,Y,4,0,2,1,A,-,01,23152,A,N,E,I,A,A,H,-,A,D,0,NA,NA,NA,NA,Y,Y,A,07,0,0,2,0,0,0,0,0,0,-,-,33.65745,-117.75468,ORANGE,SAN JUAN CAPISTRANO,NA,NA
90324515,2016,2016-11-18,9675,2016-11-04,1545,019979,NA,5,2,6,3004,0,1,3,NA,2,553,I-405 NORTHBOUND TO SR-55 SOUTHBOUND,MACARTHUR BLVD,1500,N,N,A,-,Y,NA,NA,NA,NA,NA,NA,NA,NA,NA,Y,4,0,2,2,A,-,03,22350,NA,N,C,C,A,A,H,-,A,D,0,NA,NA,NA,NA,Y,NA,A,01,0,0,2,0,0,0,0,0,0,-,-,33.68433,-117.87566,ORANGE,COSTA MESA,-117.86143986,33.68484804
9033124,2020,2020-03-18,3010,2020-01-09,2016,1015,476,4,5,6,3010,0,0,0,NA,0,002,BUSHARD ST,HAMILTON AV,0,NA,Y,A,-,N,NA,NA,NA,NA,NA,NA,NA,NA,NA,Y,3,0,2,2,A,-,12,21453,A,N,D,D,A,A,H,-,C,A,0,NA,NA,NA,NA,Y,NA,-,-,0,1,1,0,0,0,0,0,0,-,-,NA,NA,ORANGE,HUNTINGTON BEACH,-117.96225738525392,33.65053939819336
90335780,2016,2016-12-02,9675,2016-11-18,1650,019471,NA,5,2,6,3004,0,1,1,NA,2,405,I-405 N/B FROM BRISTOL ST,BRISTOL ST,400,N,N,A,-,Y,NA,NA,405,NA,NA,NA,R,NA,N,N,4,0,1,2,A,-,21,22106,NA,N,C,C,A,A,H,-,A,A,0,NA,NA,NA,NA,Y,NA,A,07,0,0,1,0,0,0,0,0,0,-,-,33.68739,-117.8877,ORANGE,COSTA MESA,-117.8877,33.68739
90336885,2016,2016-12-05,9675,2016-11-26,2047,021224,NA,6,2,7,3019,0,1,3,NA,2,222,SR-22 EASTBOUND,MAIN ST,1200,E,N,B,-,Y,NA,NA,NA,NA,NA,NA,NA,NA,NA,Y,4,0,4,2,A,-,03,22350,NA,N,C,C,A,B,H,-,C,D,0,NA,NA,NA,NA,Y,NA,A,01,0,0,4,0,0,0,0,0,0,-,-,33.77818,-117.86369,ORANGE,SANTA ANA,-117.86723,33.77817
9036102,2020,2020-06-10,3001,2020-01-01,2025,A2589,NA,3,5,7,3001,0,0,0,NA,0,0D4,IMPERIAL HWY,SANTA ANA CANYON RD,0,NA,Y,A,-,N,NA,NA,NA,NA,NA,NA,NA,NA,NA,Y,4,0,1,2,D,-,00,NA,NA,N,D,C,A,A,H,-,C,A,0,NA,NA,NA,NA,Y,NA,-,-,0,0,1,0,0,0,0,0,0,-,-,33.85089874267578,-117.79062652587892,ORANGE,ANAHEIM,-117.79071807861328,33.851219177246094
90369398,2017,2017-01-16,9675,2017-01-05,1750,020627,NA,4,2,6,3008,0,1,3,NA,2,571,SR-57 SOUTHBOUND,NUTWOOD AVE,500,N,N,B,-,Y,NA,NA,NA,NA,NA,NA,NA,NA,NA,N,4,0,1,2,A,-,03,22350,NA,N,C,C,A,A,H,-,C,D,0,NA,NA,NA,NA,Y,NA,A,08,0,0,1,0,0,0,0,0,0,-,-,33.52461,-117.52509,ORANGE,FULLERTON,-117.88052971,33.87958032
90395620,2017,2017-02-17,9675,2017-02-10,0655,021322,NA,5,1,5,3022,0,1,1,NA,2,530,I-5 SOUTHBOUND,SR-55 NORTHBOUND,200,S,N,A,-,Y,NA,NA,5,NA,NA,NA,NA,NA,S,N,4,0,1,2,A,-,07,21658,A,N,E,A,A,A,H,-,A,D,0,NA,NA,Y,NA,Y,NA,A,01,0,0,1,0,0,0,0,0,1,-,-,33.74001,-117.83261,ORANGE,TUSTIN,-117.83258343,33.7400824
90399106,2017,2017-02-23,9675,2017-02-20,2135,021447,NA,1,2,5,3022,0,1,3,NA,2,551,SR-55 SOUTHBOUND TO I-5 SOUTHBOUND,MAIN ST,305,S,N,A,-,Y,NA,NA,55,NA,NA,NA,R,NA,S,N,4,0,1,1,A,-,03,22350,NA,N,E,J,A,A,H,-,C,D,0,NA,NA,NA,NA,Y,NA,A,01,0,0,1,0,0,0,0,0,0,-,-,33.74088,-117.83351,ORANGE,TUSTIN,-117.83351,33.74088
9041220,2019,2020-02-07,3026,2019-12-29,1024,522,NA,7,5,6,3026,0,0,0,NA,0,00C,JEFFREY RD,ALTON PKWY,228,N,N,A,-,N,NA,NA,NA,NA,NA,NA,NA,NA,NA,Y,4,0,1,2,A,-,09,21804,A,N,B,C,A,A,H,-,A,D,0,NA,NA,NA,NA,Y,NA,A,01,0,0,1,0,0,0,0,0,0,-,-,NA,NA,ORANGE,IRVINE,-117.78818511962892,33.670188903808594
90417788,2017,2017-03-22,9675,2017-03-13,1825,019171,NA,1,2,7,3019,0,1,3,NA,2,220,SR-22 W/B (GARDEN GROVE FWY),THE CITY DRIVE,600,E,N,A,-,Y,NA,NA,22,NA,NA,NA,NA,NA,W,N,3,0,1,2,A,-,08,22107,NA,N,B,C,A,A,H,-,A,D,0,NA,NA,Y,NA,Y,NA,A,01,0,1,0,0,0,0,0,0,1,-,-,33.77905,-117.88739,ORANGE,SANTA ANA,-117.88738972,33.77908913
90423040,2017,2017-03-29,9670,2017-03-20,0748,021517,NA,1,1,5,3024,0,1,1,NA,2,043,I-405 S/B TO BOLSA AVE.,BOLSA AVE,20,N,N,A,-,Y,NA,NA,405,NA,NA,NA,R,NA,S,Y,4,0,2,3,A,-,03,22350,NA,N,C,C,A,A,H,-,A,D,0,NA,NA,NA,NA,Y,Y,A,01,0,0,2,0,0,0,0,0,0,-,-,33.7368,-117.99541,ORANGE,WESTMINSTER,-117.99541,33.7368
90430398,2017,2017-04-10,9675,2017-03-28,1710,019979,NA,2,2,6,3026,0,1,1,NA,2,503,I-5 NORTHBOUND,CULVER DR,200,S,N,A,-,Y,NA,NA,5,NA,NA,NA,NA,NA,N,Y,4,0,1,4,A,-,03,22350,NA,N,C,C,A,A,H,-,A,D,0,NA,NA,NA,NA,Y,NA,D,22,0,0,1,0,0,0,0,0,0,-,-,33.70373,-117.77726,ORANGE,IRVINE,-117.77722331,33.70375386
90431493,2017,2017-04-11,9670,2017-03-29,1335,021666,NA,3,1,5,3024,1,4,S,NA,2,901,"IRENE WAY, 15700 BLOCK",MARGO LN,17,N,N,A,-,N,NA,NA,NA,NA,NA,NA,NA,NA,NA,N,4,0,1,2,A,-,21,22106,NA,N,H,A,A,A,H,-,A,D,0,NA,NA,NA,NA,Y,NA,A,01,0,0,1,0,0,0,0,0,0,-,-,33.7345,-117.95082,ORANGE,WESTMINSTER,-117.95106329,33.73456342
90431960,2017,2017-04-11,9675,2017-04-05,0735,021557,NA,3,1,5,3016,0,1,3,NA,2,571,SR-57 NORTHBOUND,ORANGETHORPE AVE,1320,N,N,A,-,Y,NA,NA,57,NA,NA,NA,NA,NA,N,N,4,0,1,2,A,-,07,21658,A,N,C,C,A,A,H,-,A,D,0,NA,NA,NA,Y,Y,NA,F,27,0,0,1,0,0,0,0,0,0,-,-,33.86673,-117.87869,ORANGE,PLACENTIA,-117.87876367,33.86670729
90452644,2017,2017-05-10,9670,2017-04-30,2105,020597,NA,7,2,7,3001,0,1,1,NA,2,502,I-5 N/B,BALL RD,1584,N,N,A,-,Y,NA,NA,5,NA,NA,NA,NA,NA,N,Y,4,0,1,1,A,-,08,22107,NA,N,E,I,A,A,H,-,C,D,0,NA,NA,NA,NA,Y,Y,A,01,0,0,1,0,0,0,0,0,0,-,-,33.82175,-117.9216,ORANGE,ANAHEIM,-117.92159618,33.82175384
90456050,2017,2017-05-15,9675,2017-05-05,1650,021435,NA,5,2,7,3001,0,1,3,NA,2,572,SR-57 SOUTHBOUND,ORANGEWOOD AVE,100,N,N,A,-,Y,NA,NA,57,NA,NA,NA,NA,NA,S,Y,4,0,1,4,A,-,03,22350,NA,N,C,C,A,A,H,-,A,D,0,NA,NA,NA,NA,Y,NA,A,07,0,0,1,0,0,0,0,0,0,-,-,33.79159,-117.87993,ORANGE,ANAHEIM,-117.87990756,33.79158265
90469070,2017,2017-06-01,9675,2017-05-22,0835,019618,NA,1,1,7,3019,0,1,1,NA,2,502,I-5 S/B,SR-22 EASTBOUND,939,S,N,A,-,Y,NA,NA,5,NA,NA,NA,NA,NA,S,Y,4,0,2,4,A,-,03,22350,NA,N,C,C,A,A,H,-,A,D,0,NA,NA,NA,NA,Y,NA,A,07,0,0,2,0,0,0,0,0,0,-,-,33.77425,-117.87251,ORANGE,SANTA ANA,-117.87256853,33.77420221
90476201,2017,2017-06-12,9670,2017-06-08,1430,021543,NA,4,2,7,3001,0,1,3,NA,2,093,SR-91 W/B,RAYMOND AVE,528,E,N,A,-,Y,NA,NA,91,NA,NA,NA,NA,NA,W,N,3,0,1,2,A,-,17,23114,A,N,H,J,A,A,H,-,A,D,0,NA,NA,NA,NA,Y,NA,D,22,0,1,0,0,0,0,0,0,0,-,-,33.85402,-117.9005,ORANGE,ANAHEIM,-117.90049986,33.85400815
90477381,2017,2017-06-14,9675,2017-05-30,1758,017993,NA,2,2,7,3001,0,1,3,NA,2,093,SR-91 WESTBOUND,KRAEMER BLVD,1500,W,N,A,-,Y,NA,NA,91,NA,NA,NA,NA,NA,W,Y,4,0,1,3,A,-,03,22350,NA,N,C,C,A,A,H,-,A,D,0,NA,NA,NA,NA,Y,NA,A,01,0,0,1,0,0,0,0,0,0,-,-,33.84695,-117.86044,ORANGE,ANAHEIM,-117.8604123,33.84683254
90477867,2017,2017-06-14,9670,2017-06-10,2030,021467,NA,6,2,4,3020,0,1,1,NA,2,045,I-405 S/B (SAN DIEGO FWY),SEAL BEACH BLVD,528,N,N,A,-,Y,NA,NA,405,NA,NA,NA,NA,NA,S,Y,2,0,1,2,A,-,03,22350,NA,N,C,C,A,A,H,-,C,D,0,NA,NA,Y,NA,Y,NA,C,02,1,0,0,0,0,0,0,0,1,-,-,33.77429,-118.07774,ORANGE,SEAL BEACH,-118.07774,33.77428483
90495852,2017,2017-07-07,9675,2017-06-24,2200,020732,NA,6,3,6,3004,0,1,1,NA,2,405,I-405 SOUTHBOUND,FAIRVIEW RD,1200,S,N,A,-,Y,NA,NA,405,NA,NA,NA,NA,NA,S,Y,4,0,2,3,A,-,08,22107,NA,N,D,C,A,A,H,-,C,D,0,NA,NA,NA,NA,Y,NA,D,22,0,0,2,0,0,0,0,0,0,-,-,33.68751,-117.90382,ORANGE,COSTA MESA,-117.90381577,33.68762752
90496927,2017,2017-07-10,9670,2017-06-24,0052,021210,NA,6,3,3,3013,0,1,1,NA,2,044,I-405 N/B TO I-605 N/B,I-405 S/B TO I-605 N/B,833,S,N,A,-,Y,NA,NA,405,NA,NA,NA,R,NA,N,Y,4,0,1,1,A,-,01,23152,A,N,F,A,A,A,H,-,C,D,0,NA,NA,NA,NA,Y,Y,A,01,0,0,1,0,0,0,0,0,0,-,-,33.78385,-118.08996,ORANGE,LOS ALAMITOS,-118.08996,33.78385
90502845,2017,2017-07-18,9670,2017-07-10,1905,021715,NA,1,2,6,3009,0,1,3,NA,2,023,SR-22 W/B,BROOKHURST ST,870,E,N,A,-,Y,NA,NA,22,NA,NA,NA,NA,NA,W,Y,4,0,2,4,A,-,08,22107,NA,N,B,C,A,A,H,-,A,D,0,NA,NA,NA,NA,Y,NA,A,01,0,0,2,0,0,0,0,0,0,-,-,33.76594,-117.95325,ORANGE,GARDEN GROVE,-117.95325042,33.76601283
90504765,2017,2017-07-20,9675,2017-07-11,0715,017773,NA,2,1,9,3000,0,1,3,NA,2,241,SR-241 S/B,SANTIAGO CANYON ROAD,3168,S,N,A,-,Y,NA,NA,241,NA,NA,NA,NA,NA,S,Y,4,0,1,2,A,-,08,22107,NA,N,B,C,A,A,H,-,A,D,0,NA,NA,NA,Y,Y,NA,A,01,0,0,1,0,0,0,0,0,0,-,-,33.77337,-117.7443,ORANGE,UNINCORPORATED,-117.74422908,33.77348292
90505303,2017,2017-07-21,9675,2017-07-11,0655,021633,NA,2,1,6,3008,0,1,3,NA,2,570,SR-57 N/B,BASTANCHURY RD,10,S,N,A,-,Y,NA,NA,57,NA,NA,NA,NA,NA,N,Y,4,0,1,1,C,-,18,NA,NA,N,E,I,A,A,H,-,A,D,0,NA,NA,NA,NA,Y,NA,-,-,0,0,1,0,0,0,0,0,0,-,-,33.8965,-117.88085,ORANGE,FULLERTON,-117.88078594,33.89650279
90514941,2017,2017-08-02,9675,2017-07-20,1350,021397,NA,4,1,7,3001,0,1,3,NA,2,571,SR-57 NORTHBOUND,LINCOLN AVE,1100,N,N,A,-,Y,NA,NA,57,NA,NA,NA,NA,NA,N,Y,4,0,1,2,A,-,07,21658,A,N,C,C,A,A,H,-,A,D,0,NA,NA,NA,Y,Y,NA,A,01,0,0,1,0,0,0,0,0,0,-,-,33.84209,-117.8759,ORANGE,ANAHEIM,-117.87594851,33.84209087
90524294,2017,2017-08-16,9675,2017-08-06,0319,020027,NA,7,3,6,3026,0,1,1,NA,2,504,I-5 NORTHBOUND,SAND CANYON AVE,1075,N,N,A,-,Y,NA,NA,5,NA,NA,NA,NA,NA,N,Y,4,0,1,1,A,-,08,22107,NA,N,F,A,A,A,H,-,C,D,0,NA,NA,NA,NA,Y,NA,A,01,0,0,1,0,0,0,0,0,0,-,-,33.68082,-117.76133,ORANGE,IRVINE,-117.76133914,33.68080965
90528119,2017,2017-08-22,9675,2017-08-14,2330,021224,NA,1,3,7,3001,0,1,3,NA,2,095,SR-91 EASTBOUND,COAL CYN RD,3696,E,N,A,-,Y,NA,NA,91,NA,NA,NA,NA,NA,E,N,4,0,1,2,A,-,07,21658,A,N,B,C,A,A,H,-,D,D,0,NA,NA,NA,Y,Y,NA,G,27,0,0,1,0,0,0,0,0,0,-,-,33.8682,-117.67461,ORANGE,ANAHEIM,-117.67470851,33.86886535
90548601,2017,2017-09-15,9675,2017-09-07,1745,021397,NA,4,2,6,3015,0,1,3,NA,2,222,SR-22 WESTBOUND,BEDFORD RD,250,E,N,A,-,Y,NA,NA,22,NA,NA,NA,NA,NA,W,N,4,0,1,2,A,-,03,22350,NA,N,C,C,A,A,H,-,A,D,0,NA,NA,NA,NA,Y,NA,A,01,0,0,1,0,0,0,0,0,0,-,-,33.77836,-117.86921,ORANGE,ORANGE,-117.86921001,33.77834758
90575669,2017,2019-04-03,9675,2017-10-22,0144,021206,NA,7,3,6,3004,0,1,3,NA,2,073,SR-73 N/B TO HARBOR BLVD.,FAIRVIEW RD,1110,S,N,A,-,Y,NA,NA,NA,NA,NA,NA,NA,NA,NA,Y,3,0,4,2,A,-,01,23152,A,N,C,C,A,A,H,-,C,D,0,NA,NA,NA,NA,Y,Y,A,01,0,2,2,0,0,0,0,0,0,-,-,33.41173,-117.54145,ORANGE,COSTA MESA,NA,NA
90582780,2017,2017-10-30,9690,2017-10-20,0328,020629,NA,5,3,9,3000,0,1,3,NA,1,074,SR 74 E/B (ORTEGA HWY),SITTON TRUCK TRAIL,1056,W,N,A,-,Y,NA,NA,74,NA,NA,NA,NA,NA,E,Y,4,0,1,1,A,-,08,22107,NA,N,F,A,A,A,H,-,D,D,0,NA,NA,NA,NA,Y,NA,A,01,0,0,1,0,0,0,0,0,0,-,-,33.58571,-117.52191,ORANGE,UNINCORPORATED,-117.52202166,33.58574321
90586659,2017,2017-11-03,9690,2017-10-28,0145,020537,NA,6,3,5,3017,0,1,1,NA,2,059,I-5 S/B TO AVENIDA CALIFIA,AVENIDA DEL PRESIDENTE,15,E,N,E,-,Y,NA,NA,5,NA,NA,NA,R,NA,S,Y,4,0,1,1,A,-,03,22350,NA,N,E,I,A,A,H,-,D,D,0,NA,NA,NA,NA,Y,NA,A,07,0,0,1,0,0,0,0,0,0,-,-,33.40878,-117.60067,ORANGE,SAN CLEMENTE,-117.60067,33.40878
90591481,2017,2017-11-09,9675,2017-11-02,1955,020694,NA,4,2,7,3019,0,1,1,NA,2,502,I-5 NORTHBOUND,GRAND AVE,800,N,N,B,-,Y,NA,NA,5,NA,NA,NA,NA,NA,N,N,4,0,1,2,A,-,03,22350,NA,N,C,C,A,A,H,-,D,D,0,NA,NA,NA,NA,Y,NA,A,01,0,0,1,0,0,0,0,0,0,-,-,33.75621,-117.85472,ORANGE,SANTA ANA,-117.85467102,33.75632619
90595374,2017,2017-11-16,9675,2017-11-08,0815,021397,NA,3,1,5,3016,0,1,3,NA,2,571,SR-57 NORTHBOUND,CHAPMAN AVE,1600,S,N,A,-,Y,NA,NA,57,NA,NA,NA,NA,NA,N,Y,4,0,1,2,A,-,03,22350,NA,N,C,C,A,A,H,-,A,D,0,NA,NA,NA,NA,Y,NA,A,01,0,0,1,0,0,0,0,0,0,-,-,33.87007,-117.87966,ORANGE,PLACENTIA,-117.8797531,33.87004333
9060223,2020,2020-04-03,3001,2020-01-28,1742,A1622,D1,2,5,7,3001,0,0,0,NA,0,0D1,LINCOLN AV,DALE AV,129,E,N,A,-,N,NA,NA,NA,NA,NA,NA,NA,NA,NA,N,4,0,4,2,A,-,03,22350,NA,M,C,C,A,A,H,-,C,D,0,NA,NA,NA,NA,Y,NA,A,01,0,0,4,0,0,0,0,0,0,-,-,33.83189010620117,-117.9845962524414,ORANGE,ANAHEIM,-117.9843292236328,33.832210540771484
90634216,2017,2018-01-05,9670,2017-12-15,1825,021579,NA,5,2,7,3001,0,1,3,NA,2,093,SR-91 W/B TO LEMON ST.,LEMON ST,750,E,N,A,-,Y,NA,NA,NA,NA,NA,NA,NA,NA,NA,Y,4,0,2,2,A,-,03,22350,NA,N,B,C,A,A,H,-,D,D,0,NA,NA,NA,NA,Y,NA,A,01,0,0,2,0,0,0,0,0,0,-,-,33.51156,-117.55213,ORANGE,ANAHEIM,NA,NA
90644851,2018,2018-01-22,9670,2018-01-13,1020,018757,NA,6,1,3,3013,0,1,1,NA,2,060,I-605 N/B,KATELLA AVE,2640,S,N,A,-,Y,NA,NA,605,NA,NA,NA,NA,NA,N,Y,3,0,1,1,A,-,08,22107,NA,N,E,I,A,A,H,-,A,D,0,NA,NA,Y,NA,Y,NA,C,02,0,1,0,0,0,0,0,0,1,-,-,33.797218322753906,-118.08602905273438,ORANGE,LOS ALAMITOS,-118.08602142333984,33.79721450805664
90661002,2018,2018-02-14,9675,2018-02-03,1105,021962,NA,6,1,6,3004,0,1,3,NA,2,553,SR-55 SOUTHBOUND,MACARTHUR BLVD,100,S,N,A,-,Y,NA,NA,NA,NA,NA,NA,NA,NA,NA,Y,4,0,2,2,A,-,03,22350,NA,N,C,C,A,A,H,-,A,D,0,NA,NA,NA,NA,Y,NA,A,01,0,0,2,0,0,0,0,0,0,-,-,33.69765090942383,-117.86290740966795,ORANGE,COSTA MESA,NA,NA
9066571,2020,2020-08-18,3001,2020-04-24,1613,A2332,NA,5,5,7,3001,0,0,0,NA,0,0D1,LINCOLN AV,MONTEREY ST,306,E,N,A,-,N,NA,NA,NA,NA,NA,NA,NA,NA,NA,Y,4,0,1,2,A,-,01,23152,A,N,C,C,A,A,H,-,A,A,0,NA,NA,NA,NA,Y,Y,A,07,0,0,1,0,0,0,0,0,0,-,-,33.83238983154297,-117.96212768554688,ORANGE,ANAHEIM,-117.96139526367188,33.83256149291992
90677822,2018,2018-03-08,9670,2018-02-28,0729,021910,NA,3,1,4,3020,0,1,1,NA,2,044,I-405 N/B,SEAL BEACH BLVD,4224,S,N,A,-,Y,NA,NA,405,NA,NA,NA,NA,NA,N,Y,4,0,1,2,A,-,03,22350,NA,N,C,C,A,A,H,-,A,D,0,NA,NA,NA,NA,Y,NA,A,01,0,0,1,0,0,0,0,0,0,-,-,33.77460861206055,-118.06047058105467,ORANGE,SEAL BEACH,-118.06047058105467,33.77449417114258
90688628,2018,2018-03-23,9675,2018-03-19,1755,021438,NA,1,2,7,3019,0,1,1,NA,2,502,I-5 N/B,1ST ST,1200,S,N,A,-,Y,NA,NA,5,NA,NA,NA,NA,NA,N,N,4,0,1,2,A,-,07,21658,A,N,B,C,A,A,H,-,A,D,0,NA,NA,NA,NA,Y,NA,A,01,0,0,1,0,0,0,0,0,0,-,-,33.74285888671875,-117.83946228027344,ORANGE,SANTA ANA,-117.83945465087892,33.742881774902344
90699216,2018,2018-04-05,9670,2018-04-04,1025,016194,NA,3,1,5,3024,0,1,1,NA,2,043,I-405 S/B,GOLDENWEST ST,1056,N,N,B,-,Y,NA,NA,405,NA,NA,NA,NA,NA,S,Y,4,0,1,2,A,-,03,22350,NA,N,C,C,A,A,H,-,A,D,0,NA,NA,NA,NA,Y,NA,A,01,0,0,1,0,0,0,0,0,0,-,-,33.748939514160156,-118.01016235351563,ORANGE,WESTMINSTER,-118.01014709472656,33.748958587646484
90704474,2018,2018-04-12,9675,2018-04-05,1600,019407,NA,4,2,6,3026,0,1,1,NA,2,406,I-405 SOUTHBOUND,JAMBOREE RD,700,N,N,A,-,Y,NA,NA,NA,NA,NA,NA,NA,NA,NA,Y,4,0,1,4,A,-,03,22350,NA,N,C,C,A,A,H,-,A,D,0,NA,NA,NA,NA,Y,NA,A,07,0,0,1,0,0,0,0,0,0,-,-,33.408748626708984,-117.51242065429688,ORANGE,IRVINE,-117.845703125,33.67758560180664