CASE_ID,ACCIDENT_YEAR,PROC_DATE,JURIS,COLLISION_DATE,COLLISION_TIME,OFFICER_ID,REPORTING_DISTRICT,DAY_OF_WEEK,CHP_SHIFT,POPULATION,CNTY_CITY_LOC,SPECIAL_COND,BEAT_TYPE,CHP_BEAT_TYPE,CITY_DIVISION_LAPD,CHP_BEAT_CLASS,BEAT_NUMBER,PRIMARY_RD,SECONDARY_RD,DISTANCE,DIRECTION,INTERSECTION,WEATHER_1,WEATHER_2,STATE_HWY_IND,CALTRANS_COUNTY,CALTRANS_DISTRICT,STATE_ROUTE,ROUTE_SUFFIX,POSTMILE_PREFIX,POSTMILE,LOCATION_TYPE,RAMP_INTERSECTION,SIDE_OF_HWY,TOW_AWAY,COLLISION_SEVERITY,NUMBER_KILLED,NUMBER_INJURED,PARTY_COUNT,PRIMARY_COLL_FACTOR,PCF_CODE_OF_VIOL,PCF_VIOL_CATEGORY,PCF_VIOLATION,PCF_VIOL_SUBSECTION,HIT_AND_RUN,TYPE_OF_COLLISION,MVIW,PED_ACTION,ROAD_SURFACE,ROAD_COND_1,ROAD_COND_2,LIGHTING,CONTROL_DEVICE,CHP_ROAD_TYPE,PEDESTRIAN_ACCIDENT,BICYCLE_ACCIDENT,MOTORCYCLE_ACCIDENT,TRUCK_ACCIDENT,NOT_PRIVATE_PROPERTY,ALCOHOL_INVOLVED,STWD_VEHTYPE_AT_FAULT,CHP_VEHTYPE_AT_FAULT,COUNT_SEVERE_INJ,COUNT_VISIBLE_INJ,COUNT_COMPLAINT_PAIN,COUNT_PED_KILLED,COUNT_PED_INJURED,COUNT_BICYCLIST_KILLED,COUNT_BICYCLIST_INJURED,COUNT_MC_KILLED,COUNT_MC_INJURED,PRIMARY_RAMP,SECONDARY_RAMP,LATITUDE,LONGITUDE,COUNTY,CITY,POINT_X,POINT_Y
81189254,2020,2020-02-19,3014,2020-02-04,1754,1539,RD24,2,5,5,3014,0,0,0,NA,0,A2,IRVINE AVE,WINDWARD LN,0,NA,Y,A,-,N,NA,NA,NA,NA,NA,NA,NA,NA,NA,Y,3,0,1,2,A,-,03,22350,NA,N,C,C,A,A,H,-,C,D,0,NA,NA,NA,NA,Y,NA,-,-,0,1,0,0,0,0,0,0,0,-,-,33.640499114990234,-117.89620208740234,ORANGE,NEWPORT BEACH,-117.89588928222656,33.641300201416016
8119118,2016,2016-09-12,3000,2016-08-19,1731,2785,921E3,5,5,4,3049,0,0,0,NA,0,784,ALISO VIEJO PKWY,CEDARBROOK,0,NA,Y,A,-,N,NA,NA,NA,NA,NA,NA,NA,NA,NA,Y,4,0,1,5,A,-,12,21453,A,N,D,C,A,A,H,-,A,A,0,NA,NA,NA,NA,Y,NA,A,07,0,0,1,0,0,0,0,0,0,-,-,NA,NA,ORANGE,ALISO VIEJO,-117.71788013,33.5876001
8119472,2016,2016-09-13,3016,2016-08-29,1755,1206,27,1,5,5,3016,0,0,0,NA,0,001,KRAEMER BL,ALTA VISTA ST,25,S,N,A,-,N,NA,NA,NA,NA,NA,NA,NA,NA,NA,Y,4,0,2,2,A,-,12,21453,A,N,D,C,A,A,H,-,A,A,0,NA,NA,NA,NA,Y,NA,A,01,0,0,2,0,0,0,0,0,0,-,-,NA,NA,ORANGE,PLACENTIA,-117.86213323,33.87640291
81227141,2020,2020-04-20,3024,2020-03-06,1228,313,P-38,5,5,5,3024,0,0,0,NA,0,EAST,NEWLAND STREET,PALOS VERDES AVENUE (E),35,N,N,A,-,N,NA,NA,NA,NA,NA,NA,NA,NA,NA,Y,4,0,1,2,A,-,12,21453,A,N,C,C,A,A,H,-,A,A,0,NA,NA,NA,NA,Y,NA,A,01,0,0,1,0,0,0,0,0,0,-,-,33.73371887207031,-117.98375701904295,ORANGE,WESTMINSTER,-117.98088836669922,33.73463439941406
81234698,2020,2020-05-07,3024,2020-03-26,1606,329,P-11,4,5,5,3024,0,0,0,NA,0,WEST,21ST STREET,LOCUST STREET,0,NA,Y,A,G,N,NA,NA,NA,NA,NA,NA,NA,NA,NA,N,4,0,2,2,A,-,09,21802,A,N,D,C,A,A,H,-,A,D,0,NA,NA,NA,NA,Y,NA,A,08,0,0,2,0,0,0,0,0,0,-,-,33.76274871826172,-118.00521087646484,ORANGE,WESTMINSTER,-118.00528717041016,33.76274871826172
8124181,2016,2016-09-20,3004,2016-09-10,1217,P573,10,6,5,6,3004,0,0,0,NA,0,004,HARBOR BL,WILSON ST,454,N,N,A,-,N,NA,NA,NA,NA,NA,NA,NA,NA,NA,Y,4,0,2,2,A,-,09,21801,A,N,D,C,A,A,H,-,A,D,0,NA,NA,NA,NA,Y,NA,A,07,0,0,2,0,0,0,0,0,0,-,-,33.65759,-117.91903,ORANGE,COSTA MESA,-117.91922945,33.65737546
81263270,2020,2020-07-06,3024,2020-05-19,1629,502,P-30,2,5,5,3024,0,0,0,NA,0,WEST,GOLDENWEST STREET,MCFADDEN AVENUE,80,N,N,A,-,N,NA,NA,NA,NA,NA,NA,NA,NA,NA,Y,4,0,1,2,A,-,03,22350,NA,N,C,C,A,A,H,-,A,A,0,NA,NA,NA,NA,Y,NA,A,07,0,0,1,0,0,0,0,0,0,-,-,33.737220764160156,-118.00698089599608,ORANGE,WESTMINSTER,-118.00689697265624,33.73759078979492
8126471,2016,2016-09-22,3026,2016-08-28,1920,536,NA,7,5,6,3026,0,0,0,NA,0,00U,JAMBOREE RD,CAMPUS DR,0,NA,Y,A,-,N,NA,NA,NA,NA,NA,NA,NA,NA,NA,Y,4,0,2,3,A,-,12,21453,A,N,D,C,A,A,H,-,B,A,0,NA,NA,NA,NA,Y,NA,A,01,0,0,2,0,0,0,0,0,0,-,-,NA,NA,ORANGE,IRVINE,-117.85429,33.6661301
8127251,2016,2016-09-22,3026,2016-08-31,1515,7094,NA,3,5,6,3026,0,0,0,NA,0,00C,CULVER DR,WARNER AV,175,S,N,A,-,N,NA,NA,NA,NA,NA,NA,NA,NA,NA,Y,4,0,1,2,A,-,03,22350,NA,N,C,C,A,A,H,-,A,A,0,NA,NA,NA,NA,Y,NA,A,01,0,0,1,0,0,0,0,0,0,-,-,NA,NA,ORANGE,IRVINE,-117.80447211,33.68801784
8130797,2016,2016-09-28,3008,2016-08-02,1527,1429,NA,2,5,6,3008,0,0,0,NA,0,Z-2,BREA BL,HARBOR BL,12,N,N,A,-,N,NA,NA,NA,NA,NA,NA,NA,NA,NA,N,3,0,1,2,D,-,00,NA,NA,N,G,B,C,A,H,-,A,D,0,Y,NA,NA,NA,Y,NA,-,-,0,1,0,0,1,0,0,0,0,-,-,NA,NA,ORANGE,FULLERTON,-117.92473153,33.88308277
81310785,2020,2021-08-09,3014,2020-09-09,2159,1374,RD15,3,5,5,3014,0,0,0,NA,0,A1,W BALBOA BLVD,30TH ST,7,E,N,B,-,N,NA,NA,NA,NA,NA,NA,NA,NA,NA,Y,2,0,1,2,A,-,10,21950,NA,N,G,B,B,A,H,-,C,A,0,Y,NA,NA,NA,Y,NA,A,01,1,0,0,0,1,0,0,0,0,-,-,33.61370086669922,-117.93160247802734,ORANGE,NEWPORT BEACH,-117.93169403076172,33.613704681396484
8131724,2016,2016-09-29,3008,2016-07-29,0837,1407,NA,5,5,6,3008,0,0,0,NA,0,0Z2,POMONA AV,WILSHIRE AV,0,NA,Y,A,-,N,NA,NA,NA,NA,NA,NA,NA,NA,NA,Y,4,0,1,3,A,-,08,22107,NA,N,B,E,E,A,H,-,A,D,0,Y,NA,NA,NA,Y,NA,A,01,0,0,1,0,1,0,0,0,0,-,-,NA,NA,ORANGE,FULLERTON,-117.92209012,33.87238006
81324118,2020,2020-10-15,3024,2020-09-09,2500,426,P-02,3,5,5,3024,0,0,0,NA,0,WEST,MELANIE LANE,DOROTHY DRIVE,405,N,N,A,-,N,NA,NA,NA,NA,NA,NA,NA,NA,NA,N,3,0,1,3,A,-,01,23152,A,N,C,E,A,A,H,-,C,D,0,NA,NA,NA,NA,Y,Y,A,01,0,1,0,0,0,0,0,0,0,-,-,33.77085876464844,-118.02599334716795,ORANGE,WESTMINSTER,-118.02650451660156,33.77186584472656
81332520,2020,2020-10-27,3014,2020-10-16,1439,1462,RD36,5,5,5,3014,0,0,0,NA,0,A2,BISON AVE,COUNTRY CLUB DR,0,NA,Y,A,-,N,NA,NA,NA,NA,NA,NA,NA,NA,NA,Y,3,0,1,2,A,-,12,21453,A,N,D,C,A,A,H,-,A,A,0,NA,NA,NA,NA,Y,NA,A,08,0,1,0,0,0,0,0,0,0,-,-,33.63800048828125,-117.86679840087892,ORANGE,NEWPORT BEACH,-117.8669204711914,33.637969970703125
81340946,2020,2020-11-06,3014,2020-11-03,1110,1453,RD26,2,5,5,3014,0,0,0,NA,0,A2,SR-1,DOVER DR,681,E,N,A,-,Y,NA,NA,1,NA,NA,NA,NA,NA,NA,N,4,0,1,2,A,-,07,21658,A,N,H,G,A,A,H,-,A,D,0,NA,Y,NA,NA,Y,NA,L,04,0,0,1,0,0,0,1,0,0,-,-,33.61690139770508,-117.90480041503906,ORANGE,NEWPORT BEACH,-117.90479278564452,33.616764068603516
81351966,2020,2020-11-24,3001,2020-11-19,0822,A2312,D-1,4,5,7,3001,0,0,0,NA,0,D-1,NUTWOOD STREET,CERRITOS AVENUE,0,NA,Y,A,-,N,NA,NA,NA,NA,NA,NA,NA,NA,NA,Y,4,0,1,2,A,-,12,21453,A,N,D,C,A,A,H,-,A,A,0,NA,NA,NA,NA,Y,NA,-,-,0,0,1,0,0,0,0,0,0,-,-,33.81031036376953,-117.95030212402344,ORANGE,ANAHEIM,-117.9501495361328,33.81053161621094
81354436,2020,2020-11-27,3001,2020-11-20,0949,A2367,D-2,5,5,7,3001,0,0,0,NA,0,D-2,ANAHEIM BOULEVARD,RT 91 EBON/R,0,NA,Y,A,-,Y,NA,NA,NA,NA,NA,NA,NA,NA,NA,Y,4,0,3,3,D,-,00,NA,NA,N,C,C,A,A,H,-,A,A,0,NA,NA,NA,NA,Y,NA,-,-,0,0,3,0,0,0,0,0,0,-,-,33.85395812988281,-117.9197006225586,ORANGE,ANAHEIM,NA,NA
8137338,2016,2016-10-11,3015,2016-09-04,2345,1515,16E,7,5,6,3015,0,0,0,NA,0,003,E WALNUT AV,TUSTIN,0,W,N,A,-,N,NA,NA,NA,NA,NA,NA,NA,NA,NA,N,2,0,1,2,A,-,03,22350,A,F,C,G,A,A,H,-,C,D,0,NA,Y,NA,NA,Y,NA,-,NA,1,0,0,0,0,0,1,0,0,-,-,NA,NA,ORANGE,ORANGE,-117.83569008,33.7950401
81374234,2020,2021-01-25,3014,2020-12-15,1715,1447,RD44,2,5,5,3014,0,0,0,NA,0,A4,SR-1 (E COAST HWY),HELIOTROPE AVE,0,NA,Y,A,-,Y,NA,NA,NA,NA,NA,NA,NA,NA,NA,Y,3,0,1,2,A,-,09,21801,A,M,F,C,A,A,H,-,C,D,0,NA,NA,Y,NA,Y,NA,-,99,0,1,0,0,0,0,0,0,1,-,-,33.599700927734375,-117.87229919433594,ORANGE,NEWPORT BEACH,-117.87374114990234,33.59865188598633
81389070,2020,2021-01-18,3024,2020-12-15,1717,435,P-19,2,5,5,3024,0,0,0,NA,0,EAST,WESTMINSTER BOULEVARD,MONROE STREET,0,NA,Y,A,-,N,NA,NA,NA,NA,NA,NA,NA,NA,NA,N,4,0,1,2,A,-,10,21950,A,N,G,B,B,A,H,-,C,A,0,Y,NA,NA,NA,Y,NA,A,01,0,0,1,0,1,0,0,0,0,-,-,33.75923156738281,-117.985107421875,ORANGE,WESTMINSTER,-117.98541259765624,33.75931167602539
81396114,2021,2021-01-28,3014,2021-01-20,1751,1435,RD24,3,5,5,3014,0,0,0,NA,0,A2,SR-55 (NEWPORT BLVD),HOSPITAL RD,428,S,N,A,-,Y,NA,NA,55,NA,NA,NA,NA,NA,NA,Y,1,1,0,2,A,-,11,21954,A,N,G,B,E,A,H,-,C,D,0,Y,NA,NA,NA,Y,Y,N,60,0,0,0,1,0,0,0,0,0,-,-,33.624298095703125,-117.92829895019533,ORANGE,NEWPORT BEACH,-117.92829132080078,33.624298095703125
81398263,2021,2021-01-29,3001,2021-01-25,1352,A1252,NA,1,5,7,3001,0,0,0,NA,0,D-2,LINCOLN AVENUE,STATE COLLEGE BOULEVARD,528,E,N,A,G,N,NA,NA,NA,NA,NA,NA,NA,NA,NA,Y,4,0,2,2,A,-,09,21804,A,N,D,C,A,A,H,-,A,A,0,NA,NA,NA,NA,Y,NA,A,01,0,0,2,0,0,0,0,0,0,-,-,33.83998107910156,-117.88934326171876,ORANGE,ANAHEIM,-117.88763427734376,33.839717864990234
81407295,2021,2021-02-12,3001,2021-02-07,0523,A2461,NA,7,5,7,3001,0,0,0,NA,0,NA,LINCOLN AVENUE,CRESCENT WAY,28,E,N,A,E,N,NA,NA,NA,NA,NA,NA,NA,NA,NA,Y,4,0,1,2,A,-,17,24250,NA,F,C,C,A,B,H,-,C,A,0,NA,NA,NA,NA,Y,Y,A,01,0,0,1,0,0,0,0,0,0,-,-,33.832820892333984,-117.94737243652344,ORANGE,ANAHEIM,-117.94719696044922,33.83245086669922
8141330,2016,2016-10-11,3010,2016-09-28,0749,1145,272,3,5,6,3010,0,0,0,NA,0,007,SLATER,GOTHARD,0,NA,Y,A,-,N,NA,NA,NA,NA,NA,NA,NA,NA,NA,N,4,0,1,2,A,-,09,21801,A,N,D,G,A,A,H,-,A,A,0,NA,Y,NA,NA,Y,NA,A,07,0,0,1,0,0,0,1,0,0,-,-,NA,NA,ORANGE,HUNTINGTON BEACH,-117.99996014,33.70835002
8141563,2016,2016-10-13,3026,2016-09-09,1938,498,NA,5,5,6,3026,0,0,0,NA,0,00C,SPECTRUM CENTER DR,QUASAR DR,20,S,N,A,-,N,NA,NA,NA,NA,NA,NA,NA,NA,NA,N,4,0,1,2,A,-,10,21950,A,N,G,B,C,A,H,-,C,A,0,Y,NA,NA,NA,Y,NA,A,01,0,0,1,0,1,0,0,0,0,-,-,NA,NA,ORANGE,IRVINE,-117.74674,33.65271126
8141590,2016,2016-10-13,3026,2016-09-15,1733,313,NA,4,5,6,3026,0,0,0,NA,0,00U,CULVER,VISTA DEL CAMPO,37,S,N,A,-,N,NA,NA,NA,NA,NA,NA,NA,NA,NA,Y,4,0,1,2,A,-,03,22350,NA,N,C,C,A,A,H,-,A,A,0,NA,NA,NA,NA,Y,NA,A,01,0,0,1,0,0,0,0,0,0,-,-,NA,NA,ORANGE,IRVINE,-117.82197879,33.6423898
81416595,2021,2021-02-26,3015,2021-02-21,1923,1618,NA,7,5,6,3015,0,0,0,NA,0,312,LA VETA AVE,NORTH SHAFFER STREET,301,E,N,A,-,N,NA,NA,NA,NA,NA,NA,NA,NA,NA,Y,4,0,1,3,A,-,01,23152,F,N,B,E,A,A,H,-,C,D,0,NA,NA,NA,NA,Y,NA,A,01,0,0,1,0,0,0,0,0,0,-,-,NA,NA,ORANGE,ORANGE,-117.84780120849608,33.78059005737305
81416608,2021,2021-02-26,3001,2021-02-22,1937,A2187,D-4,1,5,7,3001,0,0,0,NA,0,NA,IMPERIAL HIGHWAY,LA PALMA AVENUE (E),40,N,N,A,-,Y,NA,NA,NA,NA,NA,NA,NA,NA,NA,Y,3,0,3,4,C,-,18,NA,NA,N,C,C,A,A,H,-,C,A,0,NA,NA,NA,NA,Y,NA,-,-,0,1,2,0,0,0,0,0,0,-,-,33.87200927734375,-117.76251220703124,ORANGE,ANAHEIM,-117.79054260253906,33.8597297668457
81419424,2021,2021-03-03,3010,2021-02-26,1159,1015,164,5,5,6,3010,0,0,0,NA,0,008,ALGONQUIN ST,DAVENPORT DR,0,NA,Y,A,-,N,NA,NA,NA,NA,NA,NA,NA,NA,NA,Y,3,0,1,2,A,-,09,21801,A,N,D,C,A,A,H,-,A,D,0,NA,NA,NA,NA,Y,NA,A,07,0,1,0,0,0,0,0,0,0,-,-,33.715858459472656,-118.05020904541016,ORANGE,HUNTINGTON BEACH,-118.05008697509766,33.71588897705078
81424792,2020,2021-03-11,3019,2020-12-19,0755,3621,WE,6,5,7,3019,0,0,0,NA,0,001,EUCLID STREET,MCFADDEN AVENUE,0,NA,Y,A,-,N,NA,NA,NA,NA,NA,NA,NA,NA,NA,N,4,0,1,2,D,-,00,NA,NA,N,G,B,B,A,H,-,A,A,0,Y,NA,NA,NA,Y,NA,-,-,0,0,1,0,1,0,0,0,0,-,-,33.73828125,-117.93766784667967,ORANGE,SANTA ANA,-117.93739318847656,33.73815155029297
8143061,2016,2016-10-31,3019,2016-09-27,1315,1561,NE,2,5,7,3019,0,0,0,NA,0,002,CIVIC CENTER DR,MAIN ST,93,W,N,A,-,N,NA,NA,NA,NA,NA,NA,NA,NA,NA,Y,4,0,1,2,A,-,07,21658,A,N,B,C,A,A,H,-,A,D,0,NA,NA,NA,NA,Y,NA,A,01,0,0,1,0,0,0,0,0,0,-,-,33.75084,-117.86777,ORANGE,SANTA ANA,-117.86791508,33.75062274
81431602,2021,2021-03-22,3024,2021-02-11,1907,453,P-27,4,5,5,3024,0,0,0,NA,0,EAST,BUSHARD STREET,SABRE LANE,15,S,N,A,-,N,NA,NA,NA,NA,NA,NA,NA,NA,NA,N,4,0,1,2,A,-,03,22350,NA,F,C,C,A,A,H,-,C,D,0,NA,NA,NA,NA,Y,NA,-,99,0,0,1,0,0,0,0,0,0,-,-,33.75019073486328,-117.96347045898438,ORANGE,WESTMINSTER,-117.96356201171876,33.75027847290039
81442597,2021,2021-04-05,3010,2021-02-06,2115,1155,464,6,5,6,3010,0,0,0,NA,0,002,HAMILTON AVE,MAGNOLIA ST,140,W,N,B,-,N,NA,NA,NA,NA,NA,NA,NA,NA,NA,N,3,0,1,1,A,-,03,22350,NA,N,H,I,A,A,H,-,C,D,0,NA,Y,NA,NA,Y,Y,L,04,0,1,0,0,0,0,1,0,0,-,-,33.6490592956543,-117.97235870361328,ORANGE,HUNTINGTON BEACH,-117.97138214111328,33.650489807128906
81450782,2021,2021-04-15,3001,2021-04-10,1541,A2367,D-2,6,5,7,3001,0,0,0,NA,0,D-2,LINCOLN AVENUE,LEMON STREET,0,NA,Y,A,-,N,NA,NA,NA,NA,NA,NA,NA,NA,NA,Y,3,0,1,3,A,-,09,21801,A,N,A,C,A,A,H,-,A,A,0,NA,NA,NA,NA,Y,NA,A,01,0,1,0,0,0,0,0,0,0,-,-,33.835880279541016,-117.91612243652344,ORANGE,ANAHEIM,-117.91615295410156,33.835933685302734
81457621,2021,2021-04-26,3022,2021-04-14,2058,1341,NA,3,5,5,3022,0,0,0,NA,0,NA,TUSTIN RANCH RD,EL CAMINO REAL,0,NA,Y,A,-,N,NA,NA,NA,NA,NA,NA,NA,NA,NA,N,3,0,1,2,A,-,12,21453,A,N,G,B,D,A,H,-,C,A,0,Y,NA,NA,NA,Y,NA,N,60,0,1,0,0,1,0,0,0,0,-,-,33.72945022583008,-117.80023193359376,ORANGE,TUSTIN,-117.80017852783205,33.729515075683594
81463818,2021,2021-05-03,3022,2021-04-15,2259,1341,NA,4,5,5,3022,0,0,0,NA,0,NA,NEWPORT AV,MC FADDEN AV,0,NA,Y,A,-,N,NA,NA,NA,NA,NA,NA,NA,NA,NA,Y,4,0,2,2,A,-,12,21453,A,N,D,C,A,A,H,-,C,A,0,NA,NA,NA,NA,Y,NA,A,01,0,0,2,0,0,0,0,0,0,-,-,33.733909606933594,-117.82652282714844,ORANGE,TUSTIN,-117.82646942138672,33.73379135131836
8146531,2016,2016-10-19,3001,2016-10-12,1952,1410,NA,3,5,7,3001,0,0,0,NA,0,0D2,WEST ORANGE AV,SOUTH NUTWOOD ST,28,W,N,A,-,N,NA,NA,NA,NA,NA,NA,NA,NA,NA,Y,4,0,2,2,A,-,03,22350,NA,N,C,C,A,A,H,-,C,A,0,NA,NA,NA,NA,Y,NA,A,01,0,0,2,0,0,0,0,0,0,-,-,NA,NA,ORANGE,ANAHEIM,-117.95029198,33.82511948
81466050,2021,2021-05-05,3014,2021-04-10,0929,1508,RD34,6,5,5,3014,0,0,0,NA,0,A3,IRVINE AVE,BRISTOL ST S,0,NA,Y,A,-,N,NA,NA,NA,NA,NA,NA,NA,NA,NA,Y,4,0,2,2,A,-,12,21453,A,N,B,C,A,A,H,-,A,A,0,NA,NA,NA,NA,Y,NA,A,01,0,0,2,0,0,0,0,0,0,-,-,NA,NA,ORANGE,NEWPORT BEACH,-117.87545013427734,33.66192626953125
81468378,2021,2021-05-10,3015,2021-04-16,1500,1515,RD51,5,5,6,3015,0,0,0,NA,0,732M,MAIN ST,PALM AVE (N),161,N,N,A,-,N,NA,NA,NA,NA,NA,NA,NA,NA,NA,Y,4,0,1,2,A,-,03,22350,NA,N,C,C,A,A,H,-,A,A,0,NA,NA,NA,NA,Y,NA,A,01,0,0,1,0,0,0,0,0,0,-,-,33.83692932128906,-117.84102630615234,ORANGE,ORANGE,-117.84114074707033,33.83692169189453
81477363,2021,2021-05-20,3010,2021-05-10,1440,1225,463,1,5,6,3010,0,0,0,NA,0,002,BEACH BL - SR39,ATLANTA AVE (E),0,NA,Y,-,-,Y,NA,NA,NA,NA,NA,NA,NA,NA,NA,Y,2,0,1,2,A,-,12,21457,A,N,H,G,A,A,H,-,A,A,0,NA,Y,NA,NA,Y,NA,L,04,1,0,0,0,0,0,1,0,0,-,-,33.65644836425781,-117.98916625976563,ORANGE,HUNTINGTON BEACH,-117.98824310302734,33.657623291015625
81480679,2021,2021-05-25,3002,2021-04-25,0150,1713,NA,7,5,4,3002,0,0,0,NA,0,013,IMPERIAL HY,RANDOLPH AV (E),21,E,N,A,-,N,NA,NA,NA,NA,NA,NA,NA,NA,NA,Y,3,0,3,3,A,-,01,23152,A,N,C,C,A,A,H,-,C,A,0,NA,NA,NA,Y,Y,Y,D,22,0,1,2,0,0,0,0,0,0,-,-,33.91259002685547,-117.88973999023438,ORANGE,BREA,-117.88975524902344,33.91264724731445
8149197,2016,2016-10-24,3019,2016-08-23,1433,3155,SE,2,5,7,3019,0,0,0,NA,0,003,STANDARD AV,BEVERLY PL,0,NA,Y,A,-,N,NA,NA,NA,NA,NA,NA,NA,NA,NA,Y,2,0,3,5,A,-,09,21802,A,N,D,C,-,A,H,-,A,D,0,Y,NA,NA,NA,Y,NA,A,01,1,0,2,0,1,0,0,0,0,-,-,33.73559,-117.85641,ORANGE,SANTA ANA,-117.85647001,33.73586001
8149895,2016,2017-04-29,3019,2016-09-02,1657,3397,WE,5,5,7,3019,0,0,0,NA,0,001,CIVIC CENTER DR,BRISTOL ST,2,E,N,A,-,N,NA,NA,NA,NA,NA,NA,NA,NA,NA,N,4,0,1,2,A,-,08,22107,NA,N,A,C,A,A,H,-,A,A,0,NA,NA,NA,NA,Y,NA,D,22,0,0,1,0,0,0,0,0,0,-,-,NA,NA,ORANGE,SANTA ANA,-117.88510344,33.75150009
81507093,2021,2021-06-28,3010,2021-06-25,1126,1225,177,5,5,6,3010,0,0,0,NA,0,008,BRANNEN DR,SPRINGDALE ST,0,NA,Y,A,-,N,NA,NA,NA,NA,NA,NA,NA,NA,NA,Y,4,0,2,2,A,-,09,21802,A,N,D,C,A,A,H,-,A,A,0,NA,NA,NA,NA,Y,NA,A,01,0,0,2,0,0,0,0,0,0,-,-,33.713279724121094,-118.02381896972656,ORANGE,HUNTINGTON BEACH,-118.02391815185548,33.713279724121094
81507228,2021,2021-06-28,3022,2021-06-09,1951,1302,NA,3,5,5,3022,0,0,0,NA,0,NA,RED HILL AV,EL CAMINO REAL,152,N,N,A,-,N,NA,NA,NA,NA,NA,NA,NA,NA,NA,Y,4,0,2,2,A,-,01,23152,A,N,C,C,A,A,H,-,B,A,0,NA,NA,NA,NA,Y,Y,A,01,0,0,2,0,0,0,0,0,0,-,-,33.73445129394531,-117.81468200683594,ORANGE,TUSTIN,-117.81435394287108,33.734588623046875
81509347,2021,2021-06-30,3015,2021-06-21,2148,1522,RD21,1,5,6,3015,0,0,0,NA,0,113,CHAPMAN AVE,THE CITY DR,15,W,N,A,-,N,NA,NA,NA,NA,NA,NA,NA,NA,NA,Y,4,0,1,2,A,-,03,22350,NA,N,C,C,A,A,H,-,C,A,0,NA,NA,NA,NA,Y,NA,A,01,0,0,1,0,0,0,0,0,0,-,-,33.78886032104492,-117.89080810546876,ORANGE,ORANGE,-117.89099884033205,33.789058685302734
81515258,2021,2021-07-08,3001,2021-07-03,1420,A2312,D-2,6,5,7,3001,0,0,0,NA,0,D-2,SUNKIST STREET,LINCOLN AVENUE,114,N,N,A,-,N,NA,NA,NA,NA,NA,NA,NA,NA,NA,N,4,0,2,2,A,-,09,21801,A,N,D,C,A,A,H,-,A,D,0,NA,NA,NA,NA,Y,NA,A,01,0,0,2,0,0,0,0,0,0,-,-,33.83843994140625,-117.88066864013672,ORANGE,ANAHEIM,-117.88047790527344,33.838863372802734
81515303,2021,2021-07-08,3019,2021-06-29,1716,2776,NE,2,5,7,3019,0,0,0,NA,0,002,MCCLAY STREET,17TH STREET,155,N,N,A,-,N,NA,NA,NA,NA,NA,NA,NA,NA,NA,Y,2,0,2,2,A,-,21,22106,NA,N,B,C,A,A,H,-,A,D,0,NA,NA,NA,NA,Y,NA,A,01,1,0,1,0,0,0,0,0,0,-,-,33.759910583496094,-117.84999084472656,ORANGE,SANTA ANA,-117.84998321533205,33.760345458984375
81518769,2021,2021-07-13,3014,2021-06-19,1033,1555,RD33,6,5,5,3014,0,0,0,NA,0,A3,BAYVIEW TRAIL,MESA DR,600,E,N,A,-,N,NA,NA,NA,NA,NA,NA,NA,NA,NA,N,3,0,2,2,A,-,05,21650,A,N,H,G,A,A,H,-,A,A,0,NA,Y,NA,NA,Y,NA,L,04,0,2,0,0,0,0,2,0,0,-,-,33.651241302490234,-117.87245941162108,ORANGE,NEWPORT BEACH,-117.87343597412108,33.65327072143555
81542954,2021,2021-08-12,3015,2021-07-29,1746,1419,NA,4,5,6,3015,0,0,0,NA,0,722M,FAIRHAVEN AVE,TUSTIN ST,218,E,N,A,-,N,NA,NA,NA,NA,NA,NA,NA,NA,NA,Y,4,0,1,2,A,-,03,22350,NA,N,C,C,A,A,H,-,A,A,0,NA,NA,NA,NA,Y,NA,A,01,0,0,1,0,0,0,0,0,0,-,-,NA,NA,ORANGE,ORANGE,-117.83504486083984,33.77326202392578
81547445,2021,2021-08-18,3010,2021-08-12,2135,1118,326,4,5,6,3010,0,0,0,NA,0,004,PACIFIC COAST HWY - SR1,SEAPOINT AVE,53,S,N,A,-,Y,NA,NA,1,NA,NA,NA,NA,NA,NA,Y,4,0,1,2,A,-,01,23152,A,N,C,C,A,A,H,-,C,A,0,NA,NA,NA,NA,Y,Y,D,22,0,0,1,0,0,0,0,0,0,-,-,33.679508209228516,-118.03296661376952,ORANGE,HUNTINGTON BEACH,-118.03241729736328,33.68016052246094
81554536,2021,2021-08-26,3019,2021-08-05,1417,2776,WE,4,5,7,3019,0,0,0,NA,0,001,1ST STREET,NEWHOPE STREET,0,NA,Y,A,-,N,NA,NA,NA,NA,NA,NA,NA,NA,NA,N,4,0,2,2,D,-,00,NA,NA,N,D,C,A,A,H,-,A,A,0,NA,NA,NA,NA,Y,NA,-,-,0,0,2,0,0,0,0,0,0,-,-,33.74509811401367,-117.9289321899414,ORANGE,SANTA ANA,-117.9287567138672,33.7451057434082
8155563,2016,2016-11-03,3015,2016-09-30,0806,913,36W,5,5,6,3015,0,0,0,NA,0,751,TUSTIN ST N,KATELLA AV E,84,N,N,A,-,N,NA,NA,NA,NA,NA,NA,NA,NA,NA,Y,4,0,1,3,A,-,03,22350,NA,N,C,C,A,A,H,-,A,A,0,NA,NA,NA,NA,Y,NA,A,07,0,0,1,0,0,0,0,0,0,-,-,NA,NA,ORANGE,ORANGE,-117.83574794,33.80943018