CASE_ID,ACCIDENT_YEAR,PROC_DATE,JURIS,COLLISION_DATE,COLLISION_TIME,OFFICER_ID,REPORTING_DISTRICT,DAY_OF_WEEK,CHP_SHIFT,POPULATION,CNTY_CITY_LOC,SPECIAL_COND,BEAT_TYPE,CHP_BEAT_TYPE,CITY_DIVISION_LAPD,CHP_BEAT_CLASS,BEAT_NUMBER,PRIMARY_RD,SECONDARY_RD,DISTANCE,DIRECTION,INTERSECTION,WEATHER_1,WEATHER_2,STATE_HWY_IND,CALTRANS_COUNTY,CALTRANS_DISTRICT,STATE_ROUTE,ROUTE_SUFFIX,POSTMILE_PREFIX,POSTMILE,LOCATION_TYPE,RAMP_INTERSECTION,SIDE_OF_HWY,TOW_AWAY,COLLISION_SEVERITY,NUMBER_KILLED,NUMBER_INJURED,PARTY_COUNT,PRIMARY_COLL_FACTOR,PCF_CODE_OF_VIOL,PCF_VIOL_CATEGORY,PCF_VIOLATION,PCF_VIOL_SUBSECTION,HIT_AND_RUN,TYPE_OF_COLLISION,MVIW,PED_ACTION,ROAD_SURFACE,ROAD_COND_1,ROAD_COND_2,LIGHTING,CONTROL_DEVICE,CHP_ROAD_TYPE,PEDESTRIAN_ACCIDENT,BICYCLE_ACCIDENT,MOTORCYCLE_ACCIDENT,TRUCK_ACCIDENT,NOT_PRIVATE_PROPERTY,ALCOHOL_INVOLVED,STWD_VEHTYPE_AT_FAULT,CHP_VEHTYPE_AT_FAULT,COUNT_SEVERE_INJ,COUNT_VISIBLE_INJ,COUNT_COMPLAINT_PAIN,COUNT_PED_KILLED,COUNT_PED_INJURED,COUNT_BICYCLIST_KILLED,COUNT_BICYCLIST_INJURED,COUNT_MC_KILLED,COUNT_MC_INJURED,PRIMARY_RAMP,SECONDARY_RAMP,LATITUDE,LONGITUDE,COUNTY,CITY,POINT_X,POINT_Y
90085934,2015,2015-12-31,9670,2015-12-23,2255,018212,NA,3,3,5,3007,0,1,1,NA,2,040,I-405 N/B (SAN DIEGO FREEWAY),BROOKHURST ST,1056,S,N,A,-,Y,NA,NA,405,NA,NA,NA,NA,NA,N,Y,4,0,1,3,A,-,03,22350,NA,N,C,C,A,A,H,-,D,D,0,NA,NA,NA,NA,Y,NA,A,01,0,0,1,0,0,0,0,0,0,-,-,33.70365,-117.9524,ORANGE,FOUNTAIN VALLEY,-117.95230504,33.70376591
90090238,2015,2016-01-07,9675,2015-12-31,1324,016944,NA,4,1,6,3026,0,1,1,NA,2,504,I-5 S/B,LAKE FOREST DR.,700,N,N,A,-,Y,NA,NA,5,NA,NA,NA,NA,NA,S,Y,3,0,3,5,A,-,03,22350,NA,N,C,C,A,A,H,-,A,D,0,NA,NA,NA,NA,Y,NA,A,01,0,3,0,0,0,0,0,0,0,-,-,33.63232,-117.72508,ORANGE,IRVINE,-117.72512414,33.63226665
90095205,2016,2016-01-14,9675,2016-01-08,1124,016923,NA,5,1,7,3001,0,1,3,NA,2,572,SR-57 S/B (ORANGE FWY),WAGNER AVE,200,S,N,A,-,Y,NA,NA,57,NA,NA,NA,NA,NA,S,Y,4,0,1,3,A,-,03,22350,NA,N,C,C,A,A,H,-,A,D,0,NA,NA,NA,Y,Y,NA,A,07,0,0,1,0,0,0,0,0,0,-,-,33.8253,-117.87621,ORANGE,ANAHEIM,-117.87630465,33.82530117
90103049,2016,2016-01-26,9670,2016-01-21,0725,014303,NA,4,1,9,3000,0,3,5,NA,2,003,BLUME DRIVE (3100 BLOCK),SALMON DRIVE,150,E,N,B,-,N,NA,NA,NA,NA,NA,NA,NA,NA,NA,N,3,0,1,3,A,-,08,22107,NA,N,B,E,E,A,H,-,A,D,0,Y,NA,NA,NA,Y,NA,A,01,0,1,0,0,1,0,0,0,0,-,-,33.78304,-118.07848,ORANGE,UNINCORPORATED,-118.07867743,33.78307
90107544,2016,2016-02-02,9670,2016-01-23,2255,018150,NA,6,3,7,3001,0,1,1,NA,2,502,I-5 N/B,HARBOR BLVD,1584,S,N,A,-,Y,NA,NA,5,NA,NA,NA,NA,NA,N,Y,4,0,1,2,A,-,03,22350,NA,N,C,C,A,A,H,-,A,D,0,NA,NA,NA,NA,Y,NA,A,01,0,0,1,0,0,0,0,0,0,-,-,33.81271,-117.91205,ORANGE,ANAHEIM,-117.91215175,33.81260328
9011137,2019,2020-02-14,3000,2019-12-10,1820,9704,892F2,2,5,5,3028,0,0,0,NA,0,754,SANTA MARGARITA PKWY,PROMENADE,0,NA,Y,A,-,N,NA,NA,NA,NA,NA,NA,NA,NA,NA,Y,4,0,2,2,A,-,01,23152,G,N,C,C,A,A,H,-,C,A,0,NA,NA,NA,NA,Y,NA,A,01,0,0,2,0,0,0,0,0,0,-,-,NA,NA,ORANGE,MISSION VIEJO,-117.62737274169922,33.64754867553711
90113906,2016,2016-02-11,9675,2016-02-02,1949,017773,NA,2,2,6,3004,0,1,1,NA,2,405,I-405 N/B,HARBOR BLVD,1584,N,N,A,-,Y,NA,NA,405,NA,NA,NA,NA,NA,N,Y,4,0,1,5,A,-,03,22350,NA,N,B,C,A,A,H,-,C,D,0,NA,NA,NA,NA,Y,NA,A,01,0,0,1,0,0,0,0,0,0,-,-,33.6919,-117.92529,ORANGE,COSTA MESA,-117.92533568,33.69178841
90120473,2016,2016-02-22,9675,2016-02-05,1745,020746,NA,5,2,4,3002,0,1,3,NA,2,570,SR-57 NORTHBOUND,LOS ANGELES COUNTY LINE,30,S,N,A,-,Y,NA,NA,NA,NA,NA,NA,NA,NA,NA,Y,3,0,1,2,A,-,07,21658,A,N,B,C,A,A,H,-,C,D,0,NA,NA,Y,NA,Y,NA,A,01,0,1,0,0,0,0,0,0,1,-,-,33.94595,-117.86827,ORANGE,BREA,NA,NA
9012101,2019,2019-12-30,3026,2019-09-20,1329,313,NA,5,5,6,3026,0,0,0,NA,0,NA,JAMBOREE RD,MICHELLE DR,70,S,N,A,-,N,NA,NA,NA,NA,NA,NA,NA,NA,NA,Y,4,0,1,2,C,-,18,NA,NA,N,C,C,A,A,H,-,A,A,0,NA,NA,NA,NA,Y,NA,-,-,0,0,1,0,0,0,0,0,0,-,-,33.716861724853516,-117.79608154296876,ORANGE,IRVINE,-117.79753112792967,33.71728515625
90124285,2016,2016-02-26,9675,2016-02-09,1810,018539,NA,2,2,4,3002,0,1,3,NA,2,070,SR-57 N/B,IMPERIAL HIGHWAY,1500,S,N,A,-,Y,NA,NA,NA,NA,NA,NA,NA,NA,NA,Y,3,0,1,3,A,-,06,21755,A,N,B,C,A,A,H,-,C,D,0,NA,NA,Y,NA,Y,NA,C,02,0,1,0,0,0,0,0,0,1,-,-,33.9064,-117.88186,ORANGE,BREA,-117.88172529,33.90700021
9013902,2019,2020-01-15,3002,2019-11-12,0829,9403,740D5,2,5,5,3025,0,0,0,NA,0,102,KELLOGG DR,CLUB VIEW DR,165,S,N,A,-,N,NA,NA,NA,NA,NA,NA,NA,NA,NA,Y,4,0,1,2,A,-,03,22350,NA,N,C,C,A,A,H,-,A,A,0,NA,NA,NA,NA,Y,NA,A,01,0,0,1,0,0,0,0,0,0,-,-,NA,NA,ORANGE,YORBA LINDA,-117.79891204833984,33.88175964355469
90157063,2016,2016-04-13,9670,2016-04-11,1312,018212,NA,1,1,6,3009,0,1,3,NA,2,024,SR-22 E/B (GARDEN GROVE FREEWAY),GARDEN GROVE BLVD,528,E,N,A,-,Y,NA,NA,22,NA,NA,NA,NA,NA,E,Y,3,0,2,3,A,-,03,22350,NA,N,C,C,A,A,H,-,A,D,0,NA,NA,NA,NA,Y,NA,A,01,0,1,1,0,0,0,0,0,0,-,-,33.77542,-117.90213,ORANGE,GARDEN GROVE,-117.90229183,33.77573238
90166236,2016,2016-04-26,9690,2016-04-23,1809,020472,NA,6,2,5,3028,0,1,1,NA,2,056,I-5 S/B (SAN DIEGO FRWY),OSO PKWY,1848,S,N,A,-,Y,NA,NA,5,NA,NA,NA,NA,NA,S,Y,4,0,2,1,A,-,08,22107,NA,N,E,I,A,A,H,-,A,D,0,NA,NA,NA,NA,Y,NA,A,01,0,0,2,0,0,0,0,0,0,-,-,33.57466,-117.67209,ORANGE,MISSION VIEJO,-117.67200616,33.57465763
90180676,2016,2016-05-17,9675,2016-05-12,1222,016199,NA,4,1,7,3019,0,1,1,NA,2,502,I-5 NORTHBOUND,LINCOLN AVE,200,S,N,A,-,Y,NA,NA,5,NA,NA,NA,NA,NA,N,N,4,0,1,2,A,-,03,22350,NA,N,C,C,A,A,H,-,A,D,0,NA,NA,NA,NA,Y,NA,A,01,0,0,1,0,0,0,0,0,0,-,-,33.75684,-117.85579,ORANGE,SANTA ANA,-117.85579821,33.75682149
9018461,2019,2020-02-07,3012,2019-12-18,1547,288,15,3,5,5,3012,0,0,0,NA,0,001,LA HABRA BL,WALNUT ST,0,NA,Y,A,-,N,NA,NA,NA,NA,NA,NA,NA,NA,NA,N,3,0,4,2,A,-,09,21801,A,N,D,C,A,A,H,-,A,A,0,NA,NA,NA,NA,Y,NA,A,01,0,1,3,0,0,0,0,0,0,-,-,NA,NA,ORANGE,LA HABRA,-117.95050811767578,33.931861877441406
90184667,2016,2016-05-23,9690,2016-05-15,2140,020537,NA,7,2,9,3000,0,2,4,NA,2,034,ANTONIO PKWY (700 BLOCK),MEANDERING TRAIL,1584,N,N,A,-,N,NA,NA,NA,NA,NA,NA,NA,NA,NA,Y,3,0,3,2,A,-,03,22350,NA,N,C,C,A,A,H,-,C,D,0,NA,NA,NA,NA,Y,NA,A,08,0,2,1,0,0,0,0,0,0,-,-,33.5995,-117.62244,ORANGE,UNINCORPORATED,-117.62293476,33.59925293
90191616,2016,2016-05-31,9690,2016-05-30,1725,017988,NA,1,2,5,3017,0,1,1,NA,2,059,I-5 S/B (SAN DIEGO FRWY),AVENIDA VAQUERO,800,N,N,A,-,Y,NA,NA,5,NA,NA,NA,NA,NA,S,Y,4,0,1,2,A,-,03,22350,NA,N,C,C,A,A,D,-,A,D,0,NA,NA,NA,NA,Y,NA,D,22,0,0,1,0,0,0,0,0,0,-,-,33.45378,-117.64615,ORANGE,SAN CLEMENTE,-117.64613929,33.45380503
90201813,2016,2016-06-15,9675,2016-06-10,1725,019171,NA,5,2,7,3001,0,1,3,NA,2,092,SR-91 E/B (RIVERSIDE FWY),GLASSELL ST,200,E,N,A,-,Y,NA,NA,91,NA,NA,NA,NA,NA,E,Y,4,0,1,3,A,-,03,22350,NA,N,C,C,A,A,H,-,E,D,0,NA,NA,NA,NA,Y,NA,A,01,0,0,1,0,0,0,0,0,0,-,-,33.84993,-117.84747,ORANGE,ANAHEIM,-117.84744919,33.84984732
90219107,2016,2016-07-08,9690,2016-07-05,1230,014953,NA,2,1,5,3017,0,1,1,NA,2,059,I-5 N/B (SAN DIEGO FRWY),EL CAMINO REAL,353,S,N,A,-,Y,NA,NA,5,NA,NA,NA,NA,NA,N,N,4,0,1,2,A,-,03,22350,NA,N,C,C,A,A,H,-,A,D,0,NA,NA,NA,NA,Y,NA,A,07,0,0,1,0,0,0,0,0,0,-,-,33.41725,-117.60416,ORANGE,SAN CLEMENTE,-117.60412904,33.4172656
90225338,2016,2016-07-19,9675,2016-07-08,1335,020582,NA,5,1,6,3026,0,1,1,NA,2,503,I-5 N/B,YALE AVE,500,N,N,A,-,Y,NA,NA,5,NA,NA,NA,NA,NA,N,Y,4,0,1,2,A,-,03,22350,NA,N,C,C,A,A,H,-,A,D,0,NA,NA,NA,NA,Y,NA,A,01,0,0,1,0,0,0,0,0,0,-,-,33.70239,-117.77639,ORANGE,IRVINE,-117.77635307,33.70241397
90225969,2016,2016-07-19,9675,2016-07-11,0715,021206,NA,1,1,6,3015,0,1,1,NA,2,502,I-5 NORTHBOUND,SR-22 WESTBOUND,257,N,N,A,-,Y,NA,NA,5,NA,NA,NA,NA,NA,N,Y,4,0,1,3,A,-,03,22350,NA,N,C,C,A,A,H,-,A,D,0,NA,NA,NA,NA,Y,NA,A,07,0,0,1,0,0,0,0,0,0,-,-,33.77785,-117.87484,ORANGE,ORANGE,-117.87497042,33.77773539
90227783,2016,2016-07-21,9675,2016-07-15,0650,016944,NA,5,1,6,3026,0,1,1,NA,2,504,I-5 N/B (TRUCK BYPASS),BAKE PKWY.,1584,S,N,A,-,Y,NA,NA,5,NA,NA,NA,NA,NA,N,N,4,0,1,2,A,-,03,22350,NA,N,C,C,A,A,H,-,A,D,0,NA,NA,NA,NA,Y,NA,D,22,0,0,1,0,0,0,0,0,0,-,-,33.63474,-117.72655,ORANGE,IRVINE,-117.72679976,33.63452986
90252273,2016,2016-08-25,9670,2016-08-03,1500,017858,NA,3,2,5,3003,0,1,3,NA,2,092,STATE ROUTE 91 E/B,KNOTT AVE,1200,W,N,A,-,Y,NA,NA,NA,NA,NA,NA,NA,NA,NA,Y,4,0,1,3,A,-,03,22350,NA,N,C,C,A,A,H,-,A,D,0,NA,NA,NA,NA,Y,NA,A,01,0,0,1,0,0,0,0,0,0,-,-,33.85722,-118.0173,ORANGE,BUENA PARK,-118.01521316,33.85585495
90265398,2016,2016-09-12,9675,2016-09-03,1415,021327,NA,6,2,7,3001,0,1,3,NA,2,094,SR-91 WESTBOUND,IMPERIAL HIGHWAY,500,W,N,A,-,Y,NA,NA,91,NA,NA,NA,NA,NA,W,Y,4,0,5,3,A,-,03,22350,NA,N,C,C,A,A,H,-,A,D,0,NA,NA,NA,NA,Y,NA,D,22,0,0,5,0,0,0,0,0,0,-,-,33.85439,-117.79664,ORANGE,ANAHEIM,-117.79663885,33.85443827
90266783,2016,2016-09-13,9690,2016-09-10,1405,018646,NA,6,2,5,3028,0,1,1,NA,2,056,I-5 N/B (SAN DIEGO FRWY),OSO PKWY,1060,S,N,A,-,Y,NA,NA,5,NA,NA,NA,NA,NA,N,Y,4,0,3,3,A,-,03,22350,NA,N,C,C,A,A,H,-,A,D,0,NA,NA,NA,NA,Y,NA,A,07,0,0,3,0,0,0,0,0,0,-,-,33.57514,-117.67167,ORANGE,MISSION VIEJO,-117.67170137,33.57514
90268499,2016,2016-09-15,9675,2016-08-21,0235,021297,NA,7,3,6,3026,0,1,1,NA,2,504,I-5 NORTHBOUND,SAND CANYON AVE,1056,S,N,A,-,Y,NA,NA,NA,NA,NA,NA,NA,NA,NA,Y,3,0,1,2,A,-,01,23152,A,N,B,C,A,A,H,-,C,D,0,NA,NA,NA,Y,Y,Y,A,01,0,1,0,0,0,0,0,0,0,-,-,33.677459999999996,-117.84249,ORANGE,IRVINE,-117.75570284,33.67624135
90282902,2016,2016-10-04,9675,2016-09-29,0930,013680,NA,4,1,7,3001,0,1,3,NA,2,195,SR-91 WESTBOUND,COAL CYN RD,500,E,N,A,-,Y,NA,NA,91,NA,NA,NA,NA,NA,W,Y,3,0,1,1,A,-,08,22107,NA,N,F,A,A,A,H,-,A,D,0,NA,NA,Y,NA,Y,NA,C,02,0,1,0,0,0,0,0,0,1,-,-,33.85284,-117.81271,ORANGE,ANAHEIM,-117.81254966,33.85263032
90283370,2016,2016-10-04,9675,2016-09-30,1540,020582,NA,5,2,7,3001,0,1,3,NA,2,093,SR-91 E/B,KRAEMER BLVD,1200,W,N,A,-,Y,NA,NA,91,NA,NA,NA,NA,NA,E,Y,4,0,1,2,A,-,07,21658,A,N,B,C,A,A,H,-,A,D,0,NA,NA,NA,NA,Y,NA,A,01,0,0,1,0,0,0,0,0,0,-,-,33.84632,-117.86161,ORANGE,ANAHEIM,-117.86162243,33.84640276
90286396,2016,2017-01-03,9670,2016-09-17,1636,021242,NA,6,2,5,3007,0,1,1,NA,2,400,I -405 NB,BROOKHURST ST,2640,S,N,A,-,Y,NA,NA,405,NA,NA,NA,NA,NA,N,Y,3,0,1,3,A,-,03,22350,NA,N,C,C,A,A,H,-,A,D,0,NA,NA,Y,NA,Y,NA,C,02,0,1,0,0,0,0,0,0,1,-,-,33.70118,-117.94784,ORANGE,FOUNTAIN VALLEY,-117.94786206,33.70112739
90288081,2016,2016-10-10,9690,2016-10-07,1120,018953,NA,5,1,4,3018,0,1,1,NA,2,057,I-5 N/B (SAN DIEGO FRWY),JUNIPERO SERRA RD,40,S,N,A,-,Y,NA,NA,5,NA,NA,NA,NA,NA,N,Y,4,0,1,3,A,-,03,22350,NA,N,C,C,A,A,H,-,A,D,0,NA,NA,NA,Y,Y,NA,A,07,0,0,1,0,0,0,0,0,0,-,-,33.5204,-117.66537,ORANGE,SAN JUAN CAPISTRANO,-117.66546896,33.52035772
90288699,2016,2016-10-11,9690,2016-09-26,0045,020472,NA,1,3,4,3045,0,1,1,NA,2,055,I-5 S/B (SAN DIEGO FRWY),LOS ALISOS BLVD.,50,S,N,A,-,Y,NA,NA,5,NA,NA,NA,NA,NA,S,Y,2,0,3,3,A,-,03,22350,NA,N,C,C,A,A,H,-,C,D,0,NA,NA,NA,NA,Y,NA,D,22,1,0,2,0,0,0,0,0,0,-,-,33.60791,-117.69745,ORANGE,LAGUNA HILLS,-117.69743877,33.60793708
90297740,2016,2016-10-21,9675,2016-10-13,1030,018087,NA,4,1,7,3019,0,1,3,NA,2,552,SR-55 S/B (COSTA MESA FREEWAY),MACARTHUR BLVD,1056,N,N,A,-,Y,NA,NA,55,NA,NA,NA,NA,NA,S,N,4,0,1,2,A,-,03,22350,NA,N,C,C,A,A,H,-,A,D,0,NA,NA,NA,NA,Y,NA,A,01,0,0,1,0,0,0,0,0,0,-,-,33.70214,-117.85829,ORANGE,SANTA ANA,-117.85820885,33.70206384
90302486,2016,2016-10-27,9670,2016-10-20,1608,015587,NA,4,2,7,3001,0,1,3,NA,2,094,SR-91 E/B (RIVERSIDE FREEWAY),HARBOR BLVD.,314,E,N,A,-,Y,NA,NA,91,NA,NA,NA,NA,NA,E,Y,3,0,2,2,A,-,03,22350,NA,N,C,C,A,A,H,-,A,D,0,NA,NA,NA,NA,Y,NA,A,01,0,1,1,0,0,0,0,0,0,-,-,33.85376,-117.92322,ORANGE,ANAHEIM,-117.92322824,33.85388053
90312391,2016,2016-11-07,9675,2016-10-28,1352,019979,NA,5,1,7,3001,0,1,3,NA,2,095,SR-91 EASTBOUND,COAL CYN RD,1000,W,N,A,-,Y,NA,NA,91,NA,NA,NA,NA,NA,E,Y,3,0,3,2,A,-,08,22107,NA,N,B,C,A,A,H,-,A,D,0,NA,NA,NA,NA,Y,NA,D,22,0,1,2,0,0,0,0,0,0,-,-,33.87291,-117.6975,ORANGE,ANAHEIM,-117.69754892,33.87305326
9031632,2020,2020-03-13,3000,2020-01-23,1758,4601,972-B,4,5,4,3029,0,0,0,NA,0,638,DOHENY PARK RD,DOMINGO,20,S,N,A,-,N,NA,NA,NA,NA,NA,NA,NA,NA,NA,Y,4,0,2,2,A,-,01,23152,A,N,C,C,A,A,H,-,C,D,0,NA,NA,NA,NA,Y,Y,D,22,0,0,2,0,0,0,0,0,0,-,-,NA,NA,ORANGE,DANA POINT,-117.67809295654295,33.465553283691406
90316380,2016,2016-11-10,9690,2016-11-09,1757,018526,NA,3,2,9,3000,0,3,5,NA,2,004,ANTONIO PKWY S/B,WINDMILL AVENUE,25,N,N,A,-,N,NA,NA,NA,NA,NA,NA,NA,NA,NA,N,4,0,1,2,A,-,03,22350,NA,N,C,C,A,A,H,-,C,A,0,NA,NA,NA,NA,Y,NA,A,01,0,0,1,0,0,0,0,0,0,-,-,33.3336,-117.3749,ORANGE,UNINCORPORATED,-117.63060503,33.56002736
90318267,2016,2016-11-14,9690,2016-11-06,2307,020637,NA,7,3,9,3000,0,1,3,NA,1,074,SR 74 W/B (ORTEGA HWY),NICHOLS INSTITUTE,0,NA,N,A,-,Y,NA,NA,74,NA,NA,NA,NA,NA,W,Y,3,0,1,1,A,-,01,23152,A,N,F,A,A,A,H,-,D,D,0,NA,NA,NA,NA,Y,Y,D,22,0,1,0,0,0,0,0,0,0,-,-,33.55622,-117.54903,ORANGE,UNINCORPORATED,-117.54910583,33.55623397
90328423,2016,2016-11-23,9675,2016-11-16,0830,014895,NA,3,1,6,3015,0,1,3,NA,2,551,STATE ROUTE 55 S/B,CHAPMAN AVE,100,S,N,B,-,Y,NA,NA,55,NA,NA,NA,NA,NA,S,Y,4,0,1,2,A,-,03,22350,NA,N,C,C,A,A,H,-,A,D,0,NA,NA,NA,NA,Y,NA,A,07,0,0,1,0,0,0,0,0,0,-,-,33.77699,-117.83117,ORANGE,ORANGE,-117.83119115,33.77698978
90333378,2016,2016-11-30,9675,2016-11-17,1240,018005,NA,4,1,6,3004,0,1,1,NA,2,405,I-405 S/B TO SR-73 S/B,BEAR ST,1800,N,N,A,-,Y,NA,NA,405,NA,NA,NA,R,NA,S,Y,2,0,1,1,A,-,08,22107,NA,N,E,J,A,A,H,-,A,D,0,NA,NA,Y,NA,Y,NA,C,02,1,0,0,0,0,0,0,0,1,-,-,33.68672,-117.89807,ORANGE,COSTA MESA,-117.89807,33.68672
90336532,2016,2016-12-05,9670,2016-11-18,2205,019808,NA,5,3,7,3001,0,1,1,NA,2,503,I-5 S/B,KATELLA AVE,528,N,N,A,-,Y,NA,NA,5,NA,NA,NA,NA,NA,S,N,4,0,2,2,A,-,07,21658,A,F,B,C,A,A,H,-,C,D,0,NA,NA,NA,NA,Y,NA,-,99,0,0,2,0,0,0,0,0,0,-,-,33.80452,-117.90408,ORANGE,ANAHEIM,-117.90407613000001,33.80452453
90338799,2016,2016-12-07,9675,2016-11-20,2352,021349,NA,7,3,6,3004,0,1,1,NA,2,405,I-405 NORTHBOUND,EUCLID STREET,900,S,N,B,C,Y,NA,NA,405,NA,NA,NA,NA,NA,N,Y,4,0,1,1,A,-,03,22350,NA,N,F,A,A,B,H,-,C,D,0,NA,NA,NA,NA,Y,NA,A,01,0,0,1,0,0,0,0,0,0,-,-,33.69381,-117.92993,ORANGE,COSTA MESA,-117.92998142,33.69368797
90341360,2016,2016-12-09,9675,2016-11-30,1540,019407,NA,3,2,7,3019,0,1,1,NA,2,502,I-5 SOUTHBOUND,1ST ST,350,S,N,A,-,Y,NA,NA,5,NA,NA,NA,NA,NA,S,Y,4,0,1,3,A,-,03,22350,NA,N,C,C,A,A,H,-,A,D,0,NA,NA,NA,NA,Y,NA,A,01,0,0,1,0,0,0,0,0,0,-,-,33.74276,-117.83984,ORANGE,SANTA ANA,-117.83983714,33.74276481
90345193,2016,2016-12-15,9670,2016-12-07,2230,016271,NA,3,3,6,3009,0,1,3,NA,2,021,SR-22 W/B,VALLEY VIEW STREET,1056,E,N,A,-,Y,NA,NA,22,NA,NA,NA,NA,NA,W,Y,4,0,2,2,A,-,03,22350,NA,N,C,C,A,A,H,-,C,D,0,NA,NA,NA,NA,Y,NA,A,01,0,0,2,0,0,0,0,0,0,-,-,33.77446,-118.03373,ORANGE,GARDEN GROVE,-118.03372989,33.774425719999996
90345254,2016,2016-12-15,9675,2016-12-02,1925,021224,NA,5,2,7,3019,0,1,1,NA,2,502,I-5 SOUTHBOUND,LINCOLN AVE,1000,N,N,A,G,Y,NA,NA,5,NA,NA,NA,NA,NA,S,Y,4,0,1,2,A,-,03,22350,NA,N,C,C,A,A,H,-,C,D,0,NA,NA,NA,NA,Y,NA,A,01,0,0,1,0,0,0,0,0,0,-,-,33.75767,-117.85836,ORANGE,SANTA ANA,-117.85840499,33.75757738
9034582,2019,2020-02-08,3022,2019-12-31,1051,1353,NA,2,5,5,3022,0,0,0,NA,0,NA,NEWPORT AV,SAN JUAN ST,0,NA,Y,A,-,N,NA,NA,NA,NA,NA,NA,NA,NA,NA,N,4,0,1,2,A,-,09,21804,NA,N,D,C,A,A,H,-,A,D,0,NA,NA,NA,NA,Y,NA,A,01,0,0,1,0,0,0,0,0,0,-,-,33.74074172973633,-117.81919097900392,ORANGE,TUSTIN,-117.81935119628906,33.74103927612305
90348069,2016,2016-12-19,9670,2016-11-26,1553,021242,NA,6,2,7,3001,0,1,3,NA,2,093,SR-91 W/B,BROOKHURST ST,1320,W,N,B,C,Y,NA,NA,91,NA,NA,NA,NA,NA,W,Y,4,0,1,2,A,-,03,22350,NA,N,C,C,A,B,H,-,A,D,0,NA,NA,NA,NA,Y,NA,D,22,0,0,1,0,0,0,0,0,0,-,-,33.85544,-117.96976,ORANGE,ANAHEIM,-117.96979002,33.85535006
9035457,2020,2020-09-15,3008,2020-07-17,1320,1387,ZONE,5,5,6,3008,0,0,0,NA,0,NA,BREA BL,BASTANCHURY RD,0,NA,Y,A,-,N,NA,NA,NA,NA,NA,NA,NA,NA,NA,Y,3,0,2,2,A,-,09,21806,A,N,D,C,A,A,H,-,A,A,0,NA,NA,NA,NA,Y,NA,A,01,0,1,1,0,0,0,0,0,0,-,-,NA,NA,ORANGE,FULLERTON,-117.90936279296876,33.89937973022461
90357523,2016,2016-12-29,9675,2016-12-16,0610,016923,NA,5,1,7,3001,0,1,3,NA,2,195,SR-91 E/B (RIVERSIDE FWY),COAL CYN RD,1000,E,N,C,-,Y,NA,NA,91,NA,NA,NA,NA,NA,E,Y,4,0,1,1,A,-,03,22350,NA,N,E,I,A,B,H,-,A,D,0,NA,NA,NA,NA,Y,NA,A,01,0,0,1,0,0,0,0,0,0,-,-,33.86947,-117.68085,ORANGE,ANAHEIM,-117.68088182,33.86937825
90358853,2016,2017-01-02,9675,2016-12-24,0305,020732,NA,6,3,7,3019,0,1,1,NA,2,502,I-5 NORTHBOUND TO 1ST STREET,1ST ST,640,N,N,B,-,Y,NA,NA,5,NA,NA,NA,R,NA,N,Y,3,0,1,2,A,-,01,23152,A,N,A,C,A,B,H,-,C,D,0,NA,NA,NA,NA,Y,Y,A,01,0,1,0,0,0,0,0,0,0,-,-,33.74748,-117.84252,ORANGE,SANTA ANA,-117.84252,33.74748
90359969,2016,2017-01-03,9690,2016-12-27,2120,016493,NA,2,2,5,3050,0,1,1,NA,2,055,I-5 N/B (SDF) FROM EL TORO RD W/B,EL TORO RD,30,N,N,A,-,Y,NA,NA,5,NA,NA,NA,R,NA,N,Y,3,0,1,1,A,-,08,22107,NA,N,F,A,A,A,H,-,C,D,0,NA,NA,Y,NA,Y,NA,C,02,0,1,0,0,0,0,0,0,1,-,-,33.61528,-117.70733,ORANGE,LAKE FOREST,-117.70733,33.61528
90363248,2017,2017-01-06,9690,2017-01-01,1205,018840,NA,7,1,5,3017,0,1,1,NA,2,059,I-5 N/B (SAN DIEGO FRWY),AVENIDA PICO,200,N,N,A,-,Y,NA,NA,5,NA,NA,NA,NA,NA,N,N,4,0,1,3,A,-,03,22350,NA,N,C,C,A,A,D,-,A,D,0,NA,NA,NA,NA,Y,NA,A,08,0,0,1,0,0,0,0,0,0,-,-,33.43933,-117.62291,ORANGE,SAN CLEMENTE,-117.62292131,33.43931
90376406,2017,2017-01-24,9670,2017-01-01,2013,021242,NA,7,2,9,3000,0,3,5,NA,2,004,GILBERT STREET (10000 BLOCK),KATELLA AVE,160,N,N,A,-,N,NA,NA,NA,NA,NA,NA,NA,NA,NA,Y,2,0,1,2,A,-,01,23152,A,F,C,C,A,A,H,-,D,D,0,NA,NA,Y,NA,Y,Y,C,02,1,0,0,0,0,0,0,0,1,-,-,33.80342,-117.96757,ORANGE,UNINCORPORATED,-117.96756728,33.80351863
90388146,2017,2017-02-08,9670,2017-01-28,1300,016209,NA,6,1,6,3009,0,1,3,NA,2,024,SR-22 E/B (GARDEN GROVE FREEWAY),PEARCE ST. PEDESTRIAN OVERCROSSING,2530,E,N,A,-,Y,NA,NA,22,NA,NA,NA,NA,NA,E,Y,4,0,2,2,A,-,03,22350,NA,N,C,C,A,A,H,-,A,D,0,NA,NA,NA,NA,Y,NA,A,07,0,0,2,0,0,0,0,0,0,-,-,33.77392,-117.90545,ORANGE,GARDEN GROVE,-117.90552228,33.77405946
90389135,2017,2017-02-09,9670,2017-01-19,0001,021467,NA,4,3,6,3008,0,1,3,NA,2,094,SR-91 E/B TO HARBOR BLVD,HARBOR BLVD,50,W,N,B,-,Y,NA,NA,91,NA,NA,NA,R,NA,E,N,4,0,1,2,A,-,01,23152,A,N,C,C,A,A,H,-,C,A,0,NA,NA,NA,NA,Y,Y,A,01,0,0,1,0,0,0,0,0,0,-,-,33.85319,-117.92448,ORANGE,FULLERTON,-117.92448,33.85319