CASE_ID,ACCIDENT_YEAR,PROC_DATE,JURIS,COLLISION_DATE,COLLISION_TIME,OFFICER_ID,REPORTING_DISTRICT,DAY_OF_WEEK,CHP_SHIFT,POPULATION,CNTY_CITY_LOC,SPECIAL_COND,BEAT_TYPE,CHP_BEAT_TYPE,CITY_DIVISION_LAPD,CHP_BEAT_CLASS,BEAT_NUMBER,PRIMARY_RD,SECONDARY_RD,DISTANCE,DIRECTION,INTERSECTION,WEATHER_1,WEATHER_2,STATE_HWY_IND,CALTRANS_COUNTY,CALTRANS_DISTRICT,STATE_ROUTE,ROUTE_SUFFIX,POSTMILE_PREFIX,POSTMILE,LOCATION_TYPE,RAMP_INTERSECTION,SIDE_OF_HWY,TOW_AWAY,COLLISION_SEVERITY,NUMBER_KILLED,NUMBER_INJURED,PARTY_COUNT,PRIMARY_COLL_FACTOR,PCF_CODE_OF_VIOL,PCF_VIOL_CATEGORY,PCF_VIOLATION,PCF_VIOL_SUBSECTION,HIT_AND_RUN,TYPE_OF_COLLISION,MVIW,PED_ACTION,ROAD_SURFACE,ROAD_COND_1,ROAD_COND_2,LIGHTING,CONTROL_DEVICE,CHP_ROAD_TYPE,PEDESTRIAN_ACCIDENT,BICYCLE_ACCIDENT,MOTORCYCLE_ACCIDENT,TRUCK_ACCIDENT,NOT_PRIVATE_PROPERTY,ALCOHOL_INVOLVED,STWD_VEHTYPE_AT_FAULT,CHP_VEHTYPE_AT_FAULT,COUNT_SEVERE_INJ,COUNT_VISIBLE_INJ,COUNT_COMPLAINT_PAIN,COUNT_PED_KILLED,COUNT_PED_INJURED,COUNT_BICYCLIST_KILLED,COUNT_BICYCLIST_INJURED,COUNT_MC_KILLED,COUNT_MC_INJURED,PRIMARY_RAMP,SECONDARY_RAMP,LATITUDE,LONGITUDE,COUNTY,CITY,POINT_X,POINT_Y
9477063,2022,2022-07-20,3004,2022-05-26,0137,P608,07,4,5,6,3004,0,0,0,NA,0,015,ORANGE AV,WALNUT ST,24,S,N,A,-,N,NA,NA,NA,NA,NA,NA,NA,NA,NA,Y,3,0,1,1,A,-,01,23152,A,N,E,I,A,A,H,-,C,D,0,NA,NA,NA,NA,Y,NA,A,07,0,1,0,0,0,0,0,0,0,-,-,33.642250061035156,-117.91182708740234,ORANGE,COSTA MESA,-117.91181182861328,33.64236068725586
94773802,2025,2025-07-23,9675,2025-07-16,2305,022159,NA,3,3,7,3001,0,1,3,NA,2,571,SR-57 NORTHBOUND,LINCOLN AVE,2404,S,N,A,-,Y,ORA,NA,57,NA,NA,14.316,H,NA,R,N,4,0,2,2,A,-,03,22350,NA,N,C,C,A,A,H,-,C,D,0,NA,NA,NA,NA,Y,NA,A,01,0,0,2,0,0,0,0,0,0,-,-,33.831180572509766,-117.8760223388672,ORANGE,ANAHEIM,-117.87594604492188,33.831180572509766
9477964,2022,2022-08-04,3004,2022-07-01,1317,P549,02,5,5,6,3004,0,0,0,NA,0,015,EAST 17TH ST,SUPERIOR AV,23,W,N,A,-,N,NA,NA,NA,NA,NA,NA,NA,NA,NA,Y,3,0,1,2,A,-,05,21650,1,N,H,G,A,A,H,-,A,A,0,NA,Y,NA,NA,Y,NA,L,04,0,1,0,0,0,0,1,0,0,-,-,33.63610076904297,-117.92389678955078,ORANGE,COSTA MESA,-117.92359161376952,33.636199951171875
94779933,2025,2025-07-28,9675,2025-07-19,1920,023318,NA,6,2,7,3001,0,1,3,NA,2,095,SR-91 EASTBOUND,WEIR CANYON ROAD,1584,E,N,A,-,Y,ORA,NA,91,NA,R,15.233,H,NA,R,N,4,0,1,2,A,-,08,22107,NA,N,B,C,A,A,H,-,B,D,0,NA,NA,NA,NA,Y,NA,A,01,0,0,1,0,0,0,0,0,0,-,-,33.86941146850586,-117.7314910888672,ORANGE,ANAHEIM,-117.73152923583984,33.869327545166016
94809152,2025,2025-08-19,9670,2025-06-24,120,022330,NA,2,3,5,3003,0,1,1,NA,2,501,INTERSTATE 5 SOUTHBOUND (SANTA ANA FREEWAY),BEACH BOULEVARD,140,N,N,B,-,Y,ORA,NA,5,NA,NA,43.479,H,NA,L,N,3,0,1,1,A,-,03,22350,NA,N,F,A,A,B,H,-,C,D,0,NA,NA,Y,NA,Y,NA,-,-,0,1,0,0,0,0,0,0,1,-,-,33.86650085449219,-117.99887084960938,ORANGE,BUENA PARK,-117.99888610839844,33.866477966308594
94820202,2025,2025-08-27,9675,2025-08-23,1633,024260,NA,6,2,7,3019,0,1,1,NA,2,520,I-5 NORTHBOUND,SR-22 EASTBOUND,670,S,N,A,-,Y,ORA,NA,5,NA,NA,33.872,H,NA,R,Y,4,0,2,2,A,-,08,22107,NA,N,E,I,A,A,H,-,A,D,0,NA,NA,NA,NA,Y,NA,A,01,0,0,2,0,0,0,0,0,0,-,-,33.777191162109375,-117.8747329711914,ORANGE,SANTA ANA,-117.87460327148438,33.777259826660156
9482370,2022,2022-08-18,3004,2022-07-21,0654,P549,17,4,5,6,3004,0,0,0,NA,0,010,W BAKER ST,BEAR ST,53,E,N,A,-,N,NA,NA,NA,NA,NA,NA,NA,NA,NA,Y,3,0,1,1,C,-,18,NA,NA,N,E,I,A,A,H,-,A,A,0,NA,NA,NA,NA,Y,NA,-,-,0,1,0,0,0,0,0,0,0,-,-,33.679901123046875,-117.89420318603516,ORANGE,COSTA MESA,-117.8943328857422,33.68008041381836
94847036,2025,2025-09-16,9675,2025-09-07,345,023293,NA,7,3,9,3000,0,1,3,NA,2,240,SR-241 S/B TO SR-261 S/B,SANTIAGO CANYON ROAD,1373,N,N,A,-,Y,ORA,NA,241,NA,NA,32.785,H,NA,L,N,4,0,1,1,A,-,01,23152,A,N,E,I,A,A,H,-,C,D,0,NA,NA,NA,NA,Y,Y,A,01,0,0,1,0,0,0,0,0,0,-,-,33.785499572753906,-117.74655151367188,ORANGE,UNINCORPORATED,-117.74645233154295,33.78543472290039
94858820,2025,2025-09-25,9675,2025-09-21,624,023116,NA,7,1,7,3001,0,1,3,NA,2,095,SR-91 WESTBOUND,GYPSUM CANYON ROAD,3500,W,N,B,-,Y,ORA,NA,91,NA,R,15.728,H,NA,L,Y,4,0,3,5,A,-,03,22350,NA,N,C,C,A,A,H,-,A,D,0,NA,NA,NA,NA,Y,NA,A,01,0,0,3,0,0,0,0,0,0,-,-,33.867191314697266,-117.72348022460938,ORANGE,ANAHEIM,-117.72347259521484,33.867244720458984
9485940,2022,2022-09-09,3000,2022-08-06,1605,10682,21,6,5,4,3021,0,0,0,NA,0,797G3,KNOTT AV,LONGFORD WY,21,N,N,A,-,N,NA,NA,NA,NA,NA,NA,NA,NA,NA,Y,4,0,2,2,A,-,08,22107,NA,N,D,C,A,A,H,-,A,D,0,NA,NA,NA,NA,Y,NA,A,07,0,0,2,0,0,0,0,0,0,-,-,NA,NA,ORANGE,STANTON,-118.01104736328124,33.80061721801758
94860529,2025,2025-09-25,9675,2025-09-15,2300,023598,NA,1,3,7,3001,0,1,3,NA,2,093,SR-91 WESTBOUND,LA PALMA AVE,612,W,N,A,-,Y,ORA,NA,91,NA,NA,6.306,H,NA,L,N,4,0,1,1,A,-,01,23152,A,N,E,I,A,A,H,-,D,D,0,NA,NA,NA,NA,Y,Y,A,01,0,0,1,0,0,0,0,0,0,-,-,33.848609924316406,-117.872802734375,ORANGE,ANAHEIM,-117.87284088134766,33.848548889160156
94863897,2025,2025-09-29,9670,2025-09-05,2345,023710,NA,5,3,5,3003,0,1,1,NA,2,501,I-5 S/B,BEACH BLVD,400,N,N,A,-,Y,ORA,NA,5,NA,NA,43.522,H,NA,L,Y,2,0,1,1,C,-,18,NA,NA,N,F,A,A,D,G,-,C,D,0,NA,NA,Y,NA,Y,NA,-,-,1,0,0,0,0,0,0,0,1,-,-,33.8668212890625,-117.99951171875,ORANGE,BUENA PARK,-117.99951171875,33.866817474365234
94865790,2025,2025-09-30,9675,2025-09-23,405,023318,NA,2,3,9,3000,0,1,3,NA,2,241,SR-241 NORTHBOUND,HICKS HAUL RD.,1373,N,N,A,-,Y,ORA,NA,241,NA,NA,28.941,H,NA,R,N,4,0,1,2,A,-,08,22107,NA,N,C,2,A,A,H,-,D,D,0,NA,NA,NA,Y,Y,NA,A,01,0,0,1,0,0,0,0,0,0,-,-,33.740779876708984,-117.7177734375,ORANGE,UNINCORPORATED,-117.71794891357422,33.74074935913086
94869460,2025,2025-10-02,9675,2025-07-15,1800,023293,NA,2,2,6,3004,0,1,3,NA,2,553,SR-55 NORTHBOUND,DEL MAR AVE.,2376,S,N,A,-,Y,ORA,NA,55,NA,R,3.318,H,NA,R,N,3,0,2,2,A,-,03,22350,NA,F,C,C,A,A,H,-,D,D,0,NA,NA,NA,NA,Y,NA,A,01,0,1,1,0,0,0,0,0,0,-,-,33.658050537109375,-117.90251922607422,ORANGE,COSTA MESA,-117.9025650024414,33.6580810546875
94876485,2025,2025-10-07,9675,2025-09-25,1015,019320,NA,4,1,6,3015,0,1,3,NA,2,222,SR-22 WESTBOUND,THE CITY DRIVE,290,W,N,A,-,Y,ORA,NA,22,NA,R,9.686,H,NA,L,N,4,0,1,1,C,-,18,NA,NA,N,E,I,A,A,H,-,A,D,0,NA,NA,NA,NA,Y,NA,-,-,0,0,1,0,0,0,0,0,0,-,-,33.77922058105469,-117.88996124267578,ORANGE,ORANGE,-117.88996124267578,33.77910232543945
94890007,2025,2025-10-16,9675,2025-10-09,658,021633,NA,4,1,7,3001,0,1,3,NA,2,572,SR-57 NORTHBOUND,SOUTH ST,305,N,N,B,-,Y,ORA,NA,57,NA,NA,14.483,H,NA,R,Y,3,0,1,2,A,-,03,22350,NA,N,C,C,A,A,D,-,A,D,0,NA,NA,NA,NA,Y,NA,A,07,0,1,0,0,0,0,0,0,0,-,-,33.83359909057617,-117.87599182128906,ORANGE,ANAHEIM,-117.87592315673828,33.83359909057617
94926375,2025,2025-11-12,9675,2025-10-30,1300,024758,NA,4,1,7,3019,0,1,3,NA,2,052,SR-55 SOUTHBOUND,DYER ROAD,2000,S,N,A,-,Y,ORA,NA,55,NA,R,7.445,H,NA,L,N,4,0,1,2,A,-,07,21658,A,M,B,C,A,A,H,-,A,D,0,NA,NA,Y,NA,Y,NA,-,99,0,0,1,0,0,0,0,0,1,-,-,33.70383071899414,-117.85652923583984,ORANGE,SANTA ANA,-117.85659027099608,33.70387268066406
94937230,2025,2025-11-19,9675,2025-11-10,737,022842,NA,1,1,7,3001,0,1,3,NA,2,571,SR-57 NORTHBOUND,SR-91 EASTBOUND,1162,S,N,A,-,Y,ORA,NA,57,NA,NA,15.189,H,NA,R,Y,4,0,1,2,D,-,00,NA,NA,N,C,C,A,A,H,-,A,D,0,NA,NA,NA,Y,Y,NA,-,-,0,0,1,0,0,0,0,0,0,-,-,33.843841552734375,-117.87590789794922,ORANGE,ANAHEIM,-117.87591552734376,33.843841552734375
94953002,2025,2025-12-01,9690,2025-11-20,2340,024696,NA,4,3,5,3028,0,1,1,NA,2,055,I-5 S/B (SAN DIEGO FRWY),ALICIA PARKWAY,600,S,N,C,-,Y,ORA,NA,5,NA,NA,17.249,H,NA,L,Y,3,0,1,2,A,-,03,22350,NA,N,B,C,A,B,H,-,C,D,0,NA,NA,NA,NA,Y,NA,D,22,0,1,0,0,0,0,0,0,0,-,-,33.60248947143555,-117.68743133544922,ORANGE,MISSION VIEJO,-117.68740081787108,33.602535247802734
9495961,2022,2022-10-18,3026,2022-09-20,1642,448,PORTO,2,5,6,3026,0,0,0,NA,0,007,VIEWPARK,CENTRAL PARK,0,NA,Y,A,-,N,NA,NA,NA,NA,NA,NA,NA,NA,NA,N,3,0,2,3,A,-,10,21950,A,N,G,B,B,A,H,-,A,A,0,Y,NA,NA,NA,Y,NA,-,-,0,2,0,0,2,0,0,0,0,-,-,33.72666931152344,-117.77147674560548,ORANGE,IRVINE,-117.7714614868164,33.726654052734375
9496097,2022,2022-08-23,3009,2022-08-01,2024,4498,23,1,5,6,3009,0,0,0,NA,0,023,HARBOR BL,BANNER,95,N,N,A,-,N,NA,NA,NA,NA,NA,NA,NA,NA,NA,N,4,0,1,2,A,-,03,22350,NA,N,C,C,A,A,H,-,C,A,0,NA,NA,NA,NA,Y,NA,A,01,0,0,1,0,0,0,0,0,0,-,-,NA,NA,ORANGE,GARDEN GROVE,-117.92046356201172,33.769561767578125
94964446,2025,2025-12-09,9675,2025-12-02,510,021691,NA,2,3,6,3015,0,1,3,NA,2,550,SR-55 NORTHBOUND,KATELLA AVE,620,S,N,A,-,Y,ORA,NA,55,NA,NA,15.135,H,NA,R,Y,4,0,1,1,A,-,08,22107,NA,N,F,A,A,A,H,-,C,D,0,NA,NA,NA,NA,Y,NA,A,01,0,0,1,0,0,0,0,0,0,-,-,33.8084602355957,-117.83167266845705,ORANGE,ORANGE,-117.83180236816406,33.80845642089844
9496509,2022,2022-08-30,3000,2022-07-21,0950,5158,HJC,4,5,5,3040,0,0,0,NA,0,6M40,VIA DE ANZA,LOS OSOS DR,162,W,N,A,-,N,NA,NA,NA,NA,NA,NA,NA,NA,NA,Y,3,0,1,2,A,-,08,22107,NA,N,B,C,A,A,H,-,A,D,0,NA,NA,NA,NA,Y,NA,A,01,0,1,0,0,0,0,0,0,0,-,-,NA,NA,ORANGE,LAGUNA NIGUEL,-117.68760681152344,33.53254699707031
9497784,2022,2022-09-22,3000,2022-08-13,0045,10682,797J2,6,5,4,3021,0,0,0,NA,0,024,KATELLA AV,BEACH BL,52,E,N,A,-,N,NA,NA,NA,NA,NA,NA,NA,NA,NA,N,4,0,1,3,A,-,21,22106,NA,F,C,C,A,A,H,-,C,A,0,NA,NA,Y,NA,Y,NA,A,01,0,0,1,0,0,0,0,0,1,-,-,NA,NA,ORANGE,STANTON,-117.99285125732422,33.802921295166016
94989307,2025,2025-12-29,9670,2025-12-24,1445,016271,NA,3,2,6,3010,0,1,1,NA,2,400,I-405 N/B,NEWLAND ST,1056,S,N,B,C,Y,ORA,NA,405,NA,NA,15.668,H,NA,R,Y,3,0,2,2,A,-,03,22350,NA,N,E,8,A,B,H,-,A,D,0,NA,NA,NA,NA,Y,NA,A,01,0,2,0,0,0,0,0,0,0,-,-,33.724609375,-117.9777374267578,ORANGE,HUNTINGTON BEACH,-117.97762298583984,33.724727630615234
9499288,2022,2022-10-25,3012,2022-10-03,1651,686,15,1,5,5,3012,0,0,0,NA,0,002,LA HABRA,WALNUT ST,0,NA,Y,A,-,N,NA,NA,NA,NA,NA,NA,NA,NA,NA,Y,3,0,1,2,A,-,09,21801,A,N,A,C,A,A,H,-,A,A,0,NA,NA,NA,NA,Y,NA,A,01,0,1,0,0,0,0,0,0,0,-,-,NA,NA,ORANGE,LA HABRA,-117.95050811767578,33.931861877441406
95000951,2025,2026-01-06,9675,2025-12-26,1708,023759,NA,5,2,6,3026,0,1,3,NA,2,074,SR-73 NORTHBOUND FROM MACARTHUR BLVD,MACARTHUR BLVD,78,S,N,C,-,Y,NA,NA,NA,NA,NA,NA,NA,NA,NA,Y,4,0,2,2,A,-,03,22350,NA,N,E,I,A,B,H,-,D,D,0,NA,NA,NA,NA,Y,NA,A,01,0,0,2,0,0,0,0,0,0,-,-,33.643028259277344,-117.85903930664063,ORANGE,IRVINE,-117.85948181152344,33.64240264892578
95001346,2025,2026-01-06,9675,2025-12-06,345,023480,NA,6,3,6,3015,0,1,1,NA,2,502,I-5 SOUTHBOUND TO THE CITY DRIVE,THE CITY DRIVE,2465,N,N,A,-,Y,ORA,NA,5,NA,NA,35.648,H,NA,L,Y,4,0,1,1,A,-,01,23152,A,N,E,I,A,A,H,-,C,A,0,NA,NA,NA,NA,Y,Y,A,01,0,0,1,0,0,0,0,0,0,-,-,33.79629898071289,-117.89565277099608,ORANGE,ORANGE,-117.89549255371094,33.79641342163086
95002169,2025,2026-01-07,9670,2025-12-25,400,022455,NA,4,3,5,3003,0,1,3,NA,2,092,SR-91,VALLEY VIEW ST,1584,E,N,B,-,Y,ORA,NA,91,NA,R,1.155,H,NA,R,N,3,0,1,1,A,-,03,22350,NA,N,E,I,A,B,H,-,C,D,0,NA,NA,NA,NA,Y,NA,A,01,0,1,0,0,0,0,0,0,0,-,-,33.85588073730469,-118.02336883544922,ORANGE,BUENA PARK,-118.02337646484376,33.85581588745117
9507032,2022,2022-10-26,3009,2022-10-01,2200,4845,117,6,5,6,3009,0,0,0,NA,0,023,WARD ST,JENNRICH AV,0,NA,Y,A,-,N,NA,NA,NA,NA,NA,NA,NA,NA,NA,N,4,0,1,2,A,-,10,21950,A,N,A,B,B,A,H,-,C,A,0,Y,NA,NA,NA,Y,NA,A,07,0,0,1,0,1,0,0,0,0,-,-,NA,NA,ORANGE,GARDEN GROVE,-117.9460906982422,33.755462646484375
9510111,2022,2022-12-08,3013,2022-10-04,0635,238,L04,2,5,3,3013,0,0,0,NA,0,005,KATELLA AV,WALLINGSFORD RD,0,NA,Y,A,-,N,NA,NA,NA,NA,NA,NA,NA,NA,NA,N,2,0,1,2,A,-,10,21950,A,N,D,B,B,A,H,-,A,A,0,Y,NA,NA,NA,Y,NA,A,01,1,0,0,0,1,0,0,0,0,-,-,NA,NA,ORANGE,LOS ALAMITOS,-118.0744400024414,33.80302810668945
9510532,2022,2022-12-21,3004,2022-10-14,2321,P709,27,5,5,6,3004,0,0,0,NA,0,004,MACARTHUR BL,HARBOR BL,0,NA,Y,C,-,N,NA,NA,NA,NA,NA,NA,NA,NA,NA,Y,4,0,1,2,A,-,03,22350,NA,N,C,C,A,B,H,-,C,A,0,NA,NA,NA,NA,Y,Y,A,07,0,0,1,0,0,0,0,0,0,-,-,33.701908111572266,-117.9197998046875,ORANGE,COSTA MESA,-117.9196548461914,33.702022552490234
9511252,2022,2023-02-01,3004,2022-12-21,0545,P670,27,3,5,6,3004,0,0,0,NA,0,004,HARBOR BL,SOUTH COAST DR,0,NA,Y,A,-,N,NA,NA,NA,NA,NA,NA,NA,NA,NA,Y,3,0,2,2,A,-,12,21453,A,N,D,C,A,A,H,-,C,A,0,NA,NA,NA,NA,Y,NA,A,01,0,2,0,0,0,0,0,0,0,-,-,33.69166946411133,-117.91953277587892,ORANGE,COSTA MESA,-117.91954040527344,33.69161605834961
9514136,2023,2023-02-24,3011,2023-01-29,1957,31543,43,7,5,4,3011,0,0,0,NA,0,003,RT 1,BLUEBIRD CANYON DR,34,N,N,B,-,Y,ORA,12,1,-,-,8.28,H,-,S,Y,3,0,1,2,A,-,01,23153,A,F,A,C,A,B,H,-,C,A,0,NA,NA,NA,NA,Y,Y,A,01,0,1,0,0,0,0,0,0,0,-,-,NA,NA,ORANGE,LAGUNA BEACH,-117.7729034423828,33.53004455566406
9514818,2022,2022-12-29,3003,2022-11-13,1307,1282,NA,7,5,5,3003,0,0,0,NA,0,001,BEACH BL,9TH ST,75,N,N,A,-,Y,ORA,12,39,-,-,15.03,H,-,N,N,4,0,1,2,A,-,12,21453,A,N,C,C,A,A,H,-,A,A,0,NA,NA,NA,NA,Y,NA,A,08,0,0,1,0,0,0,0,0,0,-,-,33.86552810668945,-117.99803924560548,ORANGE,BUENA PARK,-117.9980697631836,33.86562728881836
9516226,2022,2022-12-08,3000,2022-10-26,2128,10186,971J5,3,5,4,3029,0,0,0,NA,0,6M38,STONEHILL DR,SELVA DR,15,E,N,A,-,N,NA,NA,NA,NA,NA,NA,NA,NA,NA,Y,4,0,1,2,A,-,02,22400,A,N,C,C,A,A,H,-,C,A,0,NA,NA,NA,NA,Y,NA,A,01,0,0,1,0,0,0,0,0,0,-,-,NA,NA,ORANGE,DANA POINT,-117.6913833618164,33.476314544677734
9516383,2022,2022-12-16,3000,2022-11-21,0528,11752,921F3,1,5,4,3045,0,0,0,NA,0,146,LAGUNA HILLS DR,MOULTON PKWY,0,NA,Y,A,-,N,NA,NA,NA,NA,NA,NA,NA,NA,NA,Y,4,0,2,2,D,-,00,NA,NA,N,A,C,A,A,H,-,C,A,0,NA,NA,NA,NA,Y,NA,-,-,0,0,2,0,0,0,0,0,0,-,-,NA,NA,ORANGE,LAGUNA HILLS,-117.71297454833984,33.59159851074219
9516398,2022,2022-12-16,3000,2022-11-15,1201,6717,891G6,2,5,5,3050,0,0,0,NA,0,762,EL TORO RD,ROCKFIELD BL,21,E,N,A,-,N,NA,NA,NA,NA,NA,NA,NA,NA,NA,Y,4,0,1,2,A,-,12,21453,A,N,D,C,A,A,H,-,A,A,0,NA,NA,NA,NA,Y,NA,A,01,0,0,1,0,0,0,0,0,0,-,-,33.37010955810547,-117.42471313476563,ORANGE,LAKE FOREST,-117.70468139648438,33.61703872680664
9518530,2023,2023-02-16,3005,2023-01-12,1625,8272,C07,4,5,4,3005,0,0,0,NA,0,001,CRESCENT AV,CAROB ST,60,W,N,A,-,N,NA,NA,NA,NA,NA,NA,NA,NA,NA,Y,3,0,1,3,A,-,03,22350,NA,F,C,C,A,A,H,-,A,D,0,NA,NA,NA,NA,Y,Y,D,22,0,1,0,0,0,0,0,0,0,-,-,NA,NA,ORANGE,CYPRESS,-118.0570068359375,33.838871002197266
9521521,2022,2022-11-30,3026,2022-09-22,2359,528,UNIVE,4,5,6,3026,0,0,0,NA,0,003,UNIVERSITY,RT 405,14,S,N,A,-,N,NA,NA,NA,NA,NA,NA,NA,NA,NA,Y,4,0,1,2,A,-,08,22107,NA,N,B,C,A,A,D,-,C,A,0,NA,NA,NA,NA,Y,NA,A,01,0,0,1,0,0,0,0,0,0,-,-,NA,NA,ORANGE,IRVINE,-117.85358428955078,33.65083694458008
9523809,2022,2022-11-30,3026,2022-09-04,1654,574,UNVI,7,5,6,3026,0,0,0,NA,0,002,VON KARMAN,MICHELSON,0,NA,Y,A,-,N,NA,NA,NA,NA,NA,NA,NA,NA,NA,Y,3,0,1,2,A,-,12,21453,A,N,D,C,A,A,H,-,A,A,0,NA,NA,NA,NA,Y,NA,A,01,0,1,0,0,0,0,0,0,0,-,-,NA,NA,ORANGE,IRVINE,-117.85347747802734,33.67625427246094
9545055,2023,2023-02-27,3005,2023-01-23,46,8332,C16,1,5,4,3005,0,0,0,NA,0,001,LINCOLN AV,LOS ALTOS,590,W,N,A,-,N,NA,NA,NA,NA,NA,NA,NA,NA,NA,Y,3,0,1,3,A,-,08,22107,NA,N,B,E,A,A,H,-,C,D,0,NA,NA,NA,Y,Y,Y,A,01,0,1,0,0,0,0,0,0,0,-,-,NA,NA,ORANGE,CYPRESS,-118.03419494628906,33.83177185058594
9554412,2023,2023-03-07,3002,2023-01-18,1539,1720,NA,3,5,4,3002,0,0,0,NA,0,011,CENTRAL AV,PALM ST,0,NA,Y,A,-,N,NA,NA,NA,NA,NA,NA,NA,NA,NA,Y,4,0,1,2,A,-,09,21801,A,N,D,C,A,A,H,-,A,A,0,NA,NA,NA,NA,Y,NA,A,07,0,0,1,0,0,0,0,0,0,-,-,33.932010650634766,-117.92408752441406,ORANGE,BREA,-117.92440795898438,33.9318733215332
9557035,2023,2023-04-24,3000,2023-02-22,715,1920,798A6,3,5,4,3021,0,0,0,NA,0,721,ACACIA AV,BEACH BL,10,E,N,A,-,Y,ORA,12,39,-,-,8.801,I,5,N,N,3,0,1,2,D,-,00,NA,NA,N,G,C,B,A,H,-,A,A,0,Y,NA,NA,NA,Y,NA,-,-,0,1,0,0,1,0,0,0,0,-,-,NA,NA,ORANGE,STANTON,-117.9927215576172,33.77561950683594
9562199,2023,2023-04-20,3000,2023-03-01,1044,12182,862A6,3,5,5,3050,0,0,0,NA,0,7A63,DIMENSION DR,ENTERPRISE WY,0,NA,Y,A,-,N,NA,NA,NA,NA,NA,NA,NA,NA,NA,Y,3,0,1,2,D,-,00,NA,NA,N,D,C,A,A,H,-,A,A,0,NA,NA,NA,NA,Y,NA,-,-,0,1,0,0,0,0,0,0,0,-,-,NA,NA,ORANGE,LAKE FOREST,-117.67562103271484,33.66644287109375
9568652,2023,2023-05-30,3000,2023-05-15,1300,5013,972C7,1,5,4,3029,0,0,0,NA,0,736,PACIFIC COAST HWY,CAMINO CAPISTRANO,3168,N,N,A,-,Y,ORA,12,1,-,R,1,H,-,N,Y,4,0,2,1,A,-,01,23152,F,N,E,I,A,A,H,-,A,D,0,NA,NA,NA,NA,Y,NA,A,01,0,0,2,0,0,0,0,0,0,-,-,NA,NA,ORANGE,DANA POINT,-117.68265533447266,33.464317321777344
9571316,2023,2023-04-26,3009,2023-03-30,2349,5054,124,4,5,6,3009,0,0,0,NA,0,2-1,EUCLID ST,GARDEN GROVE BL,0,NA,Y,C,-,N,NA,NA,NA,NA,NA,NA,NA,NA,NA,Y,4,0,1,2,A,-,12,21453,A,N,D,C,A,B,H,-,C,A,0,NA,NA,NA,NA,Y,NA,A,01,0,0,1,0,0,0,0,0,0,-,-,NA,NA,ORANGE,GARDEN GROVE,-117.9380111694336,33.77412796020508
9583147,2023,2023-07-06,3009,2023-06-14,1712,5100,115,3,5,6,3009,0,0,0,NA,0,021,GARDEN GROVE BL,MAIN ST,20,E,N,A,-,N,NA,NA,NA,NA,NA,NA,NA,NA,NA,Y,3,0,2,3,A,-,12,21453,A,N,A,C,A,A,H,-,A,A,0,NA,NA,NA,NA,Y,NA,A,01,0,2,0,0,0,0,0,0,0,-,-,NA,NA,ORANGE,GARDEN GROVE,-117.94092559814452,33.774051666259766
9584471,2023,2023-05-18,3000,2023-04-10,2000,10573,892E5,1,5,5,3028,0,0,0,NA,0,450,ALICIA PKWY,LANZARATE,0,NA,Y,A,-,N,NA,NA,NA,NA,NA,NA,NA,NA,NA,N,4,0,1,1,A,-,03,22350,NA,N,F,I,A,A,H,-,C,D,0,NA,Y,NA,NA,Y,NA,L,04,0,0,1,0,0,0,1,0,0,-,-,NA,NA,ORANGE,MISSION VIEJO,-117.63778686523438,33.62751770019531
9587143,2023,2023-08-24,3004,2023-08-05,913,P691,33,6,5,6,3004,0,0,0,NA,0,005,BRISTOL ST,SUNFLOWER AV,25,S,N,A,-,N,NA,NA,NA,NA,NA,NA,NA,NA,NA,Y,4,0,1,2,A,-,03,22350,NA,N,C,C,A,A,H,-,A,A,0,NA,NA,NA,NA,Y,NA,A,07,0,0,1,0,0,0,0,0,0,-,-,33.68899917602539,-117.88500213623048,ORANGE,COSTA MESA,-117.88555145263672,33.69404983520508
9597036,2023,2023-08-24,3003,2023-07-02,730,1297,NA,7,5,5,3003,0,0,0,NA,0,NA,VALLEY VIEW ST,PATTON WY,0,NA,Y,A,-,N,NA,NA,NA,NA,NA,NA,NA,NA,NA,Y,3,0,1,2,A,-,12,21453,A,N,D,C,A,A,H,-,A,A,0,NA,NA,NA,NA,Y,NA,A,01,0,1,0,0,0,0,0,0,0,-,-,33.510501861572266,-118.01419830322266,ORANGE,BUENA PARK,-118.02864074707033,33.851539611816406
9608999,2023,2023-08-29,3012,2023-08-06,1618,686,35,7,5,5,3012,0,0,0,NA,0,003,LAMBERT RD,WHITEBOOK DR,0,NA,Y,A,-,N,NA,NA,NA,NA,NA,NA,NA,NA,NA,Y,3,0,1,2,A,-,09,21802,A,N,D,C,A,A,H,-,A,A,0,NA,NA,NA,NA,Y,NA,A,01,0,1,0,0,0,0,0,0,0,-,-,NA,NA,ORANGE,LA HABRA,-117.96250915527344,33.924537658691406