CASE_ID,ACCIDENT_YEAR,PROC_DATE,JURIS,COLLISION_DATE,COLLISION_TIME,OFFICER_ID,REPORTING_DISTRICT,DAY_OF_WEEK,CHP_SHIFT,POPULATION,CNTY_CITY_LOC,SPECIAL_COND,BEAT_TYPE,CHP_BEAT_TYPE,CITY_DIVISION_LAPD,CHP_BEAT_CLASS,BEAT_NUMBER,PRIMARY_RD,SECONDARY_RD,DISTANCE,DIRECTION,INTERSECTION,WEATHER_1,WEATHER_2,STATE_HWY_IND,CALTRANS_COUNTY,CALTRANS_DISTRICT,STATE_ROUTE,ROUTE_SUFFIX,POSTMILE_PREFIX,POSTMILE,LOCATION_TYPE,RAMP_INTERSECTION,SIDE_OF_HWY,TOW_AWAY,COLLISION_SEVERITY,NUMBER_KILLED,NUMBER_INJURED,PARTY_COUNT,PRIMARY_COLL_FACTOR,PCF_CODE_OF_VIOL,PCF_VIOL_CATEGORY,PCF_VIOLATION,PCF_VIOL_SUBSECTION,HIT_AND_RUN,TYPE_OF_COLLISION,MVIW,PED_ACTION,ROAD_SURFACE,ROAD_COND_1,ROAD_COND_2,LIGHTING,CONTROL_DEVICE,CHP_ROAD_TYPE,PEDESTRIAN_ACCIDENT,BICYCLE_ACCIDENT,MOTORCYCLE_ACCIDENT,TRUCK_ACCIDENT,NOT_PRIVATE_PROPERTY,ALCOHOL_INVOLVED,STWD_VEHTYPE_AT_FAULT,CHP_VEHTYPE_AT_FAULT,COUNT_SEVERE_INJ,COUNT_VISIBLE_INJ,COUNT_COMPLAINT_PAIN,COUNT_PED_KILLED,COUNT_PED_INJURED,COUNT_BICYCLIST_KILLED,COUNT_BICYCLIST_INJURED,COUNT_MC_KILLED,COUNT_MC_INJURED,PRIMARY_RAMP,SECONDARY_RAMP,LATITUDE,LONGITUDE,COUNTY,CITY,POINT_X,POINT_Y
6731352,2014,2015-01-23,3008,2014-11-24,1411,1457,NA,1,5,6,3008,0,0,0,NA,0,003,EUCLID AV,LAKEVIEW DR,0,NA,Y,A,-,N,NA,NA,NA,NA,NA,NA,NA,NA,NA,Y,4,0,1,2,A,-,-,NA,NA,N,A,C,A,A,H,-,A,A,0,NA,NA,NA,NA,Y,NA,I,20,0,0,1,0,0,0,0,0,0,-,-,NA,NA,ORANGE,FULLERTON,-117.94095003,33.90406011
6731462,2014,2015-01-22,3000,2014-11-05,1819,5163,952A7,3,5,5,3040,0,0,0,NA,0,18740,ST OF THE GOLDEN LANTERN,SAINT CHRISTOPHER,0,NA,Y,A,-,N,NA,NA,NA,NA,NA,NA,NA,NA,NA,Y,2,0,2,2,A,-,09,21453,C,N,A,C,A,A,H,-,C,A,0,NA,NA,NA,NA,Y,NA,A,07,1,1,0,0,0,0,0,0,0,-,-,NA,NA,ORANGE,LAGUNA NIGUEL,-117.684103,33.508186
6731464,2014,2015-01-22,3004,2014-11-21,1418,P555,88,5,5,6,3004,0,0,0,NA,0,015,FAIR DR,NEWPORT BL,605,W,N,A,-,N,NA,NA,NA,NA,NA,NA,NA,NA,NA,Y,4,0,1,2,A,-,07,21658,A,N,B,C,A,A,H,-,A,D,0,NA,NA,NA,NA,Y,NA,A,07,0,0,1,0,0,0,0,0,0,-,-,NA,NA,ORANGE,COSTA MESA,-117.89991531,33.66391
6734789,2014,2014-12-30,3000,2014-10-24,0200,5233,800B2,5,5,2,3023,0,0,0,NA,0,014,E COLLINS AV,KATHLEEN ST,3,E,N,A,-,N,NA,NA,NA,NA,NA,NA,NA,NA,NA,Y,2,0,1,2,A,-,01,23152,A,N,A,E,A,A,H,-,C,D,0,NA,NA,NA,NA,Y,Y,A,01,1,0,0,0,0,0,0,0,0,-,-,NA,NA,ORANGE,VILLA PARK,-117.82045015,33.80233
6739042,2014,2016-06-17,9675,2014-11-22,0805,020625,NA,6,1,6,3026,0,1,1,NA,2,406,RT 405,JEFFREY RD,2800,N,N,A,-,Y,ORA,12,405,-,-,4.48,H,-,S,Y,4,0,2,1,A,-,08,22107,NA,N,E,I,A,A,H,-,A,D,6,NA,NA,NA,NA,Y,NA,A,01,0,0,2,0,0,0,0,0,0,-,-,33.66478,-117.80499,ORANGE,IRVINE,-117.80404975,33.66456135
6742102,2014,2016-06-18,3010,2014-11-28,2156,2116,NA,5,5,6,3010,0,0,0,NA,0,NA,RT 39,GARFIELD,63,S,N,A,-,Y,ORA,12,39,-,-,2.64,H,-,N,N,4,0,5,2,A,-,03,22350,NA,N,C,C,A,A,H,-,C,A,0,NA,NA,NA,NA,Y,NA,A,01,0,0,5,0,0,0,0,0,0,-,-,NA,NA,ORANGE,HUNTINGTON BEACH,-117.988674,33.68672243
6742370,2014,2016-06-18,9675,2014-12-09,1755,15826,NA,2,2,6,3015,0,1,3,NA,2,550,RT 55,LINCOLN AV,2000,S,N,A,-,Y,ORA,12,55,-,-,16.6,H,-,N,Y,4,0,1,2,A,-,07,21658,A,N,B,C,A,A,H,-,D,D,6,NA,NA,Y,NA,Y,NA,A,01,0,0,1,0,0,0,0,0,1,-,-,33.82944,-117.83364,ORANGE,ORANGE,-117.83359796,33.82950574
6742690,2014,2016-06-20,9690,2014-11-12,0750,014849,NA,3,1,4,3029,0,1,1,NA,2,059,RT 5,VIA CALIFORNIA,400,S,N,B,-,Y,ORA,12,5,-,-,6.54,H,-,N,Y,4,0,2,4,A,-,03,22350,NA,F,C,C,A,A,H,-,A,D,1,NA,NA,NA,NA,Y,NA,D,22,0,0,2,0,0,0,0,0,0,-,-,33.46492,-117.66624,ORANGE,DANA POINT,-117.66642702,33.46505786
6748972,2014,2016-03-01,3012,2014-12-12,1715,567,NA,5,5,5,3012,0,0,0,NA,0,003,IMPERIAL HWY,BEACH BL,0,NA,Y,A,-,N,NA,NA,NA,NA,NA,NA,NA,NA,NA,N,3,0,1,2,A,-,07,21658,A,N,H,A,A,A,H,-,B,D,0,NA,NA,NA,NA,Y,NA,-,NA,0,1,0,0,0,0,0,0,0,-,-,NA,NA,ORANGE,LA HABRA,-117.96824005,33.91728008
6749120,2014,2015-02-03,3010,2014-12-09,1721,1102,261,2,5,6,3010,0,0,0,NA,0,007,GOLDENWEST,WARNER,176,N,N,A,-,N,NA,NA,NA,NA,NA,NA,NA,NA,NA,N,4,0,2,2,A,-,09,21804,A,N,D,C,A,A,H,-,C,D,0,NA,NA,NA,NA,Y,NA,A,07,0,0,2,0,0,0,0,0,0,-,-,NA,NA,ORANGE,HUNTINGTON BEACH,-118.00651,33.71533624
6749929,2014,2015-01-27,3003,2014-11-11,2341,752,3003,2,5,5,3003,0,0,0,NA,0,005,VALLEY VIEW AV,CRESCENT AV,0,NA,Y,A,-,N,NA,NA,NA,NA,NA,NA,NA,NA,NA,N,4,0,3,3,A,-,12,21453,A,N,D,C,A,A,H,-,C,A,0,NA,NA,NA,NA,Y,NA,A,01,0,0,3,0,0,0,0,0,0,-,-,NA,NA,ORANGE,BUENA PARK,-118.02864006,33.83943003
6750113,2014,2016-06-20,9690,2014-10-18,1245,016610,NA,6,1,5,3017,0,1,1,NA,2,059,RT 5,AVENIDA PICO,1000,S,N,A,-,Y,ORA,12,5,-,-,3.2,H,-,N,N,4,0,2,2,A,-,04,21703,NA,N,C,C,A,A,H,-,A,D,1,NA,NA,NA,NA,Y,NA,A,01,0,0,2,0,0,0,0,0,0,-,-,33.43686,-117.61883,ORANGE,SAN CLEMENTE,-117.61946155,33.43727443
6750203,2014,2015-02-02,9675,2014-12-06,1120,020766,NA,6,1,9,3000,0,3,5,NA,2,002,SANTIAGO CANYON RD,SILVERADO CANYON RD,0,NA,Y,A,-,N,NA,NA,NA,NA,NA,NA,NA,NA,NA,Y,3,0,2,2,A,-,09,21801,A,N,D,C,A,A,H,-,A,D,0,NA,NA,Y,NA,Y,NA,A,01,0,1,1,0,0,0,0,0,2,-,-,33.74836,-117.67302,ORANGE,UNINCORPORATED,-117.67306013,33.74822003
6752856,2014,2015-02-10,3014,2014-12-09,1600,1379,RD47,2,5,5,3014,0,0,0,NA,0,0A3,SAN JOAQUIN HILLS RD,MARGUERITE AV,11,W,N,A,-,N,NA,NA,NA,NA,NA,NA,NA,NA,NA,Y,4,0,1,3,A,-,03,22350,NA,N,C,C,A,A,H,-,A,A,0,NA,NA,NA,NA,Y,NA,A,07,0,0,1,0,0,0,0,0,0,-,-,33.6074,-117.8599,ORANGE,NEWPORT BEACH,-117.85976488,33.60738758
6754923,2014,2015-02-03,3024,2014-12-25,1829,384,P-08,4,5,5,3024,0,0,0,NA,0,WEST,SPRINGDALE ST,NAVAJO RD,475,S,N,A,-,N,NA,NA,NA,NA,NA,NA,NA,NA,NA,Y,2,0,1,1,A,-,08,22107,NA,N,F,I,A,A,H,-,C,D,0,NA,NA,Y,NA,Y,NA,C,02,1,0,0,0,0,0,0,0,1,-,-,NA,NA,ORANGE,WESTMINSTER,-118.02475569,33.76212678
6755226,2014,2015-02-06,3000,2014-12-03,1805,5455,892J4,3,5,4,3048,0,0,0,NA,0,767,AVENIDA DE LAS BANDERAS,ESPERANZA,9,W,N,C,-,N,NA,NA,NA,NA,NA,NA,NA,NA,NA,N,2,0,1,2,A,-,-,NA,NA,N,G,B,B,B,H,-,C,A,0,Y,NA,NA,NA,Y,NA,A,07,1,0,0,0,1,0,0,0,0,-,-,NA,NA,ORANGE,RANCHO SANTA MARGARITA,-117.6025849,33.63533871
6756068,2014,2015-01-08,3019,2014-12-01,1402,3325,NE,1,5,7,3019,0,0,0,NA,0,001,17TH ST,TUSTIN AV,420,W,N,A,-,N,NA,NA,NA,NA,NA,NA,NA,NA,NA,Y,4,0,1,2,A,-,-,NA,NA,N,D,D,A,A,H,-,A,D,0,NA,NA,Y,NA,Y,Y,C,02,0,0,1,0,0,0,0,0,1,-,-,NA,NA,ORANGE,SANTA ANA,-117.83573846,33.75981
6756168,2014,2016-06-10,9675,2014-12-17,0210,18017,NA,3,3,7,3001,0,1,3,NA,2,095,RT 91,ORANGE CO LINE,1000,W,N,B,C,Y,ORA,12,91,-,R,18.71,H,-,E,Y,3,0,1,3,C,-,18,NA,NA,N,C,C,E,D,C,G,C,D,1,Y,NA,NA,NA,Y,NA,-,-,0,1,0,0,1,0,0,0,0,-,-,33.87471,-117.66208,ORANGE,ANAHEIM,-117.67493901,33.86883122
6756218,2014,2016-06-23,9675,2014-12-22,0750,012857,NA,1,1,6,3004,0,1,3,NA,2,073,RT 73,REDHILL AV,75,N,N,A,-,Y,ORA,12,73,-,R,26.35,H,-,S,NA,4,0,1,2,A,-,07,21658,A,F,F,I,A,A,H,-,A,D,1,NA,NA,NA,NA,Y,NA,A,01,0,0,1,0,0,0,0,0,0,-,-,33.40431,-117.52544,ORANGE,COSTA MESA,-117.88383267,33.67044536
6758079,2014,2016-07-07,9675,2014-11-26,1746,18834,NA,3,2,6,3004,0,1,1,NA,2,045,RT 405,BEAR ST,1200,N,N,A,-,Y,ORA,12,405,-,-,10.12,H,-,N,Y,3,0,2,3,A,-,03,22350,NA,N,C,C,A,A,H,-,C,D,6,NA,NA,NA,NA,Y,NA,A,07,0,2,0,0,0,0,0,0,0,-,-,33.68756,-117.89323,ORANGE,COSTA MESA,-117.89621427,33.68765226
6758095,2014,2015-01-22,9690,2014-11-05,1453,14552,NA,3,2,9,3000,0,2,4,NA,2,034,ANTONIO PKWY,COVENANT HILLS DR,235,N,N,A,-,N,NA,NA,NA,NA,NA,NA,NA,NA,NA,Y,4,0,1,2,A,-,03,22350,NA,N,C,C,A,A,H,-,A,A,0,NA,NA,NA,NA,Y,NA,A,07,0,0,1,0,0,0,0,0,0,-,-,33.54033,-117.62714,ORANGE,UNINCORPORATED,-117.62722085,33.54101625
6759265,2014,2015-03-17,3000,2014-11-13,1751,8204,921D6,4,5,4,3049,0,0,0,NA,0,382,PURSUIT,MONSTAD,192,S,N,A,-,N,NA,NA,NA,NA,NA,NA,NA,NA,NA,Y,4,0,1,1,A,-,03,22350,NA,N,E,I,A,A,H,-,C,D,0,NA,NA,NA,NA,Y,NA,A,01,0,0,1,0,0,0,0,0,0,-,-,NA,NA,ORANGE,ALISO VIEJO,-117.72851829,33.55398828
6760123,2014,2016-06-18,9675,2014-12-11,1705,18832,NA,4,2,6,3015,0,1,3,NA,2,550,RT 55,WALNUT ST,150,S,N,A,-,Y,ORA,12,55,-,-,14.13,H,-,S,Y,4,0,1,3,A,-,03,22350,NA,N,C,C,A,A,H,-,D,D,6,NA,NA,NA,NA,Y,NA,A,01,0,0,1,0,0,0,0,0,0,-,-,33.79313,-117.83122,ORANGE,ORANGE,-117.83108247,33.79387549
6762336,2014,2015-02-04,3001,2014-12-01,1652,A1252,NA,1,5,7,3001,0,0,0,NA,0,0D2,E LINCOLN AV,OLANA WY,0,NA,Y,A,-,N,NA,NA,NA,NA,NA,NA,NA,NA,NA,Y,4,0,1,2,A,-,09,21801,A,N,D,C,A,A,H,-,B,D,0,NA,NA,NA,NA,Y,NA,A,01,0,0,1,0,0,0,0,0,0,-,-,NA,NA,ORANGE,ANAHEIM,-117.88719014,33.83964004
6762337,2014,2015-03-05,3001,2014-11-01,1107,A1555,NA,6,5,7,3001,0,0,0,NA,0,0D2,WEST LA PALMA AV,NORTH LEMON ST,0,NA,Y,B,-,N,NA,NA,NA,NA,NA,NA,NA,NA,NA,N,4,0,1,4,D,-,00,NA,NA,N,D,C,A,A,H,-,A,A,0,NA,NA,NA,NA,Y,NA,-,-,0,0,1,0,0,0,0,0,0,-,-,NA,NA,ORANGE,ANAHEIM,-117.9198101,33.84718012
6763723,2014,2016-06-15,3000,2014-11-14,1635,3358,972C3,5,5,4,3018,0,0,0,NA,0,731,CAMINO CAPISTRANO,RT 5,0,NA,Y,A,-,Y,ORA,12,5,-,-,8.631,R,4,S,Y,3,0,2,2,A,-,09,21453,C,N,D,C,A,A,H,-,A,A,0,NA,NA,NA,NA,Y,NA,A,01,0,2,0,0,0,0,0,0,0,-,SO,NA,NA,ORANGE,SAN JUAN CAPISTRANO,-117.66374496,33.48937913
6764150,2014,2015-02-03,3024,2014-12-12,1606,174,P 04,5,5,5,3024,0,0,0,NA,0,WEST,GARDEN GROVE BL,EAGLE DR,221,W,N,A,-,N,NA,NA,NA,NA,NA,NA,NA,NA,NA,N,4,0,1,2,A,-,03,22350,NA,N,C,C,A,A,H,-,A,D,0,NA,NA,NA,NA,Y,NA,A,01,0,0,1,0,0,0,0,0,0,-,-,NA,NA,ORANGE,WESTMINSTER,-118.00525558,33.77371
6764232,2014,2015-02-03,3026,2014-12-02,0556,294,NA,2,5,6,3026,0,0,0,NA,0,00P,SAND CANYON AV,TRABUCO RD,92,S,N,B,-,N,NA,NA,NA,NA,NA,NA,NA,NA,NA,Y,4,0,1,2,A,-,01,23152,A,N,C,C,A,A,H,-,E,A,0,NA,NA,NA,NA,Y,Y,A,01,0,0,1,0,0,0,0,0,0,-,-,NA,NA,ORANGE,IRVINE,-117.74919653,33.68686181
6766491,2014,2015-01-28,3015,2014-11-27,0725,1386,164,4,5,6,3015,0,0,0,NA,0,711M,E WHITE OAK,TRAILS END,0,NA,Y,A,-,N,NA,NA,NA,NA,NA,NA,NA,NA,NA,Y,3,0,2,2,A,-,09,21801,A,N,D,C,A,A,H,-,A,A,0,NA,NA,NA,NA,Y,NA,A,01,0,1,1,0,0,0,0,0,0,-,-,NA,NA,ORANGE,ORANGE,-117.7675,33.79230003
6768132,2014,2015-01-28,3010,2014-11-28,1320,0147,NA,5,5,6,3010,0,0,0,NA,0,008,WARNER,BOLSA CHICA,24,E,N,A,-,N,NA,NA,NA,NA,NA,NA,NA,NA,NA,Y,4,0,3,3,A,-,03,22350,NA,N,C,C,A,A,H,-,A,A,0,NA,NA,NA,NA,Y,NA,A,01,0,0,3,0,0,0,0,0,0,-,-,NA,NA,ORANGE,HUNTINGTON BEACH,-118.04138125,33.71539
6769879,2014,2015-02-10,3000,2014-12-03,1238,7734,892C7,3,5,5,3028,0,0,0,NA,0,752,JERONIMO RD,EL CANTADA,182,E,N,B,-,N,NA,NA,NA,NA,NA,NA,NA,NA,NA,Y,2,0,1,1,A,-,08,22107,NA,N,E,I,A,B,H,-,A,D,0,NA,NA,NA,NA,Y,Y,D,22,1,0,0,0,0,0,0,0,0,-,-,NA,NA,ORANGE,MISSION VIEJO,-117.65791366,33.60784074
6771390,2014,2016-06-18,9675,2014-12-05,1700,20746,NA,5,2,7,3019,0,1,1,NA,2,502,RT 5,17TH ST,300,S,N,A,-,Y,ORA,12,5,-,-,32.39,H,-,N,N,4,0,1,3,A,-,03,22350,NA,F,C,C,A,A,H,-,C,D,1,NA,NA,NA,NA,Y,NA,D,22,0,0,1,0,0,0,0,0,0,-,-,33.75945,-117.86098,ORANGE,SANTA ANA,-117.86089173,33.75924833
6771453,2014,2015-02-13,3019,2014-12-05,0818,2001,WE,5,5,7,3019,0,0,0,NA,0,NA,WESTMINSTER AV,HARBOR BL,40,W,N,A,-,N,NA,NA,NA,NA,NA,NA,NA,NA,NA,Y,4,0,1,2,D,-,00,NA,NA,N,B,C,A,A,H,-,A,A,0,NA,NA,NA,NA,Y,NA,-,-,0,0,1,0,0,0,0,0,0,-,-,NA,NA,ORANGE,SANTA ANA,-117.92047129,33.75984904
6771521,2014,2015-02-06,3000,2014-12-29,1405,7169,992J5,1,5,5,3017,0,0,0,NA,0,074,SOUTH EL CAMINO REAL,AVENIDA ALGODON,109,N,N,A,-,N,NA,NA,NA,NA,NA,NA,NA,NA,NA,Y,3,0,1,2,A,-,09,21804,A,N,D,C,A,A,H,-,A,A,0,NA,NA,NA,NA,Y,NA,A,01,0,1,0,0,0,0,0,0,0,-,-,NA,NA,ORANGE,SAN CLEMENTE,-117.61030012,33.42497687
6771546,2014,2015-02-06,3007,2014-12-23,0549,256,67,2,5,5,3007,0,0,0,NA,0,256,TALBERT AV,MT WASHINGTON ST,360,E,N,A,E,N,NA,NA,NA,NA,NA,NA,NA,NA,NA,Y,4,0,1,2,A,-,03,22350,NA,N,C,C,A,B,H,-,C,D,0,NA,NA,NA,NA,Y,NA,A,07,0,0,1,0,0,0,0,0,0,-,-,NA,NA,ORANGE,FOUNTAIN VALLEY,-117.93138951,33.7019
6779501,2014,2015-02-12,3001,2014-12-29,0649,1670,NA,1,5,7,3001,0,0,0,NA,0,0D1,W CORONET AV,N EUCLID ST,2112,W,N,A,-,N,NA,NA,NA,NA,NA,NA,NA,NA,NA,N,4,0,1,2,A,-,09,21804,A,N,D,C,A,A,H,-,A,D,0,NA,NA,NA,NA,Y,NA,A,01,0,0,1,0,0,0,0,0,0,-,-,NA,NA,ORANGE,ANAHEIM,NA,NA
6780227,2014,2015-02-13,9675,2014-12-27,0700,16748,NA,6,1,9,3000,0,1,3,NA,2,570,BREA CANYON RD,TONNER CANYON RD,2640,S,N,A,-,N,NA,NA,NA,NA,NA,NA,NA,NA,NA,Y,4,0,1,1,A,-,08,22107,NA,N,E,I,A,A,H,-,A,D,0,NA,NA,NA,NA,Y,NA,A,01,0,0,1,0,0,0,0,0,0,-,-,33.94096,-117.88632,ORANGE,UNINCORPORATED,-117.87815,33.94077
6780758,2014,2015-03-17,3009,2014-12-26,1820,3826,093,5,5,6,3009,0,0,0,NA,0,1-2,CHAPMAN AV,GILBERT ST,35,E,N,A,-,N,NA,NA,NA,NA,NA,NA,NA,NA,NA,N,4,0,1,2,A,-,09,21801,A,N,B,C,A,A,H,-,C,A,0,NA,NA,NA,NA,Y,NA,A,01,0,0,1,0,0,0,0,0,0,-,-,NA,NA,ORANGE,GARDEN GROVE,-117.96728868,33.78851615
6781320,2015,2016-11-01,9670,2015-01-15,0859,20860,NA,4,1,4,3020,0,1,1,NA,2,044,RT 405,SEAL BEACH BL,300,N,N,A,-,Y,ORA,12,405,-,-,22.7,H,-,N,Y,4,0,3,3,A,-,03,22350,NA,N,C,C,A,A,H,-,A,D,1,NA,NA,NA,NA,Y,NA,A,01,0,0,3,0,0,0,0,0,0,-,-,33.77473,-118.08202,ORANGE,SEAL BEACH,-118.07576824,33.77450701
6782536,2015,2015-02-20,9670,2015-01-12,1620,19690,NA,1,2,9,3000,0,3,5,NA,2,005,MCFADDEN AV,PACIFIC ST,5,W,N,A,-,N,NA,NA,NA,NA,NA,NA,NA,NA,NA,Y,4,0,1,2,A,-,03,22350,NA,N,C,C,A,A,H,-,A,D,0,NA,NA,NA,NA,Y,NA,D,22,0,0,1,0,0,0,0,0,0,-,-,33.73738,-117.99157,ORANGE,UNINCORPORATED,-117.99141641,33.73748024
6783171,2014,2015-02-17,3010,2014-12-21,0346,1231,164,7,5,6,3010,0,0,0,NA,0,008,HEIL AV,SAYBROOK LN,0,NA,Y,A,-,N,NA,NA,NA,NA,NA,NA,NA,NA,NA,Y,2,0,2,1,A,-,01,23152,A,N,A,I,A,A,H,-,C,A,0,NA,NA,Y,NA,Y,Y,C,02,2,0,0,0,0,0,0,0,2,-,-,NA,NA,ORANGE,HUNTINGTON BEACH,-118.05453013,33.72252001
6786670,2014,2016-06-18,3010,2014-12-30,1512,1035,252,2,5,6,3010,0,0,0,NA,0,007,RT 39,STARK,33,S,N,B,-,Y,ORA,12,39,-,-,5.46,H,-,N,Y,4,0,1,3,A,-,03,22350,NA,N,C,C,A,A,H,-,A,A,0,NA,NA,NA,NA,Y,NA,D,22,0,0,1,0,0,0,0,0,0,-,-,NA,NA,ORANGE,HUNTINGTON BEACH,-117.98918141,33.72763504
6787217,2015,2015-05-13,3015,2015-01-05,1744,1098,24,1,5,6,3015,0,0,0,NA,0,731,E LA VETA AV,S PROSPECT ST,547,W,N,A,-,N,NA,NA,NA,NA,NA,NA,NA,NA,NA,Y,4,0,1,2,A,-,01,23152,E,N,A,E,A,A,H,-,C,D,0,NA,NA,NA,NA,Y,NA,A,01,0,0,1,0,0,0,0,0,0,-,-,NA,NA,ORANGE,ORANGE,-117.82017563,33.7804803
6787239,2015,2015-02-19,3000,2015-01-02,1000,1916,891H5,5,5,5,3050,0,0,0,NA,0,760,EL TORO RD,JERONIMO RD,0,NA,Y,A,-,N,NA,NA,NA,NA,NA,NA,NA,NA,NA,Y,2,0,3,2,A,-,12,21453,A,N,D,C,A,A,H,-,A,A,0,NA,NA,NA,NA,Y,NA,A,01,2,1,0,0,0,0,0,0,0,-,-,NA,NA,ORANGE,LAKE FOREST,-117.69068003,33.62855001
6788809,2015,2015-03-02,9670,2015-01-27,1321,13970,NA,2,1,7,3001,0,3,5,NA,2,004,WEST BROADWAY,SOUTH BROOKHURST ST,15,W,N,A,-,N,NA,NA,NA,NA,NA,NA,NA,NA,NA,N,3,0,1,2,A,-,11,21456,B,N,G,B,B,A,H,-,A,A,0,Y,NA,NA,NA,Y,NA,N,60,0,1,0,0,1,0,0,0,0,-,-,NA,NA,ORANGE,ANAHEIM,-117.95899926,33.82888896
6790634,2015,2016-10-03,9675,2015-01-06,0920,12751,NA,2,1,7,3019,0,1,1,NA,2,502,RT 5,4TH ST,200,S,N,A,-,Y,ORA,12,5,-,-,31,H,-,S,Y,4,0,1,2,A,-,08,22107,NA,N,E,I,A,A,H,-,A,D,1,NA,NA,NA,NA,Y,NA,A,01,0,0,1,0,0,0,0,0,0,-,-,33.74704,-117.84293,ORANGE,SANTA ANA,-117.84301388,33.74695891
6792588,2015,2016-09-26,3001,2015-01-07,2013,1880,NA,3,5,7,3001,0,0,0,NA,0,0D1,SOUTH BEACH BL,WEST ORANGE AV,0,NA,Y,A,-,Y,ORA,12,39,-,-,12.181,I,5,N,Y,4,0,1,2,A,-,01,23152,A,N,D,C,A,A,H,-,C,A,0,NA,NA,NA,NA,Y,Y,A,07,0,0,1,0,0,0,0,0,0,-,-,NA,NA,ORANGE,ANAHEIM,-117.99327577,33.82474912
6793235,2015,2016-11-01,9675,2015-01-08,2255,19693,NA,4,3,6,3004,0,1,1,NA,2,406,RT 405,REDHILL AV,170,N,N,A,-,Y,ORA,12,405,-,-,8.47,H,-,N,Y,4,0,1,2,A,-,03,22350,NA,N,C,C,A,A,H,-,D,D,6,NA,NA,NA,NA,Y,NA,A,01,0,0,1,0,0,0,0,0,0,-,-,33.41149,-117.52197,ORANGE,COSTA MESA,-117.86755178,33.68714978
6793485,2015,2016-04-28,3001,2015-01-24,1856,1397,NA,6,5,7,3001,0,0,0,NA,0,NA,N BLUE GUM ST,EAST MIRA LOMA AV,0,NA,Y,A,-,N,NA,NA,NA,NA,NA,NA,NA,NA,NA,Y,4,0,3,2,A,-,12,21453,A,N,D,C,A,A,H,-,C,A,0,NA,NA,NA,NA,Y,Y,-,-,0,0,3,0,0,0,0,0,0,-,-,NA,NA,ORANGE,ANAHEIM,-117.87225011,33.85489001
6793489,2015,2015-02-27,3001,2015-01-18,1812,A1252,NA,7,5,7,3001,0,0,0,NA,0,D-2,E LINCOLN AV,OLIVE ST,0,NA,Y,B,-,N,NA,NA,NA,NA,NA,NA,NA,NA,NA,N,4,0,1,2,A,-,05,21650,1,N,D,G,A,A,H,-,C,A,0,NA,Y,NA,NA,Y,NA,L,04,0,0,1,0,0,0,1,0,0,-,-,NA,NA,ORANGE,ANAHEIM,-117.91051005999999,33.8374901
6795772,2015,2015-02-23,3001,2015-01-17,1342,A1555,NA,6,5,7,3001,0,0,0,NA,0,0D2,STATE COLLEGE BL,LINDERHILL AV,57,S,N,A,-,N,NA,NA,NA,NA,NA,NA,NA,NA,NA,N,4,0,4,2,A,-,03,22350,NA,N,C,C,A,A,H,-,A,A,0,NA,NA,NA,NA,Y,NA,A,01,0,0,4,0,0,0,0,0,0,-,-,NA,NA,ORANGE,ANAHEIM,-117.889149,33.842016
6796971,2015,2015-02-25,3008,2015-01-08,1407,1297,NA,4,5,6,3008,0,0,0,NA,0,0Z2,LEMON ST,BERKELEY AV,0,NA,Y,A,-,N,NA,NA,NA,NA,NA,NA,NA,NA,NA,Y,3,0,1,1,A,-,03,22350,NA,N,E,I,A,A,H,-,A,A,0,NA,NA,NA,NA,Y,NA,A,01,0,1,0,0,0,0,0,0,0,-,-,NA,NA,ORANGE,FULLERTON,-117.91985004,33.87877011
6798076,2015,2015-02-24,3015,2015-01-09,1534,1364,54W,5,5,6,3015,0,0,0,NA,0,003,EAST CHAPMAN AV,N PROSPECT ST,719,E,N,A,-,N,NA,NA,NA,NA,NA,NA,NA,NA,NA,N,4,0,2,2,A,-,09,21804,A,N,D,C,A,A,H,-,A,D,0,NA,NA,NA,NA,Y,NA,A,01,0,0,2,0,0,0,0,0,0,-,-,NA,NA,ORANGE,ORANGE,-117.81603948,33.7878
6803813,2015,2015-03-03,3000,2015-01-04,2127,4003,798A4,7,5,4,3021,0,0,0,NA,0,023,CHAPMAN AV,NEARING DR,0,NA,Y,A,-,N,NA,NA,NA,NA,NA,NA,NA,NA,NA,N,4,0,1,2,A,-,12,21453,NA,N,D,C,A,A,H,-,C,A,0,NA,NA,NA,NA,Y,NA,-,-,0,0,1,0,0,0,0,0,0,-,-,NA,NA,ORANGE,STANTON,-117.98746003,33.78841003
6804810,2015,2016-10-12,3026,2015-01-21,1405,8929,NA,3,5,6,3026,0,0,0,NA,0,00C,IRVINE CENTER DR,RT 405,0,NA,Y,A,-,Y,ORA,12,405,-,-,1.121,R,4,S,Y,4,0,1,2,A,-,12,21453,A,N,D,C,A,A,H,-,A,A,0,NA,NA,NA,NA,Y,Y,A,01,0,0,1,0,0,0,0,0,0,-,SF,NA,NA,ORANGE,IRVINE,-117.74984731,33.64874048
6804817,2015,2015-03-02,3003,2015-01-05,1828,601,008,1,5,5,3003,0,0,0,NA,0,002,ARTESIA BL,BURNHAM AV,0,NA,Y,A,-,N,NA,NA,NA,NA,NA,NA,NA,NA,NA,N,3,0,1,2,A,-,09,21801,A,N,D,C,A,A,H,-,C,D,0,NA,NA,NA,NA,Y,Y,-,NA,0,1,0,0,0,0,0,0,0,-,-,33.8735,-118.0039,ORANGE,BUENA PARK,-118.00392012,33.87347007
6805493,2015,2016-09-23,9675,2015-01-23,1740,20780,NA,5,2,7,3019,0,1,3,NA,2,052,RT 55,DYER RD,2640,N,N,B,-,Y,ORA,12,55,-,R,8.53,H,-,N,Y,4,0,1,2,A,-,07,21658,A,N,C,C,A,A,H,-,C,D,6,NA,NA,Y,NA,Y,NA,A,01,0,0,1,0,0,0,0,0,1,-,-,33.7143,-117.84525,ORANGE,SANTA ANA,-117.84457068,33.71589952