CASE_ID,ACCIDENT_YEAR,PROC_DATE,JURIS,COLLISION_DATE,COLLISION_TIME,OFFICER_ID,REPORTING_DISTRICT,DAY_OF_WEEK,CHP_SHIFT,POPULATION,CNTY_CITY_LOC,SPECIAL_COND,BEAT_TYPE,CHP_BEAT_TYPE,CITY_DIVISION_LAPD,CHP_BEAT_CLASS,BEAT_NUMBER,PRIMARY_RD,SECONDARY_RD,DISTANCE,DIRECTION,INTERSECTION,WEATHER_1,WEATHER_2,STATE_HWY_IND,CALTRANS_COUNTY,CALTRANS_DISTRICT,STATE_ROUTE,ROUTE_SUFFIX,POSTMILE_PREFIX,POSTMILE,LOCATION_TYPE,RAMP_INTERSECTION,SIDE_OF_HWY,TOW_AWAY,COLLISION_SEVERITY,NUMBER_KILLED,NUMBER_INJURED,PARTY_COUNT,PRIMARY_COLL_FACTOR,PCF_CODE_OF_VIOL,PCF_VIOL_CATEGORY,PCF_VIOLATION,PCF_VIOL_SUBSECTION,HIT_AND_RUN,TYPE_OF_COLLISION,MVIW,PED_ACTION,ROAD_SURFACE,ROAD_COND_1,ROAD_COND_2,LIGHTING,CONTROL_DEVICE,CHP_ROAD_TYPE,PEDESTRIAN_ACCIDENT,BICYCLE_ACCIDENT,MOTORCYCLE_ACCIDENT,TRUCK_ACCIDENT,NOT_PRIVATE_PROPERTY,ALCOHOL_INVOLVED,STWD_VEHTYPE_AT_FAULT,CHP_VEHTYPE_AT_FAULT,COUNT_SEVERE_INJ,COUNT_VISIBLE_INJ,COUNT_COMPLAINT_PAIN,COUNT_PED_KILLED,COUNT_PED_INJURED,COUNT_BICYCLIST_KILLED,COUNT_BICYCLIST_INJURED,COUNT_MC_KILLED,COUNT_MC_INJURED,PRIMARY_RAMP,SECONDARY_RAMP,LATITUDE,LONGITUDE,COUNTY,CITY,POINT_X,POINT_Y
6893457,2015,2016-11-08,9675,2015-04-11,1945,20746,NA,6,2,7,3001,0,1,3,NA,2,071,RT 57,LA PALMA AV,600,S,N,A,-,Y,ORA,12,57,-,-,15.1,H,-,S,Y,4,0,2,2,A,-,08,22107,NA,F,B,C,A,A,H,-,C,D,6,NA,NA,NA,NA,Y,NA,A,01,0,0,2,0,0,0,0,0,0,-,-,33.84525,-117.87578,ORANGE,ANAHEIM,-117.87621108,33.84252036
6893477,2015,2016-12-14,9675,2015-04-17,1525,20746,NA,5,2,5,3022,0,1,1,NA,2,503,RT 5,RED HILL AV,200,N,N,A,-,Y,ORA,12,5,-,R,29.16,H,-,N,Y,4,0,1,3,A,-,03,22350,NA,N,C,C,A,A,H,-,A,D,1,NA,NA,NA,NA,Y,NA,A,01,0,0,1,0,0,0,0,0,0,-,-,33.73645,-117.82024,ORANGE,TUSTIN,-117.81598123,33.73419023
6895056,2015,2015-05-05,3019,2015-04-20,0408,2973,SOUTH,1,5,7,3019,0,0,0,NA,0,004,BRISTOL ST,WARNER AV,0,NA,Y,A,-,N,NA,NA,NA,NA,NA,NA,NA,NA,NA,Y,3,0,1,2,A,-,09,21453,C,N,D,C,A,A,H,-,C,A,0,NA,NA,NA,NA,Y,NA,A,01,0,1,0,0,0,0,0,0,0,-,-,NA,NA,ORANGE,SANTA ANA,-117.88534013,33.71622003
6895132,2015,2015-05-20,3019,2015-04-10,0945,1795,SE,5,5,7,3019,0,0,0,NA,0,003,WARNER AV,FLOWER ST,80,E,N,A,-,N,NA,NA,NA,NA,NA,NA,NA,NA,NA,Y,4,0,1,2,A,-,03,22350,NA,M,C,-,A,A,H,-,A,D,0,NA,NA,NA,Y,Y,NA,D,22,0,0,1,0,0,0,0,0,0,-,-,NA,NA,ORANGE,SANTA ANA,-117.87642769,33.7161431
6895298,2015,2016-10-28,9690,2015-03-13,1725,018646,NA,5,2,4,3045,0,1,1,NA,2,055,RT 5,LA PAZ RD,600,N,N,A,-,Y,ORA,12,5,-,-,20,H,-,S,Y,4,0,2,3,A,-,03,22350,NA,N,C,C,A,A,H,-,A,D,0,NA,NA,NA,NA,Y,NA,A,01,0,0,2,0,0,0,0,0,0,-,-,33.59915,-117.67935,ORANGE,LAGUNA HILLS,-117.72202506000001,33.62959618
6895823,2015,2016-11-19,3015,2015-04-02,1310,1098,76,4,5,6,3015,0,0,0,NA,0,731,EAST CHAPMAN AV,RT 55,0,NA,Y,A,-,Y,ORA,12,55,-,R,13.898,R,4,N,Y,4,0,2,2,A,-,12,21453,A,N,D,C,A,A,H,-,A,A,0,NA,NA,NA,NA,Y,NA,A,01,0,0,2,0,0,0,0,0,0,-,NO,NA,NA,ORANGE,ORANGE,-117.83085463,33.79053724
6898208,2015,2015-05-04,3022,2015-04-10,1958,1929,NA,5,5,5,3022,0,0,0,NA,0,NA,RED HILL AV,VALENCIA AV,27,S,N,A,-,N,NA,NA,NA,NA,NA,NA,NA,NA,NA,Y,3,0,2,2,A,-,01,23153,A,F,A,I,A,A,H,-,B,D,0,NA,NA,NA,NA,Y,Y,A,01,0,1,1,0,0,0,0,0,0,-,-,33.4259,-117.4955,ORANGE,TUSTIN,-117.8321868,33.7167132
6898790,2015,2015-05-06,3015,2015-04-05,1038,1018,575,7,5,6,3015,0,0,0,NA,0,023,E LINCOLN AV,ANCHOR ST N,21,W,N,A,-,N,NA,NA,NA,NA,NA,NA,NA,NA,NA,Y,4,0,1,2,A,-,08,22107,NA,N,D,C,A,A,H,-,A,A,0,NA,NA,NA,NA,Y,NA,A,07,0,0,1,0,0,0,0,0,0,-,-,NA,NA,ORANGE,ORANGE,-117.8426864,33.83674562
6903137,2015,2015-05-14,3000,2015-02-18,0851,6532,972A5,3,5,4,3029,0,0,0,NA,0,734,DEL OBISPO ST,STONEHILL DR,156,N,N,A,-,N,NA,NA,NA,NA,NA,NA,NA,NA,NA,N,4,0,2,2,A,-,03,22350,NA,N,-,C,A,A,H,-,A,A,0,NA,NA,NA,NA,Y,NA,D,22,0,0,2,0,0,0,0,0,0,-,-,NA,NA,ORANGE,DANA POINT,-117.68504082,33.47598369
6905820,2015,2015-08-25,3000,2015-04-16,0942,853,893A4,4,5,4,3048,0,0,0,NA,0,067,ANTONIO PKWY,EL PRADO,0,NA,Y,A,-,N,NA,NA,NA,NA,NA,NA,NA,NA,NA,Y,1,1,0,2,A,-,09,21802,A,N,D,C,A,A,H,-,A,A,0,NA,NA,Y,NA,Y,NA,A,01,0,0,0,0,0,0,0,1,0,-,-,NA,NA,ORANGE,RANCHO SANTA MARGARITA,-117.59536011,33.63156012
6906818,2015,2015-05-13,3026,2015-04-14,0800,4991,NA,2,5,6,3026,0,0,0,NA,0,00C,WALNUT,FRANCISCAN,0,NA,Y,A,-,N,NA,NA,NA,NA,NA,NA,NA,NA,NA,N,4,0,1,2,A,-,17,21451,A,N,G,B,B,A,H,-,A,A,0,Y,NA,NA,NA,Y,NA,A,01,0,0,1,0,1,0,0,0,0,-,-,NA,NA,ORANGE,IRVINE,-117.78643003,33.70384007
6908270,2015,2015-05-11,3009,2015-04-11,0842,3486,104,6,5,6,3009,0,0,0,NA,0,012,BROOKHURST WY,ACACIA AV,71,N,N,A,-,N,NA,NA,NA,NA,NA,NA,NA,NA,NA,N,4,0,2,2,A,-,08,22107,NA,N,D,C,A,A,H,-,A,D,0,NA,NA,NA,NA,Y,NA,A,01,0,0,2,0,0,0,0,0,0,-,-,NA,NA,ORANGE,GARDEN GROVE,-117.95847475,33.77592462
6908281,2015,2016-06-20,3009,2015-04-15,0800,2646,157,3,5,6,3009,0,0,0,NA,0,023,WESTMINSTER AV,ROXEY,19,W,N,A,-,N,NA,NA,NA,NA,NA,NA,NA,NA,NA,N,3,0,1,2,A,-,05,21650,NA,N,-,G,A,A,H,-,A,A,0,NA,Y,NA,NA,Y,NA,L,04,0,1,0,0,0,0,1,0,0,-,-,NA,NA,ORANGE,GARDEN GROVE,-117.90934236,33.75991923
6908290,2015,2015-05-11,3019,2015-04-23,0742,2460,SC,4,5,7,3019,0,0,0,NA,0,004,BRISTOL ST,17TH ST,670,S,N,A,-,N,NA,NA,NA,NA,NA,NA,NA,NA,NA,N,4,0,2,2,A,-,09,21804,A,N,D,C,A,A,H,-,A,D,0,NA,NA,NA,NA,Y,NA,A,01,0,0,2,0,0,0,0,0,0,-,-,NA,NA,ORANGE,SANTA ANA,-117.88504,33.75831397
6908914,2015,2015-06-02,3004,2015-05-04,1200,P429,10,1,5,6,3004,0,0,0,NA,0,003,HARBOR BL,WILSON ST,244,S,N,A,-,N,NA,NA,NA,NA,NA,NA,NA,NA,NA,N,4,0,1,2,A,-,09,21804,A,N,D,C,A,A,H,-,A,D,0,NA,NA,NA,NA,Y,NA,A,01,0,0,1,0,0,0,0,0,0,-,-,33.392,-117.5511,ORANGE,COSTA MESA,-117.91911,33.65548114
6912498,2015,2016-12-14,9675,2015-04-28,1440,19979,NA,2,2,7,3019,0,1,1,NA,2,503,RT 5,4TH ST,50,S,N,A,-,Y,ORA,12,5,-,-,31.08,H,-,N,Y,4,0,1,2,A,-,03,22350,NA,N,C,C,A,A,H,-,A,D,1,NA,NA,NA,NA,Y,NA,A,01,0,0,1,0,0,0,0,0,0,-,-,33.74779,-117.84293,ORANGE,SANTA ANA,-117.84305993,33.74805082
6912510,2015,2016-11-19,9675,2015-04-15,0920,18929,NA,3,1,7,3019,0,1,3,NA,2,551,RT 55,RT 5,1000,N,N,A,-,Y,ORA,12,55,-,-,10.64,H,-,S,Y,4,0,1,4,A,-,03,22350,NA,F,C,C,A,A,H,-,A,D,6,NA,NA,NA,NA,Y,NA,A,07,0,0,1,0,0,0,0,0,0,-,-,33.74248,-117.83374,ORANGE,SANTA ANA,-117.83382135,33.7434492
6918575,2015,2015-05-20,3000,2015-04-13,1145,8896A,971F2,1,5,5,3040,0,0,0,NA,0,735,CAMINO DEL AVION,S PEAK DR,0,NA,Y,A,-,N,NA,NA,NA,NA,NA,NA,NA,NA,NA,Y,3,0,1,2,A,-,12,21453,A,N,D,C,A,A,H,-,A,A,0,NA,NA,NA,NA,Y,NA,A,01,0,1,0,0,0,0,0,0,0,-,-,NA,NA,ORANGE,LAGUNA NIGUEL,-117.71701004,33.49473003
6919304,2015,2017-01-23,9675,2015-09-18,1245,16748,NA,5,1,6,3008,0,1,3,NA,2,571,RT 57,NUTWOOD AV,10,S,N,A,-,Y,ORA,12,57,-,-,17.57,H,-,S,N,4,0,1,3,A,-,03,22350,NA,N,C,C,A,A,H,-,A,D,6,NA,NA,NA,NA,Y,NA,A,01,0,0,1,0,0,0,0,0,0,-,-,33.88373,-117.88,ORANGE,FULLERTON,-117.88051657,33.87778402
6919308,2015,2016-12-21,9675,2015-09-12,0228,19437,NA,6,3,6,3026,0,1,1,NA,2,504,RT 5,ALTON PKWY,550,S,N,A,-,Y,ORA,12,5,-,-,22.11,H,-,N,Y,4,0,1,2,A,-,03,22350,NA,N,D,C,A,A,C,-,C,D,1,NA,NA,NA,NA,Y,NA,A,07,0,0,1,0,0,0,0,0,0,-,-,33.65348,-117.74267,ORANGE,IRVINE,-117.74274088,33.6544681
6920999,2015,2015-06-02,3001,2015-05-08,0812,0963,NA,5,5,7,3001,0,0,0,NA,0,0D3,EAST BALL RD,SOUTH SUNKIST ST,0,NA,Y,B,-,N,NA,NA,NA,NA,NA,NA,NA,NA,NA,Y,3,0,1,2,D,-,00,NA,NA,N,D,C,A,A,H,-,A,A,0,NA,NA,NA,NA,Y,NA,-,-,0,1,0,0,0,0,0,0,0,-,-,NA,NA,ORANGE,ANAHEIM,-117.88056009,33.81810002
6922089,2015,2016-11-29,9670,2015-05-09,1735,17788,NA,6,2,4,3020,0,1,1,NA,2,044,RT 405,SEAL BEACH BL,500,S,N,A,-,Y,ORA,12,405,-,-,22.55,H,-,N,Y,4,0,1,3,A,-,03,22350,NA,N,C,C,A,A,H,-,A,D,1,NA,NA,NA,NA,Y,NA,A,01,0,0,1,0,0,0,0,0,0,-,-,33.77477,-118.07512,ORANGE,SEAL BEACH,-118.07325795,33.77448485
6923212,2015,2015-10-19,3024,2015-08-30,1440,342,P28,7,5,5,3024,0,0,0,NA,0,EAST,BOLSA AV,TODAY PLAZA PRIVATE DRWY,40,W,N,A,-,N,NA,NA,NA,NA,NA,NA,NA,NA,NA,Y,4,0,1,3,A,-,03,22350,NA,N,C,C,A,A,H,-,A,A,0,NA,NA,NA,NA,Y,NA,A,01,0,0,1,0,0,0,0,0,0,-,-,NA,NA,ORANGE,WESTMINSTER,-117.960753,33.744835
6923533,2015,2016-12-22,9675,2015-09-19,1305,19407,NA,6,1,4,3002,0,1,3,NA,2,570,RT 57,LAMBERT RD,40,N,N,A,-,Y,ORA,12,57,-,-,20.93,H,-,S,N,4,0,1,2,A,-,03,22350,NA,N,C,C,A,A,H,-,A,D,6,NA,NA,NA,NA,Y,NA,A,01,0,0,1,0,0,0,0,0,0,-,-,33.92586,-117.88008,ORANGE,BREA,-117.88031011,33.92571216
6926444,2015,2015-05-26,3010,2015-04-25,0954,0147,157,6,5,6,3010,0,0,0,NA,0,008,GRAHAM,EDINGER,0,NA,Y,A,-,N,NA,NA,NA,NA,NA,NA,NA,NA,NA,Y,4,0,1,2,A,-,12,21453,A,N,D,C,A,A,H,-,A,A,0,NA,NA,NA,NA,Y,NA,A,07,0,0,1,0,0,0,0,0,0,-,-,NA,NA,ORANGE,HUNTINGTON BEACH,-118.03271005,33.72990006
6926559,2015,2015-06-01,3004,2015-05-07,1759,P543,12,4,5,6,3004,0,0,0,NA,0,015,DEL MAR AV,ELDEN AV,16,E,N,B,-,N,NA,NA,NA,NA,NA,NA,NA,NA,NA,Y,4,0,1,3,A,-,09,21802,A,N,D,C,A,A,H,-,A,A,0,NA,NA,NA,NA,Y,NA,A,01,0,0,1,0,0,0,0,0,0,-,-,33.6621,-117.8952,ORANGE,COSTA MESA,-117.89533095,33.66168071
6927841,2015,2015-06-04,3019,2015-05-09,1533,3315,SC,6,5,7,3019,0,0,0,NA,0,004,BRISTOL ST,MAC ARTHUR,5,N,N,A,-,N,NA,NA,NA,NA,NA,NA,NA,NA,NA,N,3,0,1,2,A,-,11,21456,B,N,G,B,B,A,H,-,A,A,0,Y,NA,NA,NA,Y,NA,N,60,0,1,0,0,1,0,0,0,0,-,-,NA,NA,ORANGE,SANTA ANA,-117.88561,33.70009371
6928769,2015,2015-06-18,3024,2015-05-15,1400,381,P29,5,5,5,3024,0,0,0,NA,0,EAST,HOPE ST,MAST AV,247,S,N,A,-,N,NA,NA,NA,NA,NA,NA,NA,NA,NA,N,4,0,1,2,A,-,08,22107,NA,F,D,C,A,A,H,-,A,D,0,NA,NA,NA,NA,Y,NA,-,99,0,0,1,0,0,0,0,0,0,-,-,NA,NA,ORANGE,WESTMINSTER,-117.95122687,33.74759281
6928778,2015,2016-11-03,9670,2015-05-12,0925,16199,NA,2,1,5,3007,0,1,1,NA,2,041,RT 405,WARNER AV,50,S,N,B,-,Y,ORA,12,405,-,-,14.81,H,-,S,Y,4,0,1,2,A,-,03,22350,NA,N,C,C,A,A,H,-,A,D,1,NA,NA,NA,NA,Y,NA,A,01,0,0,1,0,0,0,0,0,0,-,-,NA,NA,ORANGE,FOUNTAIN VALLEY,-117.96720211,33.71586483
6931453,2015,2015-06-08,3000,2015-03-28,1150,2947,798A4,6,5,4,3021,0,0,0,NA,0,023,CHAPMAN AV,NEARING DR,562,W,N,A,-,N,NA,NA,NA,NA,NA,NA,NA,NA,NA,Y,4,0,1,2,A,-,09,21804,A,N,C,C,A,A,H,-,A,D,0,NA,NA,NA,NA,Y,Y,A,01,0,0,1,0,0,0,0,0,0,-,-,NA,NA,ORANGE,STANTON,-117.98930531,33.7884
6931486,2015,2015-06-08,3000,2015-03-28,1910,5013,891G5,6,5,5,3050,0,0,0,NA,0,765,MUIRLANDS BL,TULIP ST,0,NA,Y,A,-,N,NA,NA,NA,NA,NA,NA,NA,NA,NA,Y,3,0,4,2,A,-,09,21802,A,N,D,C,A,A,H,-,A,A,0,NA,NA,NA,NA,Y,NA,A,01,0,1,3,0,0,0,0,0,0,-,-,NA,NA,ORANGE,LAKE FOREST,-117.69927012,33.62448002
6932544,2015,2015-05-28,3010,2015-04-23,0635,1226,475,4,5,6,3010,0,0,0,NA,0,002,MAGNOLIA ST,BANNING AV,0,NA,Y,A,-,N,NA,NA,NA,NA,NA,NA,NA,NA,NA,N,4,0,1,2,A,-,10,21950,A,M,G,B,B,A,H,-,A,A,0,Y,NA,NA,NA,Y,NA,A,01,0,0,1,0,1,0,0,0,0,-,-,NA,NA,ORANGE,HUNTINGTON BEACH,-117.97121005,33.64340005
6935775,2015,2015-07-01,3010,2015-05-19,1205,1234,359,2,5,6,3010,0,0,0,NA,0,004,GOLDENWEST,PALM,92,N,N,A,-,N,NA,NA,NA,NA,NA,NA,NA,NA,NA,Y,4,0,1,3,A,-,03,22350,NA,N,C,C,A,A,H,-,A,A,0,NA,NA,NA,NA,Y,NA,D,22,0,0,1,0,0,0,0,0,0,-,-,NA,NA,ORANGE,HUNTINGTON BEACH,-118.01206427,33.67357195
6940066,2015,2015-08-19,3001,2015-05-14,1631,1740,NA,4,5,7,3001,0,0,0,NA,0,D-1,LA PALMA AV,MAGNOLIA AV,154,E,N,B,C,N,NA,NA,NA,NA,NA,NA,NA,NA,NA,Y,3,0,1,2,A,-,09,21804,A,N,D,C,A,B,H,-,A,D,0,NA,NA,NA,NA,Y,NA,A,07,0,1,0,0,0,0,0,0,0,-,-,NA,NA,ORANGE,ANAHEIM,-117.97563397,33.84685
6941276,2015,2016-12-01,3001,2015-05-23,1210,A1555,NA,6,5,7,3001,0,0,0,NA,0,0D2,RT 91,NORTH HARBOR BL,10,W,N,B,-,Y,ORA,12,91,-,-,3.078,R,1,E,Y,3,0,2,2,C,-,18,NA,NA,N,D,C,A,A,H,-,A,A,0,NA,NA,NA,NA,Y,NA,-,-,0,1,1,0,0,0,0,0,0,-,-,NA,NA,ORANGE,ANAHEIM,-117.92737748,33.85376189
6948569,2015,2015-06-24,3013,2015-05-30,1456,178,NA,6,5,3,3013,0,0,0,NA,0,NA,LOS ALAMITOS BL,BRIGGEMAN DR,230,N,N,A,-,N,NA,NA,NA,NA,NA,NA,NA,NA,NA,N,4,0,1,3,A,-,03,22350,NA,N,C,C,A,A,-,-,A,A,0,NA,NA,NA,NA,Y,NA,A,01,0,0,1,0,0,0,0,0,0,-,-,NA,NA,ORANGE,LOS ALAMITOS,-118.07186,33.80920066
6948975,2015,2015-07-16,3000,2015-05-29,1415,5073,893C2,5,5,4,3048,0,0,0,NA,0,168,ANTONIO PKWY,ALAS DE PAZ,0,NA,Y,A,-,N,NA,NA,NA,NA,NA,NA,NA,NA,NA,Y,2,0,3,3,A,-,12,21453,A,N,D,C,A,A,H,-,A,A,0,NA,NA,NA,NA,Y,NA,D,22,1,0,2,0,0,0,0,0,0,-,-,NA,NA,ORANGE,RANCHO SANTA MARGARITA,-117.58152013,33.64579005
6949684,2015,2015-06-24,3001,2015-05-14,2138,A1252,NA,4,5,7,3001,0,0,0,NA,0,0D2,W LINCOLN AV,KINGSLEY ST,0,NA,Y,B,-,N,NA,NA,NA,NA,NA,NA,NA,NA,NA,Y,4,0,1,2,A,-,09,21801,A,N,D,C,A,B,H,-,C,A,0,NA,NA,NA,NA,Y,NA,A,08,0,0,1,0,0,0,0,0,0,-,-,NA,NA,ORANGE,ANAHEIM,-117.86729009,33.83639003
6950121,2015,2016-11-19,9675,2015-05-31,0830,18005,NA,7,1,6,3004,0,1,1,NA,2,045,RT 405,HARBOR BL,70,N,N,B,-,Y,ORA,12,405,-,-,11.5,H,-,N,Y,4,0,1,1,A,-,08,22107,NA,N,E,I,A,A,H,-,A,D,6,NA,NA,NA,NA,Y,NA,A,07,0,0,1,0,0,0,0,0,0,-,-,33.69013,-117.92171,ORANGE,COSTA MESA,-117.9199121,33.68954483
6950153,2015,2016-12-14,3010,2015-05-28,1529,1059,252,4,5,6,3010,0,0,0,NA,0,007,RT 39,HEIL AV,0,NA,Y,A,-,Y,ORA,12,39,-,-,5.141,I,5,S,Y,3,0,3,3,A,-,12,21453,A,N,D,C,A,A,H,-,A,A,0,NA,NA,NA,NA,Y,NA,A,01,0,1,2,0,0,0,0,0,0,-,-,NA,NA,ORANGE,HUNTINGTON BEACH,-117.98933231,33.72303245
6953128,2015,2015-06-16,3001,2015-05-21,1450,A1555,NA,4,5,7,3001,0,0,0,NA,0,D-2,WEST LA PALMA AV,N MOHICAN ST,208,E,N,B,-,N,NA,NA,NA,NA,NA,NA,NA,NA,NA,Y,3,0,1,2,A,-,09,21804,A,N,A,C,A,A,H,-,A,D,0,NA,NA,NA,NA,Y,NA,A,01,0,1,0,0,0,0,0,0,0,-,-,NA,NA,ORANGE,ANAHEIM,-117.94323663,33.84708854
6955880,2015,2015-07-13,3007,2015-06-01,0940,295,47,1,5,5,3007,0,0,0,NA,0,002,WARNER AV,NEWHOPE,544,W,N,A,-,N,NA,NA,NA,NA,NA,NA,NA,NA,NA,Y,4,0,1,2,A,-,04,21703,NA,N,C,C,A,A,H,-,A,D,0,NA,NA,Y,NA,Y,NA,C,02,0,0,1,0,0,0,0,0,0,-,-,NA,NA,ORANGE,FOUNTAIN VALLEY,-117.93023461,33.71649988
6957702,2015,2016-11-08,9675,2015-05-27,1557,17504,NA,3,2,7,3001,0,1,3,NA,2,570,RT 57,IMPERIAL HWY,1500,N,N,A,-,Y,ORA,12,57,-,-,20.21,H,-,S,Y,3,0,1,2,A,-,07,21658,A,F,C,C,A,A,H,-,A,D,6,NA,NA,NA,NA,Y,NA,A,08,0,1,0,0,0,0,0,0,0,-,-,33.93351,-117.87867,ORANGE,ANAHEIM,-117.88219028,33.91556089
6957740,2015,2015-06-24,3009,2015-05-27,0916,3739,112,3,5,6,3009,0,0,0,NA,0,021,EASY WY,PATRICIA DR,0,NA,Y,B,-,N,NA,NA,NA,NA,NA,NA,NA,NA,NA,Y,4,0,1,2,A,-,09,21800,A,N,D,C,A,A,H,-,A,D,0,NA,NA,NA,NA,Y,NA,A,08,0,0,1,0,0,0,0,0,0,-,-,NA,NA,ORANGE,GARDEN GROVE,-117.94778007,33.79229
6958091,2015,2015-06-23,3002,2015-05-23,1428,9211,739H3,6,5,5,3025,0,0,0,NA,0,001,ROSE DR,BASTANCHURY RD,0,NA,Y,A,-,N,NA,NA,NA,NA,NA,NA,NA,NA,NA,Y,3,0,3,3,A,-,12,21453,A,N,D,C,A,A,H,-,A,A,0,NA,NA,NA,NA,Y,NA,A,07,0,1,2,0,0,0,0,0,0,-,-,NA,NA,ORANGE,YORBA LINDA,-117.84203007,33.89923001
6960151,2015,2015-07-07,3019,2015-06-06,1526,3232,S E,6,5,7,3019,0,0,0,NA,0,003,MAIN ST,BISHOP ST,15,N,N,A,-,N,NA,NA,NA,NA,NA,NA,NA,NA,NA,NA,4,0,2,3,A,-,03,22350,NA,N,C,C,A,A,H,-,A,A,0,NA,NA,NA,NA,Y,NA,A,07,0,0,2,0,0,0,0,0,0,-,-,NA,NA,ORANGE,SANTA ANA,-117.86771,33.73949112
6962473,2015,2016-11-19,9675,2015-06-09,1240,12857,NA,2,1,6,3004,0,1,1,NA,2,405,RT 405,MACARTHUR BL,150,S,N,B,-,Y,ORA,12,405,-,-,7.833,R,1,S,Y,3,0,1,2,A,-,07,21658,A,N,B,C,A,A,H,-,A,A,6,NA,NA,Y,NA,Y,NA,A,08,0,1,0,0,0,0,0,0,1,-,-,33.68014,-117.85832,ORANGE,COSTA MESA,-117.85753156,33.68283804
6965362,2015,2015-07-13,3007,2015-06-20,0832,274,46,6,5,5,3007,0,0,0,NA,0,002,EUCLID,HOSPITAL CAMPUS,5,N,N,A,-,N,NA,NA,NA,NA,NA,NA,NA,NA,NA,Y,4,0,1,2,A,-,03,22350,NA,N,C,C,A,A,-,-,A,B,0,NA,NA,NA,NA,Y,NA,A,01,0,0,1,0,0,0,0,0,0,-,-,NA,NA,ORANGE,FOUNTAIN VALLEY,-117.937183,33.713683
6965378,2015,2015-07-13,3007,2015-06-10,1540,1126,54,3,5,5,3007,0,0,0,NA,0,NA,TALBERT,BROOKHURST,36,W,N,B,-,N,NA,NA,NA,NA,NA,NA,NA,NA,NA,N,4,0,1,2,A,-,03,22350,NA,N,C,C,A,A,H,-,A,A,0,NA,NA,NA,NA,Y,NA,A,08,0,0,1,0,0,0,0,0,0,-,-,NA,NA,ORANGE,FOUNTAIN VALLEY,-117.95454806,33.70169785
6965876,2015,2015-07-14,3010,2015-06-06,0913,1109,464,6,5,6,3010,0,0,0,NA,0,002,HAMILTON,MAGNOLIA,38,E,N,A,-,N,NA,NA,NA,NA,NA,NA,NA,NA,NA,N,4,0,1,2,A,-,21,22106,NA,N,C,C,A,A,H,-,A,A,0,NA,NA,NA,NA,Y,NA,A,01,0,0,1,0,0,0,0,0,0,-,-,NA,NA,ORANGE,HUNTINGTON BEACH,-117.97079542,33.65049
6966379,2015,2017-10-02,9690,2015-05-14,1354,16128,NA,4,1,5,3028,0,1,1,NA,2,055,RT 5,ALICIA PKWY,30,S,N,C,-,Y,ORA,12,5,-,-,17.46,H,-,N,Y,4,0,1,3,A,-,03,22350,NA,N,D,C,A,B,H,-,A,D,1,NA,NA,NA,NA,Y,NA,D,22,0,0,1,0,0,0,0,0,0,-,-,33.60477,-117.69029,ORANGE,MISSION VIEJO,-117.69027077,33.60454421
6966382,2015,2016-12-14,9690,2015-06-02,0845,014919,NA,2,1,5,3028,0,1,1,NA,2,056,RT 5,OSO PKWY,3000,S,N,B,-,Y,ORA,12,5,-,-,14.65,H,-,S,Y,4,0,2,2,A,-,04,21703,NA,N,C,C,A,A,H,-,A,D,1,NA,NA,NA,NA,Y,NA,D,22,0,0,2,0,0,0,0,0,0,-,-,33.57114,-117.67201,ORANGE,MISSION VIEJO,-117.67204015,33.57184865
6966400,2015,2016-11-29,9690,2015-05-18,1220,14552,NA,1,1,9,3000,0,1,3,NA,1,074,RT 74,GATEWAY PL,4752,E,N,B,-,Y,ORA,12,74,-,-,7.36,H,-,E,Y,3,0,1,1,A,-,03,22350,NA,N,E,I,A,A,H,-,A,D,0,NA,NA,NA,NA,Y,NA,-,NA,0,1,0,0,0,0,0,0,0,-,-,33.51941,-117.60141,ORANGE,UNINCORPORATED,-117.55167911,33.53071515
6970201,2015,2016-11-08,9675,2015-06-12,0828,16748,NA,5,1,6,3015,0,1,3,NA,2,572,RT 57,ORANGEWOOD AV,200,S,N,B,-,Y,ORA,12,57,-,-,11.76,H,-,S,Y,4,0,1,2,A,-,03,22350,NA,N,C,C,A,A,H,-,A,D,6,NA,NA,NA,NA,Y,NA,A,01,0,0,1,0,0,0,0,0,0,-,-,33.79523,-117.8781,ORANGE,ORANGE,-117.87828419,33.79498907
6970664,2015,2017-01-28,9670,2015-07-02,1540,15587,NA,4,2,7,3001,0,1,3,NA,2,093,RT 91,RAYMOND AV,2120,E,N,A,-,Y,ORA,12,91,-,-,4.68,H,-,W,Y,3,0,1,2,A,-,07,21658,A,N,B,C,A,A,H,-,A,D,1,NA,NA,NA,NA,Y,NA,D,22,0,1,0,0,0,0,0,0,0,-,-,33.85419,-115.89944,ORANGE,ANAHEIM,-117.89956308,33.85401935
6971926,2015,2017-10-03,9690,2015-05-27,1340,020125,NA,3,1,4,3018,0,1,1,NA,2,057,RT 5,RT 74,3168,N,N,A,-,Y,ORA,12,5,-,-,10.2,H,-,S,Y,3,0,2,2,A,-,03,22350,NA,N,C,D,A,A,H,-,A,D,1,NA,NA,NA,NA,Y,NA,A,07,0,1,1,0,0,0,0,0,0,-,-,33.30379,-117.39418,ORANGE,SAN JUAN CAPISTRANO,-117.6616259,33.51055063
6971948,2015,2015-07-01,3000,2015-05-07,2130,2742,992J5,4,5,5,3017,0,0,0,NA,0,778,AVENIDA VICTORIA,AVENIDA SANTA BARBARA,0,NA,Y,B,-,N,NA,NA,NA,NA,NA,NA,NA,NA,NA,Y,3,0,1,2,A,-,01,23152,A,N,H,G,A,A,H,-,C,D,0,NA,Y,NA,NA,Y,Y,A,07,0,1,0,0,0,0,1,0,0,-,-,NA,NA,ORANGE,SAN CLEMENTE,-117.61652006,33.42222006
6972158,2015,2015-07-09,3000,2015-05-26,0855,2849,891E5,2,5,5,3050,0,0,0,NA,0,764,LAKE FOREST DR,ROCKFIELD BL,23,W,N,B,-,N,NA,NA,NA,NA,NA,NA,NA,NA,NA,Y,3,0,2,2,A,-,09,21453,B,N,D,C,A,A,H,-,A,A,0,NA,NA,NA,NA,Y,NA,A,08,0,1,1,0,0,0,0,0,0,-,-,NA,NA,ORANGE,LAKE FOREST,-117.71697172,33.62921382