CASE_ID,ACCIDENT_YEAR,PROC_DATE,JURIS,COLLISION_DATE,COLLISION_TIME,OFFICER_ID,REPORTING_DISTRICT,DAY_OF_WEEK,CHP_SHIFT,POPULATION,CNTY_CITY_LOC,SPECIAL_COND,BEAT_TYPE,CHP_BEAT_TYPE,CITY_DIVISION_LAPD,CHP_BEAT_CLASS,BEAT_NUMBER,PRIMARY_RD,SECONDARY_RD,DISTANCE,DIRECTION,INTERSECTION,WEATHER_1,WEATHER_2,STATE_HWY_IND,CALTRANS_COUNTY,CALTRANS_DISTRICT,STATE_ROUTE,ROUTE_SUFFIX,POSTMILE_PREFIX,POSTMILE,LOCATION_TYPE,RAMP_INTERSECTION,SIDE_OF_HWY,TOW_AWAY,COLLISION_SEVERITY,NUMBER_KILLED,NUMBER_INJURED,PARTY_COUNT,PRIMARY_COLL_FACTOR,PCF_CODE_OF_VIOL,PCF_VIOL_CATEGORY,PCF_VIOLATION,PCF_VIOL_SUBSECTION,HIT_AND_RUN,TYPE_OF_COLLISION,MVIW,PED_ACTION,ROAD_SURFACE,ROAD_COND_1,ROAD_COND_2,LIGHTING,CONTROL_DEVICE,CHP_ROAD_TYPE,PEDESTRIAN_ACCIDENT,BICYCLE_ACCIDENT,MOTORCYCLE_ACCIDENT,TRUCK_ACCIDENT,NOT_PRIVATE_PROPERTY,ALCOHOL_INVOLVED,STWD_VEHTYPE_AT_FAULT,CHP_VEHTYPE_AT_FAULT,COUNT_SEVERE_INJ,COUNT_VISIBLE_INJ,COUNT_COMPLAINT_PAIN,COUNT_PED_KILLED,COUNT_PED_INJURED,COUNT_BICYCLIST_KILLED,COUNT_BICYCLIST_INJURED,COUNT_MC_KILLED,COUNT_MC_INJURED,PRIMARY_RAMP,SECONDARY_RAMP,LATITUDE,LONGITUDE,COUNTY,CITY,POINT_X,POINT_Y
7181090,2016,2016-02-18,3012,2016-01-31,2500,568,31,7,5,5,3012,0,0,0,NA,0,003,LAMBERT RD,MARTINEZ ST,237,E,N,A,-,N,NA,NA,NA,NA,NA,NA,NA,NA,NA,N,3,0,1,2,A,-,08,22107,NA,M,G,B,E,A,H,-,A,D,0,Y,NA,NA,NA,Y,NA,A,07,0,1,0,0,1,0,0,0,0,-,-,NA,NA,ORANGE,LA HABRA,-117.97161053,33.92468
7184951,2016,2016-02-19,3014,2016-01-13,1957,1382,RD25,3,5,5,3014,0,0,0,NA,0,0A2,NEWPORT BL,HOSPITAL RD,421,N,N,A,-,N,NA,NA,NA,NA,NA,NA,NA,NA,NA,Y,4,0,2,3,A,-,03,22350,NA,N,C,C,A,A,H,-,C,D,0,NA,NA,NA,NA,Y,NA,A,01,0,0,2,0,0,0,0,0,0,-,-,33.6268,-117.9277,ORANGE,NEWPORT BEACH,-117.92778153,33.626838
7188815,2016,2016-02-24,3004,2016-01-27,1453,P429,11,3,5,6,3004,0,0,0,NA,0,015,W BAY ST,BAY ST,76,N,N,A,-,N,NA,NA,NA,NA,NA,NA,NA,NA,NA,N,3,0,1,2,A,-,17,22517,NA,N,H,A,A,A,H,-,A,D,0,NA,Y,NA,NA,Y,NA,A,01,0,1,0,0,0,0,1,0,0,-,-,NA,NA,ORANGE,COSTA MESA,-117.92484,33.64889
7189428,2016,2016-03-01,3001,2016-02-11,1538,1410,NA,4,5,7,3001,0,0,0,NA,0,0D1,LINCOLN AV,BEACH BL,471,W,N,A,-,N,NA,NA,NA,NA,NA,NA,NA,NA,NA,N,4,0,1,2,A,-,09,21801,A,N,D,C,A,A,H,-,A,D,0,NA,NA,Y,NA,Y,NA,A,07,0,0,1,0,0,0,0,0,1,-,-,NA,NA,ORANGE,ANAHEIM,-117.99515717,33.83212221
7190248,2016,2016-08-11,3019,2016-03-08,2012,2859,NE,2,5,7,3019,0,0,0,NA,0,002,17TH ST,LINWOOD AV,0,NA,Y,A,-,N,NA,NA,NA,NA,NA,NA,NA,NA,NA,Y,1,1,0,2,A,-,03,22350,NA,N,D,C,A,A,H,-,C,A,0,NA,NA,Y,NA,Y,NA,C,02,0,0,0,0,0,0,0,1,0,-,-,33.7599,-117.84883,ORANGE,SANTA ANA,-117.84892009,33.75992011
7191557,2016,2016-08-26,3003,2016-02-01,1435,847,NA,1,5,5,3003,0,0,0,NA,0,008,BEACH BL,CRESCENT AV,68,S,N,B,-,N,NA,NA,NA,NA,NA,NA,NA,NA,NA,Y,3,0,1,2,A,-,07,21658,A,N,H,I,A,A,H,-,A,D,0,NA,NA,Y,NA,Y,NA,A,01,0,1,0,0,0,0,0,0,1,-,-,33.839,-117.9954,ORANGE,BUENA PARK,-117.99549037,33.8392158
7191564,2016,2016-03-09,3000,2016-01-20,1312,7049,972D7,3,5,5,3017,0,0,0,NA,0,6A75,CAMINO DE LOS MARES,OCEAN VIEW PLZ,0,NA,Y,A,-,N,NA,NA,NA,NA,NA,NA,NA,NA,NA,N,4,0,1,2,A,-,12,21453,A,N,D,D,A,A,H,-,A,A,0,NA,NA,NA,NA,Y,NA,D,22,0,0,1,0,0,0,0,0,0,-,-,NA,NA,ORANGE,SAN CLEMENTE,-117.651039,33.45867
7191723,2016,2016-02-29,3000,2016-02-07,1427,9684,921F6,7,5,4,3049,0,0,0,NA,0,745,PACIFIC PARK DR,ALICIA PKWY,0,NA,Y,A,-,N,NA,NA,NA,NA,NA,NA,NA,NA,NA,Y,3,0,2,2,A,-,12,21453,A,N,D,C,A,A,H,-,A,A,0,NA,NA,NA,NA,Y,NA,A,07,0,2,0,0,0,0,0,0,0,-,-,NA,NA,ORANGE,ALISO VIEJO,-117.71437002,33.57136009
7191751,2016,2016-02-29,3000,2016-02-14,1518,9684,891F7,7,5,4,3045,0,0,0,NA,0,745,EL TORO RD,AVE DE LA CARLOTA,0,NA,Y,A,-,N,NA,NA,NA,NA,NA,NA,NA,NA,NA,Y,3,0,1,2,A,-,08,22101,D,N,D,C,A,A,H,-,A,A,0,NA,NA,NA,NA,Y,NA,A,08,0,1,0,0,0,0,0,0,0,-,-,NA,NA,ORANGE,LAGUNA HILLS,-117.708601,33.613842
7193439,2016,2016-03-11,3010,2016-02-17,0806,1145,431,3,5,6,3010,0,0,0,NA,0,004,YORKTOWN,LAKE,0,W,N,A,-,N,NA,NA,NA,NA,NA,NA,NA,NA,NA,N,4,0,1,2,A,-,03,22350,NA,N,C,C,A,A,H,-,A,A,0,NA,NA,NA,NA,Y,NA,D,22,0,0,1,0,0,0,0,0,0,-,-,NA,NA,ORANGE,HUNTINGTON BEACH,-117.9979801,33.67845001
7194519,2016,2016-03-04,3019,2016-02-08,1625,2875,SC,1,5,7,3019,0,0,0,NA,0,128,BRISTOL ST,ST ANDREWS PL,0,NA,Y,A,-,N,NA,NA,NA,NA,NA,NA,NA,NA,NA,N,4,0,1,2,A,-,05,21650,NA,N,D,G,A,A,H,-,A,A,0,NA,Y,NA,NA,Y,NA,L,04,0,0,1,0,0,0,1,0,0,-,-,33.72326,-117.88538,ORANGE,SANTA ANA,-117.88521005,33.7231201
7194564,2016,2016-03-03,3002,2016-02-10,1212,1630,427X,3,5,4,3002,0,0,0,NA,0,012,LAMBERT RD,CLIFFWOOD AV,0,NA,Y,A,-,N,NA,NA,NA,NA,NA,NA,NA,NA,NA,N,3,0,1,2,A,-,17,21451,A,N,D,G,A,A,H,-,A,A,0,NA,Y,NA,NA,Y,NA,A,07,0,1,0,0,0,0,1,0,0,-,-,NA,NA,ORANGE,BREA,-117.889715,33.92501
7196482,2016,2016-03-10,3009,2016-02-27,0946,4283,85,6,5,6,3009,0,0,0,NA,0,013,TRASK AV,MAGNOLIA AV,0,W,N,A,-,N,NA,NA,NA,NA,NA,NA,NA,NA,NA,N,4,0,1,2,A,-,08,22107,NA,N,B,C,A,A,H,-,A,A,0,NA,NA,NA,NA,Y,NA,A,01,0,0,1,0,0,0,0,0,0,-,-,NA,NA,ORANGE,GARDEN GROVE,-117.97252009,33.76668012
7196486,2016,2016-03-11,3009,2016-02-14,2030,4292,132,7,5,6,3009,0,0,0,NA,0,021,WEST ST,CHAPMAN AV,0,NA,Y,A,-,N,NA,NA,NA,NA,NA,NA,NA,NA,NA,Y,4,0,1,2,A,-,12,21453,A,N,B,C,A,A,H,-,C,A,0,NA,NA,NA,NA,Y,NA,A,01,0,0,1,0,0,0,0,0,0,-,-,NA,NA,ORANGE,GARDEN GROVE,-117.92374006,33.78880001
7196529,2016,2016-03-08,3009,2016-02-21,1847,1663,71,7,5,6,3009,0,0,0,NA,0,012,DALE ST,KATELLA ST,16,S,N,A,-,N,NA,NA,NA,NA,NA,NA,NA,NA,NA,N,4,0,1,2,A,-,09,21453,B,M,D,G,A,A,H,-,C,A,0,NA,Y,NA,NA,Y,Y,A,01,0,0,1,0,0,0,1,0,0,-,-,NA,NA,ORANGE,GARDEN GROVE,-117.98446904,33.80294614
7197983,2016,2016-03-14,3015,2016-01-28,1430,0919,117N,4,5,6,3015,0,0,0,NA,0,712,N SANTIAGO BL,E DENISE AV,0,NA,Y,A,-,N,NA,NA,NA,NA,NA,NA,NA,NA,NA,Y,4,0,3,2,A,-,09,21802,A,N,D,C,A,A,H,-,A,A,0,NA,NA,NA,NA,Y,NA,A,01,0,0,3,0,0,0,0,0,0,-,-,NA,NA,ORANGE,ORANGE,-117.83021004,33.82860007
7198060,2016,2016-03-11,3008,2016-02-13,1835,1177,NA,6,5,6,3008,0,0,0,NA,0,0Z2,HARBOR BL,ORANGEFAIR MAL,75,N,N,A,-,N,NA,NA,NA,NA,NA,NA,NA,NA,NA,Y,4,0,4,3,A,-,03,22350,NA,N,C,C,A,A,H,-,C,D,0,NA,NA,NA,NA,Y,NA,A,08,0,0,4,0,0,0,0,0,0,-,-,NA,NA,ORANGE,FULLERTON,-117.92421,33.856509
7198466,2016,2016-03-09,3022,2016-02-05,0511,1255,NORTH,5,5,5,3022,0,0,0,NA,0,NA,MAIN ST,MYRTLE ST,280,W,N,A,-,N,NA,NA,NA,NA,NA,NA,NA,NA,NA,Y,4,0,2,2,A,-,09,21804,A,N,D,C,A,A,H,-,B,D,0,NA,NA,NA,NA,Y,NA,A,01,0,0,2,0,0,0,0,0,0,-,-,NA,NA,ORANGE,TUSTIN,-117.83241868,33.74207873
7199701,2015,2017-03-29,3000,2015-12-25,1915,1800,862C7,5,5,5,3050,0,0,0,NA,0,1760,EL TORO RD,GLENMEADOWS DR,0,NA,Y,A,-,N,NA,NA,NA,NA,NA,NA,NA,NA,NA,Y,1,1,1,2,A,-,09,21802,A,N,D,C,A,A,H,-,C,D,0,NA,NA,NA,NA,Y,Y,A,01,0,0,1,0,0,0,0,0,0,-,-,33.65818,-117.65662,ORANGE,LAKE FOREST,-117.65685006,33.658180110000004
7201226,2016,2016-03-14,3008,2016-02-09,1258,1117,NA,2,5,6,3008,0,0,0,NA,0,Z-2,RAYMOND AV,SUDENE AV,0,NA,Y,A,-,N,NA,NA,NA,NA,NA,NA,NA,NA,NA,Y,4,0,1,2,A,-,09,21802,A,N,D,C,A,A,D,-,A,D,0,NA,NA,NA,NA,Y,NA,K,45,0,0,1,0,0,0,0,0,0,-,-,NA,NA,ORANGE,FULLERTON,-117.90695011,33.86969011
7201600,2016,2016-03-16,3000,2016-03-03,2155,4601,972B7,4,5,4,3029,0,0,0,NA,0,638,CAMINO CAPISTRANO,VIA CALIFORNIA,433,S,N,A,-,N,NA,NA,NA,NA,NA,NA,NA,NA,NA,Y,3,0,1,3,A,-,01,23152,A,N,B,E,A,A,H,-,D,D,0,NA,NA,NA,NA,Y,Y,A,01,0,1,0,0,0,0,0,0,0,-,-,NA,NA,ORANGE,DANA POINT,-117.67210397,33.45979047
7201917,2016,2016-03-10,3000,2016-02-15,2215,5036,922C3,1,5,5,3028,0,0,0,NA,0,754,MARGUERITE PKWY,VIA ANGELINA,181,N,N,A,-,N,NA,NA,NA,NA,NA,NA,NA,NA,NA,Y,4,0,1,2,A,-,07,21658,A,N,B,D,A,A,H,-,C,D,0,NA,NA,NA,NA,Y,NA,-,-,0,0,1,0,0,0,0,0,0,-,-,NA,NA,ORANGE,MISSION VIEJO,-117.66058028,33.58709587
7203758,2016,2016-03-17,3013,2016-02-20,1413,194,NA,6,5,3,3013,0,0,0,NA,0,NA,KATELLA AV,WALLINGSFORD,117,W,N,A,-,N,NA,NA,NA,NA,NA,NA,NA,NA,NA,N,4,0,1,2,A,-,03,22350,NA,N,C,C,A,A,H,-,A,A,0,NA,NA,NA,NA,Y,NA,A,01,0,0,1,0,0,0,0,0,0,-,-,NA,NA,ORANGE,LOS ALAMITOS,-118.07482429,33.80303
7206325,2016,2016-03-22,3026,2016-02-23,0741,4991,NA,2,5,6,3026,0,0,0,NA,0,00C,MAIN ST,WEST YALE LOOP,0,NA,N,A,-,N,NA,NA,NA,NA,NA,NA,NA,NA,NA,N,3,0,1,2,A,-,08,22107,NA,N,D,G,A,A,H,-,A,A,0,NA,Y,NA,NA,Y,NA,A,01,0,1,0,0,0,0,1,0,0,-,-,NA,NA,ORANGE,IRVINE,-117.81409005,33.67439006
7207872,2016,2016-04-04,3019,2016-02-13,0630,2630,SC,6,5,7,3019,0,0,0,NA,0,004,HARBOR BL,SEGERSTROM AV,130,N,N,A,-,N,NA,NA,NA,NA,NA,NA,NA,NA,NA,Y,3,0,1,2,A,-,03,22350,NA,N,C,C,A,A,H,-,A,A,0,NA,NA,NA,NA,Y,NA,A,01,0,1,0,0,0,0,0,0,0,-,-,33.70887,-117.92004,ORANGE,SANTA ANA,-117.91975,33.70911641
7207908,2016,2017-02-16,3014,2016-02-15,1809,1287,RD26,1,5,5,3014,0,0,0,NA,0,0A2,RT 1,BAYSHORE DR,575,W,N,A,-,Y,ORA,12,1,-,-,18.55,H,-,S,Y,3,0,2,2,A,-,03,22350,NA,N,C,C,A,A,H,-,C,A,0,NA,NA,NA,NA,Y,NA,A,08,0,1,1,0,0,0,0,0,0,-,-,NA,NA,ORANGE,NEWPORT BEACH,-117.90914881,33.61600154
7208857,2016,2016-03-21,3026,2016-02-18,1440,7094,NA,4,5,6,3026,0,0,0,NA,0,00U,UNIVERSITY DR,MACARTHUR BL,0,NA,Y,B,-,N,NA,NA,NA,NA,NA,NA,NA,NA,NA,Y,4,0,2,2,A,-,12,21453,A,N,D,C,A,A,H,-,A,A,0,NA,NA,NA,NA,Y,NA,A,01,0,0,2,0,0,0,0,0,0,-,-,NA,NA,ORANGE,IRVINE,-117.8598901,33.65032009
7209400,2016,2016-03-16,3001,2016-03-08,1348,406,NA,2,5,7,3001,0,0,0,NA,0,0D1,WEST BALL RD,SOUTH KNOTT AV,82,W,N,A,-,N,NA,NA,NA,NA,NA,NA,NA,NA,NA,N,4,0,1,2,A,-,03,22350,NA,N,C,C,A,A,H,-,A,A,0,NA,NA,NA,NA,Y,NA,A,08,0,0,1,0,0,0,0,0,0,-,-,NA,NA,ORANGE,ANAHEIM,-118.01106934,33.81724739
7210004,2016,2016-03-22,3008,2016-02-14,0909,1284,Z2,7,5,6,3008,0,0,0,NA,0,NA,HARBOR BL,BERKELEY AV,17,N,N,A,-,N,NA,NA,NA,NA,NA,NA,NA,NA,NA,N,3,0,1,2,A,-,09,21801,A,N,H,A,A,A,H,-,A,A,0,NA,NA,Y,NA,Y,NA,A,01,0,1,0,0,0,0,0,0,1,-,-,NA,NA,ORANGE,FULLERTON,-117.92434415,33.87919648
7210015,2016,2016-03-23,3015,2016-02-17,1147,1098,265,3,5,6,3015,0,0,0,NA,0,731,CHAPMAN AV E,WAYFIELD ST S,0,NA,Y,B,-,N,NA,NA,NA,NA,NA,NA,NA,NA,NA,N,3,0,3,2,A,-,09,21804,A,N,A,D,A,A,H,-,A,D,0,NA,NA,NA,NA,Y,NA,A,07,0,2,1,0,0,0,0,0,0,-,-,NA,NA,ORANGE,ORANGE,-117.83343009,33.78783004
8000639,2016,2016-03-29,3009,2016-03-05,1021,4282,164,6,5,6,3009,0,0,0,NA,0,022,HASTER ST,ASPENWOOD AV,417,S,N,A,-,N,NA,NA,NA,NA,NA,NA,NA,NA,NA,Y,4,0,1,2,A,-,12,21453,A,N,D,C,A,A,H,-,A,A,0,NA,NA,NA,NA,Y,NA,A,07,0,0,1,0,0,0,0,0,0,-,-,NA,NA,ORANGE,GARDEN GROVE,-117.90611143,33.77598706
8000855,2016,2016-04-04,3019,2016-03-14,1510,3150,SE,1,5,7,3019,0,0,0,NA,0,003,MCFADDEN AV,GRAND AV,500,E,N,A,-,N,NA,NA,NA,NA,NA,NA,NA,NA,NA,Y,4,0,1,4,A,-,01,23152,A,N,C,C,A,A,H,-,A,D,0,NA,NA,NA,NA,Y,Y,A,01,0,0,1,0,0,0,0,0,0,-,-,37.73361,-117.85011,ORANGE,SANTA ANA,-117.84875028,33.73373852
8004651,2016,2016-03-25,3001,2016-03-18,2007,415,NA,5,5,7,3001,0,0,0,NA,0,0D2,W LINCOLN AV,NORTH HARBOR BL,385,W,N,A,-,N,NA,NA,NA,NA,NA,NA,NA,NA,NA,Y,4,0,1,2,A,-,01,23152,A,N,C,C,A,A,H,-,C,D,0,NA,NA,NA,NA,Y,Y,A,01,0,0,1,0,0,0,0,0,0,-,-,NA,NA,ORANGE,ANAHEIM,-117.92084277,33.83391033
8005294,2016,2016-04-06,3019,2016-03-08,0557,2630,WE,2,5,7,3019,0,0,0,NA,0,001,WESTMINSTER AV,NEWHOPE ST,0,NA,N,A,-,N,NA,NA,NA,NA,NA,NA,NA,NA,NA,Y,4,0,1,2,A,-,09,21801,A,N,A,C,A,A,H,-,A,A,0,NA,NA,NA,NA,Y,NA,A,07,0,0,1,0,0,0,0,0,0,-,-,33.75971,-117.92881,ORANGE,SANTA ANA,-117.9289101,33.7596601
8005781,2016,2016-03-24,3001,2016-03-10,0850,A1355,NA,4,5,7,3001,0,0,0,NA,0,0D2,ONONDAGA AV,GLEN AV,91,NA,N,A,-,N,NA,NA,NA,NA,NA,NA,NA,NA,NA,Y,4,0,1,2,A,-,08,22107,NA,N,A,C,A,A,H,-,A,D,0,NA,NA,NA,NA,Y,NA,A,01,0,0,1,0,0,0,0,0,0,-,-,NA,NA,ORANGE,ANAHEIM,-117.94637008,33.84800009
8006861,2016,2016-04-06,3003,2016-03-22,0644,665,23,2,5,5,3003,0,0,0,NA,0,008,MALVERN AV,BEACH BL,40,E,N,A,-,N,NA,NA,NA,NA,NA,NA,NA,NA,NA,N,4,0,1,2,A,-,03,22350,NA,N,C,C,A,A,H,-,A,A,0,NA,NA,NA,NA,Y,NA,A,07,0,0,1,0,0,0,0,0,0,-,-,33.848,-117.9947,ORANGE,BUENA PARK,-117.99532564,33.88437362
8007207,2016,2016-08-26,3014,2016-02-25,0635,1379,RD44,4,5,5,3014,0,0,0,NA,0,0A4,RT 1,DAHLIA AV,0,NA,Y,A,-,N,NA,NA,NA,NA,NA,NA,NA,NA,NA,N,3,0,1,2,A,-,00,21760,B,N,H,G,A,A,H,-,A,A,0,NA,Y,NA,NA,Y,NA,A,08,0,1,0,0,0,0,1,0,0,-,-,33.6027,-117.8733,ORANGE,NEWPORT BEACH,-117.87600008,33.60022001
8007590,2016,2016-04-05,3001,2016-03-23,1244,1007,NA,3,5,7,3001,0,0,0,NA,0,003,STATE COLLEGE BL,CERRITOS AV,200,S,N,A,-,N,NA,NA,NA,NA,NA,NA,NA,NA,NA,Y,4,0,1,4,A,-,03,22350,A,N,C,C,A,-,H,-,A,A,0,NA,NA,NA,NA,Y,NA,-,NA,0,0,1,0,0,0,0,0,0,-,-,NA,NA,ORANGE,ANAHEIM,-117.88925,33.81008171
8009147,2016,2016-04-05,3015,2016-03-03,0859,1364,97,4,5,6,3015,0,0,0,NA,0,NA,N SANTIAGO BL,E SERRANO AV,0,NA,Y,A,-,N,NA,NA,NA,NA,NA,NA,NA,NA,NA,Y,4,0,2,2,A,-,12,21453,A,N,D,C,A,A,H,-,A,A,0,NA,NA,NA,NA,Y,NA,A,01,0,0,2,0,0,0,0,0,0,-,-,NA,NA,ORANGE,ORANGE,-117.8247501,33.82121005
8009934,2016,2016-04-12,3001,2016-04-02,2220,415,NA,6,5,7,3001,0,0,0,NA,0,0D1,SOUTH MAGNOLIA AV,W WINSTON RD,115,S,N,A,-,N,NA,NA,NA,NA,NA,NA,NA,NA,NA,Y,3,0,1,2,A,-,01,23152,A,N,C,E,A,A,H,-,C,A,0,NA,NA,NA,Y,Y,Y,A,01,0,1,0,0,0,0,0,0,0,-,-,NA,NA,ORANGE,ANAHEIM,-117.97580634,33.81363475
8011912,2016,2016-04-13,3002,2016-03-15,0743,9195,740C3,2,5,5,3025,0,0,0,NA,0,001,PIPER PL,SCHOOL ST,127,W,N,A,-,N,NA,NA,NA,NA,NA,NA,NA,NA,NA,Y,3,0,2,2,A,-,03,22350,NA,N,C,C,A,A,H,-,A,D,0,NA,NA,NA,NA,Y,NA,A,01,0,2,0,0,0,0,0,0,0,-,-,NA,NA,ORANGE,YORBA LINDA,-117.8135774,33.89544346
8013099,2016,2017-02-16,3000,2016-02-29,1015,7734,952B2,1,5,5,3028,0,0,0,NA,0,750,AVERY PKWY,RT 5,0,NA,Y,A,-,Y,ORA,12,5,-,-,13.109,R,4,S,Y,3,0,1,2,A,-,12,21453,A,N,A,C,A,A,H,-,A,A,0,NA,NA,NA,NA,Y,NA,A,07,0,1,0,0,0,0,0,0,0,-,SO,NA,NA,ORANGE,MISSION VIEJO,-117.67293463,33.5495312
8013304,2016,2016-04-14,3002,2016-03-22,1439,1632,428Y,2,5,4,3002,0,0,0,NA,0,013,BIRCH ST,RANDOLPH AV,5,E,N,A,-,N,NA,NA,NA,NA,NA,NA,NA,NA,NA,N,3,0,1,2,A,-,17,21451,A,N,G,B,B,A,H,-,A,A,0,Y,NA,NA,NA,Y,NA,A,01,0,1,0,0,1,0,0,0,0,-,-,NA,NA,ORANGE,BREA,-117.89050358,33.91772063
8016368,2016,2016-04-13,3001,2016-03-29,0831,1670,NA,2,5,7,3001,0,0,0,NA,0,0D1,SOUTH DALE AV,WEST ORANGE AV,35,N,N,B,-,N,NA,NA,NA,NA,NA,NA,NA,NA,NA,N,4,0,1,2,A,-,03,22350,NA,N,C,C,A,A,H,-,A,A,0,NA,NA,NA,NA,Y,NA,A,01,0,0,1,0,0,0,0,0,0,-,-,NA,NA,ORANGE,ANAHEIM,-117.98465242,33.82492594
8017432,2016,2016-04-19,3010,2016-04-09,1453,1225,428,6,5,6,3010,0,0,0,NA,0,003,WARD,GARFIELD,30,S,N,B,-,N,NA,NA,NA,NA,NA,NA,NA,NA,NA,Y,4,0,1,2,A,-,08,22107,NA,N,D,C,A,A,H,-,A,A,0,NA,NA,NA,NA,Y,NA,A,01,0,0,1,0,0,0,0,0,0,-,-,NA,NA,ORANGE,HUNTINGTON BEACH,-117.94539872,33.68681776
8017854,2016,2017-02-16,3011,2016-03-29,1332,31401,0,2,5,4,3011,0,0,0,NA,0,NA,RT 1,CRESS ST,8,S,N,A,-,Y,ORA,12,1,-,-,8.501,I,5,S,N,3,0,1,2,A,-,10,21950,A,M,G,B,B,A,H,-,A,A,0,Y,NA,NA,NA,Y,NA,A,08,0,1,0,0,1,0,0,0,0,-,-,NA,NA,ORANGE,LAGUNA BEACH,-117.77573457,33.53246169
8018931,2016,2016-04-28,3010,2016-04-18,1255,2170,156,1,5,6,3010,0,0,0,NA,0,008,DEL MAR,CALIENTE,75,S,N,A,-,N,NA,NA,NA,NA,NA,NA,NA,NA,NA,N,4,0,1,2,A,-,08,22107,NA,N,B,G,A,A,H,-,A,D,0,NA,Y,NA,NA,Y,NA,L,04,0,0,1,0,0,0,1,0,0,-,-,NA,NA,ORANGE,HUNTINGTON BEACH,-118.03606275,33.72320524
8019602,2016,2016-04-19,3007,2016-04-01,1031,289,66,5,5,5,3007,0,0,0,NA,0,003,TALBERT,MT SHAY,0,NA,Y,A,-,N,NA,NA,NA,NA,NA,NA,NA,NA,NA,N,4,0,1,2,A,-,09,21801,A,N,D,C,A,A,H,-,A,A,0,NA,NA,NA,NA,Y,NA,A,08,0,0,1,0,0,0,0,0,0,-,-,NA,NA,ORANGE,FOUNTAIN VALLEY,-117.94069007,33.70177003
8020834,2016,2016-04-14,3003,2016-03-27,1215,1129,86,7,5,5,3003,0,0,0,NA,0,004,LA PALMA AV,WESTERN AV,66,S,N,A,-,N,NA,NA,NA,NA,NA,NA,NA,NA,NA,Y,4,0,1,3,A,-,09,21453,C,N,D,D,A,A,H,-,A,A,0,NA,NA,NA,NA,Y,NA,A,01,0,0,1,0,0,0,0,0,0,-,-,NA,NA,ORANGE,BUENA PARK,-118.00238,33.84663
8021501,2016,2016-04-14,3022,2016-03-15,0133,1142,NA,2,5,5,3022,0,0,0,NA,0,NA,EL CAMINO REAL,NEWPORT AV,300,E,N,A,-,N,NA,NA,NA,NA,NA,NA,NA,NA,NA,Y,3,0,3,1,A,-,08,22107,NA,N,E,I,A,A,H,-,C,D,0,NA,NA,NA,NA,Y,Y,A,01,0,3,0,0,0,0,0,0,0,-,-,NA,NA,ORANGE,TUSTIN,-117.82146889,33.73761886
8021512,2016,2016-04-14,3022,2016-03-18,1704,1236,NORTH,5,5,5,3022,0,0,0,NA,0,NA,JAMBOREE RD,PIONEER RD,1076,N,N,A,-,N,NA,NA,NA,NA,NA,NA,NA,NA,NA,Y,3,0,1,1,A,-,08,22107,NA,N,E,I,A,A,H,-,A,D,0,NA,NA,Y,NA,Y,NA,C,02,0,1,0,0,0,0,0,0,1,-,-,33.76822,-117.7598,ORANGE,TUSTIN,-117.76011911,33.7712868
8022789,2016,2016-04-20,3022,2016-04-01,1757,1081,NA,5,5,5,3022,0,0,0,NA,0,NA,EDINGER AV,PARKWAY LOOP,636,E,N,A,-,N,NA,NA,NA,NA,NA,NA,NA,NA,NA,Y,3,0,1,1,A,-,08,22107,NA,N,E,I,A,A,H,-,A,D,0,NA,NA,NA,NA,Y,NA,A,01,0,1,0,0,0,0,0,0,0,-,-,NA,NA,ORANGE,TUSTIN,-117.8240608,33.72011797
8024570,2016,2017-03-06,3014,2016-04-08,1518,1395,RD16,5,5,5,3014,0,0,0,NA,0,0A1,RT 55,VIA LIDO,170,N,N,C,-,Y,ORA,12,55,-,-,0.13,H,-,S,Y,4,0,1,1,A,-,03,22350,NA,N,E,I,A,B,E,-,A,D,0,NA,NA,NA,NA,Y,NA,A,07,0,0,1,0,0,0,0,0,0,-,-,33.6192,-117.9302,ORANGE,NEWPORT BEACH,-117.93002968,33.61908606
8025445,2016,2017-02-16,3026,2016-03-02,1848,528,CROSS,3,5,6,3026,0,0,0,NA,0,00C,SAND CANYON,RT 405,0,NA,Y,A,-,Y,ORA,12,405,-,-,2.63,R,4,N,Y,4,0,1,2,A,-,12,21453,A,N,D,C,A,A,H,-,C,A,0,NA,NA,NA,NA,Y,NA,A,01,0,0,1,0,0,0,0,0,0,-,NF,NA,NA,ORANGE,IRVINE,-117.77434542,33.65579853
8026381,2016,2016-04-25,3010,2016-04-15,1152,1176,148,5,5,6,3010,0,0,0,NA,0,009,EDINGER,STANDISH,0,NA,Y,A,-,N,NA,NA,NA,NA,NA,NA,NA,NA,NA,Y,4,0,1,2,C,-,18,NA,NA,N,C,C,A,A,H,-,A,D,0,NA,NA,NA,NA,Y,NA,-,-,0,0,1,0,0,0,0,0,0,-,-,NA,NA,ORANGE,HUNTINGTON BEACH,-118.01813006,33.73002008
8029566,2016,2016-05-11,3008,2016-04-08,1656,1364,NA,5,5,6,3008,0,0,0,NA,0,0Z2,LEMON ST,VALENCIA DR,0,NA,Y,C,-,N,NA,NA,NA,NA,NA,NA,NA,NA,NA,Y,4,0,2,2,A,-,09,21801,A,N,D,C,A,B,H,-,A,A,0,NA,NA,NA,NA,Y,NA,A,07,0,0,2,0,0,0,0,0,0,-,-,NA,NA,ORANGE,FULLERTON,-117.91989005,33.86621008
8030504,2016,2016-05-03,3009,2016-04-21,0852,3486,85,4,5,6,3009,0,0,0,NA,0,1-3,TRASK AV,DONEGAL DR,0,NA,Y,A,-,N,NA,NA,NA,NA,NA,NA,NA,NA,NA,N,4,0,1,2,A,-,08,22107,NA,N,B,C,A,A,H,-,A,D,0,NA,NA,Y,NA,Y,NA,A,01,0,0,1,0,0,0,0,0,1,-,-,NA,NA,ORANGE,GARDEN GROVE,-117.96135002,33.76673
8032588,2016,2016-05-03,3019,2016-04-14,0638,2460,NE,4,5,7,3019,0,0,0,NA,0,002,TUSTIN AV,TUSTIN CENTRE,0,NA,Y,A,-,N,NA,NA,NA,NA,NA,NA,NA,NA,NA,Y,4,0,2,2,D,-,00,NA,NA,N,A,C,A,A,H,-,A,A,0,NA,NA,NA,NA,Y,NA,-,-,0,0,2,0,0,0,0,0,0,-,-,NA,NA,ORANGE,SANTA ANA,-117.83413007,33.74572004