CASE_ID,ACCIDENT_YEAR,PROC_DATE,JURIS,COLLISION_DATE,COLLISION_TIME,OFFICER_ID,REPORTING_DISTRICT,DAY_OF_WEEK,CHP_SHIFT,POPULATION,CNTY_CITY_LOC,SPECIAL_COND,BEAT_TYPE,CHP_BEAT_TYPE,CITY_DIVISION_LAPD,CHP_BEAT_CLASS,BEAT_NUMBER,PRIMARY_RD,SECONDARY_RD,DISTANCE,DIRECTION,INTERSECTION,WEATHER_1,WEATHER_2,STATE_HWY_IND,CALTRANS_COUNTY,CALTRANS_DISTRICT,STATE_ROUTE,ROUTE_SUFFIX,POSTMILE_PREFIX,POSTMILE,LOCATION_TYPE,RAMP_INTERSECTION,SIDE_OF_HWY,TOW_AWAY,COLLISION_SEVERITY,NUMBER_KILLED,NUMBER_INJURED,PARTY_COUNT,PRIMARY_COLL_FACTOR,PCF_CODE_OF_VIOL,PCF_VIOL_CATEGORY,PCF_VIOLATION,PCF_VIOL_SUBSECTION,HIT_AND_RUN,TYPE_OF_COLLISION,MVIW,PED_ACTION,ROAD_SURFACE,ROAD_COND_1,ROAD_COND_2,LIGHTING,CONTROL_DEVICE,CHP_ROAD_TYPE,PEDESTRIAN_ACCIDENT,BICYCLE_ACCIDENT,MOTORCYCLE_ACCIDENT,TRUCK_ACCIDENT,NOT_PRIVATE_PROPERTY,ALCOHOL_INVOLVED,STWD_VEHTYPE_AT_FAULT,CHP_VEHTYPE_AT_FAULT,COUNT_SEVERE_INJ,COUNT_VISIBLE_INJ,COUNT_COMPLAINT_PAIN,COUNT_PED_KILLED,COUNT_PED_INJURED,COUNT_BICYCLIST_KILLED,COUNT_BICYCLIST_INJURED,COUNT_MC_KILLED,COUNT_MC_INJURED,PRIMARY_RAMP,SECONDARY_RAMP,LATITUDE,LONGITUDE,COUNTY,CITY,POINT_X,POINT_Y
8098760,2016,2017-02-28,3026,2016-06-14,1432,6352,NA,2,5,6,3026,0,0,0,NA,0,00C,JAMBOREE RD,RT 405,45,S,N,B,-,Y,ORA,12,405,-,-,6.717,R,4,N,Y,3,0,2,2,A,-,04,21703,NA,N,C,C,A,A,H,-,A,B,0,NA,NA,NA,NA,Y,NA,A,01,0,2,0,0,0,0,0,0,0,-,-,NA,NA,ORANGE,IRVINE,-117.84035001,33.67561884
8099849,2016,2016-08-12,3004,2016-07-27,0954,P459,19,3,5,6,3004,0,0,0,NA,0,004,HARBOR BL,GISLER AV,0,NA,Y,A,-,N,NA,NA,NA,NA,NA,NA,NA,NA,NA,Y,4,0,1,3,A,-,12,21453,A,N,D,C,A,A,H,-,A,A,0,NA,NA,NA,NA,Y,NA,A,07,0,0,1,0,0,0,0,0,0,-,-,33.6866,-117.9193,ORANGE,COSTA MESA,-117.91946003,33.68698006
8100452,2016,2016-08-15,3000,2016-07-20,1155,1056,922-B,3,5,5,3028,0,0,0,NA,0,051,MARGUERITE PKWY,SHOPS BL,205,S,N,A,-,N,NA,NA,NA,NA,NA,NA,NA,NA,NA,N,4,0,1,2,A,-,-,NA,NA,N,H,G,A,A,H,-,A,D,0,NA,Y,NA,NA,Y,NA,L,04,0,0,1,0,0,0,1,0,0,-,-,33.55506,-117.66959,ORANGE,MISSION VIEJO,-117.66997051,33.55462574
8101429,2016,2016-08-17,3019,2016-07-19,1343,2875,NE,2,5,7,3019,0,0,0,NA,0,002,FLOWER ST,MEMORY LN,37,S,N,A,-,N,NA,NA,NA,NA,NA,NA,NA,NA,NA,N,3,0,1,1,A,-,03,22350,NA,N,E,I,A,A,H,-,A,A,0,NA,NA,NA,NA,Y,NA,A,01,0,1,0,0,0,0,0,0,0,-,-,33.77297,-117.87587,ORANGE,SANTA ANA,-117.87601181,33.77297858
8101766,2016,2017-03-03,3014,2016-07-17,2009,1374,RD24,7,5,5,3014,0,0,0,NA,0,0A2,RT 1,HOAG DR,50,E,N,A,-,Y,ORA,12,1,-,-,20.02,H,-,N,N,4,0,1,2,A,-,03,22350,NA,M,C,C,A,A,H,-,C,A,0,NA,NA,NA,NA,Y,NA,A,01,0,0,1,0,0,0,0,0,0,-,-,33.6217,-117.9333,ORANGE,NEWPORT BEACH,-117.93309542,33.62171377
8102825,2016,2016-08-26,3012,2016-07-30,1445,549,42,6,5,5,3012,0,0,0,NA,0,EAST,HARBOR BL,LAMBERT RD,0,NA,Y,A,-,N,NA,NA,NA,NA,NA,NA,NA,NA,NA,N,4,0,2,2,A,-,12,21453,A,N,D,C,A,A,H,-,A,A,0,NA,NA,NA,NA,Y,NA,A,01,0,0,2,0,0,0,0,0,0,-,-,NA,NA,ORANGE,LA HABRA,-117.93306005,33.92462005
8104035,2016,2016-08-26,3010,2016-08-02,1251,1145,187,2,5,6,3010,0,0,0,NA,0,007,SPRINGDALE,WARNER,175,S,N,A,-,N,NA,NA,NA,NA,NA,NA,NA,NA,NA,N,3,0,1,2,A,-,09,21801,A,N,D,C,A,A,H,-,A,D,0,NA,NA,NA,NA,Y,NA,A,01,0,1,0,0,0,0,0,0,0,-,-,NA,NA,ORANGE,HUNTINGTON BEACH,-118.02396352,33.71504021
8104059,2016,2017-02-28,3010,2016-08-07,1500,1109,472,7,5,6,3010,0,0,0,NA,0,002,RT 1,RT 39,104,S,N,A,-,Y,ORA,12,1,-,-,23.72,H,-,N,N,3,0,1,3,A,-,03,22350,NA,N,C,C,A,A,H,-,A,D,0,NA,NA,NA,NA,Y,NA,A,08,0,1,0,0,0,0,0,0,0,-,-,NA,NA,ORANGE,HUNTINGTON BEACH,-117.98793333,33.64846738
8104860,2016,2016-08-24,3024,2016-07-27,1708,184,P01,3,5,5,3024,0,0,0,NA,0,WEST,VALLECITO AVE,WINTHROP ST,540,E,N,A,-,N,NA,NA,NA,NA,NA,NA,NA,NA,NA,Y,3,0,2,2,A,-,08,22107,NA,N,C,E,A,A,H,-,A,D,0,NA,NA,NA,NA,Y,NA,A,01,0,1,1,0,0,0,0,0,0,-,-,NA,NA,ORANGE,WESTMINSTER,-118.03864722,33.766298570000004
8107811,2016,2016-08-23,3019,2016-07-31,0904,3384,WE,7,5,7,3019,0,0,0,NA,0,001,WEST 1ST ST,N MOUNTAIN VIEW,0,NA,Y,A,-,N,NA,NA,NA,NA,NA,NA,NA,NA,NA,Y,4,0,1,2,A,-,09,21800,A,N,D,C,A,A,H,-,A,D,0,NA,NA,NA,NA,Y,NA,A,01,0,0,1,0,0,0,0,0,0,-,-,NA,NA,ORANGE,SANTA ANA,-117.92772013,33.74511008
8108690,2016,2016-08-26,3019,2016-07-29,2220,2318,WE,5,5,7,3019,0,0,0,NA,0,001,NORTH BRISTOL ST,10TH ST,6,S,N,A,-,N,NA,NA,NA,NA,NA,NA,NA,NA,NA,N,4,0,1,2,A,-,09,21801,A,M,C,C,A,A,H,-,C,D,0,NA,NA,NA,NA,Y,NA,A,07,0,0,1,0,0,0,0,0,0,-,-,NA,NA,ORANGE,SANTA ANA,-117.88508,33.75341355
81095008,2019,2019-10-10,3014,2019-10-03,1122,1453,RD36,4,5,5,3014,0,0,0,NA,0,A3,LA SALUD,LA FELICIDAD,133,N,N,A,-,N,NA,NA,NA,NA,NA,NA,NA,NA,NA,Y,3,0,1,2,A,-,03,22350,NA,N,C,E,A,A,H,-,A,D,0,NA,NA,NA,NA,Y,NA,A,01,0,1,0,0,0,0,0,0,0,-,-,33.64030075073242,-117.8634033203125,ORANGE,NEWPORT BEACH,-117.8635025024414,33.64018630981445
81095010,2019,2019-10-10,3014,2019-10-06,1336,1418,RD16,7,5,5,3014,0,0,0,NA,0,A1,SEASHORE DR,40TH ST,20,E,N,A,-,N,NA,NA,NA,NA,NA,NA,NA,NA,NA,N,3,0,2,2,A,-,08,22107,NA,N,H,J,A,A,H,-,A,D,0,NA,Y,NA,NA,Y,NA,L,04,0,2,0,0,0,0,1,0,0,-,-,33.61800003051758,-117.93710327148438,ORANGE,NEWPORT BEACH,-117.93718719482422,33.61819839477539
8110334,2016,2016-08-30,3007,2016-08-05,1602,1134,29,5,5,5,3007,0,0,0,NA,0,002,HARBOR,HEIL,0,NA,Y,A,-,N,NA,NA,NA,NA,NA,NA,NA,NA,NA,N,3,0,1,2,A,-,12,21453,A,N,D,C,A,A,H,-,A,A,0,NA,NA,Y,NA,Y,NA,C,02,0,1,0,0,0,0,0,0,1,-,-,NA,NA,ORANGE,FOUNTAIN VALLEY,-117.91982008,33.72377008
8110338,2016,2016-08-30,3013,2016-08-06,1224,185,NA,6,5,3,3013,0,0,0,NA,0,00N,KATELLA AV,PORTAL DR,0,NA,Y,A,-,N,NA,NA,NA,NA,NA,NA,NA,NA,NA,N,4,0,2,2,A,-,03,22350,NA,N,-,C,A,A,H,-,A,D,0,NA,NA,NA,NA,Y,NA,A,07,0,0,2,0,0,0,0,0,0,-,-,NA,NA,ORANGE,LOS ALAMITOS,-118.05990003,33.80313004
8110701,2016,2016-09-06,3015,2016-08-17,1815,1432,24,3,5,6,3015,0,0,0,NA,0,003,EAST CHAPMAN AV,S KATHLEEN,50,E,N,A,-,N,NA,NA,NA,NA,NA,NA,NA,NA,NA,N,4,0,1,2,A,-,03,22350,NA,M,C,C,A,A,H,-,A,D,0,NA,NA,NA,NA,Y,Y,A,01,0,0,1,0,0,0,0,0,0,-,-,NA,NA,ORANGE,ORANGE,-117.82108585,33.7878
8110887,2016,2016-08-30,3010,2016-08-07,2001,1109,411,7,5,6,3010,0,0,0,NA,0,005,GOLDENWEST,GARFIELD,425,N,N,A,-,N,NA,NA,NA,NA,NA,NA,NA,NA,NA,N,4,0,1,1,B,-,22,NA,NA,N,F,I,A,A,H,-,A,D,0,NA,Y,NA,NA,Y,NA,L,04,0,0,1,0,0,0,1,0,0,-,-,NA,NA,ORANGE,HUNTINGTON BEACH,-118.00629127,33.68777525
8112034,2016,2016-08-31,3004,2016-08-19,1217,P603,10,5,5,6,3004,0,0,0,NA,0,015,VICTORIA ST,NATIONAL AV,13,W,N,A,-,N,NA,NA,NA,NA,NA,NA,NA,NA,NA,Y,4,0,1,1,A,-,08,22107,NA,N,E,I,A,A,H,-,A,A,0,NA,NA,NA,NA,Y,NA,A,01,0,0,1,0,0,0,0,0,0,-,-,33.65265,-117.93692,ORANGE,COSTA MESA,-117.93699262,33.65264
8112045,2016,2016-08-31,3010,2016-08-15,1213,1234,263,1,5,6,3010,0,0,0,NA,0,006,ARNETT,NEWLAND,20,W,N,A,-,N,NA,NA,NA,NA,NA,NA,NA,NA,NA,N,4,0,1,2,A,-,03,22350,NA,N,C,C,A,A,H,-,A,A,0,NA,NA,NA,NA,Y,NA,A,01,0,0,1,0,0,0,0,0,0,-,-,NA,NA,ORANGE,HUNTINGTON BEACH,-117.9806556,33.71812874
8112960,2016,2016-09-07,3001,2016-08-23,1550,2287,NA,2,5,7,3001,0,0,0,NA,0,0D2,SOUTH HARBOR BL,WEST BROADWAY,51,N,N,A,-,N,NA,NA,NA,NA,NA,NA,NA,NA,NA,Y,3,0,1,2,A,-,03,22350,NA,N,C,C,A,A,H,-,A,A,0,NA,NA,Y,NA,Y,NA,C,02,0,1,0,0,0,0,0,0,1,-,-,NA,NA,ORANGE,ANAHEIM,-117.91894683,33.83214425
81130706,2019,2019-11-27,3014,2019-11-23,1522,1421,RD36,6,5,5,3014,0,0,0,NA,0,A3,MOUNTAINS TO THE OCEAN TRAIL & BIKEWAY,EASTBLUFF DR.,167,N,N,A,-,N,NA,NA,NA,NA,NA,NA,NA,NA,NA,N,2,0,1,1,B,-,22,NA,NA,N,H,I,A,A,H,-,A,D,0,NA,Y,NA,NA,Y,NA,L,04,1,0,0,0,0,0,1,0,0,-,-,33.65760040283203,-117.8668975830078,ORANGE,NEWPORT BEACH,NA,NA
8113124,2016,2016-09-07,3024,2016-08-27,1346,190,P21,6,5,5,3024,0,0,0,NA,0,EAST,HAZARD AV,BUSHARD ST,0,NA,Y,A,-,N,NA,NA,NA,NA,NA,NA,NA,NA,NA,N,4,0,1,2,A,-,03,22350,NA,N,C,C,A,A,H,-,A,A,0,NA,NA,NA,NA,Y,NA,A,07,0,0,1,0,0,0,0,0,0,-,-,NA,NA,ORANGE,WESTMINSTER,-117.96358,33.75220001
8113188,2016,2017-02-22,3010,2016-08-24,1343,1096,263,3,5,6,3010,0,0,0,NA,0,006,RT 39,CHRYSLER,157,S,N,A,-,Y,ORA,12,39,-,-,4.07,H,-,N,Y,4,0,2,3,A,-,03,22350,NA,N,C,C,A,A,H,-,A,D,0,NA,NA,NA,NA,Y,NA,D,22,0,0,2,0,0,0,0,0,0,-,-,NA,NA,ORANGE,HUNTINGTON BEACH,-117.98912459,33.70761011
8113971,2016,2016-09-08,3019,2016-08-17,0827,1561,SE,3,5,7,3019,0,0,0,NA,0,003,LYON ST,MCFADDEN AV,209,N,N,A,-,N,NA,NA,NA,NA,NA,NA,NA,NA,NA,N,4,0,2,2,A,-,09,21804,A,N,D,C,A,A,H,-,A,D,0,NA,NA,NA,NA,Y,NA,A,01,0,0,2,0,0,0,0,0,0,-,-,33.73362,-117.84466,ORANGE,SANTA ANA,-117.84497352,33.73434278
8115319,2016,2016-09-02,3022,2016-08-19,1721,1236,NORTH,5,5,5,3022,0,0,0,NA,0,NA,RED HILL AV,MELVIN WY,0,NA,Y,A,-,N,NA,NA,NA,NA,NA,NA,NA,NA,NA,Y,4,0,2,2,A,-,09,21802,A,N,D,C,A,A,H,-,A,A,0,NA,NA,NA,NA,Y,NA,A,01,0,0,2,0,0,0,0,0,0,-,-,33.74305,-117.80603,ORANGE,TUSTIN,-117.80600005,33.74302
81172739,2019,2020-01-24,3024,2019-12-23,2130,177,P-19,1,5,5,3024,0,0,0,NA,0,EAST,WESTMINSTER BOULEVARD,NEWLAND STREET,0,NA,Y,A,-,N,NA,NA,NA,NA,NA,NA,NA,NA,NA,Y,4,0,4,2,A,-,12,21453,A,N,D,C,A,A,H,-,C,A,0,NA,NA,NA,NA,Y,NA,A,01,0,0,4,0,0,0,0,0,0,-,-,33.758541107177734,-117.98367309570313,ORANGE,WESTMINSTER,-117.98104858398438,33.75933837890625
8118928,2016,2016-09-13,3001,2016-08-25,1833,415,NA,4,5,7,3001,0,0,0,NA,0,0D2,E LINCOLN AV,N OLANA WY,0,NA,Y,A,-,N,NA,NA,NA,NA,NA,NA,NA,NA,NA,Y,4,0,1,2,A,-,09,21801,NA,N,D,C,A,A,H,-,A,D,0,NA,NA,NA,NA,Y,NA,A,07,0,0,1,0,0,0,0,0,0,-,-,NA,NA,ORANGE,ANAHEIM,-117.88719014,33.83964004
8119029,2016,2017-02-28,3010,2016-08-31,1137,2007,495,3,5,6,3010,0,0,0,NA,0,002,RT 1,BROOKHURST ST,354,N,N,A,-,Y,ORA,12,1,-,-,22.16,H,-,S,N,4,0,1,2,A,-,03,22350,NA,N,C,G,A,A,H,-,A,D,0,NA,Y,NA,NA,Y,NA,L,04,0,0,1,0,0,0,1,0,0,-,-,NA,NA,ORANGE,HUNTINGTON BEACH,-117.96513916,33.63579779
8119315,2016,2016-09-16,3015,2016-09-02,0028,1530,56,5,5,6,3015,0,0,0,NA,0,121,E COLLINS AV,N MILFORD RD,517,W,N,A,-,N,NA,NA,NA,NA,NA,NA,NA,NA,NA,Y,3,0,1,1,A,-,03,22350,NA,N,E,I,A,A,H,-,C,D,0,NA,NA,NA,NA,Y,NA,D,22,0,1,0,0,0,0,0,0,0,-,-,NA,NA,ORANGE,ORANGE,-117.83036726,33.8023404
81204889,2020,2020-03-10,3024,2020-02-01,1540,433,P-25,6,5,5,3024,0,0,0,NA,0,EAST,BEACH BOULEVARD,ROOSEVELT AVENUE,0,NA,Y,A,-,N,NA,NA,NA,NA,NA,NA,NA,NA,NA,Y,4,0,2,2,A,-,08,22107,NA,N,D,C,A,A,H,-,A,D,0,NA,NA,NA,NA,Y,NA,A,01,0,0,2,0,0,0,0,0,0,-,-,33.749488830566406,-117.99234008789063,ORANGE,WESTMINSTER,-117.98964691162108,33.750099182128906
8121559,2016,2016-11-10,3010,2016-09-06,1335,3004,251,2,5,6,3010,0,0,0,NA,0,007,EDINGER,GOTHARD,225,W,N,A,-,N,NA,NA,NA,NA,NA,NA,NA,NA,NA,N,4,0,1,2,A,-,03,22350,NA,M,C,C,A,A,H,-,A,A,0,NA,NA,NA,NA,Y,NA,A,01,0,0,1,0,0,0,0,0,0,-,-,NA,NA,ORANGE,HUNTINGTON BEACH,-118.00101824,33.73017002
8122370,2016,2016-09-15,3024,2016-09-05,1813,192,P10,1,5,5,3024,0,0,0,NA,0,WEST,WESTMINSTER BL,EDWARDS ST,3,E,N,A,-,N,NA,NA,NA,NA,NA,NA,NA,NA,NA,N,3,0,1,2,A,-,10,21950,A,N,G,B,B,A,H,-,A,A,0,Y,NA,NA,NA,Y,NA,A,01,0,1,0,0,1,0,0,0,0,-,-,NA,NA,ORANGE,WESTMINSTER,-118.01588016,33.75904017
81231122,2020,2020-04-30,3024,2020-03-18,1708,475,P-34,3,5,5,3024,0,0,0,NA,0,EAST,MAGNOLIA STREET,BOLSA AVENUE,370,S,N,A,-,N,NA,NA,NA,NA,NA,NA,NA,NA,NA,Y,3,0,1,2,A,-,09,21804,A,N,D,C,A,A,H,-,A,D,0,NA,NA,NA,NA,Y,NA,A,01,0,1,0,0,0,0,0,0,0,-,-,33.74393081665039,-117.9751434326172,ORANGE,WESTMINSTER,-117.97225952148438,33.74381637573242
8124269,2016,2016-09-20,3001,2016-09-08,2338,415,NA,4,5,7,3001,0,0,0,NA,0,0D3,EAST BALL RD,SOUTH STATE COLLEGE BL,116,W,N,A,-,N,NA,NA,NA,NA,NA,NA,NA,NA,NA,Y,4,0,3,3,A,-,03,22350,NA,N,C,C,A,A,H,-,C,A,0,NA,NA,NA,NA,Y,NA,A,01,0,0,3,0,0,0,0,0,0,-,-,NA,NA,ORANGE,ANAHEIM,-117.88977097,33.81809401
8124757,2016,2017-02-24,3003,2016-09-02,0549,1096,40,5,5,5,3003,0,0,0,NA,0,001,BEACH BL,9TH ST,161,N,N,A,-,Y,ORA,12,39,-,-,15.056,I,5,N,Y,4,0,1,2,A,-,12,21453,A,N,D,C,A,A,H,-,B,A,0,NA,NA,NA,NA,Y,NA,D,22,0,0,1,0,0,0,0,0,0,-,-,33.8658,-117.998,ORANGE,BUENA PARK,-117.99807558,33.86599282
8126517,2016,2016-09-21,3001,2016-09-07,1546,1670,NA,3,5,7,3001,0,0,0,NA,0,0D4,LA PALMA AV,SHEPARD ST,0,NA,Y,A,-,N,NA,NA,NA,NA,NA,NA,NA,NA,NA,N,4,0,1,3,A,-,03,22350,NA,N,C,C,A,A,H,-,A,A,0,NA,NA,NA,NA,Y,NA,A,01,0,0,1,0,0,0,0,0,0,-,-,NA,NA,ORANGE,ANAHEIM,-117.8530301,33.85221005
8126713,2016,2016-09-21,3019,2016-08-24,0938,2776,SC,3,5,7,3019,0,0,0,NA,0,004,SAINT GERTRUDE PL,GREENVILLE ST,0,NA,Y,A,-,N,NA,NA,NA,NA,NA,NA,NA,NA,NA,Y,2,0,1,1,C,-,18,NA,NA,N,E,I,A,A,H,-,A,A,0,NA,NA,NA,NA,Y,NA,-,-,1,0,0,0,0,0,0,0,0,-,-,33.71872,-117.90316,ORANGE,SANTA ANA,-117.90303012,33.71871005
8126735,2016,2016-09-21,3000,2016-07-30,1045,9105,952C7,6,5,4,3018,0,0,0,NA,0,1A30,CAMINO CAPISTRANO,VIA LOS PAJAROS,0,NA,Y,A,-,N,NA,NA,NA,NA,NA,NA,NA,NA,NA,Y,4,0,2,3,A,-,09,21802,A,N,D,C,A,A,H,-,A,A,0,NA,NA,NA,NA,Y,NA,A,01,0,0,2,0,0,0,0,0,0,-,-,NA,NA,ORANGE,SAN JUAN CAPISTRANO,-117.66622002,33.50920004
8127657,2016,2016-09-30,3012,2016-09-13,0905,568,26,2,5,5,3012,0,0,0,NA,0,002,HARBOR BL,LA HABRA BL,0,NA,Y,B,-,N,NA,NA,NA,NA,NA,NA,NA,NA,NA,Y,4,0,1,2,A,-,17,21451,A,N,-,C,A,A,H,-,A,A,0,NA,NA,NA,NA,Y,NA,A,01,0,0,1,0,0,0,0,0,0,-,-,NA,NA,ORANGE,LA HABRA,-117.93305003,33.93188005
8128287,2016,2016-09-28,3022,2016-09-12,2055,1251,NA,1,5,5,3022,0,0,0,NA,0,NA,JAMBOREE RD,IRVINE BL,0,NA,Y,A,-,N,NA,NA,NA,NA,NA,NA,NA,NA,NA,N,4,0,1,2,A,-,03,22350,NA,N,C,C,A,A,H,-,C,A,0,NA,NA,NA,NA,Y,NA,A,01,0,0,1,0,0,0,0,0,0,-,-,NA,NA,ORANGE,TUSTIN,-117.78729011,33.73054003
81302635,2020,2020-09-11,3024,2020-08-04,1520,453,P-15,2,5,5,3024,0,0,0,NA,0,WEST,SPRINGDALE STREET,MAHOGANY AVENUE,11,S,N,A,-,N,NA,NA,NA,NA,NA,NA,NA,NA,NA,Y,4,0,2,2,A,-,09,21802,A,N,D,C,A,A,H,-,A,D,0,NA,NA,NA,NA,Y,Y,A,01,0,0,2,0,0,0,0,0,0,-,-,33.75659942626953,-118.0246810913086,ORANGE,WESTMINSTER,-118.02455139160156,33.75654983520508
81309871,2020,2020-09-30,3014,2020-09-16,2125,1374,RD64,3,5,5,3014,0,0,0,NA,0,A4,NEWPORT COAST DR,SAN JOAQUIN HILLS RD,27,S,N,A,-,N,NA,NA,NA,NA,NA,NA,NA,NA,NA,Y,4,0,2,2,A,-,03,22350,NA,N,C,C,A,A,H,-,C,A,0,NA,NA,NA,NA,Y,NA,A,01,0,0,2,0,0,0,0,0,0,-,-,NA,NA,ORANGE,NEWPORT BEACH,-117.82604217529295,33.6083984375
81315406,2020,2020-10-01,3010,2020-09-27,1215,1261,455,7,5,6,3010,0,0,0,NA,0,002,BUSHARD ST,ATLANTA AVE,0,NA,Y,A,-,N,NA,NA,NA,NA,NA,NA,NA,NA,NA,Y,3,0,3,2,A,-,09,21801,A,N,D,C,A,A,H,-,A,A,0,NA,NA,NA,NA,Y,NA,A,07,0,2,1,0,0,0,0,0,0,-,-,33.65625,-117.96363067626952,ORANGE,HUNTINGTON BEACH,-117.96234130859376,33.65779113769531
8131747,2016,2017-02-24,3010,2016-09-16,1331,1176,283,5,5,6,3010,0,0,0,NA,0,006,RT 39,NEWMAN,46,S,N,A,-,Y,ORA,12,39,-,-,3.87,H,-,N,N,4,0,1,2,A,-,03,22350,NA,M,C,C,A,A,H,-,A,A,0,NA,NA,NA,NA,Y,NA,A,01,0,0,1,0,0,0,0,0,0,-,-,NA,NA,ORANGE,HUNTINGTON BEACH,-117.98910443,33.70469953
81320558,2020,2020-10-09,3024,2020-09-05,1421,468,P-18,6,5,5,3024,0,0,0,NA,0,WEST,WESTMINSTER BOULEVARD,CEDARWOOD AVENUE,0,NA,Y,A,-,N,NA,NA,NA,NA,NA,NA,NA,NA,NA,Y,4,0,1,2,A,-,09,21802,A,N,D,C,A,A,H,-,A,D,0,NA,NA,NA,NA,Y,NA,A,01,0,0,1,0,0,0,0,0,0,-,-,33.759029388427734,-117.994140625,ORANGE,WESTMINSTER,-117.99411010742188,33.759220123291016
81323074,2020,2020-10-13,3014,2020-10-07,1737,1146,RD39,3,5,5,3014,0,0,0,NA,0,A3,SR-1 (E COAST HWY),JAMBOREE RD,1900,E,N,A,-,Y,NA,NA,NA,NA,NA,NA,NA,NA,NA,Y,3,0,1,1,A,-,08,22107,NA,M,E,I,A,A,H,-,A,D,0,NA,NA,NA,NA,Y,NA,A,01,0,1,0,0,0,0,0,0,0,-,-,33.61159896850586,-117.8844985961914,ORANGE,NEWPORT BEACH,NA,NA
81332518,2020,2020-10-27,3014,2020-10-03,1354,1418,RD11,6,5,5,3014,0,0,0,NA,0,A1,WEST OCEAN FRONT,7TH ST,0,NA,Y,A,-,N,NA,NA,NA,NA,NA,NA,NA,NA,NA,N,2,0,1,1,A,-,03,22350,NA,N,H,A,A,A,H,-,A,D,0,NA,Y,NA,NA,Y,Y,L,04,1,0,0,0,0,0,1,0,0,-,-,33.60369873046875,-117.9093017578125,ORANGE,NEWPORT BEACH,-117.90927124023438,33.60382080078125
81332675,2020,2020-10-28,3001,2020-10-23,1834,A1047,NA,5,5,7,3001,0,0,0,NA,0,D-1,MAGNOLIA AVENUE,WOODLAND DRIVE,0,NA,Y,A,-,N,NA,NA,NA,NA,NA,NA,NA,NA,NA,Y,2,0,3,2,A,-,09,21801,A,N,D,C,A,A,H,-,A,A,0,NA,NA,NA,NA,Y,NA,A,07,1,0,2,0,0,0,0,0,0,-,-,33.848941802978516,-117.97567749023438,ORANGE,ANAHEIM,-117.97617340087892,33.84933090209961
81332681,2020,2020-10-28,3001,2020-10-24,2055,A1047,NA,6,5,7,3001,0,0,0,NA,0,D-3,BALL ROAD,BELHAVEN STREET (W),0,W,Y,B,-,N,NA,NA,NA,NA,NA,NA,NA,NA,NA,Y,1,1,1,2,A,-,01,23152,A,N,D,C,A,A,H,-,C,A,0,NA,NA,NA,NA,Y,Y,D,22,0,0,1,0,0,0,0,0,0,-,-,33.818050384521484,-117.88539123535156,ORANGE,ANAHEIM,-117.88551330566406,33.81809997558594
8133575,2016,2016-10-03,3008,2016-08-08,1818,1468,Z1,1,5,6,3008,0,0,0,NA,0,NA,ORANGETHORPE AV,MAGNOLIA AV,50,E,N,A,-,N,NA,NA,NA,NA,NA,NA,NA,NA,NA,N,4,0,2,2,A,-,03,22350,NA,N,C,C,A,A,H,-,A,D,0,NA,NA,NA,NA,Y,NA,A,07,0,0,2,0,0,0,0,0,0,-,-,NA,NA,ORANGE,FULLERTON,-117.97628,33.85911
81336036,2020,2020-10-30,3007,2020-09-28,1819,324,16,1,5,5,3007,0,0,0,NA,0,002,EDINGER,WARD,0,NA,Y,A,-,N,NA,NA,NA,NA,NA,NA,NA,NA,NA,Y,3,0,1,2,A,-,09,21801,B,N,D,C,A,A,H,-,A,A,0,NA,NA,NA,NA,Y,NA,A,01,0,1,0,0,0,0,0,0,0,-,-,NA,NA,ORANGE,FOUNTAIN VALLEY,-117.9459991455078,33.73072052001953
8134324,2016,2017-02-18,3024,2016-09-08,1510,370,P32,4,5,5,3024,0,0,0,NA,0,EAST,RT 39,BISHOP AV,6,S,N,A,-,Y,ORA,12,39,-,-,6.37,H,-,N,N,4,0,1,2,A,-,07,21658,A,N,B,C,A,A,H,-,A,D,0,NA,NA,NA,NA,Y,Y,A,01,0,0,1,0,0,0,0,0,0,-,-,NA,NA,ORANGE,WESTMINSTER,-117.98936637,33.74078751
81349919,2020,2020-11-20,3001,2020-10-30,1414,A2332,D-3,5,5,7,3001,0,0,0,NA,0,D-3,STATE COLLEGE BOULEVARD,WAGNER AVENUE,0,NA,Y,A,-,N,NA,NA,NA,NA,NA,NA,NA,NA,NA,N,3,0,1,2,D,-,00,NA,NA,N,D,G,A,A,H,-,A,A,0,NA,Y,NA,NA,Y,NA,-,-,0,1,0,0,0,0,1,0,0,-,-,33.823848724365234,-117.88926696777344,ORANGE,ANAHEIM,-117.88935089111328,33.82537078857422
81349983,2020,2020-11-20,3001,2020-11-13,1741,A2292,NA,5,5,7,3001,0,0,0,NA,0,NA,BROADWAY,EAST STREET,0,NA,Y,A,-,N,NA,NA,NA,NA,NA,NA,NA,NA,NA,N,4,0,1,2,A,-,12,21453,A,N,D,C,A,A,H,-,C,A,0,NA,NA,NA,NA,Y,NA,D,22,0,0,1,0,0,0,0,0,0,-,-,33.834529876708984,-117.90174102783205,ORANGE,ANAHEIM,-117.90193939208984,33.83591842651367
81350003,2020,2020-11-20,3001,2020-11-17,1050,A2227,NA,2,5,7,3001,0,0,0,NA,0,D-4,ROYAL OAK ROAD,HONEYWOOD LANE,0,NA,Y,A,-,N,NA,NA,NA,NA,NA,NA,NA,NA,NA,Y,3,0,2,2,A,-,09,21802,A,N,D,C,A,A,H,-,A,A,0,NA,NA,NA,NA,Y,NA,A,01,0,1,1,0,0,0,0,0,0,-,-,33.84585952758789,-117.80126190185548,ORANGE,ANAHEIM,-117.80108642578124,33.84598922729492