CASE_ID,ACCIDENT_YEAR,PROC_DATE,JURIS,COLLISION_DATE,COLLISION_TIME,OFFICER_ID,REPORTING_DISTRICT,DAY_OF_WEEK,CHP_SHIFT,POPULATION,CNTY_CITY_LOC,SPECIAL_COND,BEAT_TYPE,CHP_BEAT_TYPE,CITY_DIVISION_LAPD,CHP_BEAT_CLASS,BEAT_NUMBER,PRIMARY_RD,SECONDARY_RD,DISTANCE,DIRECTION,INTERSECTION,WEATHER_1,WEATHER_2,STATE_HWY_IND,CALTRANS_COUNTY,CALTRANS_DISTRICT,STATE_ROUTE,ROUTE_SUFFIX,POSTMILE_PREFIX,POSTMILE,LOCATION_TYPE,RAMP_INTERSECTION,SIDE_OF_HWY,TOW_AWAY,COLLISION_SEVERITY,NUMBER_KILLED,NUMBER_INJURED,PARTY_COUNT,PRIMARY_COLL_FACTOR,PCF_CODE_OF_VIOL,PCF_VIOL_CATEGORY,PCF_VIOLATION,PCF_VIOL_SUBSECTION,HIT_AND_RUN,TYPE_OF_COLLISION,MVIW,PED_ACTION,ROAD_SURFACE,ROAD_COND_1,ROAD_COND_2,LIGHTING,CONTROL_DEVICE,CHP_ROAD_TYPE,PEDESTRIAN_ACCIDENT,BICYCLE_ACCIDENT,MOTORCYCLE_ACCIDENT,TRUCK_ACCIDENT,NOT_PRIVATE_PROPERTY,ALCOHOL_INVOLVED,STWD_VEHTYPE_AT_FAULT,CHP_VEHTYPE_AT_FAULT,COUNT_SEVERE_INJ,COUNT_VISIBLE_INJ,COUNT_COMPLAINT_PAIN,COUNT_PED_KILLED,COUNT_PED_INJURED,COUNT_BICYCLIST_KILLED,COUNT_BICYCLIST_INJURED,COUNT_MC_KILLED,COUNT_MC_INJURED,PRIMARY_RAMP,SECONDARY_RAMP,LATITUDE,LONGITUDE,COUNTY,CITY,POINT_X,POINT_Y
8593177,2018,2018-04-12,3010,2018-03-22,0736,3820,139,4,5,6,3010,0,0,0,NA,0,009,GOLDENWEST ST,BRUNSWICK DR,0,NA,Y,C,-,N,NA,NA,NA,NA,NA,NA,NA,NA,NA,Y,4,0,2,2,A,-,09,21801,A,N,D,C,A,B,H,-,A,D,0,NA,NA,NA,NA,Y,NA,A,01,0,0,2,0,0,0,0,0,0,-,-,NA,NA,ORANGE,HUNTINGTON BEACH,-118.00692749023438,33.739410400390625
8593359,2018,2018-08-10,3010,2018-03-21,1212,1059,283,3,5,6,3010,0,0,0,NA,0,006,RT 39,RONALD DR,0,NA,Y,B,-,Y,ORA,12,39,-,-,3.791,I,5,N,Y,3,0,1,2,A,-,09,21804,A,N,D,C,A,A,H,-,A,D,0,NA,NA,Y,NA,Y,NA,A,07,0,1,0,0,0,0,0,0,1,-,-,NA,NA,ORANGE,HUNTINGTON BEACH,-117.98908996582033,33.70354461669922
8595391,2018,2018-05-08,3002,2018-04-02,0735,9196,740A3,1,5,5,3025,0,0,0,NA,0,001,VALLEY VIEW AV,SUN WEST CIR,174,N,N,A,-,N,NA,NA,NA,NA,NA,NA,NA,NA,NA,N,4,0,1,2,A,-,09,21804,A,N,D,C,A,A,H,-,A,D,0,NA,NA,NA,NA,Y,NA,A,07,0,0,1,0,0,0,0,0,0,-,-,NA,NA,ORANGE,YORBA LINDA,-117.8286590576172,33.89388656616211
8595445,2018,2018-04-25,3000,2018-02-18,0220,1920,892B7,7,5,5,3028,0,0,0,NA,0,755,JERONIMO RD,MONTILLA LN,207,W,N,A,-,N,NA,NA,NA,NA,NA,NA,NA,NA,NA,Y,2,0,3,1,A,-,01,23152,A,N,E,I,A,A,H,-,C,D,0,NA,NA,NA,NA,Y,Y,A,01,1,1,1,0,0,0,0,0,0,-,-,NA,NA,ORANGE,MISSION VIEJO,-117.67021942138672,33.607696533203125
8596160,2018,2018-08-17,3003,2018-04-24,1815,1206,NA,2,5,5,3003,0,0,0,NA,0,001,BEACH BL,FRANKLIN ST,45,S,N,A,-,Y,ORA,12,39,-,-,15.76,H,-,N,N,4,0,1,3,A,-,03,22350,NA,N,C,C,A,A,H,-,A,A,0,NA,NA,NA,NA,Y,NA,A,01,0,0,1,0,0,0,0,0,0,-,-,33.52360153198242,-117.59529876708984,ORANGE,BUENA PARK,-117.99819946289063,33.87620162963867
8596222,2018,2018-04-18,3015,2018-03-25,1025,1487,575,7,5,6,3015,0,0,0,NA,0,747,NORTH TUSTIN ST,E BIXBY,115,S,N,A,-,N,NA,NA,NA,NA,NA,NA,NA,NA,NA,N,3,0,1,1,A,-,03,22350,NA,N,H,J,A,A,H,-,A,D,0,NA,Y,NA,NA,Y,NA,L,04,0,1,0,0,0,0,1,0,0,-,-,NA,NA,ORANGE,ORANGE,-117.8354263305664,33.838016510009766
8596913,2018,2018-04-18,3004,2018-03-17,1702,P633,33,6,5,6,3004,0,0,0,NA,0,015,SOUTH COAST DR,BEAR ST,296,W,N,A,-,N,NA,NA,NA,NA,NA,NA,NA,NA,NA,Y,3,0,4,2,A,-,09,21804,A,N,D,C,A,A,H,-,A,D,0,NA,NA,NA,NA,Y,NA,A,07,0,1,3,0,0,0,0,0,0,-,-,33.69049835205078,-117.89330291748048,ORANGE,COSTA MESA,-117.89321136474608,33.6905517578125
8597499,2018,2018-04-24,3004,2018-03-23,1111,P542,01,5,5,6,3004,0,0,0,NA,0,015,MONROVIA AV,SUNSET DR,0,NA,Y,A,-,N,NA,NA,NA,NA,NA,NA,NA,NA,NA,Y,4,0,2,2,A,-,09,21802,A,N,D,C,A,A,H,-,A,D,0,NA,NA,NA,NA,Y,NA,A,01,0,0,2,0,0,0,0,0,0,-,-,33.63850021362305,-117.9363021850586,ORANGE,COSTA MESA,-117.936279296875,33.63833999633789
8598018,2018,2018-06-28,3015,2018-03-07,1621,1372,77N,3,5,6,3015,0,0,0,NA,0,732,NORTH TUSTIN ST,E LINCOLN AV,150,S,N,A,-,N,NA,NA,NA,NA,NA,NA,NA,NA,NA,N,4,0,1,2,A,-,03,22350,NA,N,C,C,A,A,H,-,A,A,0,NA,NA,NA,NA,Y,NA,A,01,0,0,1,0,0,0,0,0,0,-,-,NA,NA,ORANGE,ORANGE,-117.83624267578124,33.83456039428711
8598041,2018,2018-07-26,3001,2018-03-27,0648,A2453,NA,2,5,7,3001,0,0,0,NA,0,0D2,LEMON ST,RT 91,0,NA,Y,A,-,Y,ORA,12,91,-,-,3.644,R,4,W,Y,4,0,1,2,A,-,12,21453,A,N,D,C,A,A,H,-,A,A,0,NA,NA,NA,NA,Y,NA,A,07,0,0,1,0,0,0,0,0,0,-,NF,NA,NA,ORANGE,ANAHEIM,-117.91754913330078,33.85418701171875
8601422,2018,2018-11-21,3026,2018-01-28,1920,358,NA,7,5,6,3026,0,0,0,NA,0,00P,IRVINE BL,CLASSIC,17,E,N,A,-,N,NA,NA,NA,NA,NA,NA,NA,NA,NA,N,3,0,1,2,A,-,10,21950,A,N,G,B,B,A,H,-,C,A,0,Y,NA,NA,NA,Y,NA,A,01,0,1,0,0,1,0,0,0,0,-,-,NA,NA,ORANGE,IRVINE,-117.73990631103516,33.69961166381836
8603162,2018,2018-05-23,3004,2018-03-26,0538,P649,32,1,5,6,3004,0,0,0,NA,0,015,ANTON BL,AVENUE OF THE ARTS,0,NA,Y,A,-,N,NA,NA,NA,NA,NA,NA,NA,NA,NA,N,4,0,1,2,A,-,12,21453,A,N,D,C,A,A,H,-,C,A,0,NA,NA,NA,Y,Y,NA,F,27,0,0,1,0,0,0,0,0,0,-,-,33.69020080566406,-117.88089752197266,ORANGE,COSTA MESA,-117.8810577392578,33.690208435058594
8603342,2018,2018-05-04,3004,2018-04-23,1320,P459,03,1,5,6,3004,0,0,0,NA,0,006,EAST 17TH ST,SANTA ANA AV,10,W,N,A,-,N,NA,NA,NA,NA,NA,NA,NA,NA,NA,N,3,0,1,2,A,-,10,21950,A,N,G,B,B,A,H,-,A,A,0,Y,NA,NA,NA,Y,NA,A,01,0,1,0,0,1,0,0,0,0,-,-,33.37580108642578,-117.34549713134766,ORANGE,COSTA MESA,-117.91542816162108,33.63309860229492
8603556,2018,2018-05-08,3012,2018-04-09,1433,568,13,1,5,5,3012,0,0,0,NA,0,001,LA HABRA BL,DEXFORD ST,0,NA,Y,A,-,N,NA,NA,NA,NA,NA,NA,NA,NA,NA,N,4,0,1,2,A,-,12,21453,A,N,D,C,A,A,H,-,A,A,0,NA,NA,NA,NA,Y,NA,D,22,0,0,1,0,0,0,0,0,0,-,-,NA,NA,ORANGE,LA HABRA,-117.9732666015625,33.931861877441406
8605957,2018,2018-05-11,3000,2018-04-02,1452,5036,952B1,1,5,5,3028,0,0,0,NA,0,750,MARGUERITE PKWY,COLLEGE CENTER,0,NA,Y,B,-,N,NA,NA,NA,NA,NA,NA,NA,NA,NA,Y,3,0,1,2,A,-,12,21453,A,N,D,C,A,A,H,-,A,A,0,NA,NA,NA,NA,Y,NA,A,07,0,1,0,0,0,0,0,0,0,-,-,NA,NA,ORANGE,MISSION VIEJO,-117.6705322265625,33.55376052856445
8605984,2018,2018-05-14,3026,2018-04-23,1402,4779,UNIVE,1,5,6,3026,0,0,0,NA,0,001,HARVARD AV,MAIN ST,0,NA,Y,A,-,N,NA,NA,NA,NA,NA,NA,NA,NA,NA,Y,3,0,1,2,A,-,12,21453,A,N,D,C,A,A,H,-,A,A,0,NA,NA,NA,NA,Y,NA,A,08,0,1,0,0,0,0,0,0,0,-,-,33.67763900756836,-117.83119201660156,ORANGE,IRVINE,-117.83129119873048,33.6776008605957
8607763,2018,2018-05-18,3003,2018-04-24,1724,1080,NA,2,5,5,3003,0,0,0,NA,0,002,WESTERN AV,PACIFIC AV,0,NA,Y,A,-,N,NA,NA,NA,NA,NA,NA,NA,NA,NA,Y,4,0,2,3,A,-,09,21801,NA,N,D,C,A,A,H,-,A,D,0,NA,NA,NA,NA,Y,NA,A,01,0,0,2,0,0,0,0,0,0,-,-,NA,NA,ORANGE,BUENA PARK,-118.00272369384766,33.87908935546875
8607860,2018,2018-05-18,3010,2018-04-30,0852,1059,261,1,5,6,3010,0,0,0,NA,0,007,HEIL AV,GOTHARD ST,37,W,N,B,-,N,NA,NA,NA,NA,NA,NA,NA,NA,NA,Y,4,0,1,2,A,-,21,22106,NA,N,C,C,A,A,D,-,A,A,0,NA,NA,NA,NA,Y,NA,A,08,0,0,1,0,0,0,0,0,0,-,-,NA,NA,ORANGE,HUNTINGTON BEACH,-118.00025939941406,33.72285079956055
8609297,2018,2018-05-01,3007,2018-03-19,1800,302,37,1,5,5,3007,0,0,0,NA,0,002,EUCLID,WARNER,0,NA,Y,A,-,N,NA,NA,NA,NA,NA,NA,NA,NA,NA,N,4,0,3,2,A,-,09,21801,A,N,A,C,A,A,H,-,A,D,0,NA,NA,NA,NA,Y,NA,A,01,0,0,3,0,0,0,0,0,0,-,-,NA,NA,ORANGE,FOUNTAIN VALLEY,-117.93721771240234,33.716461181640625
8609304,2018,2018-05-01,3007,2018-03-10,0751,273,45,6,5,5,3007,0,0,0,NA,0,001,BROOKHURST,WARNER,0,NA,Y,C,-,N,NA,NA,NA,NA,NA,NA,NA,NA,NA,N,4,0,2,2,A,-,12,21453,A,N,D,C,A,B,H,-,A,A,0,NA,NA,NA,NA,Y,NA,A,01,0,0,2,0,0,0,0,0,0,-,-,NA,NA,ORANGE,FOUNTAIN VALLEY,-117.95458984375,33.716339111328125
8610135,2018,2018-05-07,3000,2018-03-17,0331,9134,971H3,6,5,4,3029,0,0,0,NA,0,434,GOLDEN LANTERN,JEREMIAH DR,25,N,N,C,-,N,NA,NA,NA,NA,NA,NA,NA,NA,NA,Y,4,0,1,1,A,-,03,22350,NA,N,F,A,A,B,H,-,C,D,0,NA,NA,Y,NA,Y,NA,C,02,0,0,1,0,0,0,0,0,1,-,-,NA,NA,ORANGE,DANA POINT,-117.6981201171875,33.48598861694336
8612277,2018,2018-04-27,3005,2018-04-05,1618,8233,C15,4,5,4,3005,0,0,0,NA,0,001,MOODY ST,NEWMAN AV,37,S,N,B,-,N,NA,NA,NA,NA,NA,NA,NA,NA,NA,Y,4,0,3,3,A,-,03,22350,NA,N,C,C,A,A,H,-,A,D,0,NA,NA,NA,NA,Y,NA,A,01,0,0,3,0,0,0,0,0,0,-,-,NA,NA,ORANGE,CYPRESS,-118.04576873779295,33.82727813720703
8615026,2018,2018-05-01,3019,2018-03-30,0230,3398,NE,5,5,7,3019,0,0,0,NA,0,NA,SANTIAGO AV,CIVIC CENTER DR,5,S,N,A,-,N,NA,NA,NA,NA,NA,NA,NA,NA,NA,Y,2,0,1,1,A,-,08,22107,NA,N,E,I,A,A,H,-,C,D,0,NA,NA,NA,NA,Y,NA,A,01,1,0,0,0,0,0,0,0,0,-,-,33.75360870361328,-117.85871887207033,ORANGE,SANTA ANA,-117.858642578125,33.753509521484375
8616892,2018,2018-05-18,3010,2018-05-01,1652,1208,436,2,5,6,3010,0,0,0,NA,0,003,BROOKHURST,ADAMS,220,N,N,A,-,N,NA,NA,NA,NA,NA,NA,NA,NA,NA,N,4,0,1,2,A,-,05,21650,1,N,D,G,A,A,H,-,A,D,0,NA,Y,NA,NA,Y,NA,L,04,0,0,1,0,0,0,1,0,0,-,-,NA,NA,ORANGE,HUNTINGTON BEACH,-117.95397186279295,33.67305374145508
8619833,2018,2018-05-29,3002,2018-05-14,1329,1447,NA,1,5,4,3002,0,0,0,NA,0,014,BREA BL,ELM ST,208,S,N,A,-,N,NA,NA,NA,NA,NA,NA,NA,NA,NA,N,4,0,2,2,A,-,03,22350,NA,N,C,C,A,A,H,-,A,A,0,NA,NA,NA,NA,Y,NA,A,01,0,0,2,0,0,0,0,0,0,-,-,NA,NA,ORANGE,BREA,-117.90247344970705,33.9126091003418
8621923,2018,2018-05-29,3019,2018-05-04,0939,3196,WE,5,5,7,3019,0,0,0,NA,0,001,RAITT ST,1ST ST,0,NA,Y,A,-,N,NA,NA,NA,NA,NA,NA,NA,NA,NA,N,4,0,1,2,A,-,05,21650,1,N,H,G,A,A,H,-,A,A,0,NA,Y,NA,NA,Y,NA,L,04,0,0,1,0,0,0,1,0,0,-,-,33.74530029296875,-117.89309692382813,ORANGE,SANTA ANA,-117.89315032958984,33.745399475097656
8623054,2018,2018-05-30,3004,2018-04-17,1400,P542,27,2,5,6,3004,0,0,0,NA,0,004,HARBOR BL,SCENIC AV,0,NA,Y,A,-,N,NA,NA,NA,NA,NA,NA,NA,NA,NA,Y,4,0,2,2,A,-,12,21453,A,N,D,C,A,A,H,-,A,A,0,NA,NA,NA,NA,Y,NA,A,01,0,0,2,0,0,0,0,0,0,-,-,33.69820022583008,-117.91940307617188,ORANGE,COSTA MESA,-117.91960906982422,33.69919967651367
8623866,2018,2018-05-21,3002,2018-04-05,2008,1676,NA,4,5,4,3002,0,0,0,NA,0,011,BREA BL,LAMBERT RD,20,N,N,A,-,N,NA,NA,NA,NA,NA,NA,NA,NA,NA,N,4,0,1,2,D,-,00,NA,NA,N,C,C,A,A,H,-,A,A,0,NA,NA,NA,NA,Y,NA,-,-,0,0,1,0,0,0,0,0,0,-,-,NA,NA,ORANGE,BREA,-117.89582061767578,33.924930572509766
8625550,2018,2018-05-30,3019,2018-05-03,1300,3295,SE,4,5,7,3019,0,0,0,NA,0,003,ALTON AV,HALLADAY ST,50,W,N,A,-,N,NA,NA,NA,NA,NA,NA,NA,NA,NA,N,4,0,1,2,A,-,09,21804,A,N,D,C,A,A,H,-,A,D,0,NA,NA,NA,NA,Y,NA,A,01,0,0,1,0,0,0,0,0,0,-,-,33.70505905151367,-117.86006927490234,ORANGE,SANTA ANA,-117.86073303222656,33.704978942871094
8627527,2018,2018-06-05,3002,2018-05-04,0337,9120,739J3,5,5,5,3025,0,0,0,NA,0,001,IMPERIAL HWY,BASTANCHURY RD,0,NA,Y,A,-,N,NA,NA,NA,NA,NA,NA,NA,NA,NA,Y,3,0,2,2,A,-,12,21453,A,N,C,A,A,A,A,H,C,D,0,NA,NA,NA,NA,Y,NA,A,01,0,1,1,0,0,0,0,0,0,-,-,NA,NA,ORANGE,YORBA LINDA,-117.831521,33.899294
8628392,2018,2018-06-11,3000,2018-03-31,1737,5163,951J1,6,5,5,3040,0,0,0,NA,0,743,RANCHO NIGUEL RD,GREENFIELD DR,29,W,N,A,-,N,NA,NA,NA,NA,NA,NA,NA,NA,NA,Y,4,0,1,3,A,-,01,23152,G,N,C,C,A,A,H,-,A,A,0,NA,NA,NA,NA,Y,Y,A,01,0,0,1,0,0,0,0,0,0,-,-,NA,NA,ORANGE,LAGUNA NIGUEL,-117.68635559082033,33.555206298828125
8629462,2018,2018-07-30,3004,2018-04-28,1759,P659,12,6,5,6,3004,0,0,0,NA,0,015,FAIRVIEW RD,NEWPORT BL,0,NA,Y,A,-,N,NA,NA,NA,NA,NA,NA,NA,NA,NA,N,4,0,1,2,A,-,12,21453,A,N,D,C,A,A,H,-,B,A,0,NA,NA,NA,NA,Y,NA,A,01,0,0,1,0,0,0,0,0,0,-,-,33.66347122192383,-117.89807891845705,ORANGE,COSTA MESA,-117.90779113769533,33.65205001831055
8631140,2018,2018-06-07,3019,2018-05-10,1508,2776,SE,4,5,7,3019,0,0,0,NA,0,003,MAIN ST,HOBART ST,0,NA,Y,A,-,N,NA,NA,NA,NA,NA,NA,NA,NA,NA,N,4,0,1,2,A,-,09,21801,A,N,D,C,A,A,H,-,A,D,0,NA,NA,NA,NA,Y,NA,A,01,0,0,1,0,0,0,0,0,0,-,-,33.72972869873047,-117.86784362792967,ORANGE,SANTA ANA,-117.86778259277344,33.729820251464844
8638368,2018,2018-06-19,3013,2018-05-24,2221,172,L05,4,5,3,3013,0,0,0,NA,0,004,LOS ALAMITOS BL,CERRITOS AV,0,NA,Y,C,-,N,NA,NA,NA,NA,NA,NA,NA,NA,NA,Y,4,0,1,1,A,-,03,22350,NA,N,H,A,A,B,H,-,C,A,0,NA,NA,Y,NA,Y,NA,C,02,0,0,1,0,0,0,0,0,1,-,-,NA,NA,ORANGE,LOS ALAMITOS,-118.07186126708984,33.81037902832031
8638589,2018,2018-06-20,3009,2018-05-30,2040,4021,165,3,5,6,3009,0,0,0,NA,0,022,FAIRVIEW ST,GARDEN GROVE BL,0,NA,Y,A,-,N,NA,NA,NA,NA,NA,NA,NA,NA,NA,Y,3,0,1,2,A,-,05,21651,A,N,D,C,A,A,H,-,C,A,0,NA,NA,NA,NA,Y,NA,A,07,0,1,0,0,0,0,0,0,0,-,-,NA,NA,ORANGE,GARDEN GROVE,-117.90303802490234,33.77452087402344
8639052,2018,2018-10-23,3012,2018-05-30,0639,653,48,3,5,5,3012,0,0,0,NA,0,004,IMPERIAL HWY,LAKEVIEW,0,NA,Y,B,-,Y,ORA,12,90,-,-,2.121,I,6,E,Y,3,0,1,1,A,-,03,22350,NA,N,-,I,A,B,H,-,A,A,0,NA,NA,NA,NA,Y,NA,A,01,0,1,0,0,0,0,0,0,0,-,-,NA,NA,ORANGE,LA HABRA,-117.9397430419922,33.91727828979492
8640270,2018,2018-07-19,3000,2018-05-13,2311,8948,992H4,7,5,5,3017,0,0,0,NA,0,475,NORTH EL CAMINO REAL,MARIPOSA,0,NA,Y,A,-,N,NA,NA,NA,NA,NA,NA,NA,NA,NA,Y,4,0,1,3,A,-,01,23152,A,N,C,C,A,A,H,-,C,A,0,NA,NA,NA,NA,Y,Y,A,01,0,0,1,0,0,0,0,0,0,-,-,NA,NA,ORANGE,SAN CLEMENTE,-117.61802673339844,33.43019104003906
8642558,2018,2018-06-29,3015,2018-06-08,1254,1419,13N,5,5,6,3015,0,0,0,NA,0,722,S TUSTIN ST,EAST CHAPMAN AV,530,S,N,A,-,N,NA,NA,NA,NA,NA,NA,NA,NA,NA,N,4,0,2,2,A,-,09,21804,A,N,D,C,A,A,H,-,A,D,0,NA,NA,NA,NA,Y,NA,A,01,0,0,2,0,0,0,0,0,0,-,-,NA,NA,ORANGE,ORANGE,-117.8357391357422,33.786376953125
8646706,2018,2018-07-05,3007,2018-06-15,1127,305,17,5,5,5,3007,0,0,0,NA,0,002,EUCLID,EDINGER,0,NA,Y,A,-,N,NA,NA,NA,NA,NA,NA,NA,NA,NA,N,4,0,1,2,A,-,09,21804,A,N,D,C,A,A,H,-,A,A,0,NA,NA,NA,NA,Y,NA,A,01,0,0,1,0,0,0,0,0,0,-,-,NA,NA,ORANGE,FOUNTAIN VALLEY,-117.93737030029295,33.730979919433594
8648487,2018,2020-05-22,3001,2018-09-20,2216,415,NA,4,5,7,3001,0,0,0,NA,0,0D2,WEST LA PALMA AV,N CITRON ST,507,E,N,A,-,N,NA,NA,NA,NA,NA,NA,NA,NA,NA,Y,1,1,0,4,A,-,11,21955,NA,N,G,B,D,A,H,-,C,D,0,Y,NA,NA,Y,Y,NA,N,60,0,0,0,1,0,0,0,0,0,-,-,NA,NA,ORANGE,ANAHEIM,-117.9269561767578,33.8471794128418
8654491,2018,2018-07-13,3000,2018-06-04,0736,5377,951F2,1,5,5,3040,0,0,0,NA,0,741,HIGHLANDS,ALICIA PKWY,28,W,N,B,-,N,NA,NA,NA,NA,NA,NA,NA,NA,NA,Y,3,0,2,4,A,-,08,22107,NA,N,E,I,A,A,H,-,A,A,0,NA,NA,NA,NA,Y,NA,A,07,0,1,1,0,0,0,0,0,0,-,-,NA,NA,ORANGE,LAGUNA NIGUEL,-117.7150650024414,33.54176712036133
8655531,2018,2018-07-06,3000,2018-06-10,1654,9704,922C7,7,5,5,3028,0,0,0,NA,0,754,MARGUERITE PKWY,CENTER DR,494,S,N,A,-,N,NA,NA,NA,NA,NA,NA,NA,NA,NA,Y,3,0,1,1,A,-,01,23152,A,N,E,I,A,A,H,-,A,D,0,NA,NA,NA,NA,Y,Y,A,01,0,1,0,0,0,0,0,0,0,-,-,NA,NA,ORANGE,MISSION VIEJO,-117.6590576171875,33.559783935546875
8655574,2018,2018-07-10,3009,2018-06-11,1314,3972,116,1,5,6,3009,0,0,0,NA,0,2-3,WESTMINSTER AV,FERNWOOD DR,0,NA,Y,A,-,N,NA,NA,NA,NA,NA,NA,NA,NA,NA,Y,4,0,1,2,A,-,09,21804,A,N,D,C,A,A,H,-,A,D,0,NA,NA,NA,NA,Y,NA,A,01,0,0,1,0,0,0,0,0,0,-,-,NA,NA,ORANGE,GARDEN GROVE,-117.93939971923828,33.759681701660156
8656188,2018,2018-07-23,3002,2018-07-07,1547,1674,NA,6,5,4,3002,0,0,0,NA,0,012,SATURN ST,KRAEMER BL,27,E,N,B,-,N,NA,NA,NA,NA,NA,NA,NA,NA,NA,Y,3,0,2,2,A,-,01,23152,A,F,D,C,A,A,H,-,A,A,0,NA,NA,NA,NA,Y,Y,A,01,0,2,0,0,0,0,0,0,0,-,-,NA,NA,ORANGE,BREA,-117.86375427246094,33.90855407714844
8658582,2018,2018-07-13,3015,2018-06-22,1920,1541,184,5,5,6,3015,0,0,0,NA,0,331,SANTIAGO CANYON RD,JAMBOREE RD,2525,E,N,A,-,N,NA,NA,NA,NA,NA,NA,NA,NA,NA,Y,3,0,1,1,A,-,03,22350,NA,N,E,J,A,A,G,-,A,A,0,NA,NA,Y,NA,Y,NA,C,02,0,1,0,0,0,0,0,0,1,-,-,NA,NA,ORANGE,ORANGE,-117.7542724609375,33.78868103027344
8663414,2018,2018-08-27,3022,2018-07-03,2057,1029,NORTH,2,5,5,3022,0,0,0,NA,0,004,RED HILL AV,SAN JUAN ST,19,S,N,A,-,N,NA,NA,NA,NA,NA,NA,NA,NA,NA,Y,3,0,3,2,A,-,09,21801,A,N,D,C,A,A,H,-,C,A,0,NA,NA,NA,NA,Y,NA,A,01,0,3,0,0,0,0,0,0,0,-,-,33.7364501953125,-117.8126220703125,ORANGE,TUSTIN,-117.8126983642578,33.73624801635742
8663463,2018,2018-07-20,3006,2018-06-24,1120,329,4,7,5,3,3006,0,0,0,NA,0,001,MOODY,ORANGETHORPE,0,NA,Y,A,-,N,NA,NA,NA,NA,NA,NA,NA,NA,NA,N,4,0,1,2,A,-,03,22350,NA,N,C,C,A,A,H,-,A,A,0,NA,NA,NA,NA,Y,NA,A,01,0,0,1,0,0,0,0,0,0,-,-,NA,NA,ORANGE,LA PALMA,-118.04621887207033,33.8586311340332
8666913,2017,2018-07-30,3008,2017-12-31,2144,1476,NA,7,5,6,3008,0,0,0,NA,0,022,EUCLID ST,RT 91,0,NA,Y,A,-,Y,ORA,12,91,-,-,2.39,R,1,W,Y,4,0,3,3,A,-,12,21453,A,N,D,C,A,A,H,-,C,A,0,NA,NA,NA,NA,Y,NA,A,07,0,0,3,0,0,0,0,0,0,-,WF,NA,NA,ORANGE,FULLERTON,-117.93933875,33.85423367
8667059,2018,2018-08-14,3008,2018-06-06,0923,1147,NA,3,5,6,3008,0,0,0,NA,0,Z-3,NUTWOOD AV,RT 57,0,NA,Y,A,-,Y,ORA,12,57,-,-,17.413,R,4,N,Y,3,0,1,2,D,-,00,NA,NA,N,D,C,A,A,H,-,A,A,0,NA,NA,NA,NA,Y,NA,-,-,0,1,0,0,0,0,0,0,0,-,NF,NA,NA,ORANGE,FULLERTON,-117.88022613525392,33.875526428222656
8667324,2018,2018-10-29,3014,2018-07-03,2014,1510,RD25,2,5,5,3014,0,0,0,NA,0,0A2,OLD NEWPORT BL,RT 55,0,NA,Y,A,-,Y,ORA,12,55,-,-,0.48,I,6,N,N,4,0,1,2,A,-,11,21954,A,N,G,B,D,A,H,-,B,D,0,Y,NA,NA,NA,Y,NA,N,60,0,0,1,0,1,0,0,0,0,-,-,33.62200164794922,-117.93150329589844,ORANGE,NEWPORT BEACH,-117.9283447265625,33.624027252197266
8669801,2018,2018-08-16,3026,2018-06-18,1107,518,CROSS,1,5,6,3026,0,0,0,NA,0,004,CULVER DR,IRVINE CENTER DR,823,S,N,B,-,N,NA,NA,NA,NA,NA,NA,NA,NA,NA,Y,3,0,1,2,A,-,03,22350,NA,N,C,C,A,A,H,-,A,D,0,NA,NA,NA,Y,Y,NA,A,01,0,1,0,0,0,0,0,0,0,-,-,33.693580627441406,-117.79888153076172,ORANGE,IRVINE,-117.80071258544922,33.691802978515625
8674755,2017,2018-08-20,3008,2017-12-20,1815,1548,ZONE3,3,5,6,3008,0,0,0,NA,0,NA,YORBA LINDA BL,DEERPARK DR,24,W,N,B,-,N,NA,NA,NA,NA,NA,NA,NA,NA,NA,N,3,0,1,2,A,-,10,21950,A,N,G,B,B,A,H,-,C,A,0,Y,NA,NA,NA,Y,NA,A,01,0,1,0,0,1,0,0,0,0,-,-,NA,NA,ORANGE,FULLERTON,-117.87696887,33.8891114
8675493,2017,2018-08-16,3008,2017-10-27,1859,1553,NA,5,5,6,3008,0,0,0,NA,0,002,EAST ORANGETHORPE AV,POMONA AV,0,NA,Y,A,-,N,NA,NA,NA,NA,NA,NA,NA,NA,NA,N,3,0,2,3,A,-,09,21801,A,M,D,C,A,A,H,-,C,A,0,NA,NA,NA,NA,Y,NA,D,22,0,1,1,0,0,0,0,0,0,-,-,NA,NA,ORANGE,FULLERTON,-117.92203008,33.85955004
8676497,2018,2018-10-29,3004,2018-07-09,1535,P640,02,1,5,6,3004,0,0,0,NA,0,015,INDUSTRIAL WY,NEWPORT BL,126,W,N,A,-,Y,ORA,12,55,-,-,1.001,I,6,S,N,4,0,1,2,A,-,09,21804,A,N,H,G,A,A,H,-,A,D,0,NA,Y,NA,NA,Y,NA,A,01,0,0,1,0,0,0,1,0,0,-,-,33.63140106201172,-117.92559814453124,ORANGE,COSTA MESA,-117.92506408691406,33.63096237182617
8678605,2018,2019-01-08,3014,2018-08-22,1450,1435,RD17,3,5,5,3014,0,0,0,NA,0,0A2,RT 1,ORANGE ST,275,E,N,A,-,Y,ORA,12,1,-,-,21.22,H,-,N,Y,4,0,1,3,A,-,03,22350,NA,N,C,C,A,A,H,-,A,D,0,NA,NA,NA,NA,Y,NA,D,22,0,0,1,0,0,0,0,0,0,-,-,33.62779998779297,-117.95149993896484,ORANGE,NEWPORT BEACH,-117.9517059326172,33.627899169921875