CASE_ID,ACCIDENT_YEAR,PROC_DATE,JURIS,COLLISION_DATE,COLLISION_TIME,OFFICER_ID,REPORTING_DISTRICT,DAY_OF_WEEK,CHP_SHIFT,POPULATION,CNTY_CITY_LOC,SPECIAL_COND,BEAT_TYPE,CHP_BEAT_TYPE,CITY_DIVISION_LAPD,CHP_BEAT_CLASS,BEAT_NUMBER,PRIMARY_RD,SECONDARY_RD,DISTANCE,DIRECTION,INTERSECTION,WEATHER_1,WEATHER_2,STATE_HWY_IND,CALTRANS_COUNTY,CALTRANS_DISTRICT,STATE_ROUTE,ROUTE_SUFFIX,POSTMILE_PREFIX,POSTMILE,LOCATION_TYPE,RAMP_INTERSECTION,SIDE_OF_HWY,TOW_AWAY,COLLISION_SEVERITY,NUMBER_KILLED,NUMBER_INJURED,PARTY_COUNT,PRIMARY_COLL_FACTOR,PCF_CODE_OF_VIOL,PCF_VIOL_CATEGORY,PCF_VIOLATION,PCF_VIOL_SUBSECTION,HIT_AND_RUN,TYPE_OF_COLLISION,MVIW,PED_ACTION,ROAD_SURFACE,ROAD_COND_1,ROAD_COND_2,LIGHTING,CONTROL_DEVICE,CHP_ROAD_TYPE,PEDESTRIAN_ACCIDENT,BICYCLE_ACCIDENT,MOTORCYCLE_ACCIDENT,TRUCK_ACCIDENT,NOT_PRIVATE_PROPERTY,ALCOHOL_INVOLVED,STWD_VEHTYPE_AT_FAULT,CHP_VEHTYPE_AT_FAULT,COUNT_SEVERE_INJ,COUNT_VISIBLE_INJ,COUNT_COMPLAINT_PAIN,COUNT_PED_KILLED,COUNT_PED_INJURED,COUNT_BICYCLIST_KILLED,COUNT_BICYCLIST_INJURED,COUNT_MC_KILLED,COUNT_MC_INJURED,PRIMARY_RAMP,SECONDARY_RAMP,LATITUDE,LONGITUDE,COUNTY,CITY,POINT_X,POINT_Y
8817917,2019,2019-03-22,3024,2019-03-03,1339,4409,P43,7,5,5,3024,0,0,0,NA,0,EAST,MAGNOLIA ST,HEIL AV,285,N,N,A,-,N,NA,NA,NA,NA,NA,NA,NA,NA,NA,Y,3,0,4,3,A,-,09,21801,A,N,D,C,A,A,H,-,A,A,0,NA,NA,NA,NA,Y,NA,A,01,0,2,2,0,0,0,0,0,0,-,-,33.723060607910156,-117.91795349121094,ORANGE,WESTMINSTER,-117.97197723388672,33.723819732666016
8820580,2019,2019-06-20,3002,2019-02-28,1912,1678,NA,4,5,4,3002,0,0,0,NA,0,013,BIRCH ST,VALENCIA AV,0,NA,Y,A,-,Y,ORA,12,142,-,-,1.41,I,5,E,Y,4,0,2,2,A,-,09,21453,C,N,B,C,A,A,H,-,C,A,0,NA,NA,NA,NA,Y,NA,A,07,0,0,2,0,0,0,0,0,0,-,-,NA,NA,ORANGE,BREA,-117.84786987304688,33.918365478515625
8823067,2019,2019-04-03,3022,2019-03-05,1722,1340,NA,2,5,5,3022,0,0,0,NA,0,NA,1ST ST,MOUNTAIN VIEW DR,13,E,N,B,C,N,NA,NA,NA,NA,NA,NA,NA,NA,NA,N,4,0,1,3,A,-,03,22350,NA,N,C,C,A,B,H,-,B,A,0,NA,NA,NA,NA,Y,NA,A,01,0,0,1,0,0,0,0,0,0,-,-,33.7457389831543,-117.82917785644533,ORANGE,TUSTIN,-117.8292236328125,33.74576187133789
8826387,2019,2019-07-08,3010,2019-03-16,1423,3042,461,6,5,6,3010,0,0,0,NA,0,004,RT 1,7TH ST,0,NA,Y,A,-,Y,ORA,12,1,-,-,24.901,I,5,N,N,3,0,1,2,A,-,06,21760,B,N,D,G,A,A,H,-,A,D,0,NA,Y,NA,NA,Y,NA,A,07,0,1,0,0,0,0,1,0,0,-,-,NA,NA,ORANGE,HUNTINGTON BEACH,-118.00431060791016,33.658851623535156
8826741,2019,2019-05-01,3010,2019-03-18,1405,3820,281,1,5,6,3010,0,0,0,NA,0,006,GOTHARD,SLATER,0,NA,Y,A,-,N,NA,NA,NA,NA,NA,NA,NA,NA,NA,Y,4,0,2,2,A,-,12,21453,A,N,D,C,A,A,H,-,A,A,0,NA,NA,NA,NA,Y,NA,A,07,0,0,2,0,0,0,0,0,0,-,-,NA,NA,ORANGE,HUNTINGTON BEACH,-117.99996185302734,33.708351135253906
8826765,2019,2019-06-20,3010,2019-03-08,0810,1080,349,5,5,6,3010,0,0,0,NA,0,00R,RT 1,18TH ST,0,NA,Y,B,-,Y,ORA,12,1,-,-,25.591,I,5,S,N,3,0,1,2,A,-,10,21954,B,N,G,B,D,A,H,-,A,D,0,Y,NA,NA,NA,Y,NA,N,60,0,1,0,0,1,0,0,0,0,-,-,NA,NA,ORANGE,HUNTINGTON BEACH,-118.01344299316406,33.665367126464844
8827060,2019,2019-03-28,3001,2019-03-09,1603,2373,02,6,5,7,3001,0,0,0,NA,0,026,EAST MIRA LOMA AV,E BELMONT CT,0,NA,Y,A,-,N,NA,NA,NA,NA,NA,NA,NA,NA,NA,Y,2,0,1,1,A,-,08,22107,NA,N,E,I,A,A,H,-,A,D,0,NA,NA,NA,NA,Y,NA,A,01,1,0,0,0,0,0,0,0,0,-,-,NA,NA,ORANGE,ANAHEIM,-117.88047790527344,33.848018646240234
8827072,2019,2019-03-28,3001,2019-03-14,1647,1410,NA,4,5,7,3001,0,0,0,NA,0,D-1,WEST BROADWAY,SOUTH MAGNOLIA AV,0,NA,Y,A,-,N,NA,NA,NA,NA,NA,NA,NA,NA,NA,Y,4,0,1,2,A,-,09,21801,A,N,D,C,A,A,H,-,A,A,0,NA,NA,NA,NA,Y,NA,A,01,0,0,1,0,0,0,0,0,0,-,-,NA,NA,ORANGE,ANAHEIM,-117.97595977783205,33.82857894897461
8827080,2019,2019-03-29,3001,2019-03-07,0727,1032,NA,4,5,7,3001,0,0,0,NA,0,0D3,EAST BALL RD,S ALLEC ST,16,E,N,B,-,N,NA,NA,NA,NA,NA,NA,NA,NA,NA,N,4,0,1,2,A,-,03,22350,NA,N,C,C,A,A,H,-,A,D,0,NA,NA,NA,NA,Y,NA,A,07,0,0,1,0,0,0,0,0,0,-,-,NA,NA,ORANGE,ANAHEIM,-117.90291595458984,33.81808853149414
8827205,2019,2019-03-28,3001,2019-03-05,0804,1032,NA,2,5,7,3001,0,0,0,NA,0,0D4,NORTH KELLOGG DR,CRESTHILL ST,117,S,N,A,-,N,NA,NA,NA,NA,NA,NA,NA,NA,NA,N,4,0,1,2,A,-,09,21801,A,N,D,C,A,A,H,-,A,D,0,NA,NA,NA,NA,Y,NA,A,07,0,0,1,0,0,0,0,0,0,-,-,NA,NA,ORANGE,ANAHEIM,-117.80381011962892,33.87137222290039
8832375,2019,2019-04-03,3001,2019-03-09,1353,1007,NA,6,5,7,3001,0,0,0,NA,0,002,NORTH,CLEMENTINE ST,23,E,N,A,-,N,NA,NA,NA,NA,NA,NA,NA,NA,NA,Y,4,0,1,2,A,-,09,21801,A,M,D,C,A,A,H,-,A,D,0,NA,NA,NA,NA,Y,Y,A,07,0,0,1,0,0,0,0,0,0,-,-,NA,NA,ORANGE,ANAHEIM,-117.91990661621094,33.843536376953125
8833109,2019,2019-04-10,3022,2019-02-22,1822,1323,NORTH,5,5,5,3022,0,0,0,NA,0,001,NEWPORT AV,1ST ST,340,S,N,A,-,N,NA,NA,NA,NA,NA,NA,NA,NA,NA,Y,4,0,1,2,A,-,08,22107,NA,N,B,C,A,A,H,-,C,D,0,NA,NA,NA,NA,Y,NA,A,01,0,0,1,0,0,0,0,0,0,-,-,33.745601654052734,-117.814697265625,ORANGE,TUSTIN,-117.81549835205078,33.744747161865234
8838804,2019,2019-04-11,3014,2019-03-22,1533,1462,RD34,5,5,5,3014,0,0,0,NA,0,0A3,VON KARMAN AV,BIRCH ST,0,NA,Y,A,-,N,NA,NA,NA,NA,NA,NA,NA,NA,NA,N,4,0,2,2,A,-,03,22350,NA,N,D,C,A,A,H,-,A,A,0,NA,NA,NA,NA,Y,NA,A,01,0,0,2,0,0,0,0,0,0,-,-,33.667701721191406,-117.86100006103516,ORANGE,NEWPORT BEACH,-117.86107635498048,33.66777038574219
8841500,2019,2019-04-19,3006,2019-03-06,1952,321,42,3,5,3,3006,0,0,0,NA,0,002,CRESCENT,MOODY,0,NA,Y,C,-,N,NA,NA,NA,NA,NA,NA,NA,NA,NA,Y,4,0,1,2,D,-,00,NA,NA,N,D,C,A,B,H,-,C,A,0,NA,NA,NA,NA,Y,NA,-,-,0,0,1,0,0,0,0,0,0,-,-,NA,NA,ORANGE,LA PALMA,-118.04596710205078,33.83898162841797
8841643,2019,2019-07-18,3004,2019-02-23,0120,P669,33,6,5,6,3004,0,0,0,NA,0,005,BRISTOL ST,RT 405,0,NA,Y,B,-,Y,ORA,12,405,-,-,9.341,R,4,N,Y,4,0,3,2,A,-,01,23152,A,N,C,C,A,A,H,-,C,A,0,NA,NA,NA,NA,Y,Y,A,01,0,0,3,0,0,0,0,0,0,-,NF,33.688899993896484,-117.88559722900392,ORANGE,COSTA MESA,-117.88266754150392,33.68750762939453
8841865,2019,2019-04-18,3015,2019-03-30,1322,1507,55E,6,5,6,3015,0,0,0,NA,0,721,EAST KATELLA AV,N CALIFORNIA ST,255,E,N,A,-,N,NA,NA,NA,NA,NA,NA,NA,NA,NA,Y,4,0,3,3,A,-,09,21801,A,N,D,C,A,A,H,-,A,D,0,NA,NA,NA,NA,Y,NA,A,01,0,0,3,0,0,0,0,0,0,-,-,NA,NA,ORANGE,ORANGE,-117.8396453857422,33.80916976928711
8844552,2019,2019-04-26,3009,2019-04-08,2318,3819,118,1,5,6,3009,0,0,0,NA,0,023,WARD ST,STERN AV,93,S,N,A,-,N,NA,NA,NA,NA,NA,NA,NA,NA,NA,N,3,0,1,2,A,-,11,21954,A,N,B,B,D,A,H,-,C,D,0,Y,NA,NA,NA,Y,Y,N,60,0,1,0,0,1,0,0,0,0,-,-,NA,NA,ORANGE,GARDEN GROVE,-117.94615936279295,33.74587631225586
8846803,2019,2019-12-12,3004,2019-05-07,1839,P459,11,2,5,6,3004,0,0,0,NA,0,002,NEWPORT DR,WEST 19TH ST,110,N,N,A,-,Y,ORA,12,55,-,-,2.04,H,-,S,N,4,0,1,2,A,-,01,23152,A,N,C,C,A,A,H,-,A,A,0,NA,NA,NA,NA,Y,NA,A,01,0,0,1,0,0,0,0,0,0,-,-,33.643280029296875,-117.94288635253906,ORANGE,COSTA MESA,-117.9163818359375,33.6435432434082
8847696,2019,2019-05-17,3015,2019-04-04,1428,1098,14,4,5,6,3015,0,0,0,NA,0,731,E FAIRHAVEN AV,S YORBA ST,0,NA,Y,B,-,N,NA,NA,NA,NA,NA,NA,NA,NA,NA,N,2,0,2,2,A,-,12,21453,A,N,D,C,A,A,H,-,A,A,0,NA,NA,NA,NA,Y,NA,A,01,1,0,1,0,0,0,0,0,0,-,-,NA,NA,ORANGE,ORANGE,-117.82707214355467,33.773231506347656
8848009,2019,2019-04-29,3001,2019-03-27,1723,A2092,2,3,5,7,3001,0,0,0,NA,0,026,LA PALMA AV,SUNKIST ST,50,W,N,A,-,N,NA,NA,NA,NA,NA,NA,NA,NA,NA,Y,4,0,1,2,A,-,03,22350,NA,N,C,C,A,A,H,-,A,A,0,NA,NA,NA,NA,Y,NA,A,01,0,0,1,0,0,0,0,0,0,-,-,NA,NA,ORANGE,ANAHEIM,-117.880615234375,33.84727096557617
8848434,2019,2019-04-26,3012,2019-03-05,1655,501,NA,2,5,5,3012,0,0,0,NA,0,0SW,CAJON DR,GREENBRIER LN,0,NA,Y,A,-,N,NA,NA,NA,NA,NA,NA,NA,NA,NA,N,3,0,1,2,A,-,11,21954,A,N,G,B,E,A,H,-,A,A,0,Y,NA,NA,NA,Y,NA,N,60,0,1,0,0,1,0,0,0,0,-,-,NA,NA,ORANGE,LA HABRA,-117.97199249267578,33.91796112060547
8850710,2019,2019-04-30,3001,2019-01-28,0741,A1740,NA,1,5,7,3001,0,0,0,NA,0,0D1,WEST BALL RD,MACDUFF ST,50,E,N,A,B,N,NA,NA,NA,NA,NA,NA,NA,NA,NA,N,3,0,4,3,A,-,03,22350,NA,N,C,C,A,A,H,-,A,D,0,NA,NA,NA,NA,Y,NA,A,07,0,1,3,0,0,0,0,0,0,-,-,NA,NA,ORANGE,ANAHEIM,-117.9814224243164,33.817543029785156
8852459,2019,2019-05-06,3003,2019-04-30,1530,1200,NA,2,5,5,3003,0,0,0,NA,0,005,LINCOLN AV,LAUREL GATE,0,NA,Y,A,-,N,NA,NA,NA,NA,NA,NA,NA,NA,NA,N,3,0,1,2,A,-,05,21650,1,N,D,G,A,A,H,-,A,D,0,NA,Y,NA,NA,Y,NA,L,04,0,1,0,0,0,0,1,0,0,-,-,33.83209991455078,-118.0166015625,ORANGE,BUENA PARK,-118.01657104492188,33.8319206237793
8854099,2019,2019-05-13,3022,2019-04-13,2241,1281,NA,6,5,5,3022,0,0,0,NA,0,NA,JAMBOREE RD,EL CAMINO REAL,0,NA,Y,A,-,N,NA,NA,NA,NA,NA,NA,NA,NA,NA,Y,3,0,1,2,A,-,12,21453,A,N,D,C,A,A,H,-,C,A,0,NA,NA,NA,NA,Y,NA,A,01,0,1,0,0,0,0,0,0,0,-,-,33.7223014831543,-117.79216766357422,ORANGE,TUSTIN,-117.79248809814452,33.7224006652832
8856897,2019,2019-05-08,3010,2019-04-16,1543,1160,435,2,5,6,3010,0,0,0,NA,0,003,YORKTOWN,MAGNOLIA,0,NA,Y,A,-,N,NA,NA,NA,NA,NA,NA,NA,NA,NA,Y,4,0,1,2,A,-,01,23152,A,N,D,C,A,A,H,-,A,A,0,NA,NA,NA,NA,Y,Y,A,01,0,0,1,0,0,0,0,0,0,-,-,NA,NA,ORANGE,HUNTINGTON BEACH,-117.97132873535156,33.67947006225586
8857053,2019,2019-05-14,3007,2019-04-05,2358,309,NA,5,5,5,3007,0,0,0,NA,0,002,HARBOR,LILAC,553,S,N,A,-,N,NA,NA,NA,NA,NA,NA,NA,NA,NA,N,2,0,5,1,A,-,01,23153,F,N,A,I,A,A,H,-,C,A,0,NA,NA,NA,NA,Y,NA,A,01,1,2,2,0,0,0,0,0,0,-,-,NA,NA,ORANGE,FOUNTAIN VALLEY,-117.9199676513672,33.72947311401367
8857350,2019,2019-05-10,3004,2019-04-24,0934,P648,04,3,5,6,3004,0,0,0,NA,0,006,17TH ST,RAYMOND AV,195,E,N,A,-,N,NA,NA,NA,NA,NA,NA,NA,NA,NA,N,4,0,1,2,A,-,06,21755,A,N,B,C,A,A,H,-,A,D,0,NA,NA,Y,NA,Y,NA,C,03,0,0,1,0,0,0,0,0,1,-,-,33.63119888305664,-117.91329956054688,ORANGE,COSTA MESA,-117.91327667236328,33.63160705566406
8858012,2019,2019-05-22,3010,2019-04-24,1359,1122,NA,3,5,6,3010,0,0,0,NA,0,NA,RHONE,HEIL,0,NA,Y,A,-,N,NA,NA,NA,NA,NA,NA,NA,NA,NA,Y,3,0,1,2,A,-,09,21802,A,N,D,C,A,A,H,-,A,A,0,NA,NA,NA,NA,Y,NA,A,01,0,1,0,0,0,0,0,0,0,-,-,NA,NA,ORANGE,HUNTINGTON BEACH,-117.99746704101563,33.72288131713867
8860893,2019,2019-05-17,3000,2019-04-29,0716,5377,922A7,1,5,5,3040,0,0,0,NA,0,741,CROWN VALLEY PKWY,CABOT,38,E,N,C,-,N,NA,NA,NA,NA,NA,NA,NA,NA,NA,Y,4,0,1,2,A,-,03,22350,NA,N,C,C,A,B,H,-,A,A,0,NA,NA,NA,NA,Y,NA,A,01,0,0,1,0,0,0,0,0,0,-,-,NA,NA,ORANGE,LAGUNA NIGUEL,-117.67894744873048,33.557106018066406
8861654,2019,2019-05-22,3010,2019-05-07,0851,1059,422,2,5,6,3010,0,0,0,NA,0,005,DELAWARE ST,GARFIELD AV,13,S,N,B,-,N,NA,NA,NA,NA,NA,NA,NA,NA,NA,N,3,0,1,2,A,-,10,21950,A,N,G,B,B,A,H,-,A,A,0,Y,NA,NA,NA,Y,NA,A,01,0,1,0,0,1,0,0,0,0,-,-,NA,NA,ORANGE,HUNTINGTON BEACH,-117.9931411743164,33.686622619628906
8861658,2019,2019-05-22,3010,2019-05-05,1502,1066,427,7,5,6,3010,0,0,0,NA,0,003,BROOKHURST,KAMUELA,361,S,N,A,-,N,NA,NA,NA,NA,NA,NA,NA,NA,NA,Y,3,0,1,2,A,-,03,22350,NA,N,C,C,A,A,H,-,A,D,0,NA,NA,NA,NA,Y,NA,A,07,0,1,0,0,0,0,0,0,0,-,-,NA,NA,ORANGE,HUNTINGTON BEACH,-117.95408630371094,33.681888580322266
8862652,2019,2019-05-28,3009,2019-04-24,1619,4761,2-1,3,5,6,3009,0,0,0,NA,0,134,GARDEN GROVE BL,WEST ST,0,NA,Y,A,-,N,NA,NA,NA,NA,NA,NA,NA,NA,NA,N,3,0,1,2,A,-,09,21801,A,N,D,C,A,A,H,-,A,A,0,NA,NA,NA,NA,Y,NA,A,01,0,1,0,0,0,0,0,0,0,-,-,NA,NA,ORANGE,GARDEN GROVE,-117.92350769042967,33.77442932128906
8863536,2019,2019-05-21,3001,2019-04-13,2320,2292,D-2,6,5,7,3001,0,0,0,NA,0,NA,WEST LA PALMA AV,N DRESDEN ST,138,W,N,A,-,N,NA,NA,NA,NA,NA,NA,NA,NA,NA,N,2,0,1,2,A,-,15,21201,A,N,C,G,A,A,H,-,C,D,0,NA,Y,NA,NA,Y,NA,L,04,1,0,0,0,0,0,1,0,0,-,-,NA,NA,ORANGE,ANAHEIM,-117.94029235839844,33.84709930419922
8865319,2019,2019-05-29,3000,2019-05-07,0913,9220,952B3,2,5,4,3018,0,0,0,NA,0,730,RANCHO VIEJO RD,SPOTTED BULL LN,78,S,N,A,-,N,NA,NA,NA,NA,NA,NA,NA,NA,NA,Y,4,0,2,2,A,-,03,22350,NA,N,C,C,A,A,H,-,A,D,0,NA,NA,NA,NA,Y,NA,A,07,0,0,2,0,0,0,0,0,0,-,-,NA,NA,ORANGE,SAN JUAN CAPISTRANO,-117.67439270019533,33.534915924072266
8869267,2019,2019-06-04,3005,2019-05-22,1906,1392,C22,3,5,4,3005,0,0,0,NA,0,002,VALLEY VIEW ST,BALL RD,416,N,N,B,C,N,NA,NA,NA,NA,NA,NA,NA,NA,NA,N,4,0,1,1,A,-,08,22107,NA,N,E,I,A,B,H,-,A,D,0,NA,NA,NA,NA,Y,NA,A,01,0,0,1,0,0,0,0,0,0,-,-,NA,NA,ORANGE,CYPRESS,-118.02832794189452,33.818302154541016
8869384,2019,2019-06-13,3010,2019-05-27,1837,1227,432,1,5,6,3010,0,0,0,NA,0,005,HUNTINGTON,WICHITA AV,0,NA,Y,A,-,N,NA,NA,NA,NA,NA,NA,NA,NA,NA,Y,2,0,2,2,A,-,09,21801,A,N,A,C,A,A,H,-,B,A,0,NA,NA,Y,NA,Y,NA,D,22,1,1,0,0,0,0,0,0,2,-,-,NA,NA,ORANGE,HUNTINGTON BEACH,-117.99523162841795,33.67755889892578
8872397,2019,2019-06-11,3000,2019-05-21,1522,6717,892A3,2,5,5,3050,0,0,0,NA,0,18760,EL TORO RD,TRABUCO RD,89,W,N,B,-,N,NA,NA,NA,NA,NA,NA,NA,NA,NA,Y,4,0,2,3,A,-,03,22350,NA,N,C,C,A,A,H,-,A,A,0,NA,NA,NA,NA,Y,NA,D,22,0,0,2,0,0,0,0,0,0,-,-,33.38117980957031,-117.40492248535156,ORANGE,LAKE FOREST,-117.68043518066406,33.6368293762207
8875374,2019,2019-08-29,3001,2019-04-26,1442,1278,NA,5,5,7,3001,0,0,0,NA,0,0D1,BALL RD,RT 39,67,W,N,A,-,Y,ORA,12,39,-,-,11.681,I,6,S,N,4,0,1,2,A,-,03,22350,NA,N,C,C,A,A,H,-,A,A,0,NA,NA,NA,NA,Y,NA,A,01,0,0,1,0,0,0,0,0,0,-,-,NA,NA,ORANGE,ANAHEIM,-117.993408203125,33.817501068115234
8875506,2019,2019-08-29,3003,2019-05-26,0149,1242,40,7,5,5,3003,0,0,0,NA,0,001,BEACH BL,9TH ST,215,N,N,A,-,Y,ORA,12,39,-,-,15.056,I,5,N,Y,3,0,1,2,A,-,12,21453,A,N,D,C,A,A,H,-,C,D,0,NA,NA,NA,NA,Y,NA,A,01,0,1,0,0,0,0,0,0,0,-,-,33.51570129394531,-117.59459686279295,ORANGE,BUENA PARK,-117.99807739257813,33.86599349975586
8875892,2019,2019-09-26,3001,2019-05-30,1920,415,NA,4,5,7,3001,0,0,0,NA,0,0D4,IMPERIAL HWY,RT 91,69,N,N,A,-,N,NA,NA,NA,NA,NA,NA,NA,NA,NA,Y,3,0,3,1,A,-,08,22107,NA,N,F,A,A,A,H,-,A,A,0,NA,NA,NA,NA,Y,NA,D,22,0,1,2,0,0,0,0,0,0,-,EF,NA,NA,ORANGE,ANAHEIM,-117.790668,33.854847
8876887,2018,2019-07-09,3003,2018-12-18,1746,752,NA,2,5,5,3003,0,0,0,NA,0,005,WESTERN AV,FILLMORE DR N,324,N,N,A,-,N,NA,NA,NA,NA,NA,NA,NA,NA,NA,Y,2,0,1,2,A,-,11,21954,A,N,G,B,D,A,H,-,C,D,0,Y,NA,NA,NA,Y,NA,N,60,1,0,0,0,1,0,0,0,0,-,-,33.83810043334961,-118.00240325927734,ORANGE,BUENA PARK,-118.00229644775392,33.83803939819336
8879966,2019,2019-06-18,3010,2019-06-11,0949,1179,261,2,5,6,3010,0,0,0,NA,0,007,GOLDEN WEST,HEIL,120,S,N,A,-,N,NA,NA,NA,NA,NA,NA,NA,NA,NA,N,4,0,1,2,A,-,03,22350,NA,N,C,C,A,A,H,-,A,A,0,NA,NA,NA,NA,Y,NA,A,01,0,0,1,0,0,0,0,0,0,-,-,NA,NA,ORANGE,HUNTINGTON BEACH,-118.00666809082033,33.72248077392578
8882745,2019,2019-07-11,3000,2019-05-25,2115,10576,861J6,6,5,5,3028,0,0,0,NA,0,755,JERONIMO RD,PETER A HARTMAN WAY,324,E,N,A,-,N,NA,NA,NA,NA,NA,NA,NA,NA,NA,Y,3,0,1,1,A,-,08,22107,NA,N,E,I,A,A,H,-,C,D,0,NA,NA,NA,NA,Y,NA,A,01,0,1,0,0,0,0,0,0,0,-,-,NA,NA,ORANGE,MISSION VIEJO,-117.68212127685548,33.62131118774414
8883015,2019,2019-07-24,3007,2019-06-08,1940,312,34,6,5,5,3007,0,0,0,NA,0,001,WARNER,BUTTONWOOD,0,NA,Y,A,-,N,NA,NA,NA,NA,NA,NA,NA,NA,NA,N,3,0,1,2,A,-,09,21801,A,N,D,C,A,A,H,-,A,D,0,NA,NA,Y,NA,Y,NA,A,01,0,1,0,0,0,0,0,0,0,-,-,NA,NA,ORANGE,FOUNTAIN VALLEY,-117.96144104003906,33.716148376464844
8883570,2019,2019-07-19,3012,2019-06-03,1459,568,34,1,5,5,3012,0,0,0,NA,0,003,LAMBERT RD,MARIPOSA ST,21,E,N,A,-,N,NA,NA,NA,NA,NA,NA,NA,NA,NA,Y,3,0,1,1,A,-,01,23152,A,N,E,I,A,A,H,-,A,A,0,NA,NA,NA,NA,Y,Y,A,01,0,1,0,0,0,0,0,0,0,-,-,NA,NA,ORANGE,LA HABRA,-117.96962738037108,33.92469024658203
8884232,2019,2019-06-24,3008,2019-04-16,1039,1155,NA,2,5,6,3008,0,0,0,NA,0,001,STARBUCK ST,STERN GOODMAN ST,820,N,N,C,-,N,NA,NA,NA,NA,NA,NA,NA,NA,NA,N,3,0,1,2,A,-,03,22350,NA,N,G,B,B,B,-,-,A,D,0,Y,NA,NA,NA,Y,NA,A,01,0,1,0,0,1,0,0,0,0,-,-,NA,NA,ORANGE,FULLERTON,-117.96409606933594,33.88113021850586
8885596,2019,2019-07-10,3026,2019-05-09,1451,8929,NA,4,5,6,3026,0,0,0,NA,0,NA,WALNUT AV,HARVARD AV,446,E,N,A,-,N,NA,NA,NA,NA,NA,NA,NA,NA,NA,N,2,0,2,3,A,-,03,22350,NA,N,H,G,E,A,C,-,A,D,0,Y,Y,NA,NA,Y,NA,L,04,1,0,1,0,1,0,1,0,0,-,-,33.71063995361328,-117.7966079711914,ORANGE,IRVINE,-117.79520416259766,33.710323333740234
8885628,2019,2019-07-17,3002,2019-06-16,1020,1447,NA,7,5,4,3002,0,0,0,NA,0,012,LAMBERT RD,WILDCAT WY,0,NA,Y,B,-,N,NA,NA,NA,NA,NA,NA,NA,NA,NA,N,4,0,3,2,A,-,12,21453,A,N,D,C,A,A,H,-,A,A,0,NA,NA,NA,NA,Y,NA,A,01,0,0,3,0,0,0,0,0,0,-,-,33.924869537353516,-117.87513732910156,ORANGE,BREA,-117.87525939941406,33.92549133300781
8886507,2019,2019-07-16,3010,2019-06-21,1622,2023,454,5,5,6,3010,0,0,0,NA,0,002,ATLANTA AV,NEWLAND ST,120,E,N,A,-,N,NA,NA,NA,NA,NA,NA,NA,NA,NA,Y,4,0,1,4,A,-,03,22350,NA,N,C,C,A,A,H,-,A,A,0,NA,NA,NA,NA,Y,NA,A,01,0,0,1,0,0,0,0,0,0,-,-,NA,NA,ORANGE,HUNTINGTON BEACH,-117.97934722900392,33.65768051147461
8886515,2019,2019-07-16,3010,2019-06-21,2052,4094,446,5,5,6,3010,0,0,0,NA,0,003,ADAMS,BROOKHURST,633,W,N,A,-,N,NA,NA,NA,NA,NA,NA,NA,NA,NA,Y,4,0,4,4,A,-,09,21801,A,N,D,C,A,A,H,-,C,A,0,NA,NA,NA,NA,Y,NA,A,07,0,0,4,0,0,0,0,0,0,-,-,NA,NA,ORANGE,HUNTINGTON BEACH,-117.95604705810548,33.672420501708984
8886549,2019,2019-07-23,3001,2019-06-07,2319,2131,NA,5,5,7,3001,0,0,0,NA,0,0D2,LINCOLN AV,STATE COLLEGE BL,360,E,N,A,-,N,NA,NA,NA,NA,NA,NA,NA,NA,NA,Y,3,0,2,2,A,-,03,22350,NA,N,C,C,A,A,H,-,C,D,0,NA,NA,NA,NA,Y,NA,A,01,0,1,1,0,0,0,0,0,0,-,-,NA,NA,ORANGE,ANAHEIM,-117.88817596435548,33.83980941772461
8886567,2019,2019-07-19,3015,2019-06-01,1533,1509,23E,6,5,6,3015,0,0,0,NA,0,454,TUSTIN ST,WALNUT AV,0,NA,Y,B,-,N,NA,NA,NA,NA,NA,NA,NA,NA,NA,N,3,0,2,2,A,-,12,21453,A,N,D,C,A,A,H,-,A,A,0,NA,NA,NA,NA,Y,NA,A,07,0,1,1,0,0,0,0,0,0,-,-,NA,NA,ORANGE,ORANGE,-117.835693359375,33.795040130615234
8886592,2019,2019-07-25,3004,2019-06-13,1740,P629,13,4,5,6,3004,0,0,0,NA,0,013,WILSON ST,COLLEGE AV,295,W,N,A,-,N,NA,NA,NA,NA,NA,NA,NA,NA,NA,Y,4,0,1,2,A,-,09,21801,A,N,D,C,A,A,H,-,A,A,0,NA,NA,NA,NA,Y,NA,A,07,0,0,1,0,0,0,0,0,0,-,-,33.65626907348633,-117.91729736328124,ORANGE,COSTA MESA,-117.91728973388672,33.65616989135742
8888898,2019,2019-07-15,3009,2019-06-11,0455,4499,133,2,5,6,3009,0,0,0,NA,0,2-2,LAMPSON AV,WEST ST,0,NA,Y,A,-,N,NA,NA,NA,NA,NA,NA,NA,NA,NA,Y,4,0,2,2,A,-,12,21453,A,N,D,C,A,A,H,-,A,A,0,NA,NA,NA,NA,Y,NA,D,22,0,0,2,0,0,0,0,0,0,-,-,NA,NA,ORANGE,GARDEN GROVE,-117.9236068725586,33.781620025634766