CASE_ID,ACCIDENT_YEAR,PROC_DATE,JURIS,COLLISION_DATE,COLLISION_TIME,OFFICER_ID,REPORTING_DISTRICT,DAY_OF_WEEK,CHP_SHIFT,POPULATION,CNTY_CITY_LOC,SPECIAL_COND,BEAT_TYPE,CHP_BEAT_TYPE,CITY_DIVISION_LAPD,CHP_BEAT_CLASS,BEAT_NUMBER,PRIMARY_RD,SECONDARY_RD,DISTANCE,DIRECTION,INTERSECTION,WEATHER_1,WEATHER_2,STATE_HWY_IND,CALTRANS_COUNTY,CALTRANS_DISTRICT,STATE_ROUTE,ROUTE_SUFFIX,POSTMILE_PREFIX,POSTMILE,LOCATION_TYPE,RAMP_INTERSECTION,SIDE_OF_HWY,TOW_AWAY,COLLISION_SEVERITY,NUMBER_KILLED,NUMBER_INJURED,PARTY_COUNT,PRIMARY_COLL_FACTOR,PCF_CODE_OF_VIOL,PCF_VIOL_CATEGORY,PCF_VIOLATION,PCF_VIOL_SUBSECTION,HIT_AND_RUN,TYPE_OF_COLLISION,MVIW,PED_ACTION,ROAD_SURFACE,ROAD_COND_1,ROAD_COND_2,LIGHTING,CONTROL_DEVICE,CHP_ROAD_TYPE,PEDESTRIAN_ACCIDENT,BICYCLE_ACCIDENT,MOTORCYCLE_ACCIDENT,TRUCK_ACCIDENT,NOT_PRIVATE_PROPERTY,ALCOHOL_INVOLVED,STWD_VEHTYPE_AT_FAULT,CHP_VEHTYPE_AT_FAULT,COUNT_SEVERE_INJ,COUNT_VISIBLE_INJ,COUNT_COMPLAINT_PAIN,COUNT_PED_KILLED,COUNT_PED_INJURED,COUNT_BICYCLIST_KILLED,COUNT_BICYCLIST_INJURED,COUNT_MC_KILLED,COUNT_MC_INJURED,PRIMARY_RAMP,SECONDARY_RAMP,LATITUDE,LONGITUDE,COUNTY,CITY,POINT_X,POINT_Y
91688425,2022,2022-01-28,9675,2022-01-16,1920,021690,NA,7,2,5,3014,0,1,3,NA,2,553,SR-55 N/B TO SR-73 S/B,BRISTOL ST.,1000,S,N,A,-,Y,NA,NA,NA,NA,NA,NA,NA,NA,NA,Y,4,0,1,1,A,-,08,22107,NA,N,E,I,A,A,H,-,C,D,0,NA,NA,NA,NA,Y,NA,A,01,0,0,1,0,0,0,0,0,0,-,-,33,-117,ORANGE,NEWPORT BEACH,-117.89000701904295,33.670318603515625
91689756,2022,2022-01-31,9670,2022-01-26,1617,019290,NA,3,2,3,3006,0,1,3,NA,2,092,SR-91 E/B,WALKER STREET,1100,W,N,A,-,Y,ORA,NA,91,NA,R,0.073,H,NA,R,Y,3,0,2,2,A,-,03,22350,NA,N,B,C,A,A,H,-,A,D,0,NA,NA,NA,NA,Y,NA,D,22,0,2,0,0,0,0,0,0,0,-,-,33.8615608215332,-118.04083251953124,ORANGE,LA PALMA,-118.04085540771484,33.86152267456055
91690997,2022,2022-02-01,9675,2022-01-26,1905,018281,NA,3,2,7,3001,0,1,3,NA,2,095,SR-91 E/B,GYPSUM CANYON RD,750,E,N,A,-,Y,ORA,NA,91,NA,R,16.553,H,NA,R,N,4,0,1,2,A,-,03,22350,NA,F,C,C,A,A,H,-,D,D,0,NA,NA,NA,NA,Y,NA,-,99,0,0,1,0,0,0,0,0,0,-,-,33.86763000488281,-117.70932769775392,ORANGE,ANAHEIM,-117.70935821533205,33.867671966552734
91691693,2022,2022-02-02,9670,2022-01-28,1800,017022,NA,5,2,6,3010,0,1,1,NA,2,041,I-405 S/B (SAN DIEGO FREEWAY),EDINGER AVENUE,1000,S,N,A,-,Y,ORA,NA,405,NA,NA,16.088,H,NA,L,N,4,0,1,3,A,-,07,21658,A,N,B,C,A,A,D,E,C,D,0,NA,NA,NA,NA,Y,NA,A,01,0,0,1,0,0,0,0,0,0,-,-,33.728389739990234,-117.98341369628906,ORANGE,HUNTINGTON BEACH,-117.9833984375,33.72840118408203
91698706,2022,2022-02-11,9675,2022-02-10,0954,018087,NA,4,1,7,3001,0,1,3,NA,2,095,SR-91 WESTBOUND,WEIR CANYON RD.,4382,E,N,G,-,Y,ORA,NA,91,NA,R,15.3,H,NA,L,Y,3,0,1,2,A,-,03,22350,NA,N,C,C,A,A,H,-,A,D,0,NA,NA,NA,NA,Y,NA,A,01,0,1,0,0,0,0,0,0,0,-,-,33.869300842285156,-117.73047637939452,ORANGE,ANAHEIM,-117.73046875,33.86932373046875
9169976,2020,2020-11-07,3000,2020-09-26,2035,3358,NA,6,5,4,3018,0,0,0,NA,0,731,ALIPAZ,CALLE ROLANDO,790,N,N,A,-,N,NA,NA,NA,NA,NA,NA,NA,NA,NA,Y,3,0,1,2,A,-,09,21801,A,N,D,C,A,A,H,-,C,D,0,NA,NA,NA,NA,Y,NA,A,01,0,1,0,0,0,0,0,0,0,-,-,NA,NA,ORANGE,SAN JUAN CAPISTRANO,-117.6693878173828,33.493873596191406
91700168,2022,2022-02-14,9670,2022-02-05,1045,019138,NA,6,1,6,3010,0,1,1,NA,2,040,I-405 NB (SAN DIEGO FREEWAY),EDINGER AVE,175,S,N,A,-,Y,ORA,NA,405,NA,NA,16.218,H,NA,R,N,4,0,2,3,A,-,03,22350,NA,N,C,C,A,A,D,-,A,D,0,NA,NA,NA,NA,Y,NA,A,01,0,0,2,0,0,0,0,0,0,-,-,33.729820251464844,-117.98464965820313,ORANGE,HUNTINGTON BEACH,-117.98477935791016,33.72968673706055
91703367,2022,2022-02-17,9675,2022-02-12,1324,021690,NA,6,1,5,3022,0,3,5,NA,2,002,RED HILL AVE,GWEN AVE,5,S,N,A,-,N,NA,NA,NA,NA,NA,NA,NA,NA,NA,N,4,0,2,2,A,-,03,22350,NA,N,C,C,A,A,H,-,A,D,0,NA,NA,NA,NA,Y,NA,A,01,0,0,2,0,0,0,0,0,0,-,-,33.75162124633789,-117.79737091064452,ORANGE,TUSTIN,-117.79737854003906,33.75164031982422
91706687,2022,2022-02-23,9690,2022-02-11,1900,020236,NA,5,2,5,3050,0,1,1,NA,2,055,I-5 N/B (SAN DIEGO FRWY),EL TORO ROAD,1080,S,N,A,-,Y,ORA,NA,5,NA,NA,18.418,H,NA,R,N,3,0,1,4,A,-,07,21658,A,N,B,C,A,A,H,-,C,D,0,NA,NA,NA,NA,Y,NA,A,01,0,1,0,0,0,0,0,0,0,-,-,33.61199188232422,-117.70403289794922,ORANGE,LAKE FOREST,-117.70409393310548,33.611934661865234
91707097,2022,2022-02-23,9690,2022-02-12,2015,020236,NA,6,2,9,3000,0,2,4,NA,2,035,OSO PARKWAY,MEANDERING TRAIL,0,NA,Y,A,-,N,NA,NA,NA,NA,NA,NA,NA,NA,NA,N,3,0,2,2,A,-,12,21453,A,N,D,C,A,A,H,-,C,A,0,NA,NA,NA,NA,Y,NA,-,-,0,2,0,0,0,0,0,0,0,-,-,33.58673858642578,-117.62359619140624,ORANGE,UNINCORPORATED,-117.62362670898438,33.586795806884766
91710693,2022,2022-02-28,9670,2022-02-24,0758,016177,NA,4,1,5,3003,0,1,3,NA,2,092,SR-91 E/B,MAGNOLIA ST,600,W,N,A,-,Y,ORA,NA,91,NA,R,3.657,H,NA,R,N,3,0,2,2,A,-,03,22350,NA,N,C,C,A,A,H,-,A,D,0,NA,NA,NA,NA,Y,NA,A,01,0,2,0,0,0,0,0,0,0,-,-,33.8567008972168,-117.97991943359376,ORANGE,BUENA PARK,-117.97991943359376,33.85667419433594
91715769,2022,2022-03-07,9675,2022-03-03,1840,019938,NA,4,2,6,3015,0,1,3,NA,2,551,SR-55 NORTHBOUND,CHAPMAN AVENUE,2000,S,N,B,-,Y,NA,NA,NA,NA,NA,NA,NA,NA,NA,Y,4,0,1,2,A,-,03,22350,NA,N,C,C,A,A,H,-,C,D,0,NA,NA,NA,NA,Y,NA,A,07,0,0,1,0,0,0,0,0,0,-,-,33.465660095214844,-117.4951171875,ORANGE,ORANGE,-117.83095550537108,33.782447814941406
91720932,2022,2022-03-11,9670,2022-03-08,0821,016793,NA,2,1,5,3007,0,1,1,NA,2,041,INTERSTATE 405 SOUTHBOUND (SAN DIEGO FREEWAY),TALBERT AVENUE (OVER CROSSING),640,S,N,B,-,Y,ORA,NA,405,NA,NA,13.282,H,NA,L,N,4,0,1,2,A,-,03,22350,NA,N,C,C,A,A,D,E,A,D,0,NA,NA,NA,NA,Y,NA,J,49,0,0,1,0,0,0,0,0,0,-,-,33.700740814208984,-117.9477310180664,ORANGE,FOUNTAIN VALLEY,-117.94771575927734,33.70075607299805
91725412,2022,2022-03-17,9675,2022-03-10,2355,022222,NA,4,3,7,3001,0,1,3,NA,2,093,SR-91 EASTBOUND,TUSTIN AVE,1000,W,N,B,G,Y,ORA,NA,91,NA,NA,8.199,H,NA,R,N,3,0,1,1,A,-,08,22107,NA,N,E,I,A,A,H,-,D,D,0,NA,NA,Y,NA,Y,NA,C,02,0,1,0,0,0,0,0,0,1,-,-,33.851280212402344,-117.84142303466795,ORANGE,ANAHEIM,-117.8414306640625,33.85132598876953
91726655,2022,2022-03-18,9675,2022-03-10,0135,021914,NA,4,3,6,3004,0,1,3,NA,2,553,SR-55 SOUTHBOUND,BAY STREET,475,N,N,B,-,Y,ORA,NA,55,NA,T,2.506,H,NA,L,Y,3,0,2,2,A,-,03,22350,NA,N,C,C,A,A,H,-,C,D,0,NA,NA,NA,NA,Y,NA,A,08,0,2,0,0,0,0,0,0,0,-,-,33.64902877807617,-117.9115982055664,ORANGE,COSTA MESA,-117.91156768798828,33.649009704589844
91726844,2022,2022-03-18,9675,2022-03-11,1640,021694,NA,5,2,7,3019,0,1,1,NA,2,520,I-5 NORTHBOUND,BROADWAY,2000,N,N,A,-,Y,ORA,NA,5,NA,NA,33.764,H,NA,R,Y,3,0,1,4,A,-,03,22350,NA,F,C,C,A,A,H,-,A,D,0,NA,NA,NA,NA,Y,NA,-,99,0,1,0,0,0,0,0,0,0,-,-,33.7759895324707,-117.87352752685548,ORANGE,SANTA ANA,-117.87359619140624,33.77595138549805
91727626,2022,2022-03-21,9670,2022-02-26,0225,021579,NA,6,3,5,3003,0,1,3,NA,2,092,SR-91 E/B,BEACH BLVD,2904,E,N,A,-,Y,NA,NA,NA,NA,NA,NA,NA,NA,NA,Y,4,0,1,1,A,-,01,23152,A,N,E,I,A,A,H,-,D,D,0,NA,NA,NA,NA,Y,Y,A,01,0,0,1,0,0,0,0,0,0,-,-,33.51219177246094,-117.59149932861328,ORANGE,BUENA PARK,-117.98835754394533,33.856048583984375
91738265,2022,2022-03-31,9675,2022-03-24,0830,020627,NA,4,1,7,3019,0,1,1,NA,2,520,INTERSTATE 5 SOUTHBOUND,4TH STREET,1500,N,N,A,-,Y,ORA,NA,5,NA,NA,31.178,H,NA,L,Y,3,0,1,2,A,-,08,22107,NA,N,B,C,A,A,H,-,A,D,0,NA,NA,Y,NA,Y,NA,C,02,0,1,0,0,0,0,0,0,1,-,-,33.749359130859375,-117.84397888183594,ORANGE,SANTA ANA,-117.84415435791016,33.749267578125
91739897,2022,2022-05-09,9675,2022-03-24,1819,020699,NA,4,2,7,3001,0,1,3,NA,2,095,SR-91 EASTBOUND,WEIR CANYON RD.,2000,E,N,A,-,Y,ORA,NA,91,NA,R,14.461,H,NA,R,N,4,0,1,2,A,-,08,22107,NA,N,E,8,A,A,H,-,A,D,0,NA,NA,NA,NA,Y,NA,A,01,0,0,1,0,0,0,0,0,0,-,-,33.870208740234375,-117.7442626953125,ORANGE,ANAHEIM,-117.74427795410156,33.87031173706055
91745383,2022,2022-04-11,9675,2022-03-31,1510,021272,NA,4,2,7,3001,0,1,3,NA,2,572,SR-57 N/B FROM BALL RD. W/B,BALL RD.,800,N,N,B,-,Y,ORA,NA,57,NA,NA,13.583,H,NA,R,N,4,0,1,2,A,-,03,22350,NA,N,C,C,A,A,H,-,A,A,0,NA,NA,NA,Y,Y,NA,F,26,0,0,1,0,0,0,0,0,0,-,-,33.82052993774414,-117.87571716308594,ORANGE,ANAHEIM,-117.8760223388672,33.82052993774414
91746280,2022,2022-04-12,9675,2022-04-01,1540,021272,NA,5,2,7,3001,0,1,3,NA,2,094,SR-91 WESTBOUND,IMPERIAL HIGHWAY,2000,W,N,A,-,Y,NA,NA,NA,NA,NA,NA,NA,NA,NA,N,4,0,1,3,A,-,03,22350,NA,N,C,C,A,A,H,-,A,D,0,NA,NA,NA,NA,Y,NA,A,01,0,0,1,0,0,0,0,0,0,-,-,33.85308074951172,-117.81253051757813,ORANGE,ANAHEIM,-117.81231689453124,33.852806091308594
91749154,2022,2022-04-15,9675,2022-04-05,1445,019135,NA,2,2,7,3001,0,1,3,NA,2,572,SR-57 SOUTHBOUND,BALL RD,400,N,N,A,-,Y,ORA,NA,57,NA,NA,13.517,H,NA,L,N,4,0,1,2,A,-,03,22350,NA,N,C,C,A,A,H,-,A,D,0,NA,NA,NA,NA,Y,NA,A,01,0,0,1,0,0,0,0,0,0,-,-,33.81956100463867,-117.87615203857422,ORANGE,ANAHEIM,-117.87628173828124,33.81956100463867
91749228,2022,2022-04-15,9675,2022-04-10,0305,021984,NA,7,3,7,3019,0,1,3,NA,2,222,SR-22 EASTBOUND TO SR-57 NORTHBOUND,BEDFORD STREET,670,W,N,A,-,Y,ORA,NA,22,NA,R,10.736,H,NA,L,N,3,0,1,2,A,-,01,23152,A,N,C,C,A,A,H,-,C,D,0,NA,NA,NA,NA,Y,Y,A,01,0,1,0,0,0,0,0,0,0,-,-,33.778541564941406,-117.8717803955078,ORANGE,SANTA ANA,-117.87178802490234,33.77838134765625
91751002,2022,2022-04-19,9670,2022-04-12,0725,019942,NA,2,1,5,3003,0,1,3,NA,2,091,SR-91 E/B,BEACH BLVD,1200,E,N,A,-,Y,ORA,NA,91,NA,R,3.188,H,NA,R,Y,4,0,1,4,A,-,03,22350,NA,N,C,C,A,A,H,-,A,D,0,NA,NA,NA,NA,Y,NA,D,22,0,0,1,0,0,0,0,0,0,-,-,33.85588836669922,-117.9880599975586,ORANGE,BUENA PARK,-117.9880599975586,33.85606384277344
91754247,2022,2022-04-22,9670,2022-04-20,1445,022737,NA,3,2,9,3000,0,3,5,NA,2,005,MCFADDEN AVE 15400 BLOCK,BEACH BLVD,50,W,N,A,-,N,NA,NA,NA,NA,NA,NA,NA,NA,NA,Y,4,0,1,2,A,-,03,22350,NA,N,C,C,A,A,H,-,A,D,0,NA,NA,NA,NA,Y,NA,A,01,0,0,1,0,0,0,0,0,0,-,-,33.73752975463867,-117.98985290527344,ORANGE,UNINCORPORATED,-117.9894561767578,33.73747634887695
91755648,2022,2022-04-25,9675,2022-04-11,2030,021076,NA,1,2,5,3022,0,1,1,NA,2,503,I-5 SOUTHBOUND,TUSTIN RANCH ROAD,930,N,N,A,-,Y,ORA,NA,5,NA,R,28.567,H,NA,L,N,3,0,3,3,A,-,03,22350,NA,F,C,C,A,A,H,-,D,D,0,NA,NA,NA,NA,Y,NA,A,01,0,1,2,0,0,0,0,0,0,-,-,33.728511810302734,-117.80818939208984,ORANGE,TUSTIN,-117.80829620361328,33.7284049987793
91768437,2022,2022-05-10,9675,2022-04-29,1430,020923,NA,5,2,5,3022,0,1,3,NA,2,551,SR-55 NORTHBOUND,SANTA CLARA AVE.,500,N,N,A,-,Y,ORA,NA,55,NA,NA,12.495,H,NA,R,Y,4,0,1,3,A,-,03,22350,NA,N,C,C,A,A,H,-,A,D,0,NA,NA,NA,NA,Y,NA,A,07,0,0,1,0,0,0,0,0,0,-,-,33.770179748535156,-117.83067321777344,ORANGE,TUSTIN,-117.83082580566406,33.770179748535156
91769022,2022,2022-05-10,9675,2022-05-03,1412,019938,NA,2,2,7,3019,0,1,1,NA,2,503,I-5 SOUTHBOUND,FIRST STREET,1700,S,N,B,-,Y,ORA,NA,5,NA,NA,30.558,H,NA,L,N,4,0,1,4,A,-,03,22350,NA,N,C,C,A,A,H,-,A,D,0,NA,NA,NA,NA,Y,NA,A,01,0,0,1,0,0,0,0,0,0,-,-,33.74216842651367,-117.83869934082033,ORANGE,SANTA ANA,-117.8386459350586,33.74226379394531
91769874,2022,2022-05-11,9675,2022-05-04,1433,020031,NA,3,2,6,3004,0,1,3,NA,2,553,SR-55 SOUTHBOUND,BAKER STREET,220,S,N,A,-,Y,ORA,NA,55,NA,R,5.285,H,NA,L,N,4,0,2,3,A,-,03,22350,NA,N,C,C,A,A,H,-,A,D,0,NA,NA,NA,NA,Y,NA,A,01,0,0,2,0,0,0,0,0,0,-,-,33.67940139770508,-117.87999725341795,ORANGE,COSTA MESA,-117.87998962402344,33.67939376831055
91771661,2022,2022-05-13,9675,2022-05-06,0719,020544,NA,5,1,4,3002,0,1,3,NA,2,570,SR-57 SOUTHBOUND,BIRCH ST,150,N,N,A,-,Y,ORA,NA,57,NA,NA,20.426,H,NA,L,N,4,0,1,3,A,-,07,21658,A,M,B,C,A,A,H,-,A,D,0,NA,NA,NA,Y,Y,NA,-,99,0,0,1,0,0,0,0,0,0,-,-,33.918548583984375,-117.88085174560548,ORANGE,BREA,-117.8808822631836,33.91856002807617
91775664,2022,2022-05-19,9675,2022-05-11,0738,018087,NA,3,1,7,3001,0,1,3,NA,2,093,SR-91 EASTBOUND,MIRALOMA AVE.,550,W,N,A,-,Y,ORA,NA,91,NA,NA,5.774,H,NA,R,N,4,0,1,3,A,-,03,22350,NA,N,C,C,A,A,H,-,A,D,0,NA,NA,NA,NA,Y,NA,D,22,0,0,1,0,0,0,0,0,0,-,-,33.85190963745117,-117.88131713867188,ORANGE,ANAHEIM,-117.88126373291016,33.851993560791016
9177728,2020,2020-12-29,3026,2020-10-24,1912,644/544,NA,6,5,6,3026,0,0,0,NA,0,00U,JAMBOREE,ALTON,0,NA,Y,B,-,N,NA,NA,NA,NA,NA,NA,NA,NA,NA,Y,3,0,2,2,D,-,00,NA,NA,N,D,C,A,A,H,-,C,A,0,NA,NA,NA,NA,Y,NA,-,-,0,1,1,0,0,0,0,0,0,-,-,NA,NA,ORANGE,IRVINE,-117.83210754394533,33.688541412353516
91778752,2022,2022-05-24,9690,2022-05-15,1505,020364,NA,7,2,9,3000,0,2,4,NA,2,037,LIVE OAK CANYON ROAD,TRABUCO CANYON ROAD,2112,N,N,A,-,N,NA,NA,NA,NA,NA,NA,NA,NA,NA,Y,2,0,1,1,A,-,08,22107,NA,N,E,I,A,A,H,-,A,D,0,NA,NA,Y,NA,Y,NA,C,02,1,0,0,0,0,0,0,0,1,-,-,33.658660888671875,-117.60083770751952,ORANGE,UNINCORPORATED,-117.60088348388672,33.65895462036133
91784705,2022,2022-05-31,9670,2022-05-25,1530,022455,NA,3,2,7,3001,0,1,1,NA,2,501,I-5 S/B,LA PALMA AVE,300,N,N,A,-,Y,ORA,NA,5,NA,NA,40.996,H,NA,L,Y,4,0,2,2,A,-,03,22350,NA,N,C,C,A,A,H,-,A,D,0,NA,NA,NA,NA,Y,NA,A,01,0,0,2,0,0,0,0,0,0,-,-,33.84749984741211,-117.96343231201172,ORANGE,ANAHEIM,-117.9634017944336,33.84754180908203
91785578,2022,2022-06-01,9690,2022-05-19,2229,020472,NA,4,3,5,3028,0,1,1,NA,2,056,I-5 S/B (SAN DIEGO FRWY),OSO PARKWAY,2640,S,N,B,-,Y,ORA,NA,5,NA,NA,14.77,H,NA,L,N,4,0,1,2,A,-,03,22350,NA,N,C,C,A,A,D,-,C,D,0,NA,NA,NA,NA,Y,NA,A,01,0,0,1,0,0,0,0,0,0,-,-,33.57358932495117,-117.67202758789063,ORANGE,MISSION VIEJO,-117.67201995849608,33.57358932495117
91786080,2022,2022-06-01,9670,2022-05-23,0820,018664,NA,1,1,4,3020,0,1,1,NA,2,040,I-405 N/B,SEAL BEACH BLVD,1500,N,N,B,-,Y,ORA,NA,405,NA,NA,22.959,H,NA,R,N,3,0,3,2,A,-,07,21658,A,N,E,9,A,A,D,E,A,D,0,NA,NA,NA,NA,Y,NA,A,07,0,1,2,0,0,0,0,0,0,-,-,33.774688720703125,-118.08029174804688,ORANGE,SEAL BEACH,-118.08029174804688,33.7745361328125
9179093,2019,2020-11-09,3008,2019-07-25,0905,1158,ZONE1,4,5,6,3008,0,0,0,NA,0,NA,MAGNOLIA AV,RT 5,0,NA,Y,C,-,NA,NA,NA,NA,NA,NA,NA,NA,NA,NA,Y,4,0,2,2,A,-,12,21453,A,N,D,C,A,B,H,-,A,A,0,NA,NA,NA,NA,Y,NA,A,07,0,0,2,0,0,0,0,0,0,-,-,NA,NA,ORANGE,FULLERTON,-117.97625732421876,33.855350494384766
9179139,2019,2020-11-20,3008,2019-08-28,0659,1147,ZONE3,3,5,6,3008,0,0,0,NA,0,NA,CHAPMAN AV,COMMONWEALTH AV,0,NA,Y,B,-,N,NA,NA,NA,NA,NA,NA,NA,NA,NA,NA,4,0,2,2,D,-,00,NA,NA,N,C,C,A,A,H,-,A,A,0,NA,NA,NA,NA,Y,NA,-,-,0,0,2,0,0,0,0,0,0,-,-,NA,NA,ORANGE,FULLERTON,-117.88423919677734,33.87430191040039
91799194,2022,2022-06-20,9675,2022-06-14,0755,020131,NA,2,1,7,3019,0,1,1,NA,2,502,I-5 SOUTHBOUND,GRAND AVENUE,150,N,N,B,-,Y,ORA,NA,5,NA,NA,31.813,H,NA,L,N,4,0,1,3,A,-,03,22350,NA,N,C,C,A,A,H,-,A,D,0,NA,NA,NA,NA,Y,NA,A,01,0,0,1,0,0,0,0,0,0,-,-,33.75490188598633,-117.85237884521484,ORANGE,SANTA ANA,-117.85240173339844,33.75486755371094
91801611,2022,2022-06-23,9670,2022-06-18,0118,021467,NA,6,3,5,3003,0,1,1,NA,2,501,I-5 S/B,MAGNOLIA AVE,1584,N,N,A,-,Y,ORA,NA,5,NA,NA,42.02,H,NA,R,Y,3,0,2,1,A,-,08,22107,NA,N,E,I,A,D,H,-,C,D,0,NA,NA,NA,NA,Y,NA,A,07,0,2,0,0,0,0,0,0,0,-,-,33.856231689453125,-117.97760772705078,ORANGE,BUENA PARK,-117.9775390625,33.85629653930664
91806645,2022,2022-06-30,9675,2022-06-19,0310,022536,NA,7,3,7,3001,0,1,3,NA,2,094,SR-91 EASTBOUND,IMPERIAL HIGHWAY,500,W,N,A,-,Y,NA,NA,NA,NA,NA,NA,NA,NA,NA,Y,4,0,1,2,A,-,03,22350,NA,N,C,C,A,A,H,-,C,D,0,NA,NA,NA,NA,Y,NA,A,07,0,0,1,0,0,0,0,0,0,-,-,33.95420837402344,-117.7927703857422,ORANGE,ANAHEIM,-117.79212951660156,33.85406494140625
91806870,2022,2022-06-30,9690,2022-06-26,1655,018733,NA,7,2,4,3018,0,1,1,NA,2,057,I-5 N/B (SAN DIEGO FRWY),CAMINO LAS RAMBLAS,200,N,N,A,-,Y,ORA,NA,5,NA,NA,6.849,H,NA,R,N,3,0,1,2,A,-,03,22350,NA,N,C,C,A,A,H,-,A,D,0,NA,NA,Y,NA,Y,NA,C,02,0,1,0,0,0,0,0,0,1,-,-,33.46759033203125,-117.67086029052734,ORANGE,SAN JUAN CAPISTRANO,-117.6708526611328,33.46759796142578
91807192,2022,2022-06-30,9675,2022-06-20,1255,019320,NA,1,1,4,3002,0,1,3,NA,2,570,SR-57 SOUTHBOUND,LAMBERT ROAD,200,S,N,A,-,Y,ORA,NA,57,NA,NA,21.01,H,NA,L,N,4,0,2,4,A,-,03,22350,NA,N,C,C,A,A,H,-,A,D,0,NA,NA,NA,NA,Y,NA,A,01,0,0,2,0,0,0,0,0,0,-,-,33.9268913269043,-117.8802490234375,ORANGE,BREA,-117.88031005859376,33.9268913269043
91813300,2022,2022-07-08,9675,2022-06-26,1800,020699,NA,7,2,6,3015,0,1,3,NA,2,550,SR-55 SOUTHBOUND,KATELLA AVE.,100,S,N,A,-,Y,ORA,NA,55,NA,NA,15.197,H,NA,L,N,4,0,1,2,A,-,07,21658,A,N,B,C,A,A,H,-,A,D,0,NA,NA,NA,NA,Y,NA,A,01,0,0,1,0,0,0,0,0,0,-,-,33.80929183959961,-117.83206939697266,ORANGE,ORANGE,-117.83206939697266,33.80929183959961
91814131,2022,2022-07-11,9670,2022-07-01,1645,020505,NA,5,2,4,3020,0,1,1,NA,2,045,I-405 S/B,SEAL BEACH BLVD,1056,S,N,A,-,Y,ORA,NA,405,NA,NA,22.41,H,NA,L,N,3,0,1,3,A,-,03,22350,NA,N,C,C,A,A,D,-,A,D,0,NA,NA,NA,NA,Y,NA,A,07,0,1,0,0,0,0,0,0,0,-,-,33.7741584777832,-118.07109832763672,ORANGE,SEAL BEACH,-118.07109832763672,33.774253845214844
91814380,2022,2022-07-11,9675,2022-06-30,0455,021874,NA,4,3,7,3019,0,1,1,NA,2,520,I-5 SOUTHBOUND,LA VETA AVENUE,100,N,N,B,-,Y,ORA,NA,5,NA,NA,34.166,H,NA,L,N,3,0,1,2,A,-,08,22107,NA,F,E,I,A,A,H,-,B,D,0,NA,NA,NA,NA,Y,NA,-,99,0,1,0,0,0,0,0,0,0,-,-,33.78065872192383,-117.87840270996094,ORANGE,SANTA ANA,-117.87852478027344,33.780548095703125
91815879,2022,2022-07-13,9675,2022-07-02,1505,021633,NA,6,2,7,3001,0,1,3,NA,2,095,SR-91 WESTBOUND,LAKEVIEW AVE,2830,E,N,A,-,Y,ORA,NA,91,NA,R,10.642,H,NA,L,Y,4,0,2,3,A,-,03,22350,NA,N,C,C,A,A,H,-,A,D,0,NA,NA,NA,NA,Y,NA,A,01,0,0,2,0,0,0,0,0,0,-,-,33.85464859008789,-117.80660247802734,ORANGE,ANAHEIM,-117.80660247802734,33.85464859008789
91817924,2022,2022-07-15,9675,2022-07-06,0752,020018,NA,3,1,6,3026,0,1,3,NA,2,261,SR-261 SOUTHBOUND,IRVINE BLVD,100,S,N,A,-,Y,ORA,NA,261,NA,NA,1.635,H,NA,L,Y,4,0,1,2,A,-,08,22107,NA,N,B,C,A,A,H,-,A,D,0,NA,NA,NA,NA,Y,NA,A,01,0,0,1,0,0,0,0,0,0,-,-,33.72642135620117,-117.77911376953124,ORANGE,IRVINE,-117.77915954589844,33.72645568847656
91821448,2022,2022-07-20,9675,2022-07-09,1248,019394,NA,6,1,7,3019,0,1,3,NA,2,552,SR-55 NORTHBOUND,MACARTHUR BLVD.,705,N,N,A,-,Y,ORA,NA,55,NA,R,7.132,H,NA,R,N,4,0,1,2,A,-,08,22107,NA,N,B,C,A,A,H,-,A,D,0,NA,NA,NA,NA,Y,NA,A,01,0,0,1,0,0,0,0,0,0,-,-,33.70016860961914,-117.85973358154295,ORANGE,SANTA ANA,-117.8598175048828,33.70022964477539