CASE_ID,ACCIDENT_YEAR,PROC_DATE,JURIS,COLLISION_DATE,COLLISION_TIME,OFFICER_ID,REPORTING_DISTRICT,DAY_OF_WEEK,CHP_SHIFT,POPULATION,CNTY_CITY_LOC,SPECIAL_COND,BEAT_TYPE,CHP_BEAT_TYPE,CITY_DIVISION_LAPD,CHP_BEAT_CLASS,BEAT_NUMBER,PRIMARY_RD,SECONDARY_RD,DISTANCE,DIRECTION,INTERSECTION,WEATHER_1,WEATHER_2,STATE_HWY_IND,CALTRANS_COUNTY,CALTRANS_DISTRICT,STATE_ROUTE,ROUTE_SUFFIX,POSTMILE_PREFIX,POSTMILE,LOCATION_TYPE,RAMP_INTERSECTION,SIDE_OF_HWY,TOW_AWAY,COLLISION_SEVERITY,NUMBER_KILLED,NUMBER_INJURED,PARTY_COUNT,PRIMARY_COLL_FACTOR,PCF_CODE_OF_VIOL,PCF_VIOL_CATEGORY,PCF_VIOLATION,PCF_VIOL_SUBSECTION,HIT_AND_RUN,TYPE_OF_COLLISION,MVIW,PED_ACTION,ROAD_SURFACE,ROAD_COND_1,ROAD_COND_2,LIGHTING,CONTROL_DEVICE,CHP_ROAD_TYPE,PEDESTRIAN_ACCIDENT,BICYCLE_ACCIDENT,MOTORCYCLE_ACCIDENT,TRUCK_ACCIDENT,NOT_PRIVATE_PROPERTY,ALCOHOL_INVOLVED,STWD_VEHTYPE_AT_FAULT,CHP_VEHTYPE_AT_FAULT,COUNT_SEVERE_INJ,COUNT_VISIBLE_INJ,COUNT_COMPLAINT_PAIN,COUNT_PED_KILLED,COUNT_PED_INJURED,COUNT_BICYCLIST_KILLED,COUNT_BICYCLIST_INJURED,COUNT_MC_KILLED,COUNT_MC_INJURED,PRIMARY_RAMP,SECONDARY_RAMP,LATITUDE,LONGITUDE,COUNTY,CITY,POINT_X,POINT_Y
92158195,2023,2023-08-30,9670,2023-08-18,2005,014558,NA,5,2,5,3007,0,1,1,NA,2,040,I-405 N/B (SAN DIEGO FREEWAY),TALBERT AVENUE,90,N,N,A,-,Y,ORA,NA,405,NA,NA,13.453,H,NA,R,Y,4,0,3,4,A,-,03,22350,NA,N,C,C,A,A,D,E,C,D,0,NA,NA,NA,NA,Y,NA,A,01,0,0,3,0,0,0,0,0,0,-,-,33.70209884643555,-117.94989776611328,ORANGE,FOUNTAIN VALLEY,-117.94988250732422,33.702117919921875
92160127,2023,2023-08-31,9690,2023-08-23,820,016430,NA,3,1,9,3000,0,3,5,NA,2,004,MEANDERING TRAIL,GRASSY NOLL,36,N,N,A,-,N,NA,NA,NA,NA,NA,NA,NA,NA,NA,N,4,0,1,4,A,-,03,22350,NA,N,C,C,A,A,H,-,A,D,0,NA,NA,NA,NA,Y,NA,A,01,0,0,1,0,0,0,0,0,0,-,-,33.58885955810547,-117.62458801269533,ORANGE,UNINCORPORATED,-117.62451171875,33.58877944946289
92160843,2023,2023-09-01,9675,2023-08-23,1505,018102,NA,3,2,6,3026,0,1,1,NA,2,503,I-5 NORTHBOUND,JAMBOREE ROAD,50,S,N,A,-,Y,ORA,NA,5,NA,NA,27.567,H,NA,R,Y,3,0,1,2,A,-,07,21658,A,N,B,C,A,A,H,-,A,D,0,NA,NA,Y,NA,Y,NA,A,01,0,1,0,0,0,0,0,0,1,-,-,33.71940994262695,-117.79470825195313,ORANGE,IRVINE,-117.7946548461914,33.71946334838867
92163140,2023,2023-09-06,9675,2023-08-26,752,019599,NA,6,1,7,3019,0,1,3,NA,2,552,SR-55 SOUTHBOUND,DYER RD,700,N,N,A,-,Y,ORA,NA,55,NA,R,8.037,H,NA,L,Y,4,0,1,3,A,-,07,21658,A,N,B,C,A,A,H,-,A,D,0,NA,NA,NA,Y,Y,NA,A,01,0,0,1,0,0,0,0,0,0,-,-,33.71049118041992,-117.85011291503906,ORANGE,SANTA ANA,-117.85006713867188,33.7104606628418
92164236,2023,2023-09-07,9670,2023-07-06,1627,019290,NA,4,2,4,3020,0,1,1,NA,2,044,I-405 N/B,SR-22 W/B TO 7TH STREET O/C,1600,N,N,A,-,Y,ORA,NA,405,NA,NA,23.605,H,NA,R,Y,3,0,1,2,A,-,07,21658,A,F,B,C,A,A,D,-,A,D,0,NA,NA,NA,NA,Y,NA,D,22,0,1,0,0,0,0,0,0,0,-,-,33.77825927734375,-118.08944702148438,ORANGE,SEAL BEACH,-118.08950805664063,33.77824783325195
92164889,2023,2023-09-07,9670,2023-08-30,752,014558,NA,3,1,6,3009,0,1,3,NA,2,022,SR-22 E/B (GARDEN GROVE FREEWAY),BEACH BLVD,20000,E,N,A,-,Y,ORA,NA,22,NA,R,3.978,H,NA,R,N,3,0,1,3,A,-,03,22350,NA,N,C,C,A,A,H,-,A,D,0,NA,NA,NA,NA,Y,NA,A,01,0,1,0,0,0,0,0,0,0,-,-,33.7706413269043,-117.98551177978516,ORANGE,GARDEN GROVE,-117.98551177978516,33.770633697509766
92168922,2023,2023-09-13,9675,2023-09-03,122,022103,NA,7,3,9,3000,0,2,4,NA,2,023,SKYLINE DRIVE,LA VEREDA DRIVE,20,N,N,B,-,N,NA,NA,NA,NA,NA,NA,NA,NA,NA,N,4,0,1,1,A,-,03,22350,NA,N,E,8,A,A,H,-,D,D,0,NA,NA,NA,NA,Y,NA,A,01,0,0,1,0,0,0,0,0,0,-,-,33.758949279785156,-117.78505706787108,ORANGE,UNINCORPORATED,-117.7851104736328,33.758888244628906
9216989,2020,2021-02-09,3010,2020-12-24,1500,2263,441,4,5,6,3010,0,0,0,NA,0,004,ALLEY E OF LAKE ST,ADAMS AV,222,S,N,B,-,N,NA,NA,NA,NA,NA,NA,NA,NA,NA,N,3,0,1,1,C,-,18,NA,NA,N,E,I,A,A,A,-,A,D,0,NA,Y,NA,NA,Y,NA,-,-,0,1,0,0,0,0,1,0,0,-,-,NA,NA,ORANGE,HUNTINGTON BEACH,-117.99714660644533,33.67145538330078
9216999,2020,2021-02-09,3008,2020-12-25,2053,159.,Z2,5,5,6,3008,0,0,0,NA,0,NA,HARBOR BL,HOUSTON AV,0,NA,Y,A,-,NA,NA,NA,NA,NA,NA,NA,NA,NA,NA,Y,4,0,4,2,A,-,12,21453,A,N,A,C,A,A,H,-,C,A,0,NA,NA,NA,NA,Y,NA,A,07,0,0,4,0,0,0,0,0,0,-,-,NA,NA,ORANGE,FULLERTON,-117.92434692382813,33.85541915893555
9217463,2021,2021-03-13,3003,2021-01-13,1147,1160,1,3,5,5,3003,0,0,0,NA,0,001,WHITAKER ST,DALE ST,291,E,N,A,-,N,NA,NA,NA,NA,NA,NA,NA,NA,NA,N,4,0,1,2,A,-,09,21804,A,N,A,C,A,A,H,-,A,D,0,NA,NA,NA,NA,Y,NA,A,01,0,0,1,0,0,0,0,0,0,-,-,33.8663215637207,-117.98396301269533,ORANGE,BUENA PARK,-117.98410034179688,33.86634063720703
92177859,2023,2023-09-25,9675,2023-09-17,1749,021633,NA,7,2,6,3008,0,1,3,NA,2,571,SR-57 SOUTHBOUND,YORBA LINDA BOULEVARD,372,S,N,A,-,Y,ORA,NA,57,NA,NA,18.265,H,NA,L,Y,4,0,2,2,A,-,08,22107,NA,N,B,2,A,A,H,-,C,D,0,NA,NA,NA,NA,Y,NA,D,22,0,0,2,0,0,0,0,0,0,-,-,33.88787841796875,-117.8808135986328,ORANGE,FULLERTON,-117.88072204589844,33.887882232666016
92182240,2023,2023-09-28,9670,2023-09-20,655,018664,NA,3,1,5,3003,0,1,1,NA,2,501,I-5 S/B,SR-91,150,N,N,B,-,Y,ORA,NA,5,NA,NA,42.238,H,NA,L,N,4,0,1,2,A,-,03,22350,NA,N,C,C,A,A,H,-,A,D,0,NA,NA,NA,NA,Y,NA,A,08,0,0,1,0,0,0,0,0,0,-,-,33.85704040527344,-117.98114776611328,ORANGE,BUENA PARK,-117.98119354248048,33.856964111328125
92183229,2023,2023-10-02,9675,2023-09-22,1623,021274,NA,5,2,6,3008,0,1,3,NA,2,571,STATE ROUTE 57 S/B TO NUTWOOD AVE.,NUTWOOD AVE,100,N,N,A,-,Y,NA,NA,NA,NA,NA,NA,NA,NA,NA,N,4,0,1,2,A,-,03,22350,NA,M,C,C,A,A,H,-,A,D,0,NA,NA,NA,NA,Y,NA,-,99,0,0,1,0,0,0,0,0,0,-,-,33.878448486328125,-117.8811264038086,ORANGE,FULLERTON,-117.8811264038086,33.878448486328125
92188264,2023,2023-10-02,9690,2023-09-27,1750,019925,NA,3,2,4,3018,0,1,1,NA,2,057,I-5 S/B (SAN DIEGO FRWY),SR-74 (ORTEGA HWY.),2703,N,N,A,-,Y,ORA,NA,5,NA,NA,10.132,H,NA,L,Y,4,0,1,3,A,-,03,22350,NA,N,C,C,A,A,H,-,A,D,0,NA,NA,NA,NA,Y,NA,D,22,0,0,1,0,0,0,0,0,0,-,-,33.50967025756836,-117.6613311767578,ORANGE,SAN JUAN CAPISTRANO,-117.66127014160156,33.50968933105469
92190590,2023,2023-10-04,9690,2023-08-13,1945,020182,NA,7,2,9,3000,0,1,3,NA,2,073,SR-73 N/B TO ALISO CREEK RD.,ALISO CREEK RD.,1545,S,N,A,-,Y,ORA,NA,73,NA,NA,14.1,H,NA,R,N,4,0,1,2,A,-,05,21651,C,F,A,C,A,A,H,-,B,D,0,NA,NA,NA,NA,Y,NA,A,01,0,0,1,0,0,0,0,0,0,-,-,33.57830047607422,-117.71662139892578,ORANGE,UNINCORPORATED,-117.71675872802734,33.5781135559082
92192108,2023,2023-10-05,9675,2023-09-29,1925,018102,NA,5,2,6,3026,0,1,1,NA,2,504,I-5 SOUTHBOUND,SAND CANYON AVENUE,3000,N,N,A,-,Y,ORA,NA,5,NA,R,24.551,H,NA,L,Y,4,0,2,2,A,-,03,22350,NA,N,C,C,A,A,H,-,C,D,0,NA,NA,NA,NA,Y,NA,A,01,0,0,2,0,0,0,0,0,0,-,-,33.68418884277344,-117.7649383544922,ORANGE,IRVINE,-117.76488494873048,33.6842155456543
92198810,2023,2023-11-21,9670,2023-10-07,220,021821,NA,6,3,7,3001,0,1,1,NA,2,503,I-5 S/B,LINCOLN AVE,500,S,N,A,-,Y,ORA,NA,5,NA,NA,38.81,H,NA,L,Y,3,0,9,5,A,-,02,22400,A,N,C,C,A,A,H,-,C,D,0,NA,NA,NA,NA,Y,NA,A,07,0,3,6,0,0,0,0,0,0,-,-,33.83121109008789,-117.93108367919922,ORANGE,ANAHEIM,-117.93111419677734,33.83118438720703
92199779,2023,2023-10-16,9670,2023-09-26,655,016454,NA,2,1,6,3008,0,1,3,NA,2,093,SR-91 W/B,BROOKHURST STREET,200,W,N,A,-,Y,ORA,NA,91,NA,NA,1.186,H,NA,L,Y,4,0,2,3,A,-,08,22107,NA,M,B,I,A,A,H,-,A,D,0,NA,NA,NA,NA,Y,NA,-,99,0,0,2,0,0,0,0,0,0,-,-,33.853919982910156,-117.96025848388672,ORANGE,FULLERTON,-117.96025848388672,33.85398864746094
92199793,2023,2023-10-16,9670,2023-10-07,215,020134,NA,6,3,6,3009,0,1,3,NA,2,021,SR-22 WESTBOUND,STATE ROUTE 39,1056,W,N,A,-,Y,ORA,NA,22,NA,R,3.14,H,NA,L,Y,4,0,1,2,A,-,03,22350,NA,N,C,C,A,A,H,-,C,D,0,NA,NA,NA,NA,Y,NA,A,01,0,0,1,0,0,0,0,0,0,-,-,33.77172088623047,-117.99965667724608,ORANGE,GARDEN GROVE,-117.99967193603516,33.771644592285156
92206530,2023,2023-10-23,9675,2023-10-14,1645,021834,NA,6,2,7,3001,0,1,3,NA,2,095,SR-91 EASTBOUND,WEIR CANYON ROAD,1500,E,N,A,-,Y,ORA,NA,91,NA,R,15.167,H,NA,R,N,4,0,3,2,A,-,03,22350,NA,N,A,C,A,A,H,-,A,D,0,NA,NA,NA,Y,Y,NA,G,25,0,0,3,0,0,0,0,0,0,-,-,33.86968994140625,-117.73259735107422,ORANGE,ANAHEIM,-117.73259735107422,33.86968994140625
92207994,2023,2023-10-25,9675,2023-10-19,35,022993,NA,4,3,5,3022,0,1,3,NA,2,552,SR-55 NORTHBOUND,EDINGER AVENUE,2640,S,N,B,-,Y,ORA,NA,55,NA,R,9.01,H,NA,R,N,3,0,1,2,A,-,01,23152,A,N,C,C,A,A,H,-,C,D,0,NA,NA,NA,NA,Y,Y,A,01,0,1,0,0,0,0,0,0,0,-,-,33.72119140625,-117.83896636962892,ORANGE,TUSTIN,-117.83904266357422,33.72124099731445
9221826,2021,2021-03-10,3022,2021-01-28,1855,1225,SOUTH,4,5,5,3022,0,0,0,NA,0,NA,NEWPORT AV,DEL AMO AV,0,NA,Y,B,-,Y,ORA,12,55,-,R,9.125,R,4,N,Y,4,0,2,2,A,-,12,21453,A,N,D,C,A,A,H,-,C,A,0,NA,NA,NA,NA,Y,NA,A,01,0,0,2,0,0,0,0,0,0,-,-,33.72256851196289,-117.83499145507813,ORANGE,TUSTIN,-117.83795928955078,33.72250747680664
9222170,2021,2021-03-29,3000,2021-01-31,1845,9431,797J6,7,5,4,3021,0,0,0,NA,0,023,BEACH BL,GARDEN GROVE BL,60,N,N,A,-,Y,ORA,12,39,-,-,8.69,H,-,N,Y,3,0,1,1,A,-,01,23152,F,N,F,J,A,A,H,-,C,D,0,NA,NA,NA,NA,Y,Y,A,01,0,1,0,0,0,0,0,0,0,-,-,NA,NA,ORANGE,STANTON,-117.9926986694336,33.77397918701172
92225564,2023,2023-11-01,9670,2023-10-26,1345,019304,NA,4,1,5,3024,0,1,1,NA,2,042,I-405 N/B,EDWARDS ST,200,S,N,A,-,Y,ORA,NA,405,NA,NA,18.506,H,NA,R,Y,4,0,1,3,A,-,03,22350,NA,N,C,C,A,A,H,-,A,D,0,NA,NA,NA,NA,Y,NA,A,07,0,0,1,0,0,0,0,0,0,-,-,33.75239181518555,-118.01392364501952,ORANGE,WESTMINSTER,-118.01388549804688,33.752418518066406
92228589,2023,2023-11-06,9670,2023-10-30,1405,021459,NA,1,2,5,3003,0,1,3,NA,2,092,SR-91 E/B,STANTON AVENUE,1056,E,N,A,-,Y,ORA,NA,91,NA,R,3.103,H,NA,R,Y,3,0,2,2,A,-,03,22350,NA,N,C,C,A,A,H,-,A,D,0,NA,NA,NA,NA,Y,NA,A,01,0,1,1,0,0,0,0,0,0,-,-,33.856048583984375,-117.98954010009766,ORANGE,BUENA PARK,-117.98954010009766,33.85604476928711
92230345,2023,2023-11-07,9670,2023-10-30,750,016271,NA,1,1,7,3001,0,1,1,NA,2,503,I-5 S/B,HARBOR BLVD,800,S,N,G,-,Y,ORA,NA,5,NA,NA,37.237,H,NA,L,Y,4,0,1,2,A,-,03,22350,NA,N,C,C,A,A,H,-,A,D,0,NA,NA,NA,NA,Y,NA,A,01,0,0,1,0,0,0,0,0,0,-,-,33.813411712646484,-117.91340637207033,ORANGE,ANAHEIM,-117.91349029541016,33.8133544921875
92234913,2023,2023-11-14,9675,2023-11-07,2000,020851,NA,2,2,7,3019,0,1,3,NA,2,552,SR-55 N/B TO DYER RD.,DYER RD.,1070,S,N,A,-,Y,ORA,NA,55,NA,R,7.654,H,NA,R,Y,4,0,1,1,A,-,08,22107,NA,N,E,8,A,A,H,-,D,D,0,NA,NA,NA,NA,Y,NA,A,01,0,0,1,0,0,0,0,0,0,-,-,33.70603942871094,-117.85399627685548,ORANGE,SANTA ANA,-117.85408782958984,33.70610046386719
9223728,2021,2021-03-29,3009,2021-01-22,1435,4587,115,5,5,6,3009,0,0,0,NA,0,2-1,TRASK ST,EUCLID ST,100,W,N,A,B,N,NA,NA,NA,NA,NA,NA,NA,NA,NA,Y,4,0,1,2,A,-,08,22107,NA,N,C,D,A,A,H,-,A,A,0,NA,NA,NA,NA,Y,NA,D,23,0,0,1,0,0,0,0,0,0,-,-,NA,NA,ORANGE,GARDEN GROVE,-117.93820190429688,33.766937255859375
92244562,2023,2024-02-12,9675,2023-11-12,1735,023318,NA,7,2,6,3008,0,1,3,NA,2,571,SR-57 SOUTHBOUND,CHAPMAN,150,S,N,A,-,Y,ORA,NA,57,NA,NA,17.28,H,NA,L,Y,4,0,1,3,A,-,03,22350,NA,N,C,C,A,A,H,-,C,D,0,NA,NA,NA,NA,Y,NA,A,01,0,0,1,0,0,0,0,0,0,-,-,33.8736686706543,-117.88065338134766,ORANGE,FULLERTON,-117.8805694580078,33.8736686706543
92244917,2023,2023-11-27,9675,2023-11-09,1555,023293,NA,4,2,5,3022,0,1,3,NA,2,551,SR-55 SOUTHBOUND,MCFADDEN AVE,792,N,N,A,-,Y,ORA,NA,55,NA,NA,10.131,H,NA,L,N,4,0,1,2,A,-,07,21658,A,F,B,C,A,A,H,-,A,D,0,NA,NA,NA,NA,Y,NA,-,-,0,0,1,0,0,0,0,0,0,-,-,33.736061096191406,-117.83392333984376,ORANGE,TUSTIN,-117.83401489257813,33.736061096191406
92246798,2023,2023-11-28,9670,2023-11-01,249,021071,NA,3,3,5,3024,0,1,3,NA,2,020,SR-22 E/B,SPRINGDALE ST,2640,W,N,A,-,Y,ORA,NA,22,NA,R,1.703,H,NA,R,Y,2,0,1,4,A,-,08,22107,NA,N,E,I,A,A,H,-,C,D,0,NA,NA,NA,NA,Y,NA,A,07,1,0,0,0,0,0,0,0,0,-,-,33.77410125732422,-118.02426910400392,ORANGE,WESTMINSTER,-118.02426910400392,33.77421188354492
92249653,2023,2023-11-30,9675,2023-11-18,450,022159,NA,6,3,7,3001,0,1,3,NA,2,094,SR-91 EASTBOUND (RIVERSIDE FREEWAY),WEIR CANYON RD.,5597,W,N,A,-,Y,ORA,NA,91,NA,R,13.353,H,NA,R,Y,3,0,5,2,A,-,03,22350,NA,N,C,C,A,A,H,-,C,D,0,NA,NA,NA,NA,Y,Y,A,01,0,5,0,0,0,0,0,0,0,-,-,33.8673095703125,-117.76277160644533,ORANGE,ANAHEIM,-117.76273345947266,33.86725997924805
92257066,2023,2023-12-08,9675,2023-11-29,755,022922,NA,3,1,6,3026,0,1,1,NA,2,530,I-5 NORTHBOUND,CULVER DRIVE,770,S,N,B,-,Y,ORA,NA,5,NA,R,26.442,H,NA,R,Y,4,0,1,4,A,-,03,22350,NA,N,C,C,A,A,H,-,A,D,0,NA,NA,NA,NA,Y,NA,A,01,0,0,1,0,0,0,0,0,0,-,-,33.70833969116211,-117.78060913085938,ORANGE,IRVINE,-117.78052520751952,33.70838928222656
92261042,2023,2023-12-13,9675,2023-12-06,1640,021691,NA,3,2,7,3001,0,1,3,NA,2,572,SR-57 NORTHBOUND,BALL ROAD,1600,S,N,A,-,Y,ORA,NA,57,NA,NA,13.089,H,NA,R,Y,4,0,1,3,A,-,03,22350,NA,N,C,C,A,A,H,-,A,D,0,NA,NA,NA,NA,Y,NA,A,07,0,0,1,0,0,0,0,0,0,-,-,33.813568115234375,-117.87753295898438,ORANGE,ANAHEIM,-117.87751770019533,33.813568115234375
92262575,2023,2023-12-14,9675,2023-12-12,800,017993,NA,2,1,6,3004,0,1,3,NA,2,553,SR-55 NORTHBOUND,BAKER STREET,300,S,N,A,-,Y,ORA,NA,55,NA,R,5.273,H,NA,R,N,4,0,1,4,A,-,03,22350,NA,N,C,C,A,A,H,-,A,D,0,NA,NA,NA,NA,Y,NA,A,07,0,0,1,0,0,0,0,0,0,-,-,33.67911911010742,-117.87986755371094,ORANGE,COSTA MESA,-117.87993621826172,33.679161071777344
9226727,2021,2021-03-16,3008,2021-01-24,0007,1508,ZONE2,7,5,6,3008,0,0,0,NA,0,NA,HARBOR BL,HOUSTON AV,0,NA,Y,A,-,N,NA,NA,NA,NA,NA,NA,NA,NA,NA,NA,4,0,1,2,A,-,03,22350,NA,F,-,C,A,B,H,-,D,A,0,NA,NA,NA,NA,Y,NA,-,NA,0,0,1,0,0,0,0,0,0,-,-,NA,NA,ORANGE,FULLERTON,-117.92434692382813,33.85541534423828
9226743,2021,2021-03-30,3008,2021-02-28,1737,1582,ZONE1,7,5,6,3008,0,0,0,NA,0,NA,ORANGETHORPE AV,PINE DR,243,E,N,A,-,N,NA,NA,NA,NA,NA,NA,NA,NA,NA,Y,3,0,3,2,A,-,01,23152,A,N,B,C,A,A,H,-,C,D,0,NA,NA,NA,NA,Y,Y,A,01,0,2,1,0,0,0,0,0,0,-,-,NA,NA,ORANGE,FULLERTON,-117.96623992919922,33.85935592651367
92267539,2023,2023-12-20,9690,2023-12-06,308,020375,NA,3,3,4,3018,0,1,1,NA,2,057,I-5 N/B (SAN DIEGO FRWY),SAN JUAN CREEK RD,1003,S,N,A,-,Y,ORA,NA,5,NA,NA,8.613,H,NA,R,N,2,0,1,2,A,-,00,21960,A,F,G,B,E,A,H,-,C,D,0,Y,NA,NA,NA,Y,NA,N,60,1,0,0,0,1,0,0,0,0,-,-,33.489078521728516,-117.6635284423828,ORANGE,SAN JUAN CAPISTRANO,-117.66360473632813,33.48912048339844
92269474,2023,2023-12-22,9690,2023-06-10,53,022016,NA,6,3,9,3000,0,1,3,NA,2,073,SR-73 NB,SR-133,5280,N,N,A,-,Y,ORA,NA,73,NA,NA,18.055,H,NA,R,Y,4,0,1,1,A,-,08,22107,NA,M,F,A,A,A,H,-,D,D,0,NA,NA,NA,NA,Y,NA,D,22,0,0,1,0,0,0,0,0,0,-,-,33.60026931762695,-117.77818298339844,ORANGE,UNINCORPORATED,-117.77817535400392,33.600276947021484
92270456,2023,2023-12-26,9675,2023-12-21,1625,021633,NA,4,2,6,3015,0,1,3,NA,2,222,SR-22 WESTBOUND,THE CITY DRIVE,460,W,N,B,-,Y,ORA,NA,22,NA,L,9.756,H,NA,L,N,4,0,1,2,A,-,03,22350,NA,N,C,C,A,A,H,-,B,D,0,NA,NA,NA,NA,Y,NA,A,01,0,0,1,0,0,0,0,0,0,-,-,33.779109954833984,-117.89054107666016,ORANGE,ORANGE,-117.89054107666016,33.77910232543945
92277122,2023,2024-01-02,9670,2023-12-29,1745,021459,NA,5,2,7,3001,0,1,3,NA,2,093,SR-91 W/B,HARBOR BLVD,500,E,N,A,-,Y,ORA,NA,91,NA,NA,3.36,H,NA,L,Y,4,0,3,4,A,-,03,22350,NA,M,B,C,A,A,H,-,C,D,0,NA,NA,NA,NA,Y,NA,D,22,0,0,3,0,0,0,0,0,0,-,-,33.85408020019531,-117.92247009277344,ORANGE,ANAHEIM,-117.92247772216795,33.85413360595703
92278418,2023,2024-01-03,9675,2023-12-24,1535,021305,NA,7,2,5,3014,0,1,3,NA,2,073,SR-73 NORTHBOUND,BIRCH STREET,419,S,N,A,-,Y,ORA,NA,73,NA,NA,25.317,H,NA,R,N,3,0,2,1,A,-,03,22350,NA,N,E,I,A,A,H,-,A,D,0,NA,NA,NA,NA,Y,NA,A,01,0,2,0,0,0,0,0,0,0,-,-,33.66044998168945,-117.87203979492188,ORANGE,NEWPORT BEACH,-117.87197875976563,33.66051483154297
92282716,2023,2024-01-09,9675,2023-12-29,453,021042,NA,5,3,6,3015,0,1,3,NA,2,551,SR-55 NORTHBOUND,CHAPMAN AVENUE,1584,S,N,A,-,Y,ORA,NA,55,NA,NA,13.432,H,NA,R,Y,3,0,1,3,A,-,03,22350,NA,M,C,C,A,A,H,-,C,D,0,NA,NA,NA,NA,Y,NA,D,22,0,1,0,0,0,0,0,0,0,-,-,33.78388977050781,-117.83088684082033,ORANGE,ORANGE,-117.83090972900392,33.78388977050781
92283581,2024,2024-01-10,9675,2024-01-03,713,023105,NA,3,1,7,3001,0,1,3,NA,2,195,SR-91 EASTBOUND,COAL CANYON ROAD,2750,E,N,C,-,Y,ORA,NA,91,NA,R,18.497,H,NA,R,N,4,0,1,2,A,-,03,22350,NA,N,E,8,A,B,H,-,A,D,0,NA,NA,NA,NA,Y,NA,A,01,0,0,1,0,0,0,0,0,0,-,-,33.86888885498047,-117.67874908447266,ORANGE,ANAHEIM,-117.67874908447266,33.868896484375
92287646,2024,2024-01-16,9675,2024-01-08,1758,023208,NA,1,2,7,3001,0,1,3,NA,2,240,SR-241 NORTHBOUND,WINDY RIDGE TOLL PLAZA,13200,N,N,A,-,Y,ORA,NA,241,NA,NA,38.488,H,NA,R,N,4,0,1,2,A,-,07,21658,A,N,B,C,A,A,H,-,C,D,0,NA,NA,NA,NA,Y,NA,A,01,0,0,1,0,0,0,0,0,0,-,-,33.85934066772461,-117.716552734375,ORANGE,ANAHEIM,-117.71662139892578,33.85934829711914
92289187,2024,2024-01-17,9675,2024-01-09,615,021305,NA,2,1,7,3019,0,1,1,NA,2,502,I-5 SOUTHBOUND,17TH STREET,1320,N,N,A,-,Y,ORA,NA,5,NA,NA,32.751,H,NA,L,Y,4,0,1,4,A,-,03,22350,NA,M,C,C,A,A,H,-,C,D,0,NA,NA,NA,NA,Y,NA,A,01,0,0,1,0,0,0,0,0,0,-,-,33.763301849365234,-117.86502075195313,ORANGE,SANTA ANA,-117.86504364013672,33.76329040527344
92289696,2024,2024-01-18,9675,2024-01-09,1735,017998,NA,2,2,7,3019,0,1,1,NA,2,503,I-5 SOUTHBOUND,1ST ST,1056,S,N,A,-,Y,ORA,NA,5,NA,NA,30.705,H,NA,L,Y,4,0,1,2,A,-,03,22350,NA,N,C,C,A,A,H,-,A,D,0,NA,NA,NA,NA,Y,NA,A,01,0,0,1,0,0,0,0,0,0,-,-,33.743370056152344,-117.84066009521484,ORANGE,SANTA ANA,-117.84070587158205,33.74333190917969
92299161,2024,2024-01-29,9670,2024-01-21,1950,021355,NA,7,2,6,3008,0,1,1,NA,2,502,I-5 N/B FROM DISNEYLAND DR.,DISNEYLAND DR.,1056,N,N,A,-,Y,ORA,NA,5,NA,NA,38.241,H,NA,R,N,4,0,4,2,A,-,03,22350,NA,N,C,C,A,A,H,-,C,A,0,NA,NA,NA,NA,Y,NA,A,07,0,0,4,0,0,0,0,0,0,-,-,33.824951171875,-117.92420959472656,ORANGE,FULLERTON,-117.92439270019533,33.82484817504883
92301897,2024,2024-01-31,9670,2024-01-30,845,016842,NA,2,1,7,3001,0,1,3,NA,2,093,SR-91 W/B,ACACIA AVE,121,W,N,A,-,Y,ORA,NA,91,NA,NA,4.738,H,NA,L,N,3,0,3,3,A,-,03,22350,NA,N,C,C,A,A,H,-,A,D,0,NA,NA,NA,NA,Y,NA,A,07,0,3,0,0,0,0,0,0,0,-,-,33.85411071777344,-117.89851379394533,ORANGE,ANAHEIM,-117.89850616455078,33.85403060913086
92304393,2024,2024-02-05,9675,2024-01-29,1620,023634,NA,1,2,7,3001,0,1,3,NA,2,572,SR-57 NORTHBOUND,LINCOLN AVE,528,S,N,A,-,Y,ORA,NA,57,NA,NA,14.488,H,NA,R,N,4,0,1,2,A,-,03,22350,NA,N,C,C,A,A,H,-,A,D,0,NA,NA,NA,NA,Y,NA,A,01,0,0,1,0,0,0,0,0,0,-,-,33.83366012573242,-117.8759994506836,ORANGE,ANAHEIM,-117.87592315673828,33.83366012573242