CASE_ID,ACCIDENT_YEAR,PROC_DATE,JURIS,COLLISION_DATE,COLLISION_TIME,OFFICER_ID,REPORTING_DISTRICT,DAY_OF_WEEK,CHP_SHIFT,POPULATION,CNTY_CITY_LOC,SPECIAL_COND,BEAT_TYPE,CHP_BEAT_TYPE,CITY_DIVISION_LAPD,CHP_BEAT_CLASS,BEAT_NUMBER,PRIMARY_RD,SECONDARY_RD,DISTANCE,DIRECTION,INTERSECTION,WEATHER_1,WEATHER_2,STATE_HWY_IND,CALTRANS_COUNTY,CALTRANS_DISTRICT,STATE_ROUTE,ROUTE_SUFFIX,POSTMILE_PREFIX,POSTMILE,LOCATION_TYPE,RAMP_INTERSECTION,SIDE_OF_HWY,TOW_AWAY,COLLISION_SEVERITY,NUMBER_KILLED,NUMBER_INJURED,PARTY_COUNT,PRIMARY_COLL_FACTOR,PCF_CODE_OF_VIOL,PCF_VIOL_CATEGORY,PCF_VIOLATION,PCF_VIOL_SUBSECTION,HIT_AND_RUN,TYPE_OF_COLLISION,MVIW,PED_ACTION,ROAD_SURFACE,ROAD_COND_1,ROAD_COND_2,LIGHTING,CONTROL_DEVICE,CHP_ROAD_TYPE,PEDESTRIAN_ACCIDENT,BICYCLE_ACCIDENT,MOTORCYCLE_ACCIDENT,TRUCK_ACCIDENT,NOT_PRIVATE_PROPERTY,ALCOHOL_INVOLVED,STWD_VEHTYPE_AT_FAULT,CHP_VEHTYPE_AT_FAULT,COUNT_SEVERE_INJ,COUNT_VISIBLE_INJ,COUNT_COMPLAINT_PAIN,COUNT_PED_KILLED,COUNT_PED_INJURED,COUNT_BICYCLIST_KILLED,COUNT_BICYCLIST_INJURED,COUNT_MC_KILLED,COUNT_MC_INJURED,PRIMARY_RAMP,SECONDARY_RAMP,LATITUDE,LONGITUDE,COUNTY,CITY,POINT_X,POINT_Y
9363947,2021,2021-11-30,3000,2021-09-20,2150,10393,922A4,1,5,4,3045,0,0,0,NA,0,445,OSO PKWY,BRINDLEWOOD DR,0,NA,Y,A,-,N,NA,NA,NA,NA,NA,NA,NA,NA,NA,N,2,0,1,2,A,-,00,24153,A,N,G,G,A,A,H,-,C,A,0,NA,Y,NA,NA,Y,NA,A,01,1,0,0,0,0,0,1,0,0,-,-,NA,NA,ORANGE,LAGUNA HILLS,-117.68260192871094,33.579891204833984
9364348,2021,2021-12-24,3004,2021-11-12,1339,P704,11,5,5,6,3004,0,0,0,NA,0,003,HARBOR BL,VICTORIA ST,258,S,N,A,-,N,NA,NA,NA,NA,NA,NA,NA,NA,NA,Y,4,0,2,2,A,-,03,22350,NA,N,C,C,A,A,H,-,A,D,0,NA,NA,NA,NA,Y,NA,A,01,0,0,2,0,0,0,0,0,0,-,-,33.65167999267578,-117.91899871826172,ORANGE,COSTA MESA,-117.9190673828125,33.65182113647461
9367640,2021,2021-12-23,3009,2021-11-17,1708,4401,135,3,5,6,3009,0,0,0,NA,0,2-3,GARDEN GROVE BL,ROCKINGHORSE RD,0,NA,Y,A,-,N,NA,NA,NA,NA,NA,NA,NA,NA,NA,Y,4,0,1,2,A,-,09,21801,A,N,D,C,A,A,H,-,C,D,0,NA,NA,NA,NA,Y,NA,A,01,0,0,1,0,0,0,0,0,0,-,-,NA,NA,ORANGE,GARDEN GROVE,-117.9248046875,33.7742805480957
9368208,2021,2021-12-15,3005,2021-11-04,0040,8292,L10,4,5,4,3005,0,0,0,NA,0,003,KATELLA AV,WALKER ST,257,E,N,B,-,N,NA,NA,NA,NA,NA,NA,NA,NA,NA,Y,3,0,1,1,A,-,07,21658,A,N,E,I,A,A,D,-,C,D,0,NA,NA,NA,NA,Y,NA,A,01,0,1,0,0,0,0,0,0,0,-,-,NA,NA,ORANGE,CYPRESS,-118.03622436523438,33.80290985107422
9373567,2021,2021-12-23,3005,2021-11-14,0255,8182,C40,7,5,4,3005,0,0,0,NA,0,003,KATELLA AV,VALLEY VIEW ST,0,NA,Y,A,-,N,NA,NA,NA,NA,NA,NA,NA,NA,NA,Y,3,0,1,2,A,-,12,21453,A,N,D,C,A,A,H,-,C,A,0,NA,NA,NA,NA,Y,NA,A,01,0,1,0,0,0,0,0,0,0,-,-,NA,NA,ORANGE,CYPRESS,-118.0284423828125,33.80288314819336
9373706,2021,2021-12-17,3005,2021-11-07,1640,8169,C21,7,5,4,3005,0,0,0,NA,0,002,BALL RD,MOODY ST,0,NA,Y,A,-,N,NA,NA,NA,NA,NA,NA,NA,NA,NA,N,4,0,1,2,A,-,03,22350,NA,N,C,C,A,A,H,-,B,A,0,NA,NA,NA,NA,Y,NA,A,07,0,0,1,0,0,0,0,0,0,-,-,NA,NA,ORANGE,CYPRESS,-118.04563903808594,33.81686019897461
9374061,2021,2021-12-27,3026,2021-11-17,0920,4779,CROSS,3,5,6,3026,0,0,0,NA,0,006,LAGUNA CANYON RD,IRVINE CENTER DR,40,N,N,B,-,N,NA,NA,NA,NA,NA,NA,NA,NA,NA,Y,2,0,2,3,A,-,08,22107,NA,N,D,D,A,A,H,-,A,A,0,NA,NA,NA,NA,Y,NA,A,07,1,1,0,0,0,0,0,0,0,-,-,33.66659927368164,-117.76014709472656,ORANGE,IRVINE,-117.76036834716795,33.666751861572266
9374249,2021,2021-12-17,3009,2021-11-18,0757,4762,071,4,5,6,3009,0,0,0,NA,0,1 2,MAGNOLIA ST,ORANGEWOOD AV,140,S,N,B,-,N,NA,NA,NA,NA,NA,NA,NA,NA,NA,N,4,0,2,2,A,-,09,21804,A,N,D,C,A,A,H,-,A,A,0,NA,NA,NA,NA,Y,NA,A,01,0,0,2,0,0,0,0,0,0,-,-,NA,NA,ORANGE,GARDEN GROVE,-117.9755401611328,33.79537582397461
9375872,2021,2021-12-23,3000,2021-10-28,1739,10397,992J4,4,5,5,3017,0,0,0,NA,0,074,SOUTH EL CAMINO REAL,A VENIDA SANTIAGO,0,NA,Y,A,-,N,NA,NA,NA,NA,NA,NA,NA,NA,NA,N,4,0,1,2,D,-,00,NA,NA,N,H,A,A,A,H,-,A,A,0,NA,NA,NA,NA,Y,Y,-,-,0,0,1,0,0,0,0,0,0,-,-,NA,NA,ORANGE,SAN CLEMENTE,-117.60804,33.42093
9375919,2021,2021-12-29,3000,2021-11-09,1440,1920,797H2,2,5,4,3021,0,0,0,NA,0,721,KATELLA AV,WESTERN AV,717,W,N,A,-,N,NA,NA,NA,NA,NA,NA,NA,NA,NA,Y,3,0,1,3,A,-,08,22107,NA,N,B,E,A,A,H,-,A,D,0,NA,NA,NA,NA,Y,NA,A,01,0,1,0,0,0,0,0,0,0,-,-,NA,NA,ORANGE,STANTON,-118.00430297851563,33.802860260009766
9377977,2021,2022-01-20,3000,2021-12-01,2146,5377,951J2,3,5,5,3040,0,0,0,NA,0,743,PKWY,CROWN VALLEY PKWY,0,NA,Y,B,E,N,NA,NA,NA,NA,NA,NA,NA,NA,NA,Y,4,0,1,2,D,-,00,NA,NA,F,B,C,A,B,H,-,C,A,0,NA,NA,NA,NA,Y,NA,-,-,0,0,1,0,0,0,0,0,0,-,-,NA,NA,ORANGE,LAGUNA NIGUEL,NA,NA
9384895,2021,2022-01-05,3010,2021-11-29,2339,3076,455,1,5,6,3010,0,0,0,NA,0,002,SUNRIDGE,CHARWOOD LN,0,NA,Y,E,-,N,NA,NA,NA,NA,NA,NA,NA,NA,NA,Y,4,0,1,1,A,-,08,22107,NA,N,E,I,A,B,-,-,C,D,0,NA,NA,NA,NA,Y,NA,-,-,0,0,1,0,0,0,0,0,0,-,-,NA,NA,ORANGE,HUNTINGTON BEACH,-117.96607208251952,33.66165542602539
9387171,2021,2022-02-07,3000,2021-06-26,2323,8816,797J6,6,5,4,3021,0,0,0,NA,0,024,ORRWAY DR,LAMPSON AV,193,S,N,A,-,N,NA,NA,NA,NA,NA,NA,NA,NA,NA,N,3,0,1,2,A,-,03,22350,NA,N,B,E,A,A,H,-,C,D,0,NA,NA,NA,NA,Y,NA,D,22,0,1,0,0,0,0,0,0,0,-,-,NA,NA,ORANGE,STANTON,-117.99559783935548,33.78055953979492
9388162,2021,2022-01-12,3026,2021-12-21,0839,8929,NA,2,5,6,3026,0,0,0,NA,0,NA,QUAIL HILL PKWY,PASSAGE,50,E,N,A,-,N,NA,NA,NA,NA,NA,NA,NA,NA,NA,N,4,0,1,2,A,-,03,22350,NA,N,C,C,A,A,H,-,A,A,0,NA,NA,NA,NA,Y,NA,A,01,0,0,1,0,0,0,0,0,0,-,-,33.6528205871582,-117.77932739257813,ORANGE,IRVINE,-117.77922058105467,33.65341567993164
9389009,2021,2022-02-04,3009,2021-12-31,1825,4111,091,5,5,6,3009,0,0,0,NA,0,1-2,BROOKHURST ST,DEWEY DR,32,S,N,A,-,N,NA,NA,NA,NA,NA,NA,NA,NA,NA,Y,4,0,2,2,A,-,09,21801,A,N,D,C,A,A,H,-,C,A,0,NA,NA,NA,NA,Y,NA,A,01,0,0,2,0,0,0,0,0,0,-,-,NA,NA,ORANGE,GARDEN GROVE,-117.95883941650392,33.799922943115234
93949478,2024,2024-08-08,9675,2024-08-07,1755,021914,NA,3,2,7,3001,0,1,3,NA,2,093,SR-91 WESTBOUND,GLASSELL STREET,1500,W,N,A,-,Y,ORA,NA,91,NA,NA,7.053,H,NA,L,N,4,0,1,2,A,-,03,22350,NA,N,C,C,A,A,H,-,A,D,0,NA,NA,NA,NA,Y,NA,A,01,0,0,1,0,0,0,0,0,0,-,-,33.84687042236328,-117.86044311523438,ORANGE,ANAHEIM,-117.86042785644533,33.84682846069336
9404854,2021,2022-12-06,3000,2021-06-25,1755,5455,893C2,5,5,4,3048,0,0,0,NA,0,767,SANTA MARGARITA PKWY,ANTONIO PKWY,10,S,N,A,-,N,NA,NA,NA,NA,NA,NA,NA,NA,NA,Y,3,0,2,2,A,-,21,22106,NA,N,-,C,A,A,H,-,A,A,0,NA,NA,NA,NA,Y,NA,A,07,0,1,1,0,0,0,0,0,0,-,-,NA,NA,ORANGE,RANCHO SANTA MARGARITA,-117.58110809326172,33.64876174926758
9404857,2021,2022-12-06,3000,2021-10-30,1714,5163,952A6,6,5,5,3040,0,0,0,NA,0,743,GOLDEN LANTERN,SERENITY LN,0,NA,Y,A,-,N,NA,NA,NA,NA,NA,NA,NA,NA,NA,Y,3,0,2,2,A,-,09,21801,A,N,A,C,A,A,H,-,A,D,0,NA,NA,NA,NA,Y,NA,A,01,0,1,1,0,0,0,0,0,0,-,-,NA,NA,ORANGE,LAGUNA NIGUEL,-117.68498229980467,33.5196647644043
9407503,2022,2022-11-03,3026,2022-02-01,1604,6352,NA,2,5,6,3026,0,0,0,NA,0,00C,IRVINE CENTER DR,RESEARCH DR,104,N,N,B,-,N,NA,NA,NA,NA,NA,NA,NA,NA,NA,Y,3,0,3,3,A,-,01,23153,F,N,C,C,A,A,H,-,A,A,0,NA,NA,NA,NA,Y,NA,A,01,0,1,2,0,0,0,0,0,0,-,-,NA,NA,ORANGE,IRVINE,-117.74481201171876,33.644676208496094
9412828,2022,2022-03-10,3026,2022-02-04,1913,670,UNIVE,5,5,6,3026,0,0,0,NA,0,00U,CULVER DR,CAMPUS DR,0,NA,Y,A,-,N,NA,NA,NA,NA,NA,NA,NA,NA,NA,Y,4,0,1,3,A,-,01,23152,A,N,F,C,A,A,H,-,C,A,0,NA,NA,NA,NA,Y,Y,A,01,0,0,1,0,0,0,0,0,0,-,-,NA,NA,ORANGE,IRVINE,-117.82465362548828,33.650108337402344
9418320,2022,2022-03-23,3003,2022-02-07,0906,1160,NA,1,5,5,3003,0,0,0,NA,0,002,WESTERN AV,AUTO CENTER DR,0,NA,Y,A,-,N,NA,NA,NA,NA,NA,NA,NA,NA,NA,N,4,0,1,2,A,-,12,21453,A,N,D,C,A,A,H,-,A,A,0,NA,NA,NA,NA,Y,NA,A,01,0,0,1,0,0,0,0,0,0,-,-,33.87001037597656,-118.00260925292967,ORANGE,BUENA PARK,-118.00260925292967,33.86985397338867
9418790,2022,2022-03-28,3000,2022-02-28,0635,9192,921F6,1,5,4,3049,0,0,0,NA,0,6M81,PACIFIC PARK DR,ALICIA PKWY,0,NA,Y,A,-,N,NA,NA,NA,NA,NA,NA,NA,NA,NA,Y,4,0,2,2,A,-,12,21453,A,N,D,C,A,A,H,-,A,A,0,NA,NA,NA,NA,Y,NA,A,07,0,0,2,0,0,0,0,0,0,-,-,NA,NA,ORANGE,ALISO VIEJO,-117.71437072753906,33.57135772705078
9419153,2022,2022-04-27,3000,2022-02-27,0555,8928,921J1,7,5,4,3045,0,0,0,NA,0,145,ALICIA PKWY,HON AV,621,E,N,A,-,Y,ORA,12,5,-,-,17.255,R,4,S,Y,3,0,1,1,A,-,01,23152,A,M,F,A,A,A,H,-,C,A,0,NA,NA,NA,NA,Y,Y,D,22,0,1,0,0,0,0,0,0,0,-,-,NA,NA,ORANGE,LAGUNA HILLS,-117.68749237060548,33.602577209472656
9419500,2022,2022-04-06,3000,2022-02-03,0808,10682,797J1,4,5,4,3021,0,0,0,NA,0,022,BEACH BL,CERRITOS AV,684,N,N,A,-,Y,ORA,12,39,-,-,11.31,H,-,S,Y,4,0,1,3,A,-,07,21658,A,F,B,C,A,-,H,-,A,D,0,NA,NA,NA,NA,Y,NA,A,01,0,0,1,0,0,0,0,0,0,-,-,NA,NA,ORANGE,STANTON,-117.99335479736328,33.81218719482422
9420803,2022,2022-04-22,3026,2022-03-23,1423,308,CROSS,3,5,6,3026,0,0,0,NA,0,004,CULVER DR,IRVINE CENTER DR,30,N,N,A,-,N,NA,NA,NA,NA,NA,NA,NA,NA,NA,N,3,0,1,2,A,-,03,22350,NA,N,C,C,A,A,H,-,A,A,0,NA,NA,NA,NA,Y,NA,D,22,0,1,0,0,0,0,0,0,0,-,-,33.693580627441406,-117.79888153076172,ORANGE,IRVINE,-117.79898071289063,33.69363784790039
9422968,2022,2022-03-24,3004,2022-02-18,0810,P549,10,5,5,6,3004,0,0,0,NA,0,009,PLACENTIA AV,JOANN ST,392,N,N,A,-,N,NA,NA,NA,NA,NA,NA,NA,NA,NA,N,4,0,1,2,A,-,05,21650,1,N,D,G,A,A,H,-,A,A,0,NA,Y,NA,NA,Y,NA,L,04,0,0,1,0,0,0,1,0,0,-,-,33.65850067138672,-117.93280029296876,ORANGE,COSTA MESA,-117.93254852294922,33.658477783203125
9424682,2022,2022-03-29,3005,2022-02-24,0802,8236,C21,4,5,4,3005,0,0,0,NA,0,002,GRINDLAY ST,ROME AV,0,NA,Y,A,-,N,NA,NA,NA,NA,NA,NA,NA,NA,NA,N,3,0,1,2,A,-,12,22450,A,N,B,G,A,A,H,-,A,A,0,NA,Y,NA,NA,Y,NA,L,04,0,1,0,0,0,0,1,0,0,-,-,NA,NA,ORANGE,CYPRESS,-118.04120635986328,33.81911849975586
9427342,2022,2022-04-20,3004,2022-03-22,1607,P651,02,2,5,6,3004,0,0,0,NA,0,007,WEST 19TH ST,PARK AV,0,NA,Y,A,-,N,NA,NA,NA,NA,NA,NA,NA,NA,NA,N,4,0,1,2,A,-,09,21801,A,N,B,C,A,A,H,-,A,A,0,NA,NA,Y,NA,Y,NA,A,01,0,0,1,0,0,0,0,0,1,-,-,33.6432991027832,-117.92111206054688,ORANGE,COSTA MESA,-117.92115020751952,33.6434326171875
9429353,2022,2022-04-13,3012,2022-02-01,1758,702,22,2,5,5,3012,0,0,0,NA,0,002,NORTH HARBOR BL,E BROOKDALE AV,0,NA,Y,A,-,N,NA,NA,NA,NA,NA,NA,NA,NA,NA,Y,3,0,2,2,A,-,09,21801,A,N,-,C,A,A,H,-,C,D,0,NA,NA,NA,NA,Y,NA,A,01,0,1,1,0,0,0,0,0,0,-,-,NA,NA,ORANGE,LA HABRA,-117.93312072753906,33.942787170410156
9435391,2022,2022-04-14,3000,2022-01-11,1602,5163,921G6,2,5,5,3040,0,0,0,NA,0,18743,LA PAZ RD,PLAZA DE LA PAZ,0,NA,Y,A,-,N,NA,NA,NA,NA,NA,NA,NA,NA,NA,Y,4,0,1,2,D,-,00,NA,NA,N,A,C,A,A,H,-,A,A,0,NA,NA,NA,NA,Y,NA,-,-,0,0,1,0,0,0,0,0,0,-,-,NA,NA,ORANGE,LAGUNA NIGUEL,-117.70777130126952,33.56711196899414
94357186,2024,2024-09-26,9690,2024-08-03,1038,020236,NA,6,1,5,3050,0,1,1,NA,2,055,I-5 S/B (SAN DIEGO FRWY),LAKE FOREST DRIVE,2740,S,N,A,-,Y,ORA,NA,5,NA,NA,19.362,H,NA,L,N,3,0,1,2,A,-,07,21658,A,N,F,A,A,A,H,-,A,D,0,NA,NA,Y,NA,Y,NA,A,07,0,1,0,0,0,0,0,0,1,-,-,33.62221908569336,-117.71511840820313,ORANGE,LAKE FOREST,-117.71514892578124,33.6222038269043
94376051,2024,2024-09-24,9675,2024-08-23,255,023293,NA,5,3,6,3015,0,1,1,NA,2,502,I-5 SOUTHBOUND,CHAPMAN AVE.,370,S,N,A,-,Y,ORA,NA,5,NA,NA,34.92,H,NA,L,N,4,0,1,2,A,-,08,22107,NA,N,B,2,A,A,H,-,D,D,0,NA,NA,NA,NA,Y,NA,-,-,0,0,1,0,0,0,0,0,0,-,-,33.78850173950195,-117.88699340820313,ORANGE,ORANGE,-117.88690185546876,33.78855895996094
94384527,2024,2024-09-06,9690,2024-09-05,1300,020086,NA,4,1,5,3028,0,1,1,NA,2,056,I-5 S/B (SAN DIEGO FRWY),CROWN VALLLEY PKWY,700,N,N,A,-,Y,ORA,NA,5,NA,NA,13.808,H,NA,L,Y,4,0,2,2,A,-,03,22350,NA,N,C,C,A,A,D,-,A,D,0,NA,NA,NA,NA,Y,NA,A,07,0,0,2,0,0,0,0,0,0,-,-,33.55961990356445,-117.67310333251952,ORANGE,MISSION VIEJO,-117.6731414794922,33.55961990356445
9439176,2022,2022-06-01,3000,2022-03-23,1347,10853,992G4,3,5,5,3017,0,0,0,NA,0,775,NORTH EL CAMINO REAL,CALLE LOS BOLAS,46,N,N,A,-,N,NA,NA,NA,NA,NA,NA,NA,NA,NA,Y,4,0,1,3,A,-,01,23152,A,N,B,E,A,A,H,-,A,A,0,NA,NA,NA,NA,Y,Y,D,22,0,0,1,0,0,0,0,0,0,-,-,NA,NA,ORANGE,SAN CLEMENTE,-117.6262664794922,33.43217086791992
94402132,2024,2024-09-20,9670,2024-09-10,850,019290,NA,2,1,6,3009,0,1,3,NA,2,025,SR-22 W/B,NEWHOPE STREET,75,E,N,A,-,Y,ORA,NA,22,NA,R,7.404,H,NA,L,N,4,0,1,2,A,-,03,22350,NA,N,B,C,A,A,H,-,A,D,0,NA,NA,NA,NA,Y,NA,-,-,0,0,1,0,0,0,0,0,0,-,-,33.76626968383789,-117.92787933349608,ORANGE,GARDEN GROVE,-117.92787933349608,33.76620101928711
94403794,2024,2024-09-23,9675,2024-03-22,1856,023208,NA,5,2,7,3001,0,1,3,NA,2,095,SR-91 EASTBOUND,WEIR CANYON ROAD,2710,E,N,A,-,Y,ORA,NA,91,NA,R,15.238,H,NA,R,N,4,0,1,2,A,-,11,21956,A,M,G,B,E,A,H,-,C,D,0,Y,NA,NA,NA,Y,NA,N,60,0,0,1,0,1,0,0,0,0,-,-,33.869258880615234,-117.73148345947266,ORANGE,ANAHEIM,-117.73146057128906,33.86930465698242
94407200,2024,2024-09-25,9670,2024-09-24,645,016271,NA,2,1,5,3024,0,1,1,NA,2,043,I-405 S/B,SPRINGDALE ST,850,N,N,A,-,Y,ORA,NA,405,NA,NA,19.558,H,NA,L,Y,3,0,1,3,A,-,03,22350,NA,N,C,C,A,A,H,-,A,D,0,NA,NA,NA,NA,Y,NA,A,01,0,1,0,0,0,0,0,0,0,-,-,33.76298904418945,-118.02693939208984,ORANGE,WESTMINSTER,-118.0269012451172,33.76301956176758
94407591,2024,2024-09-25,9690,2024-09-04,1415,017988,NA,3,2,9,3000,0,2,4,NA,2,035,MORNING TRAIL,OSO PKWY,0,NA,Y,A,-,N,NA,NA,NA,NA,NA,NA,NA,NA,NA,N,3,0,1,2,A,-,11,21954,A,N,G,B,B,A,H,-,A,A,0,Y,NA,NA,NA,Y,NA,N,60,0,1,0,0,1,0,0,0,0,-,-,33.58395004272461,-117.6275634765625,ORANGE,UNINCORPORATED,-117.62774658203124,33.58424758911133
94411539,2024,2024-09-30,9675,2024-09-23,110,022639,NA,1,3,6,3026,0,1,1,NA,2,503,I-5 SOUTHBOUND,JAMBOREE RD,100,N,N,A,-,Y,ORA,NA,5,NA,NA,27.5,H,NA,L,Y,4,0,1,2,A,-,07,21658,A,N,B,C,A,A,H,-,C,D,0,NA,NA,NA,NA,Y,NA,A,01,0,0,1,0,0,0,0,0,0,-,-,33.718658447265625,-117.79398345947266,ORANGE,IRVINE,-117.79402160644533,33.71862030029297
94412421,2024,2024-09-30,9690,2024-09-12,1536,016610,NA,4,2,5,3028,0,1,1,NA,2,056,I-5 N/B (SAN DIEGO FRWY),LA PAZ RD.,2600,S,N,A,-,Y,ORA,NA,5,NA,NA,16.025,H,NA,R,Y,3,0,1,2,A,-,03,22350,NA,N,C,C,A,A,H,-,A,D,0,NA,NA,NA,NA,Y,NA,A,01,0,1,0,0,0,0,0,0,0,-,-,33.59196853637695,-117.6716079711914,ORANGE,MISSION VIEJO,-117.6716537475586,33.59196472167969
94424619,2024,2024-10-09,9675,2024-09-28,1443,022222,NA,6,2,6,3026,0,1,1,NA,2,504,I-5 NORTHBOUND,JEFFREY RD,75,S,N,A,-,Y,ORA,NA,5,NA,R,24.973,H,NA,R,N,4,0,1,3,A,-,03,22350,NA,N,C,C,A,A,H,-,A,D,0,NA,NA,NA,NA,Y,NA,A,07,0,0,1,0,0,0,0,0,0,-,-,33.68989944458008,-117.76805114746094,ORANGE,IRVINE,-117.76813507080078,33.68986129760742
9443128,2022,2022-05-03,3009,2022-04-07,1203,4659,104,4,5,6,3009,0,0,0,NA,0,1-2,BROOKHURST ST,STANFORD AV,0,NA,Y,A,-,N,NA,NA,NA,NA,NA,NA,NA,NA,NA,N,4,0,2,3,A,-,12,21453,A,N,D,C,A,A,H,-,A,A,0,NA,NA,NA,NA,Y,NA,A,01,0,0,2,0,0,0,0,0,0,-,-,NA,NA,ORANGE,GARDEN GROVE,-117.95770263671876,33.77765655517578
94444771,2024,2024-10-25,9675,2024-10-16,1757,017998,NA,3,2,6,3026,0,1,1,NA,2,504,I-5 NORTHBOUND,JEFFREY RD,2640,S,N,A,-,Y,ORA,NA,5,NA,R,24.398,H,NA,R,N,4,0,2,2,A,-,03,22350,NA,N,C,C,A,A,H,-,D,D,0,NA,NA,NA,NA,Y,NA,D,22,0,0,2,0,0,0,0,0,0,-,-,33.682498931884766,-117.76329803466795,ORANGE,IRVINE,-117.76319885253906,33.68256378173828
9445337,2022,2022-05-25,3010,2022-05-02,2351,2103,495,1,5,6,3010,0,0,0,NA,0,002,RT 1,BROOKHURST ST,0,NA,Y,A,-,Y,ORA,12,1,-,-,22.1,H,-,S,Y,4,0,1,2,A,-,01,23152,A,F,C,C,A,A,H,-,E,A,0,NA,NA,NA,NA,Y,Y,A,07,0,0,1,0,0,0,0,0,0,-,-,NA,NA,ORANGE,HUNTINGTON BEACH,-117.96434020996094,33.63531494140625
94457514,2024,2024-11-04,9675,2024-10-24,935,021834,NA,4,1,6,3004,0,1,1,NA,2,406,I-405 NORTHBOUND,MACARTHUR BLVD WESTBOUND,50,S,N,A,-,Y,ORA,NA,405,NA,NA,7.797,H,NA,R,N,4,0,1,4,A,-,03,22350,NA,N,C,C,A,A,H,-,A,D,0,NA,NA,NA,NA,Y,NA,D,22,0,0,1,0,0,0,0,0,0,-,-,33.68291091918945,-117.85684967041016,ORANGE,COSTA MESA,-117.8568878173828,33.68284606933594
94458091,2024,2024-11-05,9675,2024-08-25,216,022639,NA,7,3,4,3002,0,1,3,NA,2,570,SR-57 SOUTHBOUND,TONNER CYN,1500,N,N,A,-,Y,ORA,NA,57,NA,NA,22.074,H,NA,L,Y,4,0,1,1,A,-,08,22107,NA,N,E,8,A,A,H,-,C,D,0,NA,NA,NA,NA,Y,NA,D,22,0,0,1,0,0,0,0,0,0,-,-,33.94144821166992,-117.87492370605467,ORANGE,BREA,-117.87484741210938,33.94139099121094
94458659,2024,2024-11-05,9675,2024-10-29,1810,023128,NA,2,2,7,3019,0,1,1,NA,2,502,I-5 SOUTHBOUND,4TH ST,420,N,N,A,-,Y,ORA,NA,5,NA,NA,31.179,H,NA,L,N,4,0,2,2,A,-,03,22350,NA,N,C,C,A,A,H,-,C,D,0,NA,NA,NA,NA,Y,NA,A,01,0,0,2,0,0,0,0,0,0,-,-,33.74930953979492,-117.84410858154295,ORANGE,SANTA ANA,-117.84416198730467,33.74928283691406
94461716,2024,2024-11-07,9675,2024-10-30,850,021305,NA,3,1,7,3019,0,1,1,NA,2,502,I-5 NORTHBOUND FROM 4TH STREET,4TH STREET,528,N,N,A,-,Y,ORA,NA,5,NA,NA,31.187,H,NA,R,Y,4,0,1,2,A,-,03,22350,NA,N,C,C,A,A,H,-,A,D,0,NA,NA,NA,NA,Y,NA,A,01,0,0,1,0,0,0,0,0,0,-,-,33.74959945678711,-117.8434829711914,ORANGE,SANTA ANA,-117.84369659423828,33.749515533447266
94468704,2024,2024-11-14,9670,2024-11-04,915,020505,NA,1,1,6,3008,0,1,3,NA,2,093,SR-91 W/B,ACACIA ST,200,W,N,A,-,Y,ORA,NA,91,NA,NA,4.723,H,NA,L,Y,4,0,2,2,A,-,03,22350,NA,N,C,C,A,A,H,-,A,D,0,NA,NA,NA,NA,Y,NA,A,01,0,0,2,0,0,0,0,0,0,-,-,33.85401153564453,-117.89875793457033,ORANGE,FULLERTON,-117.89875793457033,33.854026794433594
94470245,2024,2024-11-15,9675,2024-11-06,1445,023318,NA,3,2,6,3004,0,1,1,NA,2,405,I-405 SOUTHBOUND TO SR-55 NORTHBOUND,I-405 NORTHBOUND,110,N,N,A,-,Y,NA,NA,NA,NA,NA,NA,NA,NA,NA,Y,4,0,1,3,A,-,03,22350,NA,N,C,C,A,A,H,-,A,D,0,NA,NA,NA,NA,Y,NA,A,01,0,0,1,0,0,0,0,0,0,-,-,33.687801361083984,-117.87049102783205,ORANGE,COSTA MESA,-117.87376403808594,33.68734359741211
94470693,2024,2024-11-15,9675,2024-09-25,1500,019320,NA,3,2,6,3015,0,1,3,NA,2,572,SR-57 SOUTHBOUND,ORANGEWOOD AVE,555,S,N,A,-,Y,ORA,NA,57,NA,NA,11.689,H,NA,L,N,4,0,1,3,A,-,03,22350,NA,F,C,C,A,A,H,-,A,D,0,NA,NA,NA,NA,Y,NA,A,01,0,0,1,0,0,0,0,0,0,-,-,33.79425048828125,-117.87870025634766,ORANGE,ORANGE,-117.8786849975586,33.794246673583984
94470759,2024,2024-11-15,9690,2024-02-02,1048,022694,NA,5,1,9,3000,0,1,3,NA,1,074,STATE ROUTE 74 (ORTEGA HIGHWAY),NICHOLS INSTITUTE,1584,W,N,B,-,Y,ORA,NA,74,NA,NA,9.334,H,NA,R,Y,1,1,1,3,A,-,05,21651,A,N,C,C,A,A,H,-,A,D,0,NA,NA,NA,NA,Y,NA,A,07,1,0,0,0,0,0,0,0,0,-,-,33.55867004394531,-117.54826354980467,ORANGE,UNINCORPORATED,-117.54827117919922,33.55867385864258