CASE_ID,ACCIDENT_YEAR,PROC_DATE,JURIS,COLLISION_DATE,COLLISION_TIME,OFFICER_ID,REPORTING_DISTRICT,DAY_OF_WEEK,CHP_SHIFT,POPULATION,CNTY_CITY_LOC,SPECIAL_COND,BEAT_TYPE,CHP_BEAT_TYPE,CITY_DIVISION_LAPD,CHP_BEAT_CLASS,BEAT_NUMBER,PRIMARY_RD,SECONDARY_RD,DISTANCE,DIRECTION,INTERSECTION,WEATHER_1,WEATHER_2,STATE_HWY_IND,CALTRANS_COUNTY,CALTRANS_DISTRICT,STATE_ROUTE,ROUTE_SUFFIX,POSTMILE_PREFIX,POSTMILE,LOCATION_TYPE,RAMP_INTERSECTION,SIDE_OF_HWY,TOW_AWAY,COLLISION_SEVERITY,NUMBER_KILLED,NUMBER_INJURED,PARTY_COUNT,PRIMARY_COLL_FACTOR,PCF_CODE_OF_VIOL,PCF_VIOL_CATEGORY,PCF_VIOLATION,PCF_VIOL_SUBSECTION,HIT_AND_RUN,TYPE_OF_COLLISION,MVIW,PED_ACTION,ROAD_SURFACE,ROAD_COND_1,ROAD_COND_2,LIGHTING,CONTROL_DEVICE,CHP_ROAD_TYPE,PEDESTRIAN_ACCIDENT,BICYCLE_ACCIDENT,MOTORCYCLE_ACCIDENT,TRUCK_ACCIDENT,NOT_PRIVATE_PROPERTY,ALCOHOL_INVOLVED,STWD_VEHTYPE_AT_FAULT,CHP_VEHTYPE_AT_FAULT,COUNT_SEVERE_INJ,COUNT_VISIBLE_INJ,COUNT_COMPLAINT_PAIN,COUNT_PED_KILLED,COUNT_PED_INJURED,COUNT_BICYCLIST_KILLED,COUNT_BICYCLIST_INJURED,COUNT_MC_KILLED,COUNT_MC_INJURED,PRIMARY_RAMP,SECONDARY_RAMP,LATITUDE,LONGITUDE,COUNTY,CITY,POINT_X,POINT_Y
94717972,2025,2025-06-09,9670,2025-06-01,1525,020956,NA,7,2,6,3009,0,1,3,NA,2,023,SR-22 W/B (GARDEN GROVE FREEWAY),TAFT ST,20,E,N,A,-,Y,ORA,NA,22,NA,R,6.595,H,NA,L,Y,4,0,4,3,A,-,03,22350,NA,N,C,C,A,A,H,-,A,D,0,NA,NA,NA,NA,Y,NA,D,22,0,0,4,0,0,0,0,0,0,-,-,33.76620101928711,-117.94172668457033,ORANGE,GARDEN GROVE,-117.94172668457033,33.76609420776367
94721970,2025,2025-06-11,9675,2025-06-07,1820,023208,NA,6,2,6,3026,0,1,1,NA,2,503,I-5 SOUTHBOUND,JAMBOREE ROAD,1500,S,N,A,-,Y,ORA,NA,5,NA,NA,27.376,H,NA,L,N,4,0,1,3,A,-,08,22107,NA,N,D,C,A,A,H,-,A,D,0,NA,NA,NA,NA,Y,NA,A,01,0,0,1,0,0,0,0,0,0,-,-,33.71739959716797,-117.79241180419922,ORANGE,IRVINE,-117.79235076904295,33.71746063232422
94737069,2025,2025-06-24,9675,2025-06-01,1923,023318,NA,7,2,7,3019,0,2,S,NA,2,901,4TH STREET,LYON STREET,25,W,N,A,-,N,NA,NA,NA,NA,NA,NA,NA,NA,NA,N,4,0,1,2,A,-,08,22107,NA,N,B,C,A,A,H,-,A,D,0,NA,NA,NA,NA,Y,NA,A,07,0,0,1,0,0,0,0,0,0,-,-,33.748111724853516,-117.8449935913086,ORANGE,SANTA ANA,-117.844970703125,33.74811935424805
94737145,2025,2025-06-24,9670,2025-06-23,1225,016271,NA,1,1,4,3020,0,1,1,NA,2,044,I-405 N/B,SEAL BEACH BLVD,2165,N,N,A,-,Y,ORA,NA,405,NA,NA,23.074,H,NA,R,N,4,0,1,2,A,-,03,22350,NA,N,C,C,A,A,H,-,A,A,0,NA,NA,NA,NA,Y,NA,D,22,0,0,1,0,0,0,0,0,0,-,-,33.7746696472168,-118.0822525024414,ORANGE,SEAL BEACH,-118.0822525024414,33.7745361328125
94746447,2025,2026-01-02,9675,2025-06-24,2156,022081,NA,2,2,4,3002,0,1,3,NA,2,570,SR-57 NB TO IMPERIAL HWY,IMPERIAL HWY,350,S,N,A,-,Y,ORA,NA,57,NA,NA,19.648,H,NA,R,N,3,0,2,2,C,-,18,NA,NA,N,D,C,A,A,H,-,D,D,0,NA,NA,NA,NA,Y,NA,-,-,0,2,0,0,0,0,0,0,0,-,-,33.90793991088867,-117.88198852539063,ORANGE,BREA,-117.88220977783205,33.90789794921875
94746672,2025,2025-07-07,9675,2025-06-28,850,024571,NA,6,1,9,3000,0,1,3,NA,2,094,SR-91 EASTBOUND,S WEIR CANYON RD,4000,E,N,A,-,Y,ORA,NA,91,NA,R,15.258,H,NA,R,Y,4,0,1,2,A,-,07,21658,A,N,B,C,A,A,H,-,A,D,0,NA,NA,NA,Y,Y,NA,G,25,0,0,1,0,0,0,0,0,0,-,-,33.86922073364258,-117.73111724853516,ORANGE,UNINCORPORATED,-117.73113250732422,33.86919403076172
94747241,2025,2025-10-14,9675,2025-06-20,2215,023136,NA,5,3,7,3019,0,1,3,NA,2,551,SR-55 NORTHBOUND,MCFADDEN AVE,550,S,N,A,-,Y,ORA,NA,55,NA,R,9.862,H,NA,R,Y,4,0,1,1,A,-,08,22107,NA,N,E,I,A,A,H,-,D,D,0,NA,NA,NA,NA,Y,NA,A,01,0,0,1,0,0,0,0,0,0,-,-,33.732391357421875,-117.83341217041016,ORANGE,SANTA ANA,-117.83364105224608,33.73239517211914
94750842,2025,2025-07-07,9670,2025-06-27,1030,021089,NA,5,1,7,3001,0,1,3,NA,2,094,SR-91 E/B,BROOKHURST ST,500,E,N,A,-,Y,ORA,NA,91,NA,NA,1.512,H,NA,R,N,4,0,1,2,A,-,03,22350,NA,N,C,C,A,A,H,-,A,D,0,NA,NA,NA,NA,Y,NA,A,07,0,0,1,0,0,0,0,0,0,-,-,33.85382843017578,-117.95455932617188,ORANGE,ANAHEIM,-117.95455932617188,33.85392379760742
9475320,2022,2022-07-13,3026,2022-06-18,0136,607,PORTO,6,5,6,3026,0,0,0,NA,0,119,VINTAGE,LONG MEADOW,0,NA,Y,A,-,N,NA,NA,NA,NA,NA,NA,NA,NA,NA,Y,3,0,1,3,A,-,01,23152,A,N,C,C,A,A,H,-,C,A,0,NA,NA,NA,NA,Y,NA,A,01,0,1,0,0,0,0,0,0,0,-,-,NA,NA,ORANGE,IRVINE,-117.75384521484376,33.700130462646484
94754401,2025,2025-07-09,9675,2025-07-07,1539,022631,NA,1,2,7,3019,0,1,3,NA,2,552,SR-55 NORTHBOUND,DYER RD. EAST,500,S,N,A,-,Y,ORA,NA,55,NA,R,7.589,H,NA,R,N,4,0,1,2,A,-,07,21658,A,N,B,C,A,A,H,-,A,D,0,NA,NA,NA,NA,Y,NA,-,-,0,0,1,0,0,0,0,0,0,-,-,33.705360412597656,-117.85476684570313,ORANGE,SANTA ANA,-117.85481262207033,33.70539474487305
94754411,2025,2025-07-09,9675,2025-07-07,1207,017773,NA,1,1,6,3026,0,1,1,NA,2,405,I-405 N/B TO SR-55,MACARTHUR BLVD,2112,N,N,A,-,Y,ORA,NA,405,NA,NA,8.31,H,NA,R,Y,4,0,1,2,A,-,03,22350,NA,N,C,C,A,A,H,-,A,D,0,NA,NA,NA,NA,Y,NA,A,01,0,0,1,0,0,0,0,0,0,-,-,33.68648147583008,-117.86475372314452,ORANGE,IRVINE,-117.86483001708984,33.68635177612305
9476193,2022,2022-07-12,3013,2022-05-21,1245,216,L03,6,5,3,3013,0,0,0,NA,0,004,BLOOMFIELD ST,BALL RD,0,NA,Y,B,-,N,NA,NA,NA,NA,NA,NA,NA,NA,NA,Y,2,0,5,3,A,-,12,21453,A,N,D,C,A,A,H,-,A,A,0,NA,NA,NA,NA,Y,NA,A,01,2,3,0,0,0,0,0,0,0,-,-,NA,NA,ORANGE,LOS ALAMITOS,-118.06313323974608,33.81760025024414
94766203,2025,2025-07-17,9670,2025-07-12,1257,021210,NA,6,1,3,3013,0,1,1,NA,2,061,I-605 S/B,KATELLA AVE,2640,S,N,A,-,Y,LA,NA,605,NA,H,0.9,H,NA,L,Y,4,0,1,2,A,-,03,22350,NA,N,C,C,A,A,H,-,A,D,0,NA,NA,NA,NA,Y,NA,A,01,0,0,1,0,0,0,0,0,0,-,-,33.7961311340332,-118.08679962158205,ORANGE,LOS ALAMITOS,-118.08676910400392,33.796119689941406
94771191,2025,2025-07-22,9675,2025-07-11,1809,023506,NA,5,2,7,3019,0,1,3,NA,2,552,SR-55 SOUTHBOUND,MACARTHUR BLVD,1795,N,N,A,-,Y,ORA,NA,55,NA,R,7.343,H,NA,L,N,4,0,1,2,A,-,08,22107,NA,N,B,C,A,A,H,-,A,D,0,NA,NA,NA,NA,Y,NA,-,-,0,0,1,0,0,0,0,0,0,-,-,33.702728271484375,-117.85769653320313,ORANGE,SANTA ANA,-117.85773468017578,33.70275115966797
9477481,2022,2022-07-27,3009,2022-07-06,1145,4659,112,3,5,6,3009,0,0,0,NA,0,2 1,EUCLID ST,JERRY LN,0,NA,Y,A,-,N,NA,NA,NA,NA,NA,NA,NA,NA,NA,Y,4,0,1,2,A,-,09,21802,A,N,D,C,A,A,H,-,A,A,0,NA,NA,NA,NA,Y,NA,D,22,0,0,1,0,0,0,0,0,0,-,-,NA,NA,ORANGE,GARDEN GROVE,-117.94120025634766,33.784549713134766
94777671,2025,2025-07-28,9675,2025-07-16,1830,022639,NA,3,2,6,3026,0,1,1,NA,2,407,I-405 NB FROM IRVINE CENTER DRIVE,IRVINE CENTER DRIVE,500,N,N,A,-,Y,ORA,NA,405,NA,NA,1.179,H,NA,R,Y,3,0,1,1,A,-,03,22350,NA,N,F,A,A,A,H,-,A,D,0,NA,NA,Y,NA,Y,NA,C,02,0,1,0,0,0,0,0,0,1,-,-,33.649478912353516,-117.75080871582033,ORANGE,IRVINE,-117.75086975097656,33.64933776855469
9477861,2022,2022-08-04,3026,2022-06-28,0625,4779,PORTO,2,5,6,3026,0,0,0,NA,0,008,JEFFREY RD,ROOSEVELT,16,S,N,A,-,N,NA,NA,NA,NA,NA,NA,NA,NA,NA,N,3,0,1,2,A,-,00,47207,NA,N,H,G,A,A,H,-,A,A,0,NA,Y,NA,NA,Y,NA,L,04,0,1,0,0,0,0,1,0,0,-,-,33.69367980957031,-117.7739486694336,ORANGE,IRVINE,-117.76495361328124,33.69351577758789
94778936,2025,2025-07-28,9670,2025-07-18,2325,023173,NA,5,3,7,3001,0,1,3,NA,2,094,SR-91 E/B,EUCLID ST,650,E,N,A,-,Y,ORA,NA,91,NA,NA,2.379,H,NA,R,Y,4,0,1,3,A,-,01,23152,A,N,C,C,A,A,H,-,D,D,0,NA,NA,NA,NA,Y,Y,A,01,0,0,1,0,0,0,0,0,0,-,-,33.85411834716797,-117.93942260742188,ORANGE,ANAHEIM,-117.93942260742188,33.85408401489258
94784893,2025,2025-07-31,9670,2025-07-30,1515,016271,NA,3,2,4,3020,0,1,1,NA,2,045,I-405 S/B,SR-22 E/B,2746,N,N,A,-,Y,ORA,NA,405,NA,NA,21.432,H,NA,L,N,3,0,1,2,A,-,07,21658,A,N,C,2,A,A,H,-,A,D,0,NA,NA,Y,NA,Y,NA,A,01,0,1,0,0,0,0,0,0,1,-,-,33.77399826049805,-118.05413818359376,ORANGE,SEAL BEACH,-118.05413818359376,33.77422332763672
94786343,2025,2025-08-01,9690,2025-07-25,1433,019394,NA,5,2,4,3018,0,1,1,NA,2,057,I-5 S/B (SAN DIEGO FRWY),JUNIPERO SERRA RD.,1220,S,N,A,-,Y,ORA,NA,5,NA,NA,10.695,H,NA,L,Y,4,0,2,2,A,-,08,22107,NA,N,C,E,A,A,H,-,A,D,0,NA,NA,NA,NA,Y,NA,A,07,0,0,2,0,0,0,0,0,0,-,-,33.51742935180664,-117.66445159912108,ORANGE,SAN JUAN CAPISTRANO,-117.66456604003906,33.51739501953125
94797653,2025,2025-08-11,9675,2025-07-31,1234,021960,NA,4,1,7,3001,0,1,3,NA,2,093,SR-91 WESTBOUND TO SR-55 SOUTHBOUND,LAKEVIEW AVE,3538,W,N,A,-,Y,ORA,NA,91,NA,R,9.374,H,NA,L,N,4,0,1,2,A,-,03,22350,NA,N,C,C,A,A,H,-,A,D,0,NA,NA,NA,NA,Y,NA,A,01,0,0,1,0,0,0,0,0,0,-,-,33.84519958496094,-117.8241729736328,ORANGE,ANAHEIM,-117.82422637939452,33.84532165527344
94801716,2025,2025-08-14,9675,2025-08-05,1813,022521,NA,2,2,7,3019,0,1,3,NA,2,552,SR-55 NORTHBOUND,MACARTHUR BLVD.,1584,N,N,A,-,Y,ORA,NA,55,NA,R,7.359,H,NA,R,N,4,0,1,2,A,-,07,21658,A,N,C,2,A,A,H,-,A,D,0,NA,NA,Y,NA,Y,NA,A,07,0,0,1,0,0,0,0,0,1,-,-,33.70283889770508,-117.85739135742188,ORANGE,SANTA ANA,-117.85736083984376,33.70281982421875
94802404,2025,2025-08-14,9670,2025-08-13,1305,016271,NA,3,1,9,3000,0,3,5,NA,2,005,BEACH BLVD S/B,MCFADDEN AVE,40,N,N,A,-,N,NA,NA,NA,NA,NA,NA,NA,NA,NA,N,4,0,2,3,A,-,03,22350,NA,F,C,C,A,A,H,-,A,D,0,NA,NA,NA,NA,Y,NA,A,01,0,0,2,0,0,0,0,0,0,-,-,33.73767852783203,-117.9894790649414,ORANGE,UNINCORPORATED,-117.98929595947266,33.737579345703125
94808271,2025,2025-08-19,9670,2025-07-12,25,023160,NA,6,3,7,3001,0,1,3,NA,2,094,SR-91 E/B,BROOKHUST ST,528,E,N,A,-,Y,ORA,NA,91,NA,NA,1.357,H,NA,R,Y,4,0,1,2,A,-,03,22350,NA,M,C,C,A,A,H,-,C,D,0,NA,NA,NA,NA,Y,NA,-,99,0,0,1,0,0,0,0,0,0,-,-,33.85380935668945,-117.95728302001952,ORANGE,ANAHEIM,-117.95728302001952,33.85390090942383
9480850,2022,2022-07-28,3009,2022-06-12,0010,4864,153,7,5,6,3009,0,0,0,NA,0,022,SOMERSET PL,CHAPMAN AV,54,N,N,A,-,N,NA,NA,NA,NA,NA,NA,NA,NA,NA,N,3,0,1,2,A,-,12,21453,A,M,G,B,B,A,H,-,C,A,0,Y,NA,NA,NA,Y,Y,A,01,0,1,0,0,1,0,0,0,0,-,-,NA,NA,ORANGE,GARDEN GROVE,-117.91049194335938,33.78896713256836
94817203,2025,2025-08-26,9675,2025-08-18,1015,023064,NA,1,1,7,3001,0,1,3,NA,2,572,SR-57 S/B TO I-5 S/B,I-5,300,N,N,A,-,Y,ORA,NA,57,NA,NA,11.033,H,NA,L,N,4,0,1,2,A,-,08,22107,NA,N,B,C,A,A,H,-,A,D,0,NA,NA,NA,NA,Y,NA,-,-,0,0,1,0,0,0,0,0,0,-,-,33.784400939941406,-117.88014221191406,ORANGE,ANAHEIM,-117.88001251220705,33.78439712524414
94817219,2025,2025-08-26,9675,2025-08-15,1725,024260,NA,5,2,5,3022,0,1,3,NA,2,551,SR-55 SOUTHBOUND,17TH STREET,1200,S,N,A,-,Y,ORA,NA,55,NA,NA,11.544,H,NA,L,Y,4,0,1,2,A,-,03,22350,NA,N,C,C,A,A,H,-,A,D,0,NA,NA,NA,NA,Y,NA,D,22,0,0,1,0,0,0,0,0,0,-,-,33.75632858276367,-117.83158111572266,ORANGE,TUSTIN,-117.8314971923828,33.756324768066406
94819803,2025,2025-08-27,9675,2025-08-21,1637,024485,NA,4,2,4,3002,0,1,3,NA,2,570,SR-57 NORTHBOUND,IMPERIAL HIGHWAY,1056,S,N,A,-,Y,ORA,NA,57,NA,NA,19.56,H,NA,R,N,4,0,1,2,A,-,03,22350,NA,N,C,C,A,A,H,-,A,D,0,NA,NA,NA,NA,Y,NA,A,01,0,0,1,0,0,0,0,0,0,-,-,33.90673065185547,-117.88162231445313,ORANGE,BREA,-117.8815460205078,33.90675354003906
94820075,2025,2025-08-27,9675,2025-08-22,1425,024261,NA,5,2,7,3001,0,1,3,NA,2,095,SR-91 EASTBOUND,YORBA LINDA BOULEVARD,1600,E,N,A,-,Y,ORA,NA,91,NA,R,14.748,H,NA,R,N,4,0,1,2,A,-,03,22350,NA,N,C,C,A,A,H,-,A,D,0,NA,NA,NA,NA,Y,NA,A,01,0,0,1,0,0,0,0,0,0,-,-,33.8708610534668,-117.73931884765624,ORANGE,ANAHEIM,-117.73931884765624,33.87083053588867
94827302,2025,2025-09-02,9675,2025-08-24,310,023480,NA,7,3,7,3001,0,1,3,NA,2,095,STATE ROUTE 91 WESTBOUND,COAL CANYON ROAD,1265,E,N,A,-,Y,ORA,NA,91,NA,R,18.222,H,NA,L,N,4,0,1,2,A,-,08,22107,NA,N,C,C,A,A,H,-,C,A,0,NA,NA,NA,NA,Y,NA,A,01,0,0,1,0,0,0,0,0,0,-,-,33.87052917480469,-117.6832275390625,ORANGE,ANAHEIM,-117.68320465087892,33.87057113647461
9483372,2022,2022-08-04,3000,2022-05-28,1100,5013,972A5,6,5,4,3029,0,0,0,NA,0,736,DEL OBISPO ST,STONEHILL DR,22,N,N,A,-,N,NA,NA,NA,NA,NA,NA,NA,NA,NA,N,4,0,1,2,A,-,08,22108,NA,N,C,C,A,A,H,-,A,A,0,NA,NA,NA,NA,Y,NA,A,01,0,0,1,0,0,0,0,0,0,-,-,NA,NA,ORANGE,DANA POINT,-117.68498229980467,33.47562026977539
94834988,2025,2025-09-08,9670,2025-09-02,705,020505,NA,2,1,9,3000,0,3,5,NA,2,004,GILBERT ST,PACIFIC AVE,0,NA,Y,A,-,N,NA,NA,NA,NA,NA,NA,NA,NA,NA,Y,4,0,1,2,A,-,09,21804,A,N,D,C,A,A,H,-,A,D,0,NA,NA,NA,NA,Y,NA,A,01,0,0,1,0,0,0,0,0,0,-,-,33.80768966674805,-117.9676513671875,ORANGE,UNINCORPORATED,-117.9675750732422,33.807743072509766
94838522,2025,2025-09-10,9675,2025-07-31,1210,021984,NA,4,1,6,3026,0,1,1,NA,2,503,I-5 NORTHBOUND TO JAMBOREE ROAD,JAMBOREE RD,42,S,N,A,-,Y,NA,NA,NA,NA,NA,NA,NA,NA,NA,N,4,0,2,2,A,-,03,22350,NA,F,C,C,A,A,H,-,A,D,0,NA,NA,NA,NA,Y,NA,-,99,0,0,2,0,0,0,0,0,0,-,-,33.720558166503906,-117.79369354248048,ORANGE,IRVINE,-117.79498291015624,33.71967697143555
94841277,2025,2025-09-11,9670,2025-09-03,943,020618,NA,3,1,7,3001,0,1,3,NA,2,094,SR-91 E/B,HARBOR BOULEVARD,300,E,N,A,-,Y,ORA,NA,91,NA,NA,3.323,H,NA,R,Y,4,0,1,5,A,-,03,22350,NA,N,C,C,A,A,H,-,A,D,0,NA,NA,NA,NA,Y,NA,A,07,0,0,1,0,0,0,0,0,0,-,-,33.85388946533203,-117.9231185913086,ORANGE,ANAHEIM,-117.9231185913086,33.85388946533203
94854112,2025,2025-09-22,9670,2025-09-18,930,021272,NA,4,1,4,3020,0,1,1,NA,2,450,I-405 S/B,SEAL BEACH BLVD,2000,S,N,A,-,Y,ORA,NA,405,NA,NA,21.704,H,NA,L,N,4,0,1,1,A,-,08,22107,NA,N,E,I,A,A,H,-,A,D,0,NA,NA,NA,NA,Y,NA,A,01,0,0,1,0,0,0,0,0,0,-,-,33.77431869506836,-118.05885314941406,ORANGE,SEAL BEACH,-118.05885314941406,33.77425003051758
94854867,2025,2025-09-22,9675,2025-09-11,1640,023105,NA,4,2,7,3019,0,1,3,NA,2,222,SR-22 EASTBOUND,THE CITY DRIVE,42,W,N,A,-,Y,ORA,NA,22,NA,R,9.726,H,NA,R,N,4,0,1,2,A,-,03,22350,NA,N,C,C,A,A,H,-,A,C,0,NA,NA,NA,NA,Y,NA,A,01,0,0,1,0,0,0,0,0,0,-,-,33.77880096435547,-117.88926696777344,ORANGE,SANTA ANA,-117.88926696777344,33.778926849365234
94862294,2025,2025-11-13,9675,2025-09-24,640,022398,NA,3,1,6,3015,0,1,3,NA,2,550,SR-55 NORTHBOUND,MEATS AVE,200,S,N,A,-,Y,ORA,NA,55,NA,NA,16.088,H,NA,R,Y,2,0,2,2,A,-,03,22350,NA,N,C,C,A,A,H,-,A,D,0,NA,NA,NA,NA,Y,NA,A,07,1,0,1,0,0,0,0,0,0,-,-,33.82231140136719,-117.83186340332033,ORANGE,ORANGE,-117.83185577392578,33.82231140136719
94864331,2025,2025-09-29,9670,2025-09-21,119,023099,NA,7,3,7,3001,0,1,1,NA,2,503,I-5 S/B,GENE AUTRY WAY,1023,N,N,A,-,Y,ORA,NA,5,NA,NA,36.142,H,NA,L,N,3,0,4,1,A,-,01,23152,A,N,A,I,A,A,H,-,C,D,0,NA,NA,NA,NA,Y,NA,E,22,0,1,3,0,0,0,0,0,0,-,-,33.801979064941406,-117.90096282958984,ORANGE,ANAHEIM,-117.90113830566406,33.801849365234375
9487909,2022,2022-10-25,3026,2022-09-15,0835,620,PORTO,4,5,6,3026,0,0,0,NA,0,009,MERIT,IRVINE BL,0,NA,Y,A,-,N,NA,NA,NA,NA,NA,NA,NA,NA,NA,N,3,0,1,2,-,-,-,NA,C,N,D,G,A,A,H,-,A,A,0,NA,Y,NA,NA,Y,NA,L,04,0,1,0,0,0,0,1,0,0,-,-,33.67247009277344,-117.70854949951172,ORANGE,IRVINE,-117.70903778076172,33.67262649536133
94880427,2025,2025-10-10,9675,2025-10-03,1313,022298,NA,5,1,7,3019,0,1,3,NA,2,552,SR-55 SOUTHBOUND (COSTA MESA FREEWAY),DYER ROAD,450,S,N,A,-,Y,ORA,NA,55,NA,R,7.768,H,NA,L,N,4,0,1,2,A,-,03,22350,NA,N,C,C,A,A,H,-,A,D,0,NA,NA,NA,NA,Y,NA,A,01,0,0,1,0,0,0,0,0,0,-,-,33.70750045776367,-117.85305786132813,ORANGE,SANTA ANA,-117.85301971435548,33.70746994018555
9488155,2022,2022-08-22,3000,2022-07-06,1320,3358,972D1,3,5,4,3018,0,0,0,NA,0,731,CALLE ARROYO,RANCHO VIEJO,45,E,N,A,-,N,NA,NA,NA,NA,NA,NA,NA,NA,NA,N,3,0,1,2,A,-,09,21453,C,N,D,G,A,A,H,-,A,A,0,NA,Y,NA,NA,Y,NA,L,04,0,1,0,0,0,0,1,0,0,-,-,NA,NA,ORANGE,SAN JUAN CAPISTRANO,-117.6527862548828,33.50112533569336
94881575,2025,2025-10-10,9675,2025-09-30,1545,019320,NA,2,2,6,3015,0,1,3,NA,2,572,SR-57 S/B TO SR-22 W/B,CHAPMAN AVE.,650,S,N,A,-,Y,ORA,NA,57,NA,NA,11.088,H,NA,L,N,4,0,1,4,A,-,03,22350,NA,N,C,C,A,A,H,-,A,D,0,NA,NA,NA,NA,Y,NA,A,08,0,0,1,0,0,0,0,0,0,-,-,33.78535079956055,-117.88020324707033,ORANGE,ORANGE,-117.87998199462892,33.78535842895508
94890326,2025,2025-10-17,9675,2025-10-08,1715,021274,NA,3,2,7,3001,0,1,3,NA,2,241,STATE ROUTE 241 N/B,WINDY RIDGE ROAD,3300,S,N,A,-,Y,ORA,NA,241,NA,NA,35.027,H,NA,R,N,4,0,1,2,A,-,07,21658,A,N,B,C,A,A,H,-,A,D,0,NA,NA,NA,NA,Y,NA,D,22,0,0,1,0,0,0,0,0,0,-,-,33.80992889404297,-117.72200775146484,ORANGE,ANAHEIM,-117.72197723388672,33.80991744995117
94891223,2025,2025-10-17,9675,2025-10-09,950,020923,NA,4,1,6,3026,0,1,1,NA,2,407,I-405 SOUTHBOUND,SR-133 SOUTHBOUND,900,N,N,B,-,Y,ORA,NA,405,NA,NA,2.093,H,NA,L,N,3,0,1,1,A,-,08,22107,NA,N,E,I,A,A,H,-,A,D,0,NA,NA,NA,NA,Y,NA,A,01,0,1,0,0,0,0,0,0,0,-,-,33.652198791503906,-117.76612854003906,ORANGE,IRVINE,-117.76610565185548,33.6523323059082
94895599,2025,2025-10-21,9690,2025-10-07,1915,024696,NA,2,2,4,3045,0,1,1,NA,2,055,I-5 S/B TO ALICIA PARKWAY,ALICIA PKWAY,800,N,N,A,-,Y,NA,NA,NA,NA,NA,NA,NA,NA,NA,Y,4,0,2,2,A,-,03,22350,NA,N,C,C,A,A,H,-,D,D,0,NA,NA,NA,NA,Y,NA,A,07,0,0,2,0,0,0,0,0,0,-,-,33.6050910949707,-117.69248199462892,ORANGE,LAGUNA HILLS,-117.69268035888672,33.60578918457031
94898577,2025,2025-10-23,9675,2025-10-16,930,017773,NA,4,1,6,3004,0,1,1,NA,2,045,I-405 S/B TO SR-73 S/B,FAIRVIEW RD,2112,S,N,A,-,Y,ORA,NA,405,NA,NA,10.528,H,NA,L,Y,4,0,1,2,A,-,03,22350,NA,N,C,C,A,A,H,-,A,D,0,NA,NA,NA,NA,Y,NA,A,07,0,0,1,0,0,0,0,0,0,-,-,33.687721252441406,-117.90293884277344,ORANGE,COSTA MESA,-117.90294647216795,33.687599182128906
94914173,2025,2025-11-06,9675,2025-10-24,958,024485,NA,5,1,7,3001,0,1,3,NA,2,094,SR-91 WESTBOUND,WEIR CANYON,1056,W,N,A,-,Y,ORA,NA,91,NA,R,14.127,H,NA,L,N,3,0,2,3,A,-,03,22350,NA,N,C,C,A,A,H,-,A,D,0,NA,NA,NA,NA,Y,NA,A,01,0,1,1,0,0,0,0,0,0,-,-,33.8697395324707,-117.75013732910156,ORANGE,ANAHEIM,-117.75015258789063,33.86979675292969
94915504,2025,2025-11-07,9675,2025-10-25,1755,023759,NA,6,2,7,3001,0,1,3,NA,2,093,SR-91 WESTBOUND,LAKEVIEW AVE,1430,W,N,A,-,Y,ORA,NA,91,NA,R,9.804,H,NA,L,Y,3,0,1,3,A,-,03,22350,NA,N,C,C,A,A,H,-,B,D,0,NA,NA,NA,NA,Y,NA,A,01,0,1,0,0,0,0,0,0,0,-,-,33.848121643066406,-117.81786346435548,ORANGE,ANAHEIM,-117.81786346435548,33.84812545776367
94939054,2025,2025-11-20,9670,2025-11-07,440,022600,NA,5,3,3,3013,0,1,1,NA,2,061,I-605 S/B,I-405,2750,N,N,A,-,Y,ORA,NA,605,NA,R,0.552,H,NA,L,Y,4,0,1,1,A,-,08,22107,NA,N,E,I,A,A,H,-,D,D,0,NA,NA,NA,NA,Y,NA,A,01,0,0,1,0,0,0,0,0,0,-,-,33.79161834716797,-118.08856201171876,ORANGE,LOS ALAMITOS,-118.0884017944336,33.79158020019531
9494054,2022,2022-10-03,3012,2022-07-20,1727,624,47,3,5,5,3012,0,0,0,NA,0,004,IMPERIAL HWY,IDAHO ST,431,E,N,A,-,Y,ORA,12,90,-,-,1.09,H,-,E,Y,3,0,2,2,A,-,09,21804,A,N,D,C,A,A,H,-,A,A,0,NA,NA,NA,NA,Y,NA,A,01,0,1,1,0,0,0,0,0,0,-,-,NA,NA,ORANGE,LA HABRA,-117.95782470703124,33.91725158691406