CASE_ID,ACCIDENT_YEAR,PROC_DATE,JURIS,COLLISION_DATE,COLLISION_TIME,OFFICER_ID,REPORTING_DISTRICT,DAY_OF_WEEK,CHP_SHIFT,POPULATION,CNTY_CITY_LOC,SPECIAL_COND,BEAT_TYPE,CHP_BEAT_TYPE,CITY_DIVISION_LAPD,CHP_BEAT_CLASS,BEAT_NUMBER,PRIMARY_RD,SECONDARY_RD,DISTANCE,DIRECTION,INTERSECTION,WEATHER_1,WEATHER_2,STATE_HWY_IND,CALTRANS_COUNTY,CALTRANS_DISTRICT,STATE_ROUTE,ROUTE_SUFFIX,POSTMILE_PREFIX,POSTMILE,LOCATION_TYPE,RAMP_INTERSECTION,SIDE_OF_HWY,TOW_AWAY,COLLISION_SEVERITY,NUMBER_KILLED,NUMBER_INJURED,PARTY_COUNT,PRIMARY_COLL_FACTOR,PCF_CODE_OF_VIOL,PCF_VIOL_CATEGORY,PCF_VIOLATION,PCF_VIOL_SUBSECTION,HIT_AND_RUN,TYPE_OF_COLLISION,MVIW,PED_ACTION,ROAD_SURFACE,ROAD_COND_1,ROAD_COND_2,LIGHTING,CONTROL_DEVICE,CHP_ROAD_TYPE,PEDESTRIAN_ACCIDENT,BICYCLE_ACCIDENT,MOTORCYCLE_ACCIDENT,TRUCK_ACCIDENT,NOT_PRIVATE_PROPERTY,ALCOHOL_INVOLVED,STWD_VEHTYPE_AT_FAULT,CHP_VEHTYPE_AT_FAULT,COUNT_SEVERE_INJ,COUNT_VISIBLE_INJ,COUNT_COMPLAINT_PAIN,COUNT_PED_KILLED,COUNT_PED_INJURED,COUNT_BICYCLIST_KILLED,COUNT_BICYCLIST_INJURED,COUNT_MC_KILLED,COUNT_MC_INJURED,PRIMARY_RAMP,SECONDARY_RAMP,LATITUDE,LONGITUDE,COUNTY,CITY,POINT_X,POINT_Y
9667872,2024,2024-04-27,3000,2024-02-11,1347,10994,797H2,7,5,4,3021,0,0,0,NA,0,021,KATELLA AV,WESTERN AV,200,W,N,A,-,N,NA,NA,NA,NA,NA,NA,NA,NA,NA,N,4,0,1,2,A,-,04,21703,NA,F,C,C,A,A,H,-,A,A,0,NA,NA,NA,NA,Y,Y,A,01,0,0,1,0,0,0,0,0,0,-,-,NA,NA,ORANGE,STANTON,-118.00260925292967,33.80287170410156
9674590,2024,2024-04-08,3000,2024-01-19,1415,5455,892H1,5,5,4,3048,0,0,0,NA,0,767,RANCHO TRABUCO RD,TIERRA MONTANOSA,41,W,N,A,-,N,NA,NA,NA,NA,NA,NA,NA,NA,NA,Y,4,0,1,3,A,-,03,22350,NA,N,B,E,A,A,H,-,A,A,0,NA,NA,NA,NA,Y,NA,D,22,0,0,1,0,0,0,0,0,0,-,-,NA,NA,ORANGE,RANCHO SANTA MARGARITA,-117.61484527587892,33.65570831298828
9678471,2024,2024-04-25,3000,2024-02-24,1245,12177,892E1,6,5,4,3018,0,0,0,NA,0,730,CAMINO CAPISTRANO,VIA LOS PAJAROS,115,N,N,B,-,N,NA,NA,NA,NA,NA,NA,NA,NA,NA,Y,4,0,1,2,A,-,09,21801,A,N,D,C,A,A,H,-,A,D,0,NA,NA,NA,NA,Y,NA,A,01,0,0,1,0,0,0,0,0,0,-,-,NA,NA,ORANGE,SAN JUAN CAPISTRANO,-117.66635131835938,33.50949478149414
9679560,2024,2024-04-03,3000,2024-02-22,746,12644,892B5,4,5,5,3028,0,0,0,NA,0,056,LOS ALISOS BL,OAK TREE CT,194,E,N,A,-,N,NA,NA,NA,NA,NA,NA,NA,NA,NA,N,3,0,1,2,B,-,22,NA,NA,N,D,G,A,A,H,-,A,D,0,NA,Y,NA,NA,Y,NA,L,04,0,1,0,0,0,0,1,0,0,-,-,NA,NA,ORANGE,MISSION VIEJO,-117.67660522460938,33.6269645690918
9681622,2024,2024-07-12,3004,2024-03-20,2105,P687,21,3,5,6,3004,0,0,0,NA,0,008,FAIRVIEW RD,RT405,20,N,N,A,-,Y,ORA,12,405,-,-,10.342,R,4,S,Y,3,0,1,2,D,-,00,NA,NA,N,D,C,A,A,H,-,C,A,0,NA,NA,NA,NA,Y,NA,-,-,0,1,0,0,0,0,0,0,0,-,SO,33.687339782714844,-117.19766998291016,ORANGE,COSTA MESA,-117.89946746826172,33.6875114440918
9685152,2024,2024-06-05,3004,2024-04-13,1118,P462,10,6,5,6,3004,0,0,0,NA,0,012,VICTORIA ST,NATIONAL AV,20,W,N,A,-,N,NA,NA,NA,NA,NA,NA,NA,NA,NA,N,4,0,1,2,A,-,08,22107,NA,N,B,G,A,A,H,-,A,A,0,NA,Y,NA,NA,Y,NA,A,01,0,0,1,0,0,0,1,0,0,-,-,33.65251159667969,-117.9371337890625,ORANGE,COSTA MESA,-117.93701934814452,33.65264129638672
9685507,2024,2024-07-12,3006,2024-02-03,1559,350,9,6,5,3,3006,0,0,0,NA,0,001,MOODY ST,BORREGO DR,71,N,N,B,-,N,NA,NA,NA,NA,NA,NA,NA,NA,NA,Y,4,0,1,3,A,-,03,22350,NA,N,C,C,A,A,H,-,A,D,0,NA,NA,NA,NA,Y,NA,A,01,0,0,1,0,0,0,0,0,0,-,-,NA,NA,ORANGE,LA PALMA,-118.04617309570313,33.85188293457031
9686944,2024,2024-07-18,3009,2024-05-27,1120,4659,136,1,5,6,3009,0,0,0,NA,0,2-3,NEWHOPE ST,JOLA AV,0,NA,Y,A,-,N,NA,NA,NA,NA,NA,NA,NA,NA,NA,N,4,0,1,2,A,-,09,21802,A,N,D,C,A,A,H,-,A,A,0,NA,NA,NA,NA,Y,NA,A,07,0,0,1,0,0,0,0,0,0,-,-,NA,NA,ORANGE,GARDEN GROVE,-117.9289779663086,33.765262603759766
9691120,2024,2024-05-14,3005,2024-03-24,827,8294,C16,7,5,4,3005,0,0,0,NA,0,002,LAKESHORE DR,VALLEY VIEW ST,19,E,N,A,-,N,NA,NA,NA,NA,NA,NA,NA,NA,NA,N,3,0,1,2,A,-,11,21954,A,N,G,B,D,A,H,-,A,A,0,Y,NA,NA,NA,Y,NA,N,60,0,1,0,0,1,0,0,0,0,-,-,NA,NA,ORANGE,CYPRESS,-118.02838897705078,33.828460693359375
9691617,2024,2024-05-14,3000,2024-01-26,937,6532,971F6,5,5,4,3029,0,0,0,NA,0,734,PCH,SELVA RD,0,NA,Y,A,-,N,NA,NA,NA,NA,NA,NA,NA,NA,NA,Y,3,0,4,4,A,-,12,21453,A,N,D,C,A,A,H,-,A,A,0,NA,NA,NA,NA,Y,NA,A,01,0,1,3,0,0,0,0,0,0,-,-,NA,NA,ORANGE,DANA POINT,-117.7132568359375,33.47067642211914
9694219,2024,2024-06-26,3000,2024-04-09,146,10566,972AC,2,5,4,3029,0,0,0,NA,0,338,DOHENY PARK RD,RT 1,0,NA,Y,A,-,Y,ORA,12,1,-,-,0.893,R,4,N,Y,4,0,1,1,A,-,01,23152,A,N,E,I,A,A,H,-,C,A,0,NA,NA,NA,NA,Y,Y,A,01,0,0,1,0,0,0,0,0,0,-,-,NA,NA,ORANGE,DANA POINT,-117.68083953857422,33.4644889831543
9694607,2024,2024-05-04,3000,2024-03-24,1036,12177,952F6,7,5,4,3018,0,0,0,NA,0,730,STRAWBERRY LN,ORTEGA HWY,1095,N,N,B,-,N,NA,NA,NA,NA,NA,NA,NA,NA,NA,N,2,0,1,1,C,-,18,NA,NA,N,F,A,A,D,H,-,A,D,0,NA,NA,NA,NA,Y,NA,-,-,1,0,0,0,0,0,0,0,0,-,-,NA,NA,ORANGE,SAN JUAN CAPISTRANO,-117.6386489868164,33.51582336425781
9695996,2024,2024-06-27,3004,2024-04-17,2135,PL696,15,3,5,6,3004,0,0,0,NA,0,015,FAIR DR,HARBOR BL,223,W,N,A,-,N,NA,NA,NA,NA,NA,NA,NA,NA,NA,Y,2,0,1,1,A,-,01,23152,A,N,E,I,A,A,H,-,C,A,0,NA,NA,NA,NA,Y,Y,A,07,1,0,0,0,0,0,0,0,0,-,-,33.66339874267578,-117.91999816894533,ORANGE,COSTA MESA,-117.91990661621094,33.66350173950195
9696082,2024,2024-06-26,3009,2024-04-11,425,5088,072,4,5,6,3009,0,0,0,NA,0,012,MAGNOLIA ST,MAGNOLIA AV,6.43,E,N,A,-,N,NA,NA,NA,NA,NA,NA,NA,NA,NA,N,3,0,1,2,A,-,09,21804,A,N,C,C,A,A,H,-,B,D,0,NA,NA,NA,NA,Y,NA,A,01,0,1,0,0,0,0,0,0,0,-,-,NA,NA,ORANGE,GARDEN GROVE,-117.97564697265624,33.80308151245117
9696916,2024,2024-05-31,3009,2024-04-10,1220,4856,103,3,5,6,3009,0,0,0,NA,0,1-2,LAMPSON AV,NUTWOOD ST,11,W,N,A,-,N,NA,NA,NA,NA,NA,NA,NA,NA,NA,N,3,0,1,2,D,-,00,NA,NA,N,D,C,A,A,H,-,A,A,0,NA,NA,NA,NA,Y,NA,-,-,0,1,0,0,0,0,0,0,0,-,-,NA,NA,ORANGE,GARDEN GROVE,-117.94984436035156,33.78139114379883
9703836,2024,2024-07-02,3000,2024-05-10,2215,10687,951H1,5,5,5,3040,0,0,0,NA,0,043,MOULTON PKWY,RANCHO NIGUEL RD,923,N,N,A,-,N,NA,NA,NA,NA,NA,NA,NA,NA,NA,Y,3,0,1,2,A,-,09,21804,A,N,D,C,A,A,H,-,C,D,0,NA,NA,NA,NA,Y,NA,A,01,0,1,0,0,0,0,0,0,0,-,-,NA,NA,ORANGE,LAGUNA NIGUEL,-117.69727325439452,33.55302047729492
9713922,2024,2024-07-17,3009,2024-05-12,3,5028,156,7,5,6,3009,0,0,0,NA,0,023,TRASK AV,HARBOR BLVD,0,NA,Y,A,-,N,NA,NA,NA,NA,NA,NA,NA,NA,NA,N,3,0,1,2,A,-,12,21453,A,M,D,C,A,A,H,-,C,A,0,NA,NA,NA,NA,Y,NA,A,01,0,1,0,0,0,0,0,0,0,-,-,NA,NA,ORANGE,GARDEN GROVE,-117.92044830322266,33.7671012878418
9717118,2024,2024-08-26,3004,2024-07-07,1158,P639,22,7,5,6,3004,0,0,0,NA,0,005,BRISTOL ST,PAULARINO AV,5,S,N,A,-,N,NA,NA,NA,NA,NA,NA,NA,NA,NA,N,4,0,1,2,A,-,08,22107,NA,N,C,C,A,A,H,-,A,A,0,NA,NA,NA,NA,Y,NA,A,01,0,0,1,0,0,0,0,0,0,-,-,33.68220901489258,-117.88553619384766,ORANGE,COSTA MESA,-117.88574981689452,33.68232727050781
9719842,2024,2024-08-28,3000,2024-06-05,2238,10646,952C7,3,5,4,3018,0,0,0,NA,0,331,CAMINO CAPISTRANO,LA ZANJA ST,31,S,N,A,-,N,NA,NA,NA,NA,NA,NA,NA,NA,NA,N,4,0,1,2,A,-,01,23152,A,M,C,C,A,A,H,-,C,A,0,NA,NA,Y,NA,Y,Y,C,02,0,0,1,0,0,0,0,0,0,-,-,NA,NA,ORANGE,SAN JUAN CAPISTRANO,-117.66558837890624,33.5076904296875
9721432,2024,2024-09-16,3004,2024-08-02,1657,P260,11,5,5,6,3004,0,0,0,NA,0,012,VICTORIA ST,DOCTORS CIR,485,E,N,A,-,N,NA,NA,NA,NA,NA,NA,NA,NA,NA,Y,4,0,1,2,A,-,09,21801,A,N,D,C,A,A,H,-,A,D,0,NA,NA,NA,NA,Y,NA,A,01,0,0,1,0,0,0,0,0,0,-,-,33.65256118774414,-117.91123962402344,ORANGE,COSTA MESA,-117.91130828857422,33.65262985229492
9723416,2024,2024-10-07,3000,2024-08-10,20,5455,892H3,6,5,4,3048,0,0,0,NA,0,767,SANTA MARGARITA PKWY,CALLE CORTA,884,W,N,A,-,N,NA,NA,NA,NA,NA,NA,NA,NA,NA,N,3,0,1,2,D,-,00,NA,NA,N,H,C,A,A,H,-,C,A,0,NA,NA,Y,NA,Y,NA,-,-,0,1,0,0,0,0,0,0,1,-,-,NA,NA,ORANGE,RANCHO SANTA MARGARITA,-117.61333465576172,33.637393951416016
9725620,2024,2024-08-22,3000,2024-06-25,2110,9928,993B7,2,5,5,3017,0,0,0,NA,0,472,SOUTH EL CAMINO REAL,SAN LUIS REY,13,S,N,A,-,N,NA,NA,NA,NA,NA,NA,NA,NA,NA,N,4,0,1,2,A,-,03,22350,NA,N,A,C,A,A,H,-,C,A,0,NA,NA,Y,NA,Y,NA,C,02,0,0,1,0,0,0,0,0,1,-,-,NA,NA,ORANGE,SAN CLEMENTE,-117.59768676757813,33.40516662597656
9725840,2024,2024-08-23,3000,2024-06-09,1920,10544,921G5,7,5,4,3049,0,0,0,NA,0,080,PACIFIC PARK DR,ALISO NIGUEL,0,NA,Y,A,-,N,NA,NA,NA,NA,NA,NA,NA,NA,NA,N,4,0,1,2,A,-,17,21451,A,N,G,B,B,A,H,-,A,A,0,Y,NA,NA,NA,Y,NA,-,-,0,0,1,0,1,0,0,0,0,-,-,33.570068359375,-117.70587921142578,ORANGE,ALISO VIEJO,-117.70568084716795,33.570037841796875
9728646,2024,2024-08-30,3009,2024-06-24,641,4856,093,1,5,6,3009,0,0,0,NA,0,1-2,LAMPSON AV,BROOKHURST ST,99,W,N,A,-,N,NA,NA,NA,NA,NA,NA,NA,NA,NA,N,3,0,2,4,A,-,12,21453,A,N,D,C,A,A,H,-,A,A,0,NA,NA,NA,Y,Y,NA,A,01,0,2,0,0,0,0,0,0,0,-,-,NA,NA,ORANGE,GARDEN GROVE,-117.95897674560548,33.78129577636719
9730791,2024,2024-09-27,3000,2024-06-10,1531,11533,952E7,1,5,4,3018,0,0,0,NA,0,3A33,ORTEGA HWY,SUNDANCE DR,0,NA,Y,A,-,Y,ORA,12,74,-,-,0.727,I,5,W,Y,4,0,1,2,A,-,09,21802,A,N,D,C,A,A,H,-,A,A,0,NA,NA,Y,NA,Y,NA,A,01,0,0,1,0,0,0,0,0,1,-,-,NA,NA,ORANGE,SAN JUAN CAPISTRANO,-117.64852905273438,33.508445739746094
9731933,2024,2024-10-16,3000,2024-07-25,1517,10077,891F7,4,5,4,3045,0,0,0,NA,0,048,PASEO DE VALENCIA,CALLE DE LA MAGDALENA,4,N,N,A,-,N,NA,NA,NA,NA,NA,NA,NA,NA,NA,N,3,0,1,2,A,-,05,21650,1,N,D,G,A,A,-,-,A,A,0,NA,Y,NA,NA,Y,NA,L,04,0,1,0,0,0,0,1,0,0,-,-,NA,NA,ORANGE,LAGUNA HILLS,-117.71151733398438,33.608238220214844
9733045,2024,2024-11-22,3000,2024-08-09,544,4156,100,5,5,4,3021,0,0,0,NA,0,NA,WESTERN AV,ORANGEWOOD AV,0,NA,Y,A,-,N,NA,NA,NA,NA,NA,NA,NA,NA,NA,Y,4,0,1,2,A,-,09,21801,A,N,A,C,A,A,H,-,A,A,0,NA,NA,NA,NA,Y,NA,A,07,0,0,1,0,0,0,0,0,0,-,-,NA,NA,ORANGE,STANTON,-118.00160980224608,33.79559326171875
9734135,2024,2024-09-20,3009,2024-08-18,625,3422,065,7,5,6,3009,0,0,0,NA,0,011,NEWLAND ST,LARSON AV,208,N,N,B,-,N,NA,NA,NA,NA,NA,NA,NA,NA,NA,Y,3,0,1,4,A,-,08,22107,NA,N,B,E,A,A,H,-,B,A,0,NA,NA,NA,NA,Y,NA,A,01,0,1,0,0,0,0,0,0,0,-,-,NA,NA,ORANGE,GARDEN GROVE,-117.9811782836914,33.772621154785156
9738793,2024,2024-11-18,3004,2024-09-06,1111,P549,03,5,5,6,3004,0,0,0,NA,0,001,NEWPORT BL,17TH ST,0,NA,Y,A,-,Y,ORA,12,55,-,-,1.444,I,5,N,Y,3,0,3,2,A,-,09,21453,C,N,A,C,A,A,H,-,A,A,0,NA,NA,NA,NA,Y,NA,A,01,0,2,1,0,0,0,0,0,0,-,-,33.63644027709961,-117.9219970703125,ORANGE,COSTA MESA,-117.92201232910156,33.63634490966797
9740294,2024,2024-10-14,3004,2024-09-19,1614,P549,RD11,4,5,6,3004,0,0,0,NA,0,002,NEWPORT BL,BAY ST,0,NA,Y,A,-,N,NA,NA,NA,NA,NA,NA,NA,NA,NA,Y,4,0,1,2,A,-,12,21453,A,N,D,C,A,A,H,-,A,A,0,NA,NA,NA,NA,Y,NA,A,01,0,0,1,0,0,0,0,0,0,-,-,33.648170471191406,-117.91291046142578,ORANGE,COSTA MESA,-117.9127960205078,33.648101806640625
9741564,2024,2024-10-11,3004,2024-09-24,1000,P542,RD16,2,5,6,3004,0,0,0,NA,0,015,FAIR DR,HARBOR BL,300,E,N,A,-,N,NA,NA,NA,NA,NA,NA,NA,NA,NA,N,3,0,1,2,A,-,03,22350,NA,N,H,G,A,A,H,-,A,D,0,NA,Y,NA,NA,Y,NA,L,04,0,1,0,0,0,0,1,0,0,-,-,33.6633415222168,-117.91929626464844,ORANGE,COSTA MESA,-117.91829681396484,33.66324996948242
9741801,2024,2024-10-11,3003,2024-09-06,1712,1193,NA,5,5,5,3003,0,0,0,NA,0,NA,WESTERN AV,ORANGETHORPE AV,0,NA,Y,A,-,N,NA,NA,NA,NA,NA,NA,NA,NA,NA,N,4,0,1,2,A,-,03,22350,NA,N,C,C,A,A,H,-,A,A,0,NA,NA,NA,NA,Y,NA,A,01,0,0,1,0,0,0,0,0,0,-,-,33.859169006347656,-118.00257873535156,ORANGE,BUENA PARK,-118.00247955322266,33.85896301269531
9744507,2024,2024-10-23,3004,2024-10-01,2237,P718,14,2,5,6,3004,0,0,0,NA,0,009,PLACENTIA AV,SWAN CIR,500,S,N,A,-,N,NA,NA,NA,NA,NA,NA,NA,NA,NA,N,2,0,1,2,A,-,07,21658,A,F,B,G,A,A,H,-,C,A,0,NA,Y,NA,NA,Y,Y,A,01,1,0,0,0,0,0,1,0,0,-,-,33.66680145263672,-117.93740081787108,ORANGE,COSTA MESA,-117.9372787475586,33.667598724365234
9745520,2024,2024-10-23,3003,2024-09-26,1453,1301,NA,4,5,5,3003,0,0,0,NA,0,NA,WESTERN AV,ORANGETHORPE AV,328,N,N,A,-,N,NA,NA,NA,NA,NA,NA,NA,NA,NA,N,4,0,1,2,A,-,09,21801,A,N,D,C,A,A,H,-,A,D,0,NA,NA,NA,NA,Y,NA,A,07,0,0,1,0,0,0,0,0,0,-,-,33.51279830932617,-118.00080108642578,ORANGE,BUENA PARK,-118.0024871826172,33.859859466552734
9746306,2024,2024-11-12,3000,2024-10-02,623,8926,891F7,3,5,4,3045,0,0,0,NA,0,745,EL TORO RD,AVENIDA DE LA CARLOTA,0,NA,Y,-,-,N,NA,NA,NA,NA,NA,NA,NA,NA,NA,Y,4,0,1,3,A,-,12,21453,A,N,B,C,A,-,-,-,-,A,0,NA,NA,NA,NA,Y,NA,A,01,0,0,1,0,0,0,0,0,0,-,-,NA,NA,ORANGE,LAGUNA HILLS,-117.70860290527344,33.6138916015625
9746397,2024,2024-11-04,3004,2024-10-17,1555,P691,RD01,4,5,6,3004,0,0,0,NA,0,009,PLACENTIA AV,19TH ST,130,S,N,A,-,N,NA,NA,NA,NA,NA,NA,NA,NA,NA,Y,3,0,1,3,A,-,09,21804,A,N,H,G,A,A,H,-,A,A,0,NA,Y,NA,NA,Y,NA,L,04,0,1,0,0,0,0,1,0,0,-,-,33.6432991027832,-117.93199157714844,ORANGE,COSTA MESA,-117.93199157714844,33.64302444458008
9747131,2024,2024-10-30,3002,2024-10-10,1757,10165,741E6,4,5,5,3025,0,0,0,NA,0,004,LA PALMA AV,GYPSUM CANYON RD,304,E,N,A,-,N,NA,NA,NA,NA,NA,NA,NA,NA,NA,Y,3,0,1,3,A,-,03,22350,NA,N,B,C,A,A,H,-,A,D,0,NA,NA,NA,NA,Y,NA,A,01,0,1,0,0,0,0,0,0,0,-,-,NA,NA,ORANGE,YORBA LINDA,-117.71205139160156,33.873897552490234
9749599,2024,2024-11-13,3003,2024-05-16,1446,1301,NA,4,5,5,3003,0,0,0,NA,0,NA,BEACH BL,AZALEA DR,11,S,N,A,-,N,NA,NA,NA,NA,NA,NA,NA,NA,NA,N,4,0,2,2,A,-,09,21801,A,N,D,C,A,A,H,-,A,D,0,NA,NA,NA,NA,Y,NA,A,01,0,0,2,0,0,0,0,0,0,-,-,NA,NA,ORANGE,BUENA PARK,-117.99788665771484,33.85380172729492
9752177,2024,2024-11-18,3000,2024-11-02,1305,8564,893C2,6,5,4,3048,0,0,0,NA,0,169,SANTA MARGARITA PKWY,ANTONIO PKWY,0,NA,Y,A,-,N,NA,NA,NA,NA,NA,NA,NA,NA,NA,Y,3,0,2,3,A,-,17,21451,A,N,D,C,A,A,H,-,A,A,0,NA,NA,NA,NA,Y,NA,A,01,0,1,1,0,0,0,0,0,0,-,-,NA,NA,ORANGE,RANCHO SANTA MARGARITA,-117.58111572265624,33.64875793457031
9753547,2024,2024-11-13,3000,2024-10-03,725,1056,892F4,4,5,5,3028,0,0,0,NA,0,058,OLYMPIAD RD,ALICIA PKWY,15,S,N,B,-,N,NA,NA,NA,NA,NA,NA,NA,NA,NA,N,3,0,1,2,A,-,05,21650,1,N,H,G,A,A,H,-,A,A,0,NA,Y,NA,NA,Y,NA,L,04,0,1,0,0,0,0,1,0,0,-,-,33.62908172607422,-117.6340789794922,ORANGE,MISSION VIEJO,-117.63430786132813,33.62924575805664
9755656,2024,2024-11-20,3009,2024-11-02,2114,5083,096,6,5,6,3009,0,0,0,NA,0,013,BROOKHURST ST,TRASK AV,765,S,N,A,-,N,NA,NA,NA,NA,NA,NA,NA,NA,NA,N,4,0,2,2,A,-,07,21658,A,N,C,C,A,A,H,-,C,A,0,NA,NA,NA,NA,Y,NA,A,01,0,0,2,0,0,0,0,0,0,-,-,NA,NA,ORANGE,GARDEN GROVE,-117.9551010131836,33.76469421386719
9755753,2024,2024-11-26,3002,2024-10-27,841,9211,740C4,7,5,5,3025,0,0,0,NA,0,001,IMPERIAL HWY,YORBA LINDA BL,40,N,N,A,-,N,NA,NA,NA,NA,NA,NA,NA,NA,NA,Y,4,0,1,2,A,-,09,21453,B,N,C,C,A,A,H,-,A,A,0,NA,NA,NA,NA,Y,NA,A,07,0,0,1,0,0,0,0,0,0,-,-,NA,NA,ORANGE,YORBA LINDA,-117.81349182128906,33.88869857788086
9756481,2024,2024-12-02,3000,2024-10-20,2126,11204,921E6,7,5,4,3049,0,0,0,NA,0,481,FOXBOROUGH,PACIFIC PARK,1722,S,N,A,-,N,NA,NA,NA,NA,NA,NA,NA,NA,NA,Y,4,0,1,1,A,-,03,22350,NA,N,E,I,A,A,H,-,C,A,0,NA,NA,NA,NA,Y,NA,A,07,0,0,1,0,0,0,0,0,0,-,-,NA,NA,ORANGE,ALISO VIEJO,NA,NA
9756494,2024,2024-11-27,3000,2024-10-25,717,12644,891H5,5,5,5,3050,0,0,0,NA,0,061,EL TORO RD,JERONIMO RD,0,NA,Y,A,-,N,NA,NA,NA,NA,NA,NA,NA,NA,NA,Y,3,0,2,3,A,-,12,21453,A,N,D,C,A,A,H,-,A,A,0,NA,NA,NA,NA,Y,NA,A,01,0,1,1,0,0,0,0,0,0,-,-,NA,NA,ORANGE,LAKE FOREST,-117.69055938720705,33.62844467163086
9756630,2024,2024-12-03,3013,2024-11-13,1433,264,L05,3,5,3,3013,0,0,0,NA,0,004,LOS ALAMITOS BL,KATELLA AV,0,NA,Y,A,-,N,NA,NA,NA,NA,NA,NA,NA,NA,NA,Y,3,0,1,4,A,-,03,22350,NA,N,C,C,A,A,H,-,A,A,0,NA,NA,NA,NA,Y,NA,A,08,0,1,0,0,0,0,0,0,0,-,-,NA,NA,ORANGE,LOS ALAMITOS,-118.07192993164063,33.80302810668945
9757264,2024,2024-12-11,3012,2024-11-15,1756,602,38,5,5,5,3012,0,0,0,NA,0,003,SOUTH BEACH BL,RESORT LN,200,S,N,B,-,N,NA,NA,NA,NA,NA,NA,NA,NA,NA,N,4,0,1,2,A,-,03,22350,NA,N,C,C,A,A,H,-,C,A,0,NA,NA,NA,NA,Y,Y,A,01,0,0,1,0,0,0,0,0,0,-,-,NA,NA,ORANGE,LA HABRA,NA,NA
9760482,2024,2024-12-11,3004,2024-11-27,1523,P734,RD16,3,5,6,3004,0,0,0,NA,0,004,HARBOR BL,PRINCETON DR,0,NA,Y,B,-,N,NA,NA,NA,NA,NA,NA,NA,NA,NA,Y,3,0,2,2,A,-,09,21801,A,F,D,C,A,A,H,-,A,D,0,NA,NA,NA,NA,Y,NA,A,07,0,2,0,0,0,0,0,0,0,-,-,33.66682052612305,-117.91922760009766,ORANGE,COSTA MESA,-117.91928100585938,33.66676712036133
9760862,2024,2024-12-13,3000,2024-11-16,1325,12177,972B2,6,5,4,3018,0,0,0,NA,0,730,ALIPAZ ST,AVENIDA LEANDRO,0,NA,Y,A,-,N,NA,NA,NA,NA,NA,NA,NA,NA,NA,N,3,0,2,2,A,-,08,22107,NA,F,B,C,A,A,H,-,A,D,0,NA,NA,NA,NA,Y,NA,A,07,0,1,1,0,0,0,0,0,0,-,-,NA,NA,ORANGE,SAN JUAN CAPISTRANO,-117.66909790039063,33.4941291809082
9761249,2024,2024-12-19,3009,2024-11-19,2009,5203,102,2,5,6,3009,0,0,0,NA,0,012,CHAPMAN AV,SEACREST DR,80,W,N,A,-,N,NA,NA,NA,NA,NA,NA,NA,NA,NA,N,3,0,1,2,A,-,11,21954,A,N,G,B,E,A,H,-,C,A,0,Y,NA,NA,NA,Y,Y,N,60,0,1,0,0,1,0,0,0,0,-,-,NA,NA,ORANGE,GARDEN GROVE,-117.9540557861328,33.78860855102539
9762417,2024,2024-12-17,3000,2024-11-16,1833,11204,921D6,6,5,4,3049,0,0,0,NA,0,382,PACIFIC PARK,ALISO VIEJO PKWY,0,NA,Y,A,-,N,NA,NA,NA,NA,NA,NA,NA,NA,NA,Y,3,0,1,2,A,-,08,22107,NA,N,D,C,A,A,H,-,C,A,0,NA,NA,Y,NA,Y,NA,A,01,0,1,0,0,0,0,0,0,1,-,-,NA,NA,ORANGE,ALISO VIEJO,-117.73062133789063,33.57060241699219
9764725,2025,2025-01-30,3009,2025-01-06,937,5229,111,1,5,6,3009,0,0,0,NA,0,2-1,EUCLID ST,KATELLA AV,195,S,N,A,-,N,NA,NA,NA,NA,NA,NA,NA,NA,NA,Y,2,0,1,2,A,-,07,21658,A,N,C,C,A,A,H,-,A,A,0,NA,NA,NA,NA,Y,NA,D,22,1,0,0,0,0,0,0,0,0,-,-,NA,NA,ORANGE,GARDEN GROVE,-117.94151306152344,33.80254364013672
9767461,2024,2024-12-24,3012,2024-12-01,51,4,43,7,5,5,3012,0,0,0,NA,0,004,HARBOR BL,LAMBERT RD,473,S,N,A,-,N,NA,NA,NA,NA,NA,NA,NA,NA,NA,Y,3,0,1,1,A,-,08,22107,NA,N,E,I,A,A,H,-,C,D,0,NA,NA,NA,NA,Y,NA,A,01,0,1,0,0,0,0,0,0,0,-,-,NA,NA,ORANGE,LA HABRA,-117.93305206298828,33.92332458496094
9769872,2024,2025-01-31,3000,2024-11-18,1527,11814,992H3,1,5,5,3017,0,0,0,NA,0,176,AVENIDA PICO,RT 5,0,NA,Y,A,-,Y,ORA,12,5,-,-,2.199,R,1,N,N,3,0,1,2,A,-,05,21650,1,N,D,G,A,A,H,-,A,A,0,NA,Y,NA,NA,Y,NA,L,04,0,1,0,0,0,0,1,0,0,-,-,NA,NA,ORANGE,SAN CLEMENTE,-117.6093521118164,33.42547607421875