CASE_ID,ACCIDENT_YEAR,PROC_DATE,JURIS,COLLISION_DATE,COLLISION_TIME,OFFICER_ID,REPORTING_DISTRICT,DAY_OF_WEEK,CHP_SHIFT,POPULATION,CNTY_CITY_LOC,SPECIAL_COND,BEAT_TYPE,CHP_BEAT_TYPE,CITY_DIVISION_LAPD,CHP_BEAT_CLASS,BEAT_NUMBER,PRIMARY_RD,SECONDARY_RD,DISTANCE,DIRECTION,INTERSECTION,WEATHER_1,WEATHER_2,STATE_HWY_IND,CALTRANS_COUNTY,CALTRANS_DISTRICT,STATE_ROUTE,ROUTE_SUFFIX,POSTMILE_PREFIX,POSTMILE,LOCATION_TYPE,RAMP_INTERSECTION,SIDE_OF_HWY,TOW_AWAY,COLLISION_SEVERITY,NUMBER_KILLED,NUMBER_INJURED,PARTY_COUNT,PRIMARY_COLL_FACTOR,PCF_CODE_OF_VIOL,PCF_VIOL_CATEGORY,PCF_VIOLATION,PCF_VIOL_SUBSECTION,HIT_AND_RUN,TYPE_OF_COLLISION,MVIW,PED_ACTION,ROAD_SURFACE,ROAD_COND_1,ROAD_COND_2,LIGHTING,CONTROL_DEVICE,CHP_ROAD_TYPE,PEDESTRIAN_ACCIDENT,BICYCLE_ACCIDENT,MOTORCYCLE_ACCIDENT,TRUCK_ACCIDENT,NOT_PRIVATE_PROPERTY,ALCOHOL_INVOLVED,STWD_VEHTYPE_AT_FAULT,CHP_VEHTYPE_AT_FAULT,COUNT_SEVERE_INJ,COUNT_VISIBLE_INJ,COUNT_COMPLAINT_PAIN,COUNT_PED_KILLED,COUNT_PED_INJURED,COUNT_BICYCLIST_KILLED,COUNT_BICYCLIST_INJURED,COUNT_MC_KILLED,COUNT_MC_INJURED,PRIMARY_RAMP,SECONDARY_RAMP,LATITUDE,LONGITUDE,COUNTY,CITY,POINT_X,POINT_Y
9769912,2024,2025-01-23,3004,2024-12-22,2211,P713,RD02,7,5,6,3004,0,0,0,NA,0,001,NEWPORT BL,16TH ST,203,N,N,A,-,Y,ORA,12,55,-,-,1.28,H,-,N,Y,3,0,1,2,A,-,08,22107,NA,N,A,C,A,A,H,-,C,D,0,NA,NA,NA,NA,Y,NA,A,01,0,1,0,0,0,0,0,0,0,-,-,NA,NA,ORANGE,COSTA MESA,-117.92243957519533,33.63408279418945
9770879,2024,2025-01-27,3012,2024-12-21,224,706,44,6,5,5,3012,0,0,0,NA,0,004,E LAMBERT RD,PALM ST,586,E,N,A,-,N,NA,NA,NA,NA,NA,NA,NA,NA,NA,N,4,0,1,2,A,-,01,23152,A,N,C,E,A,A,H,-,C,D,0,NA,NA,NA,NA,Y,Y,A,07,0,0,1,0,0,0,0,0,0,-,-,NA,NA,ORANGE,LA HABRA,-117.92246246337892,33.92462158203125
9771159,2024,2025-01-15,3009,2024-12-06,2217,5083,097,5,5,6,3009,0,0,0,NA,0,013,BROOKHURST ST,11TH ST,0,NA,Y,A,-,N,NA,NA,NA,NA,NA,NA,NA,NA,NA,N,4,0,1,2,A,-,11,21950,B,N,G,B,B,A,H,-,C,A,0,Y,NA,NA,NA,Y,NA,N,60,0,0,1,0,1,0,0,0,0,-,-,NA,NA,ORANGE,GARDEN GROVE,-117.95500183105467,33.754085540771484
9772319,2024,2025-01-16,3003,2024-12-28,2040,1322,3003,6,5,5,3003,0,0,0,NA,0,005,LOS ANGELES WY,LOS ALTOS DR,2,E,N,B,-,N,NA,NA,NA,NA,NA,NA,NA,NA,NA,N,4,0,1,2,A,-,08,22107,NA,N,G,B,B,A,H,-,C,D,0,Y,NA,NA,NA,Y,NA,A,01,0,0,1,0,1,0,0,0,0,-,-,33.50310134887695,-118.0156021118164,ORANGE,BUENA PARK,-118.03239440917967,33.842071533203125
9772734,2024,2025-01-21,3009,2024-12-31,2115,4659,080,2,5,6,3009,0,0,0,NA,0,012,KATELLA AV,GILBERT ST,0,NA,Y,A,-,N,NA,NA,NA,NA,NA,NA,NA,NA,NA,Y,4,0,1,2,A,-,12,21453,A,N,D,C,A,A,H,-,C,A,0,NA,NA,NA,NA,Y,NA,A,01,0,0,1,0,0,0,0,0,0,-,-,NA,NA,ORANGE,GARDEN GROVE,-117.96755981445313,33.80316162109375
9774390,2024,2025-01-23,3000,2024-12-25,1317,12971,951J1,3,5,5,3040,0,0,0,NA,0,7A41,CROWN VALLEY PKWY,GREENFIELD DR,600,E,N,B,-,N,NA,NA,NA,NA,NA,NA,NA,NA,NA,N,4,0,2,2,A,-,03,22350,NA,N,C,C,A,A,H,-,A,D,0,NA,NA,NA,NA,Y,NA,A,07,0,0,2,0,0,0,0,0,0,-,-,NA,NA,ORANGE,LAGUNA NIGUEL,-117.68402099609376,33.55498123168945
9777625,2025,2025-03-05,3000,2025-01-15,825,11662,892B4,3,5,5,3028,0,0,0,NA,0,1A50,TRABUCO RD,VIA NUEZ,0,NA,Y,A,-,N,NA,NA,NA,NA,NA,NA,NA,NA,NA,Y,4,0,1,2,A,-,09,21801,A,N,D,C,A,A,H,-,A,A,0,NA,NA,NA,NA,Y,NA,A,01,0,0,1,0,0,0,0,0,0,-,-,NA,NA,ORANGE,MISSION VIEJO,-117.67129516601563,33.63029861450195
9777809,2024,2025-03-10,3000,2024-12-14,1505,6532,971-J,6,5,4,3029,0,0,0,NA,0,734,DANA POINT DR,PACIFIC COAST HWY,171,W,N,A,-,N,NA,NA,NA,NA,NA,NA,NA,NA,NA,N,3,0,1,1,A,-,08,22107,NA,N,F,A,A,A,H,-,A,D,0,NA,Y,NA,NA,Y,NA,L,04,0,1,0,0,0,0,1,0,0,-,-,NA,NA,ORANGE,DANA POINT,-117.73953247070313,33.49699783325195
9784098,2025,2025-02-24,3009,2025-01-27,1921,5229,164,1,5,6,3009,0,0,0,NA,0,023,FAIRVIEW ST,GARDEN GROVE BL,460,S,N,A,-,N,NA,NA,NA,NA,NA,NA,NA,NA,NA,Y,3,0,1,2,A,-,03,22350,NA,N,C,C,A,A,H,-,C,A,0,NA,NA,NA,NA,Y,NA,A,01,0,1,0,0,0,0,0,0,0,-,-,NA,NA,ORANGE,GARDEN GROVE,-117.90299987792967,33.77312088012695
9784441,2025,2025-02-25,3009,2025-02-02,1659,3819,014,7,5,6,3009,0,0,0,NA,0,011,VALLEY VIEW ST,CERULEAN AV,0,NA,Y,A,-,N,NA,NA,NA,NA,NA,NA,NA,NA,NA,Y,4,0,1,2,A,-,12,21453,A,N,D,C,A,A,H,-,B,A,0,NA,NA,NA,NA,Y,NA,A,01,0,0,1,0,0,0,0,0,0,-,-,33.77962875366211,-118.03205108642578,ORANGE,GARDEN GROVE,-118.03205108642578,33.77962875366211
9786358,2024,2025-07-14,3019,2024-04-12,208,3692,SE,5,5,7,3019,0,0,0,NA,0,003,MAIN ST,RICHLAND ST,56,S,N,A,-,N,NA,NA,NA,NA,NA,NA,NA,NA,NA,N,1,1,2,1,A,-,01,23153,A,N,E,I,A,A,H,-,C,D,0,NA,NA,NA,NA,Y,Y,D,22,0,1,1,0,0,0,0,0,0,-,-,33.73823928833008,-117.8676300048828,ORANGE,SANTA ANA,-117.86771392822266,33.738197326660156
9787988,2025,2025-04-28,3005,2025-04-09,1536,8237,C17,3,5,4,3005,0,0,0,NA,0,002,VALLEY VIEW ST,MARILYN DR,49,N,N,A,-,N,NA,NA,NA,NA,NA,NA,NA,NA,NA,N,3,0,1,2,A,-,03,22350,NA,N,C,C,A,A,H,-,A,D,0,NA,NA,NA,NA,Y,NA,A,01,0,1,0,0,0,0,0,0,0,-,-,NA,NA,ORANGE,CYPRESS,-118.02837371826172,33.823055267333984
9789233,2024,2025-03-18,3000,2024-10-08,721,5163,971J1,2,5,5,3040,0,0,0,NA,0,741,BEACON HILL WY,GOLDEN LANTERN,282,W,N,A,-,N,NA,NA,NA,NA,NA,NA,NA,NA,NA,Y,4,0,2,2,A,-,09,21804,A,N,D,C,A,A,H,-,A,D,0,NA,NA,NA,NA,Y,NA,A,07,0,0,2,0,0,0,0,0,0,-,-,NA,NA,ORANGE,LAGUNA NIGUEL,-117.69146728515624,33.504520416259766
9789304,2025,2025-04-30,3000,2025-03-04,1606,10006,797J3,2,5,4,3021,0,0,0,NA,0,024,BEACH BL,KATELIA AV,500,S,N,A,-,N,NA,NA,NA,NA,NA,NA,NA,NA,NA,Y,4,0,1,2,A,-,01,23152,A,N,C,C,A,A,H,-,A,A,0,NA,NA,NA,NA,Y,Y,A,01,0,0,1,0,0,0,0,0,0,-,-,NA,NA,ORANGE,STANTON,-117.99301147460938,33.80154800415039
9796707,2025,2025-04-15,3000,2025-03-04,258,4246,9925,2,5,5,3017,0,0,0,NA,0,776,CALLE FRONTERA,CALLE LUEGO,99,E,N,A,-,N,NA,NA,NA,NA,NA,NA,NA,NA,NA,Y,3,0,1,2,A,-,08,22107,NA,N,B,E,A,A,H,-,C,D,0,NA,NA,NA,NA,Y,NA,A,07,0,1,0,0,0,0,0,0,0,-,-,NA,NA,ORANGE,SAN CLEMENTE,-117.63758087158205,33.449951171875
9801536,2025,2025-04-10,3000,2025-02-22,1730,11814,972D7,6,5,5,3017,0,0,0,NA,0,175,CAMINO DE ESTRELLA,CAMINO MIRA COSTA,0,NA,Y,A,-,N,NA,NA,NA,NA,NA,NA,NA,NA,NA,N,4,0,1,2,B,-,22,NA,NA,N,H,G,A,A,H,-,B,A,0,NA,Y,NA,NA,Y,NA,M,91,0,0,1,0,0,0,1,0,0,-,-,NA,NA,ORANGE,SAN CLEMENTE,-117.65821838378906,33.45639419555664
9804361,2025,2025-05-05,3009,2025-04-17,1317,4857,102,4,5,6,3009,0,0,0,NA,0,012,CHAPMAN AV,FAYE AVE,0,NA,Y,A,-,N,NA,NA,NA,NA,NA,NA,NA,NA,NA,N,4,0,1,2,A,-,09,21801,A,N,D,C,A,A,H,-,A,A,0,NA,NA,NA,NA,Y,NA,A,01,0,0,1,0,0,0,0,0,0,-,-,NA,NA,ORANGE,GARDEN GROVE,-117.9517822265625,33.78861999511719
9806769,2025,2025-05-15,3004,2025-05-05,1534,P676,RD25,1,5,6,3004,0,0,0,NA,0,015,SOUTH COAST DR,SUSAN ST,0,NA,Y,A,-,N,NA,NA,NA,NA,NA,NA,NA,NA,NA,Y,3,0,2,2,A,-,09,21453,B,N,D,C,A,A,H,-,A,A,0,NA,NA,NA,NA,Y,NA,A,01,0,2,0,0,0,0,0,0,0,-,-,33.69200134277344,-117.91400146484376,ORANGE,COSTA MESA,-117.91417694091795,33.69158935546875
9809890,2025,2025-05-22,3009,2025-05-07,2225,5146,135,3,5,6,3009,0,0,0,NA,0,023,GARDEN GROVE BL,WEST ST,0,NA,Y,A,-,N,NA,NA,NA,NA,NA,NA,NA,NA,NA,N,3,0,1,2,A,-,09,21801,A,N,D,C,A,A,H,-,A,A,0,NA,NA,NA,NA,Y,NA,A,01,0,1,0,0,0,0,0,0,0,-,-,NA,NA,ORANGE,GARDEN GROVE,-117.92350769042967,33.7744255065918
9809927,2025,2025-05-21,3000,2025-04-11,1417,12644,861J6,5,5,5,3050,0,0,0,NA,0,063,BAKE PKWY,COMMERCE CENTER DR,0,NA,Y,A,-,N,NA,NA,NA,NA,NA,NA,NA,NA,NA,Y,4,0,2,2,A,-,09,21453,C,N,D,C,A,A,H,-,A,A,0,NA,NA,NA,NA,Y,NA,A,01,0,0,2,0,0,0,0,0,0,-,-,NA,NA,ORANGE,LAKE FOREST,NA,NA
9812727,2025,2025-11-14,3004,2025-10-14,2127,P719,RD33,2,5,6,3004,0,0,0,NA,0,005,BRISTOL ST,RT 405,30,N,N,A,-,Y,ORA,12,405,-,-,9.663,R,4,N,Y,3,0,1,3,A,-,03,22350,NA,N,C,C,A,A,H,-,C,A,0,NA,NA,NA,NA,Y,NA,A,07,0,1,0,0,0,0,0,0,0,-,-,NA,NA,ORANGE,COSTA MESA,-117.88825225830078,33.687530517578125
9812900,2025,2025-11-26,3003,2025-10-15,910,1213,NA,3,5,5,3003,0,0,0,NA,0,NA,BEACH BL,ORANGETHORPE AV,0,NA,Y,A,-,N,NA,NA,NA,NA,NA,NA,NA,NA,NA,Y,4,0,1,3,A,-,12,21453,NA,N,D,C,A,A,H,-,A,A,0,NA,NA,Y,NA,Y,NA,A,01,0,0,1,0,0,0,0,0,1,-,-,33.85892868041992,-117.99820709228516,ORANGE,BUENA PARK,-117.9980010986328,33.85898971557617
9813585,2025,2025-06-02,3012,2025-04-18,1429,738,32,5,5,5,3012,0,0,0,NA,0,003,BEACH BL,LA HABRA BL,90,S,N,A,-,N,NA,NA,NA,NA,NA,NA,NA,NA,NA,N,3,0,1,2,C,-,18,NA,NA,N,C,C,A,A,H,-,A,A,0,NA,NA,NA,NA,Y,NA,-,-,0,1,0,0,0,0,0,0,0,-,-,NA,NA,ORANGE,LA HABRA,-117.9677734375,33.93185043334961
9813611,2024,2025-05-23,3000,2024-08-26,1423,5163,921F7,1,5,5,3040,0,0,0,NA,0,741,AVILA RD,HEATHER RIDGE RD,0,NA,Y,A,-,N,NA,NA,NA,NA,NA,NA,NA,NA,NA,N,3,0,1,2,A,-,05,21650,1,N,D,G,A,A,H,-,A,A,0,NA,Y,NA,NA,Y,NA,L,04,0,1,0,0,0,0,1,0,0,-,-,NA,NA,ORANGE,LAGUNA NIGUEL,-117.71135711669922,33.563087463378906
9814909,2025,2025-06-02,3004,2025-05-22,1458,P742,RD12,4,5,6,3004,0,0,0,NA,0,015,DEL MAR AV,ORANGE AV,0,NA,Y,A,-,NA,NA,NA,NA,NA,NA,NA,NA,NA,NA,Y,3,0,1,2,A,-,12,22450,A,N,D,C,A,A,H,-,A,A,0,NA,NA,NA,NA,Y,NA,A,01,0,1,0,0,0,0,0,0,0,-,-,33.6605110168457,-117.893798828125,ORANGE,COSTA MESA,-117.89373779296876,33.6605224609375
9815885,2025,2025-06-17,3004,2025-05-13,453,P723,RD02,2,5,6,3004,0,0,0,NA,0,002,NEWPORT BL,FAIRVIEW RD,0,NA,Y,A,-,N,NA,NA,NA,NA,NA,NA,NA,NA,NA,Y,3,0,1,1,A,-,01,23152,A,N,E,I,A,A,H,-,B,A,0,NA,NA,NA,NA,Y,Y,A,01,0,1,0,0,0,0,0,0,0,-,-,33.6533317565918,-117.90766143798828,ORANGE,COSTA MESA,-117.90779113769533,33.65205383300781
9817064,2025,2025-06-23,3000,2025-05-27,1842,12744,952B2,2,5,5,3028,0,0,0,NA,0,754,AVERY PKWY,RT 5,0,NA,Y,A,-,Y,ORA,12,5,-,-,13.104,R,4,S,Y,4,0,1,2,A,-,12,21453,A,N,D,C,A,A,H,-,A,-,0,NA,NA,NA,NA,Y,NA,A,01,0,0,1,0,0,0,0,0,0,-,-,NA,NA,ORANGE,MISSION VIEJO,-117.67293548583984,33.54945755004883
9819887,2025,2025-09-26,3000,2025-08-27,1246,5377,951H3,3,5,5,3040,0,0,0,NA,0,741,CROWN VALLEY PKWY,ADELANTO,0,NA,Y,A,-,N,NA,NA,NA,NA,NA,NA,NA,NA,NA,Y,3,0,3,2,A,-,12,21453,A,N,D,C,A,A,H,-,A,A,0,NA,NA,NA,NA,Y,NA,A,01,0,1,2,0,0,0,0,0,0,-,-,NA,NA,ORANGE,LAGUNA NIGUEL,-117.6972427368164,33.537715911865234
9825383,2025,2025-10-13,3004,2025-08-30,2256,P719,RD13,6,5,6,3004,0,0,0,NA,0,013,WILSON ST,FORDHAM DR,50,W,N,A,-,N,NA,NA,NA,NA,NA,NA,NA,NA,NA,N,3,0,1,2,A,-,11,21956,A,N,G,B,E,A,H,-,C,D,0,Y,NA,NA,Y,Y,NA,N,60,0,1,0,0,1,0,0,0,0,-,-,33.65623092651367,-117.91397857666016,ORANGE,COSTA MESA,-117.91422271728516,33.656227111816406
9826146,2025,2025-06-25,3004,2025-06-06,1729,P639,RD15,5,5,6,3004,0,0,0,NA,0,015,SANTA CATALINA DR,MERRIMAC WY,288,S,N,A,-,N,NA,NA,NA,NA,NA,NA,NA,NA,NA,N,4,0,1,2,A,-,12,22450,A,N,D,G,A,A,H,-,A,A,0,NA,Y,Y,NA,Y,NA,L,04,0,0,1,0,0,0,1,0,0,-,-,33.66741943359375,-117.92125701904295,ORANGE,COSTA MESA,-117.92308807373048,33.6661376953125
9827450,2025,2025-07-23,3000,2025-04-28,1615,5163,992H3,1,5,5,3017,0,0,0,NA,0,777,AVENIDA PICO,RT 5,148,W,N,A,-,Y,ORA,12,5,-,-,3.271,R,4,N,Y,3,0,2,4,A,-,03,22350,NA,N,C,C,A,A,-,-,A,A,0,NA,NA,NA,NA,Y,NA,A,01,0,2,0,0,0,0,0,0,0,-,NO,NA,NA,ORANGE,SAN CLEMENTE,-117.62032318115234,33.4378547668457
9829668,2025,2025-07-16,3002,2025-06-02,930,9211,739H5,1,5,5,3025,0,0,0,NA,0,002,WESTMORELAND DR,DURHAM DR,156,N,N,A,-,N,NA,NA,NA,NA,NA,NA,NA,NA,NA,Y,4,0,1,2,A,-,08,22107,NA,N,C,E,A,A,H,-,A,D,0,NA,NA,NA,NA,Y,NA,D,22,0,0,1,0,0,0,0,0,0,-,-,NA,NA,ORANGE,YORBA LINDA,-117.83968353271484,33.88075637817383
9831101,2025,2025-07-09,3004,2025-06-23,1617,P741,RD02,1,5,6,3004,0,0,0,NA,0,015,ANAHEIM AV,PLUMER ST,57,N,N,A,-,N,NA,NA,NA,NA,NA,NA,NA,NA,NA,Y,4,0,2,2,A,-,08,22107,NA,N,D,C,A,A,H,-,A,D,0,NA,NA,NA,NA,Y,NA,A,07,0,0,2,0,0,0,0,0,0,-,-,33.64250946044922,-117.92333984375,ORANGE,COSTA MESA,-117.92333984375,33.64268493652344
9833065,2025,2025-07-16,3000,2025-06-07,2226,11455,3000,6,5,4,3045,0,0,0,NA,0,4A45,NELLIE GAIL RD,MOULTON PKWY,0,NA,Y,A,-,N,NA,NA,NA,NA,NA,NA,NA,NA,NA,Y,3,0,2,2,A,-,17,21451,A,N,A,C,A,A,H,-,C,A,0,NA,NA,NA,NA,Y,NA,A,07,0,2,0,0,0,0,0,0,0,-,-,NA,NA,ORANGE,LAGUNA HILLS,-117.70001983642578,33.5700798034668
9833573,2025,2025-07-24,3000,2025-06-19,1039,10380,891F7,4,5,4,3045,0,0,0,NA,0,6M47,PASEO DE VALENCIA,CALLE DE LA PLATA,0,NA,Y,A,-,N,NA,NA,NA,NA,NA,NA,NA,NA,NA,Y,2,0,1,2,A,-,12,21453,A,N,B,C,A,A,H,-,A,A,0,NA,NA,NA,NA,Y,NA,A,01,1,0,0,0,0,0,0,0,0,-,-,NA,NA,ORANGE,LAGUNA HILLS,-117.71269989013672,33.60992431640625
9866956,2025,2025-10-10,3015,2025-02-21,1356,1671,32,5,5,6,3015,0,0,0,NA,0,714M,MAIN ST,PALM AV,0,NA,Y,A,-,N,NA,NA,NA,NA,NA,NA,NA,NA,NA,Y,1,1,2,2,A,-,12,21453,A,N,D,C,A,A,H,-,A,A,0,NA,NA,NA,NA,Y,NA,A,01,0,2,0,0,0,0,0,0,0,-,-,33.83692932128906,-117.84102630615234,ORANGE,ORANGE,-117.84114074707033,33.83692169189453
9867001,2025,2025-11-20,3009,2025-01-07,2208,4917,2-1,2,5,6,3009,0,0,0,NA,0,112,EUCLID ST,CHAPMAN AV,0,NA,Y,A,-,N,NA,NA,NA,NA,NA,NA,NA,NA,NA,Y,1,1,0,2,A,-,12,21453,A,N,D,C,A,A,H,-,C,A,0,NA,NA,Y,NA,Y,NA,C,02,0,0,0,0,0,0,0,1,0,-,-,NA,NA,ORANGE,GARDEN GROVE,-117.94126129150392,33.788673400878906
9867078,2025,2026-01-06,3019,2025-07-22,1810,3151,WE,2,5,7,3019,0,0,0,NA,0,001,5TH ST,JACKSON ST,129,W,N,A,-,N,NA,NA,NA,NA,NA,NA,NA,NA,NA,N,1,1,0,1,A,-,08,22107,NA,N,E,J,A,A,H,-,A,D,0,NA,Y,NA,NA,Y,NA,L,04,0,0,0,0,0,1,0,0,0,-,-,33.748680114746094,-117.91586303710938,ORANGE,SANTA ANA,-117.91624450683594,33.74885559082031
9867876,2025,2025-08-15,3004,2025-07-28,1843,P683,RD16,1,5,6,3004,0,0,0,NA,0,015,BUCKNELL RD,LEHIGH PLACE,0,NA,Y,A,-,N,NA,NA,NA,NA,NA,NA,NA,NA,NA,Y,2,0,1,1,A,-,03,22350,NA,N,F,A,A,A,H,-,A,D,0,NA,NA,NA,NA,Y,NA,M,97,1,0,0,0,0,0,0,0,0,-,-,33.664588928222656,-117.91580963134766,ORANGE,COSTA MESA,-117.91590118408205,33.66451644897461
9868632,2025,2025-08-11,3000,2025-07-11,319,12942,922B4,5,5,5,3028,0,0,0,NA,0,050,OSO PKWY,FAIRFIELD INN,0,NA,Y,A,-,N,NA,NA,NA,NA,NA,NA,NA,NA,NA,Y,2,0,1,2,A,-,12,21453,NA,N,D,C,A,A,H,-,C,A,0,NA,NA,NA,NA,Y,NA,-,-,1,0,0,0,0,0,0,0,0,-,-,33.580039978027344,-117.67079925537108,ORANGE,MISSION VIEJO,-117.67073822021484,33.58001708984375
9868636,2025,2025-08-07,3000,2025-07-24,815,11797,992T1,4,5,5,3017,0,0,0,NA,0,778,VAQUERO AV,SAN GORGONIO,130,W,N,A,-,N,NA,NA,NA,NA,NA,NA,NA,NA,NA,N,3,0,1,2,A,-,21,22106,NA,N,D,G,A,A,H,-,A,D,0,NA,Y,NA,NA,Y,NA,A,07,0,1,0,0,0,0,1,0,0,-,-,NA,NA,ORANGE,SAN CLEMENTE,NA,NA
9872028,2025,2025-09-02,3012,2025-05-29,1535,697,3012,4,5,5,3012,0,0,0,NA,0,004,E IMPERIAL,LESLIE ST,50,W,N,A,-,N,NA,NA,NA,NA,NA,NA,NA,NA,NA,N,4,0,1,1,C,-,18,NA,NA,N,E,I,A,A,H,-,A,A,0,NA,NA,NA,NA,Y,NA,-,-,0,0,1,0,0,0,0,0,0,-,-,NA,NA,ORANGE,LA HABRA,-117.93992614746094,33.9173583984375
9873238,2025,2025-09-09,3004,2025-08-26,622,P752,RD01,2,5,6,3004,0,0,0,NA,0,009,PLACENTIA AV,JOANN ST,887,N,N,B,-,N,NA,NA,NA,NA,NA,NA,NA,NA,NA,Y,3,0,1,1,A,-,01,23152,A,N,E,I,A,A,H,-,A,D,0,NA,NA,NA,NA,Y,Y,A,01,0,1,0,0,0,0,0,0,0,-,-,33.65742874145508,-117.93209838867188,ORANGE,COSTA MESA,-117.93346405029295,33.65959930419922
9873364,2025,2025-09-10,3009,2025-08-11,1450,4731,135,1,5,6,3009,0,0,0,NA,0,023,HARBOR BL,FLAGSTONE AV,68,N,N,A,-,N,NA,NA,NA,NA,NA,NA,NA,NA,NA,N,4,0,1,2,D,-,00,NA,NA,N,H,G,A,A,H,-,A,D,0,NA,Y,NA,NA,Y,NA,-,-,0,0,1,0,0,0,1,0,0,-,-,NA,NA,ORANGE,GARDEN GROVE,-117.92047119140624,33.77045822143555
9876988,2025,2025-10-10,3011,2025-09-11,1758,31626,NA,4,5,4,3011,0,0,0,NA,0,NA,RT 133,BEACH ST,7,S,N,A,-,Y,ORA,12,133,-,-,0.17,I,5,S,N,3,0,2,3,A,-,10,21950,A,N,G,B,B,A,H,-,A,A,0,Y,NA,NA,NA,Y,NA,A,01,0,2,0,0,2,0,0,0,0,-,-,NA,NA,ORANGE,LAGUNA BEACH,-117.78350067138672,33.544681549072266
9879598,2025,2025-11-19,3000,2025-07-21,1236,5163,992G3,1,5,5,3017,0,0,0,NA,0,777,NORTH EL CAMINO REAL,AVENIDA PICO,217,S,N,A,-,N,NA,NA,NA,NA,NA,NA,NA,NA,NA,N,4,0,1,2,A,-,09,21801,A,N,D,C,A,A,H,-,A,D,0,NA,NA,NA,NA,Y,NA,A,01,0,0,1,0,0,0,0,0,0,-,-,NA,NA,ORANGE,SAN CLEMENTE,-117.63196563720705,33.43269348144531
9882471,2025,2025-10-22,3003,2025-09-21,1832,1206,NA,7,5,5,3003,0,0,0,NA,0,002,COMMON WEALTH AV,KINGMAN AVE,87,E,N,A,-,N,NA,NA,NA,NA,NA,NA,NA,NA,NA,N,3,0,1,2,A,-,08,22107,NA,N,D,G,A,A,H,-,B,D,0,NA,Y,NA,NA,Y,NA,A,01,0,1,0,0,0,0,1,0,0,-,-,33.52109909057617,-118.0001983642578,ORANGE,BUENA PARK,-118.00087738037108,33.86985397338867
9884201,2025,2025-10-22,3000,2025-08-30,1719,3358,952C7,6,5,4,3018,0,0,0,NA,0,731,LA ZANJA,CAMINO CAPISTRANO,20,E,N,A,-,N,NA,NA,NA,NA,NA,NA,NA,NA,NA,Y,4,0,1,2,A,-,03,22350,NA,N,C,C,A,A,H,-,A,A,0,NA,NA,Y,NA,Y,NA,A,01,0,0,1,0,0,0,0,0,1,-,-,NA,NA,ORANGE,SAN JUAN CAPISTRANO,-117.66556549072266,33.507781982421875
9884989,2025,2025-12-09,3009,2025-10-14,2040,4655,144,2,5,6,3009,0,0,0,NA,0,022,HARBOR BL,BUARO ST,141,N,N,C,-,N,NA,NA,NA,NA,NA,NA,NA,NA,NA,Y,3,0,1,1,A,-,03,22350,NA,N,E,J,A,B,H,-,C,D,0,NA,NA,NA,NA,Y,NA,A,01,0,1,0,0,0,0,0,0,0,-,-,NA,NA,ORANGE,GARDEN GROVE,-117.91866302490234,33.77537155151367
9885068,2025,2025-10-29,3006,2025-09-02,1527,329,14,2,5,3,3006,0,0,0,NA,0,002,LA PALMA AV,WESTRA LN,0,NA,Y,A,-,N,NA,NA,NA,NA,NA,NA,NA,NA,NA,Y,3,0,3,2,A,-,09,21801,A,N,D,C,A,A,-,-,A,D,0,NA,NA,NA,NA,Y,NA,A,01,0,1,2,0,0,0,0,0,0,-,-,NA,NA,ORANGE,LA PALMA,-118.0321044921875,33.84632873535156
9888807,2025,2025-11-13,3009,2025-10-31,52,5257,124,5,5,6,3009,0,0,0,NA,0,021,LAMPSON AV,EUCLID ST,11,W,N,A,-,N,NA,NA,NA,NA,NA,NA,NA,NA,NA,Y,3,0,1,2,A,-,01,23152,A,N,G,B,B,A,H,-,C,A,0,Y,NA,NA,NA,Y,Y,D,22,0,1,0,0,1,0,0,0,0,-,-,NA,NA,ORANGE,GARDEN GROVE,-117.9411849975586,33.78144836425781
9891820,2025,2025-12-17,3004,2025-11-06,829,P752,RD09,4,5,6,3004,0,0,0,NA,0,010,PLACENTIA AV,WILSON ST,284,S,N,A,-,N,NA,NA,NA,NA,NA,NA,NA,NA,NA,N,3,0,1,2,A,-,09,21801,A,N,H,G,A,A,H,-,A,D,0,NA,Y,NA,NA,Y,NA,A,07,0,1,0,0,0,0,1,0,0,-,-,33.65591049194336,-117.93215942382813,ORANGE,COSTA MESA,-117.93213653564452,33.6552734375
9892752,2025,2026-01-07,3000,2025-07-23,2250,10561,HJC,3,5,5,3028,0,0,0,NA,0,053,OSO PKWY,FELIPE RD,10,W,N,A,-,N,NA,NA,NA,NA,NA,NA,NA,NA,NA,N,4,0,1,2,A,-,03,22350,NA,M,C,C,A,A,H,-,A,A,0,NA,NA,NA,NA,Y,NA,A,07,0,0,1,0,0,0,0,0,0,-,-,33.588619232177734,-117.64579010009766,ORANGE,MISSION VIEJO,-117.64556884765624,33.58859634399414
9893847,2025,2025-12-19,3004,2025-11-24,1515,P725,RD35,1,5,6,3004,0,0,0,NA,0,002,NEWPORT BL,FAIR DR,0,NA,Y,A,-,N,NA,NA,NA,NA,NA,NA,NA,NA,NA,Y,3,0,1,2,A,-,01,23152,F,N,D,C,A,A,H,-,A,A,0,NA,NA,NA,NA,Y,Y,A,07,0,1,0,0,0,0,0,0,0,-,-,33.66339874267578,-117.89795684814452,ORANGE,COSTA MESA,-117.89802551269533,33.66354751586914