CASE_ID,ACCIDENT_YEAR,PROC_DATE,JURIS,COLLISION_DATE,COLLISION_TIME,OFFICER_ID,REPORTING_DISTRICT,DAY_OF_WEEK,CHP_SHIFT,POPULATION,CNTY_CITY_LOC,SPECIAL_COND,BEAT_TYPE,CHP_BEAT_TYPE,CITY_DIVISION_LAPD,CHP_BEAT_CLASS,BEAT_NUMBER,PRIMARY_RD,SECONDARY_RD,DISTANCE,DIRECTION,INTERSECTION,WEATHER_1,WEATHER_2,STATE_HWY_IND,CALTRANS_COUNTY,CALTRANS_DISTRICT,STATE_ROUTE,ROUTE_SUFFIX,POSTMILE_PREFIX,POSTMILE,LOCATION_TYPE,RAMP_INTERSECTION,SIDE_OF_HWY,TOW_AWAY,COLLISION_SEVERITY,NUMBER_KILLED,NUMBER_INJURED,PARTY_COUNT,PRIMARY_COLL_FACTOR,PCF_CODE_OF_VIOL,PCF_VIOL_CATEGORY,PCF_VIOLATION,PCF_VIOL_SUBSECTION,HIT_AND_RUN,TYPE_OF_COLLISION,MVIW,PED_ACTION,ROAD_SURFACE,ROAD_COND_1,ROAD_COND_2,LIGHTING,CONTROL_DEVICE,CHP_ROAD_TYPE,PEDESTRIAN_ACCIDENT,BICYCLE_ACCIDENT,MOTORCYCLE_ACCIDENT,TRUCK_ACCIDENT,NOT_PRIVATE_PROPERTY,ALCOHOL_INVOLVED,STWD_VEHTYPE_AT_FAULT,CHP_VEHTYPE_AT_FAULT,COUNT_SEVERE_INJ,COUNT_VISIBLE_INJ,COUNT_COMPLAINT_PAIN,COUNT_PED_KILLED,COUNT_PED_INJURED,COUNT_BICYCLIST_KILLED,COUNT_BICYCLIST_INJURED,COUNT_MC_KILLED,COUNT_MC_INJURED,PRIMARY_RAMP,SECONDARY_RAMP,LATITUDE,LONGITUDE,COUNTY,CITY,POINT_X,POINT_Y
6376844,2014,2014-06-19,3010,2014-02-11,2208,1155,168,2,5,6,3010,0,0,0,NA,0,007,WARNER,ST GEORGE,409,W,N,E,-,N,NA,NA,NA,NA,NA,NA,NA,NA,NA,Y,3,0,2,9,A,-,07,21658,A,F,C,C,A,A,H,-,C,D,0,NA,NA,NA,NA,Y,NA,A,01,0,1,1,0,0,0,0,0,0,-,-,NA,NA,ORANGE,HUNTINGTON BEACH,-118.01873193,33.71555
6377744,2014,2014-06-10,3010,2014-01-20,1642,1052,273,1,5,6,3010,0,0,0,NA,0,006,CAIN AV,GOTHARD,7,E,N,A,-,N,NA,NA,NA,NA,NA,NA,NA,NA,NA,N,3,0,1,2,A,-,09,21804,A,N,D,G,A,A,H,-,A,D,0,NA,Y,NA,NA,Y,NA,L,04,0,1,0,0,0,0,0,0,0,-,-,NA,NA,ORANGE,HUNTINGTON BEACH,-118.00006703,33.71471
6377773,2014,2014-06-09,3010,2014-01-24,0025,1074,178,5,5,6,3010,0,0,0,NA,0,007,WARNER AV,LARK,522,W,N,A,-,N,NA,NA,NA,NA,NA,NA,NA,NA,NA,Y,4,0,1,1,A,-,01,23152,A,M,D,I,A,A,H,-,C,D,0,NA,NA,NA,NA,Y,Y,A,07,0,0,1,0,0,0,0,0,0,-,-,NA,NA,ORANGE,HUNTINGTON BEACH,-118.0295427,33.71548935
6377777,2014,2015-12-23,3010,2014-01-28,1116,0147,424,2,5,6,3010,0,0,0,NA,0,009,RT 39,MCFADDEN,1307,S,N,A,-,Y,ORA,12,39,-,-,5.89,H,-,S,Y,3,0,2,3,A,-,03,22350,NA,N,C,C,A,A,H,-,A,D,0,NA,NA,NA,NA,Y,NA,A,01,0,1,1,0,0,0,0,0,0,-,-,NA,NA,ORANGE,HUNTINGTON BEACH,-117.9894896,33.73383724
6378329,2014,2014-06-13,3010,2014-02-01,1440,1059,427,6,5,6,3010,0,0,0,NA,0,003,GARFIELD AV,BROOKHURST ST,242,E,N,A,-,N,NA,NA,NA,NA,NA,NA,NA,NA,NA,Y,4,0,1,2,A,-,09,21804,A,N,D,C,A,A,H,-,A,D,0,NA,NA,NA,NA,Y,NA,A,01,0,0,1,0,0,0,0,0,0,-,-,NA,NA,ORANGE,HUNTINGTON BEACH,-117.95335637,33.68687297
6378472,2014,2016-02-01,9670,2014-02-14,1925,20455,NA,5,2,6,3008,0,1,3,NA,2,093,RT 91,BROOKHURST ST,775,E,N,A,-,Y,ORA,12,91,-,-,1.48,H,-,W,Y,2,0,5,3,A,-,01,23152,A,N,C,C,A,A,D,-,D,D,1,NA,NA,NA,NA,Y,Y,D,22,1,0,4,0,0,0,0,0,0,-,-,33.85416,-117.94982,ORANGE,FULLERTON,-117.95516212,33.85406631
6379172,2014,2014-06-14,3000,2014-02-07,1005,5446,951G3,5,5,5,3040,0,0,0,NA,0,6M41,LA PAZ RD,KINGS RD,490,N,N,C,-,N,NA,NA,NA,NA,NA,NA,NA,NA,NA,Y,4,0,2,1,A,-,03,22350,NA,N,E,I,A,B,H,-,A,D,0,NA,NA,NA,NA,Y,NA,A,01,0,0,2,0,0,0,0,0,0,-,-,NA,NA,ORANGE,LAGUNA NIGUEL,-117.70319973,33.5404992
6379180,2014,2014-06-14,3000,2014-02-16,1125,2849,891G5,7,5,5,3050,0,0,0,NA,0,764,MUIRLANDS BL,RIDGE ROUTE DR,137,N,N,A,-,N,NA,NA,NA,NA,NA,NA,NA,NA,NA,N,3,0,1,2,A,-,08,22100,A,N,C,G,A,A,H,-,A,D,0,NA,Y,NA,NA,Y,NA,A,01,0,1,0,0,0,0,1,0,0,-,-,NA,NA,ORANGE,LAKE FOREST,-117.70540844,33.62876821
6379559,2014,2014-06-18,3001,2014-02-10,1952,1373,NA,1,5,7,3001,0,0,0,NA,0,0D2,ANAHEIM BL,VERMONT AV,0,NA,Y,A,-,N,NA,NA,NA,NA,NA,NA,NA,NA,NA,N,4,0,2,2,A,-,09,21801,A,N,D,C,A,A,H,-,C,A,0,NA,NA,NA,NA,Y,NA,D,22,0,0,2,0,0,0,0,0,0,-,-,NA,NA,ORANGE,ANAHEIM,-117.90979001,33.82316009
6381849,2014,2014-06-17,3001,2014-02-11,1411,A1068,NA,2,5,7,3001,0,0,0,NA,0,004,WIER CANYON,SANTA ANA CANYON,86,N,N,A,-,N,NA,NA,NA,NA,NA,NA,NA,NA,NA,N,4,0,1,2,A,-,03,22350,NA,N,C,C,A,A,H,-,A,A,0,NA,NA,NA,NA,Y,NA,A,07,0,0,1,0,0,0,0,0,0,-,-,NA,NA,ORANGE,ANAHEIM,-117.74308768,33.86802029
6381969,2014,2014-06-16,3019,2014-02-07,1735,1925,SC,5,5,7,3019,0,0,0,NA,0,149,BRISTOL ST,CENTRAL AV,210,S,N,A,-,N,NA,NA,NA,NA,NA,NA,NA,NA,NA,Y,4,0,2,2,A,-,09,21801,A,N,D,C,A,A,H,-,C,A,0,NA,NA,NA,NA,Y,NA,A,08,0,0,2,0,0,0,0,0,0,-,-,NA,NA,ORANGE,SANTA ANA,-117.8854,33.71198437
6382003,2014,2014-06-18,9670,2014-02-12,1658,18516,NA,3,2,9,3000,0,3,5,NA,2,004,YORKSHIRE AV,MOSSLER ST,75,E,N,A,-,N,NA,NA,NA,NA,NA,NA,NA,NA,NA,Y,3,0,1,2,A,-,01,23152,A,M,C,E,A,A,H,-,A,D,0,NA,NA,NA,NA,Y,Y,A,01,0,1,0,0,0,0,0,0,0,-,-,33.7924,-117.9868,ORANGE,UNINCORPORATED,-117.98681373,33.79246259
6382027,2014,2016-03-15,9670,2014-02-12,0723,15587,NA,3,1,4,3020,0,1,1,NA,2,045,RT 405,RT 22,750,N,N,A,-,Y,ORA,12,405,-,-,20.92,H,-,S,Y,3,0,1,1,A,-,03,22350,NA,N,F,A,A,A,H,-,A,D,1,NA,NA,Y,NA,Y,NA,C,02,0,1,0,0,0,0,0,0,1,-,-,33.77918,-118.05094,ORANGE,SEAL BEACH,-118.04536948,33.77465434
6382804,2014,2014-06-16,3019,2014-02-12,0802,3151,SE,3,5,7,3019,0,0,0,NA,0,003,GRAND AV,NORMANDY PL,0,NA,Y,A,-,N,NA,NA,NA,NA,NA,NA,NA,NA,NA,Y,4,0,2,2,A,-,09,21801,A,N,D,C,A,A,H,-,A,D,0,NA,NA,NA,NA,Y,NA,D,22,0,0,2,0,0,0,0,0,0,-,-,NA,NA,ORANGE,SANTA ANA,-117.85028006,33.73543007
6385778,2014,2016-02-25,9690,2014-01-23,0730,018646,NA,4,1,9,3000,0,1,3,NA,2,073,RT 73,EL TORO RD,600,N,N,A,-,Y,ORA,12,73,-,-,16.609,R,2,N,Y,4,0,1,2,A,-,03,22350,NA,N,C,C,A,A,H,-,A,D,0,NA,NA,NA,NA,Y,NA,A,07,0,0,1,0,0,0,0,0,0,-,-,33.59185,-117.75438,ORANGE,UNINCORPORATED,-117.75601154,33.59168462
6387044,2014,2014-06-17,3014,2014-02-04,1317,1396,29,2,5,5,3014,0,0,0,NA,0,NA,DOVER DR,WESTCLIFF DR,0,NA,Y,A,-,N,NA,NA,NA,NA,NA,NA,NA,NA,NA,Y,2,0,2,2,A,-,09,21802,A,N,D,C,A,A,H,-,A,A,0,NA,NA,NA,NA,Y,NA,A,01,1,1,0,0,0,0,0,0,0,-,-,NA,NA,ORANGE,NEWPORT BEACH,-117.90423011,33.62519001
6387325,2014,2014-06-11,3003,2014-01-07,1844,752,NA,2,5,5,3003,0,0,0,NA,0,004,KNOTT AV,THELMA AV,56,S,N,A,-,N,NA,NA,NA,NA,NA,NA,NA,NA,NA,Y,2,0,2,2,A,-,05,21650,1,N,D,G,A,A,H,-,C,A,0,NA,Y,NA,NA,Y,NA,L,04,1,0,1,0,0,0,1,0,0,-,-,NA,NA,ORANGE,BUENA PARK,-118.01126,33.85063646
6387329,2014,2014-06-11,3003,2014-01-27,1853,726,NA,1,5,5,3003,0,0,0,NA,0,002,FULLERTON AV,ARTESIA BL,0,NA,Y,A,-,N,NA,NA,NA,NA,NA,NA,NA,NA,NA,N,4,0,1,2,A,-,10,21950,A,F,G,B,B,A,H,-,C,D,0,Y,NA,NA,NA,Y,NA,A,01,0,0,1,0,1,0,0,0,0,-,-,33.8375,-117.5998,ORANGE,BUENA PARK,-117.9997801,33.87350002
6389260,2014,2014-06-19,3019,2014-02-07,1702,1925,SC,5,5,7,3019,0,0,0,NA,0,147,BORCHARD AV,SHELTON ST,0,NA,Y,A,-,N,NA,NA,NA,NA,NA,NA,NA,NA,NA,N,4,0,1,2,A,-,11,21954,A,N,G,B,B,A,H,-,A,D,0,Y,NA,NA,NA,Y,NA,N,60,0,0,1,0,1,0,0,0,0,-,-,NA,NA,ORANGE,SANTA ANA,-117.88084014,33.72897005
6389468,2014,2016-03-07,9690,2014-02-07,1450,016610,NA,5,2,4,3018,0,1,1,NA,2,057,RT 5,RT 74,900,S,N,B,-,Y,ORA,12,5,-,-,9.43,H,-,S,Y,3,0,1,3,A,-,07,21658,A,F,E,I,A,A,H,-,A,D,1,NA,NA,NA,NA,Y,NA,A,01,0,1,0,0,0,0,0,0,0,-,-,33.50067,-117.65849,ORANGE,SAN JUAN CAPISTRANO,-117.65854869,33.49985332
6390229,2014,2016-03-09,9675,2014-02-11,1505,15208,NA,2,2,6,3004,0,1,3,NA,2,553,RT 55,RT 405 UNDERCROSSING,200,S,N,A,-,Y,ORA,12,55,-,R,5.92,H,-,N,Y,4,0,2,4,A,-,03,22350,NA,N,C,C,A,A,H,-,A,D,6,NA,NA,NA,NA,Y,NA,A,01,0,0,2,0,0,0,0,0,0,-,-,33.69582,-117.85913,ORANGE,COSTA MESA,-117.87305214,33.68653359
6390427,2014,2014-06-10,3002,2014-01-18,1548,1463,627W,6,5,4,3002,0,0,0,NA,0,014,ELM ST,LAUREL AV,290,W,N,A,-,N,NA,NA,NA,NA,NA,NA,NA,NA,NA,N,4,0,1,3,A,-,11,21954,A,N,G,B,E,A,H,-,A,D,0,Y,NA,NA,NA,Y,NA,N,60,0,0,1,0,1,0,0,0,0,-,-,NA,NA,ORANGE,BREA,-117.89668963,33.91104612
6390822,2014,2016-02-25,9675,2014-02-25,1015,016356,NA,2,1,7,3001,0,1,3,NA,2,571,RT 57,RT 91,100,S,N,A,-,Y,ORA,12,57,-,-,15.56,H,-,N,Y,4,0,1,3,A,-,03,22350,NA,N,C,C,A,A,H,-,A,D,6,NA,NA,NA,NA,Y,NA,D,22,0,0,1,0,0,0,0,0,0,-,-,33.8487,-117.87563,ORANGE,ANAHEIM,-117.87581011,33.84921285
6390907,2014,2014-06-24,3001,2014-02-28,0157,415,NA,5,5,7,3001,0,0,0,NA,0,0D3,KATELLA AV,HARBOR BL,528,E,N,B,C,N,NA,NA,NA,NA,NA,NA,NA,NA,NA,Y,4,0,1,1,A,-,01,23152,A,N,E,I,A,B,H,-,C,D,0,NA,NA,NA,NA,Y,Y,D,22,0,0,1,0,0,0,0,0,0,-,-,NA,NA,ORANGE,ANAHEIM,-117.91367605,33.80341935
6392193,2014,2016-05-10,9675,2014-01-22,0625,013308,NA,3,1,7,3001,0,1,3,NA,2,095,RT 91,COAL CANYON,428,W,N,A,-,Y,ORA,12,91,-,R,17.87,H,-,E,Y,4,0,2,2,A,-,08,22107,NA,N,C,C,A,A,H,-,B,D,1,NA,NA,NA,Y,Y,NA,A,01,0,0,2,0,0,0,0,0,0,-,-,33.87217,-117.68854,ORANGE,ANAHEIM,-117.68850018,33.87237875
6393453,2014,2014-06-19,3007,2014-02-14,1513,289,53,5,5,5,3007,0,0,0,NA,0,003,BUSHARD ST,EL PUEBLO AV,0,NA,Y,A,-,N,NA,NA,NA,NA,NA,NA,NA,NA,NA,N,3,0,2,2,A,-,09,21801,A,N,D,C,A,A,H,-,A,D,0,NA,NA,NA,NA,Y,NA,A,01,0,1,1,0,0,0,0,0,0,-,-,NA,NA,ORANGE,FOUNTAIN VALLEY,-117.96324003,33.70663009
6393647,2014,2014-06-18,3008,2014-02-14,0142,1478,NA,5,5,6,3008,0,0,0,NA,0,0Z3,CHAPMAN AV,PLACENTIA AV,18,W,N,A,-,N,NA,NA,NA,NA,NA,NA,NA,NA,NA,Y,4,0,1,1,A,-,01,23152,A,N,E,I,A,A,H,-,C,A,0,NA,NA,NA,NA,Y,Y,A,01,0,0,1,0,0,0,0,0,0,-,-,NA,NA,ORANGE,FULLERTON,-117.87906864,33.87388348
6395575,2014,2014-11-04,3019,2014-03-03,1610,3151,WE,1,5,7,3019,0,0,0,NA,0,001,BRISTOL ST,17TH ST,14,S,N,A,-,N,NA,NA,NA,NA,NA,NA,NA,NA,NA,N,3,0,1,3,A,-,11,21456,B,F,G,B,B,A,H,-,A,A,0,Y,NA,NA,NA,Y,NA,N,60,0,1,0,0,1,0,0,0,0,-,-,NA,NA,ORANGE,SANTA ANA,-117.88505826,33.76009619
6398172,2014,2016-01-20,9690,2014-02-04,1600,14765,NA,2,2,5,3028,0,1,1,NA,2,056,RT 5,LA PAZ RD,2640,S,N,A,-,Y,ORA,12,5,-,-,16.03,H,-,N,N,4,0,1,2,A,-,03,22350,NA,N,C,C,A,A,H,-,A,D,1,NA,NA,NA,NA,Y,NA,A,01,0,0,1,0,0,0,0,0,0,-,-,33.35264,-117.40188,ORANGE,MISSION VIEJO,-117.67170609,33.5921842
6398972,2014,2016-03-09,9675,2014-02-08,2245,020668,NA,6,3,7,3019,0,1,3,NA,2,551,RT 55,EDINGER AV,2400,S,N,A,-,Y,ORA,12,55,-,R,8.99,H,-,N,Y,3,0,1,2,A,-,01,23152,A,N,B,C,A,A,H,-,C,D,6,NA,NA,NA,NA,Y,Y,A,07,0,1,0,0,0,0,0,0,0,-,-,33.75401,-117.83363,ORANGE,SANTA ANA,-117.83944634,33.72100716
6400339,2014,2016-02-12,9675,2014-02-16,1114,019431,NA,7,1,7,3019,0,1,1,NA,2,503,RT 5,1ST ST,600,S,N,A,-,Y,ORA,12,5,-,-,30.185,R,2,N,Y,4,0,1,2,A,-,03,22350,NA,N,C,C,A,A,H,-,A,D,1,NA,NA,Y,NA,Y,NA,C,02,0,0,1,0,0,0,0,0,1,-,-,33.74281,-117.83338,ORANGE,SANTA ANA,-117.83255007,33.74032588
6400362,2014,2016-02-16,9675,2014-02-26,1525,19171,NA,3,2,6,3026,0,1,1,NA,2,503,RT 5,JEFFREY RD,528,N,N,A,-,Y,ORA,12,5,-,R,25.09,H,-,N,Y,4,0,1,2,A,-,03,22350,NA,N,C,C,A,A,H,-,A,D,1,NA,NA,NA,NA,Y,NA,A,01,0,0,1,0,0,0,0,0,0,-,-,33.69058,-117.76861,ORANGE,IRVINE,-117.76904686,33.69134466
6400382,2014,2016-02-16,9675,2014-02-20,1710,20650,NA,4,2,6,3026,0,1,1,NA,2,530,RT 5,YALE AV,300,N,N,A,-,Y,ORA,12,5,-,R,25.89,H,-,N,Y,3,0,1,2,A,-,08,22107,NA,N,B,C,A,A,H,-,A,D,1,NA,NA,Y,NA,Y,NA,A,01,0,1,0,0,0,0,0,0,1,-,-,33.70184,-117.77614,ORANGE,IRVINE,-117.77571092,33.70142771
6400452,2014,2016-03-04,9670,2014-03-03,1710,19690,NA,1,2,4,3020,0,1,3,NA,2,091,RT 605,RT 22,1056,N,N,A,-,Y,ORA,12,605,-,-,3.091,R,1,S,Y,3,0,1,2,A,-,03,22350,NA,N,C,C,A,A,H,-,A,D,0,NA,NA,NA,NA,Y,NA,A,01,0,1,0,0,0,0,0,0,0,-,-,33.77503,-118.09186,ORANGE,SEAL BEACH,-118.09148394,33.77862349
6401436,2014,2016-05-11,9675,2014-01-07,0635,015011,NA,2,1,6,3026,0,1,3,NA,2,261,RT 261,PORTOLA PKWY,1310,N,N,B,-,Y,ORA,12,261,-,-,3.1,H,-,S,Y,3,0,1,1,A,-,08,22107,NA,N,F,A,A,A,H,-,A,D,1,NA,NA,NA,NA,Y,NA,A,07,0,1,0,0,0,0,0,0,0,-,-,33.7462,-117.76544,ORANGE,IRVINE,-117.76578818,33.74454598
6401586,2014,2014-06-06,3001,2014-01-21,1805,1404,NA,2,5,7,3001,0,0,0,NA,0,0D1,W LINCOLN AV,WESTERN AV,6,W,N,A,-,N,NA,NA,NA,NA,NA,NA,NA,NA,NA,N,4,0,1,2,A,-,10,21952,NA,N,G,B,F,A,H,-,C,D,0,Y,NA,NA,NA,Y,NA,A,01,0,0,1,0,1,0,0,0,0,-,-,NA,NA,ORANGE,ANAHEIM,-118.00228971,33.83203
6401613,2014,2015-10-06,3004,2014-01-31,1601,543,19,5,5,6,3004,0,0,0,NA,0,004,HARBOR,GISLER,15,N,N,B,-,N,NA,NA,NA,NA,NA,NA,NA,NA,NA,Y,4,0,1,2,A,-,12,21453,A,N,D,C,A,A,H,-,A,A,0,NA,NA,NA,NA,Y,NA,A,01,0,0,1,0,0,0,0,0,0,-,-,33.68688,-117.91957,ORANGE,COSTA MESA,-117.91946118,33.68702111
6402084,2014,2015-11-19,3000,2014-01-31,1530,5455,893A4,5,5,4,3048,0,0,0,NA,0,767,ANTONIO PKWY,241 TOLL RD,60,S,N,A,-,Y,ORA,12,241,-,-,17.259,R,4,N,Y,4,0,3,5,A,-,08,22107,NA,N,C,C,A,A,H,-,A,A,0,NA,NA,NA,Y,Y,NA,F,26,0,0,3,0,0,0,0,0,0,-,SO,NA,NA,ORANGE,RANCHO SANTA MARGARITA,-117.60024361,33.62602703
6402120,2014,2014-06-26,3019,2014-03-03,1825,2387,SE,1,5,7,3019,0,0,0,NA,0,003,FLOWER ST,BORCHARD ST,180,N,N,A,-,N,NA,NA,NA,NA,NA,NA,NA,NA,NA,N,4,0,1,4,A,-,03,22350,NA,N,C,C,A,A,H,-,C,A,0,NA,NA,NA,NA,Y,NA,A,01,0,0,1,0,0,0,0,0,0,-,-,NA,NA,ORANGE,SANTA ANA,-117.87652686,33.72942346
6402991,2014,2014-07-01,3001,2014-03-10,1609,A1252,NA,1,5,7,3001,0,0,0,NA,0,0D1,BROOKHURST ST,HUNTINGTON AV,110,S,N,A,-,N,NA,NA,NA,NA,NA,NA,NA,NA,NA,Y,4,0,1,3,A,-,03,22350,NA,N,C,C,A,A,H,-,A,D,0,NA,NA,NA,NA,Y,NA,A,01,0,0,1,0,0,0,0,0,0,-,-,NA,NA,ORANGE,ANAHEIM,-117.95921,33.85131842
6403695,2014,2014-06-23,3012,2014-02-21,1626,593,36,5,5,5,3012,0,0,0,NA,0,003,IDAHO ST,LAS LOMAS DR,0,NA,Y,A,-,N,NA,NA,NA,NA,NA,NA,NA,NA,NA,N,3,0,1,2,A,-,10,21950,A,N,G,B,B,A,H,-,A,A,0,Y,NA,NA,NA,Y,NA,A,01,0,1,0,0,1,0,0,0,0,-,-,NA,NA,ORANGE,LA HABRA,-117.95919004,33.92150004
6404646,2014,2016-03-08,9670,2014-03-03,0905,11491,NA,1,1,6,3009,0,1,3,NA,2,021,RT 22,VALLEY VIEW ST,45,W,N,A,-,Y,ORA,12,22,-,R,0.91,H,-,W,Y,2,0,1,2,A,-,03,22350,NA,N,C,C,A,A,D,-,A,A,1,NA,NA,Y,NA,Y,NA,C,02,1,0,0,0,0,0,0,0,1,-,-,32.77487,-118.03849,ORANGE,GARDEN GROVE,-118.03787822,33.77458892
6404709,2014,2016-03-09,9670,2014-02-27,0238,020240,NA,4,3,7,3001,0,1,3,NA,2,094,RT 91,RAYMOND AV,907,W,N,C,-,Y,ORA,12,91,-,-,4.09,H,-,E,N,4,0,1,1,A,-,03,22350,NA,N,H,A,A,B,H,-,D,D,1,NA,NA,NA,Y,Y,NA,G,25,0,0,1,0,0,0,0,0,0,-,-,33.85371,-117.91044,ORANGE,ANAHEIM,-117.90965585,33.85368829
6405018,2014,2016-01-08,9670,2014-03-14,1610,13123,NA,5,2,5,3003,0,1,3,NA,2,091,RT 91,HOLDER PEDESTRIAN,50,E,N,A,-,Y,ORA,12,91,-,R,1.33,H,-,W,Y,4,0,1,3,A,-,03,22350,NA,N,C,C,A,A,H,-,A,D,1,NA,NA,NA,NA,Y,NA,A,07,0,0,1,0,0,0,0,0,0,-,-,33.8559,-118.0197,ORANGE,BUENA PARK,-118.02033113,33.85603214
6405802,2014,2014-06-05,3001,2014-01-27,0948,1007,NA,1,5,7,3001,0,0,0,NA,0,0D2,W LINCOLN AV,N LEMON ST,7,E,N,A,-,N,NA,NA,NA,NA,NA,NA,NA,NA,NA,N,3,0,1,2,A,-,09,21801,A,N,D,G,A,A,H,-,A,A,0,NA,Y,NA,NA,Y,NA,A,01,0,1,0,0,0,0,1,0,0,-,-,NA,NA,ORANGE,ANAHEIM,-117.9161286,33.83608702
6407162,2014,2014-07-03,3015,2014-02-05,1419,1514,NA,3,5,6,3015,0,0,0,NA,0,003,NORTH TUSTIN AV,WALNUT AV,472,S,N,A,-,N,NA,NA,NA,NA,NA,NA,NA,NA,NA,Y,4,0,1,2,A,-,09,21804,A,N,D,C,A,A,H,-,A,D,0,NA,NA,NA,NA,Y,NA,A,01,0,0,1,0,0,0,0,0,0,-,-,NA,NA,ORANGE,ORANGE,-117.83570517,33.79374616
6410509,2014,2014-06-11,3022,2014-01-16,1709,1226,NA,4,5,5,3022,0,0,0,NA,0,NA,MAIN ST,CENTENNIAL WY,312,W,N,A,-,N,NA,NA,NA,NA,NA,NA,NA,NA,NA,N,4,0,2,2,A,-,09,21801,A,N,A,C,A,A,H,-,C,D,0,NA,NA,NA,NA,Y,NA,A,01,0,0,2,0,0,0,0,0,0,-,-,33.7421,-117.8199,ORANGE,TUSTIN,-117.81985377,33.7421
6410517,2014,2014-06-11,3022,2014-01-24,1806,1154,NA,5,5,5,3022,0,0,0,NA,0,NA,TUSTIN RANCH RD,GREENWAY DR,0,NA,Y,B,-,N,NA,NA,NA,NA,NA,NA,NA,NA,NA,Y,3,0,2,2,A,-,12,21453,A,N,A,C,A,A,H,-,C,A,0,NA,NA,NA,NA,Y,NA,A,01,0,1,1,0,0,0,0,0,0,-,-,33.4425,-117.4728,ORANGE,TUSTIN,-117.79150009,33.74033004
6411110,2014,2014-06-25,3001,2014-02-27,1421,0705,NA,4,5,7,3001,0,0,0,NA,0,0D2,STATE COLLEGE BL,VIA BURTON ST,134,S,N,A,-,N,NA,NA,NA,NA,NA,NA,NA,NA,NA,Y,3,0,1,2,A,-,03,22350,NA,N,C,C,A,A,H,-,A,A,0,NA,NA,NA,NA,Y,NA,A,01,0,1,0,0,0,0,0,0,0,-,-,NA,NA,ORANGE,ANAHEIM,-117.88942829,33.85597985
6413505,2014,2016-03-09,9670,2014-03-01,2001,019748,NA,6,2,7,3001,0,1,1,NA,2,503,RT 5,BROOKHURST ST,3168,S,N,B,C,Y,ORA,12,5,-,-,40.11,H,-,S,Y,4,0,1,4,A,-,03,22350,NA,F,C,C,A,B,H,-,C,D,6,NA,NA,NA,NA,Y,NA,A,01,0,0,1,0,0,0,0,0,0,-,-,33.84025,-117.95031,ORANGE,ANAHEIM,-117.95040855,33.84032185
6413819,2014,2014-06-24,3015,2014-01-17,1905,0666,74S,5,5,6,3015,0,0,0,NA,0,491,CHAPMAN AV,N CANNON ST,0,NA,Y,A,-,N,NA,NA,NA,NA,NA,NA,NA,NA,NA,Y,4,0,1,2,A,-,12,21453,A,N,D,C,A,A,H,-,C,A,0,NA,NA,NA,NA,Y,NA,-,-,0,0,1,0,0,0,0,0,0,-,-,NA,NA,ORANGE,ORANGE,-117.79582011,33.78771009
6414461,2014,2014-06-26,3019,2014-03-07,0631,2630,WE,5,5,7,3019,0,0,0,NA,0,001,JACKSON ST,PINE ST,0,NA,Y,A,-,N,NA,NA,NA,NA,NA,NA,NA,NA,NA,Y,4,0,2,2,A,-,09,21802,A,N,D,C,A,A,H,-,A,A,0,NA,NA,NA,NA,Y,NA,D,22,0,0,2,0,0,0,0,0,0,-,-,NA,NA,ORANGE,SANTA ANA,-117.91575,33.74298003
6415387,2014,2014-07-08,3000,2014-02-27,1420,5489,921F6,4,5,4,3049,0,0,0,NA,0,782,PACIFIC PARK,ALICIA,116,E,N,A,-,N,NA,NA,NA,NA,NA,NA,NA,NA,NA,N,4,0,1,2,A,-,03,22350,NA,N,C,C,A,A,H,-,A,A,0,NA,NA,NA,NA,Y,NA,D,22,0,0,1,0,0,0,0,0,0,-,-,NA,NA,ORANGE,ALISO VIEJO,-117.71411638,33.57113566
6416762,2014,2014-06-30,3010,2014-03-04,1613,1155,466,2,5,6,3010,0,0,0,NA,0,002,BROOKHURST,VILLA PACIFIC,0,NA,Y,A,-,N,NA,NA,NA,NA,NA,NA,NA,NA,NA,Y,4,0,1,2,A,-,09,21804,A,N,D,C,A,A,H,-,A,A,0,NA,NA,Y,NA,Y,NA,A,01,0,0,1,0,0,0,0,0,1,-,-,NA,NA,ORANGE,HUNTINGTON BEACH,-117.95369012,33.65249003
6416846,2014,2014-06-27,3010,2014-03-17,1615,1234,413,1,5,6,3010,0,0,0,NA,0,005,NEWLAND ST,KINGSPORT DR,0,NA,Y,A,-,N,NA,NA,NA,NA,NA,NA,NA,NA,NA,Y,4,0,2,2,A,-,09,21801,A,N,D,C,A,A,H,-,A,A,0,NA,NA,NA,NA,Y,NA,A,01,0,0,2,0,0,0,0,0,0,-,-,NA,NA,ORANGE,HUNTINGTON BEACH,-117.98013007,33.68777005
6416907,2014,2016-03-07,9690,2014-03-08,1258,16610,NA,6,1,4,3018,0,1,1,NA,2,057,RT 5,RT 74,800,S,N,A,-,Y,ORA,12,5,-,-,9.45,H,-,S,N,4,0,2,3,A,-,03,22350,NA,N,C,C,A,A,H,-,A,D,1,NA,NA,NA,NA,Y,NA,A,01,0,0,2,0,0,0,0,0,0,-,-,33.49927,-117.65861,ORANGE,SAN JUAN CAPISTRANO,-117.65853397,33.50014595
6417234,2014,2014-06-24,3000,2014-03-14,1032,5377,971J1,5,5,5,3040,0,0,0,NA,0,141,GOLDEN LANTERN,BEAR BRAND RD,0,NA,Y,A,-,N,NA,NA,NA,NA,NA,NA,NA,NA,NA,Y,4,0,2,2,A,-,12,21453,A,N,D,C,A,A,H,-,A,A,0,NA,NA,NA,NA,Y,NA,A,01,0,0,2,0,0,0,0,0,0,-,-,NA,NA,ORANGE,LAGUNA NIGUEL,-117.69298007,33.5003201
6417374,2014,2014-06-24,3010,2014-03-09,1237,2061,9,7,5,6,3010,0,0,0,NA,0,146,BOLSA CHICA,ROBINWOOD,77,S,N,A,-,N,NA,NA,NA,NA,NA,NA,NA,NA,NA,Y,4,0,1,2,A,-,04,21703,NA,N,C,C,A,A,H,-,A,D,0,NA,NA,NA,NA,Y,NA,A,01,0,0,1,0,0,0,0,0,0,-,-,NA,NA,ORANGE,HUNTINGTON BEACH,-118.04150172,33.73178888