CASE_ID,ACCIDENT_YEAR,PROC_DATE,JURIS,COLLISION_DATE,COLLISION_TIME,OFFICER_ID,REPORTING_DISTRICT,DAY_OF_WEEK,CHP_SHIFT,POPULATION,CNTY_CITY_LOC,SPECIAL_COND,BEAT_TYPE,CHP_BEAT_TYPE,CITY_DIVISION_LAPD,CHP_BEAT_CLASS,BEAT_NUMBER,PRIMARY_RD,SECONDARY_RD,DISTANCE,DIRECTION,INTERSECTION,WEATHER_1,WEATHER_2,STATE_HWY_IND,CALTRANS_COUNTY,CALTRANS_DISTRICT,STATE_ROUTE,ROUTE_SUFFIX,POSTMILE_PREFIX,POSTMILE,LOCATION_TYPE,RAMP_INTERSECTION,SIDE_OF_HWY,TOW_AWAY,COLLISION_SEVERITY,NUMBER_KILLED,NUMBER_INJURED,PARTY_COUNT,PRIMARY_COLL_FACTOR,PCF_CODE_OF_VIOL,PCF_VIOL_CATEGORY,PCF_VIOLATION,PCF_VIOL_SUBSECTION,HIT_AND_RUN,TYPE_OF_COLLISION,MVIW,PED_ACTION,ROAD_SURFACE,ROAD_COND_1,ROAD_COND_2,LIGHTING,CONTROL_DEVICE,CHP_ROAD_TYPE,PEDESTRIAN_ACCIDENT,BICYCLE_ACCIDENT,MOTORCYCLE_ACCIDENT,TRUCK_ACCIDENT,NOT_PRIVATE_PROPERTY,ALCOHOL_INVOLVED,STWD_VEHTYPE_AT_FAULT,CHP_VEHTYPE_AT_FAULT,COUNT_SEVERE_INJ,COUNT_VISIBLE_INJ,COUNT_COMPLAINT_PAIN,COUNT_PED_KILLED,COUNT_PED_INJURED,COUNT_BICYCLIST_KILLED,COUNT_BICYCLIST_INJURED,COUNT_MC_KILLED,COUNT_MC_INJURED,PRIMARY_RAMP,SECONDARY_RAMP,LATITUDE,LONGITUDE,COUNTY,CITY,POINT_X,POINT_Y
6500551,2014,2014-07-29,3008,2014-05-16,0237,1479,NA,5,5,6,3008,0,0,0,NA,0,ZONE 1,MAGNOLIA AV,WEST AV,0,NA,Y,A,-,N,NA,NA,NA,NA,NA,NA,NA,NA,NA,Y,3,0,1,1,A,-,01,23152,NA,N,H,A,A,A,H,-,C,D,0,NA,NA,Y,NA,Y,Y,C,02,0,1,0,0,0,0,0,0,1,-,-,NA,NA,ORANGE,FULLERTON,-117.97633004,33.86561003
6501043,2014,2014-07-25,3001,2014-05-15,1320,0368,NA,4,5,7,3001,0,0,0,NA,0,004,EAST MIRA LOMA AV,N MILLER ST,148,W,N,A,-,N,NA,NA,NA,NA,NA,NA,NA,NA,NA,N,4,0,2,2,A,-,09,21801,A,N,D,C,A,A,H,-,A,D,0,NA,NA,NA,NA,Y,NA,A,07,0,0,2,0,0,0,0,0,0,-,-,NA,NA,ORANGE,ANAHEIM,-117.84990384,33.86057806
6501382,2014,2016-04-09,9675,2014-05-05,0656,019431,NA,1,1,7,3001,0,1,1,NA,2,502,RT 5,LA VETA AV,950,N,N,A,-,Y,ORA,12,5,-,-,34.5,H,-,S,Y,3,0,3,3,A,-,08,22107,NA,N,B,C,A,A,H,-,A,D,1,NA,NA,NA,NA,Y,NA,A,07,0,2,1,0,0,0,0,0,0,-,-,33.78307,-117.88192,ORANGE,ANAHEIM,-117.8823654,33.78355313
6501657,2014,2016-02-09,9675,2014-05-08,1640,020738,NA,4,2,7,3001,0,1,3,NA,2,572,RT 57,KATELLA AV,50,N,N,A,-,Y,ORA,12,57,-,-,12.767,R,3,N,Y,2,0,1,1,A,-,01,23152,A,N,H,I,A,A,D,-,A,D,6,NA,NA,Y,NA,Y,Y,C,02,1,0,0,0,0,0,0,0,1,FR,-,33.80672,-117.87962,ORANGE,ANAHEIM,-117.87930608,33.8090757
6503126,2014,2014-07-15,3019,2014-04-25,1737,3082,SC,5,5,7,3019,0,0,0,NA,0,004,ELDER,CENTER,300,W,N,B,-,N,NA,NA,NA,NA,NA,NA,NA,NA,NA,N,3,0,1,2,A,-,11,21954,A,N,G,B,D,A,H,-,A,D,0,Y,NA,NA,NA,Y,NA,N,60,0,1,0,0,1,0,0,0,0,-,-,NA,NA,ORANGE,SANTA ANA,-117.89913434,33.72961001
6503170,2014,2014-07-15,3000,2014-04-23,1255,5377,951F3,3,5,5,3040,0,0,0,NA,0,740,BOBOLINK DR,PETREL,22,N,N,A,-,N,NA,NA,NA,NA,NA,NA,NA,NA,NA,N,3,0,1,2,A,-,10,21963,NA,F,G,B,F,A,H,-,A,D,0,Y,NA,NA,NA,Y,NA,-,99,0,1,0,0,1,0,0,0,0,-,-,NA,NA,ORANGE,LAGUNA NIGUEL,-117.71258073,33.53694775
6505371,2014,2014-07-28,3010,2014-05-19,0832,1243,293,1,5,6,3010,0,0,0,NA,0,005,NEWLAND,ELLIS,45,N,N,B,-,N,NA,NA,NA,NA,NA,NA,NA,NA,NA,Y,4,0,2,3,A,-,01,23152,E,N,C,C,A,A,H,-,A,A,0,NA,NA,NA,NA,Y,NA,A,01,0,0,2,0,0,0,0,0,0,-,-,NA,NA,ORANGE,HUNTINGTON BEACH,-117.98022086,33.69409338
6505528,2014,2014-07-30,3001,2014-05-16,1600,A1555,2126,5,5,7,3001,0,0,0,NA,0,033,KATELLA AV,MANCHESTER AV,93,W,N,A,-,N,NA,NA,NA,NA,NA,NA,NA,NA,NA,Y,3,0,2,3,A,-,03,22350,NA,N,C,C,A,A,H,-,A,A,0,NA,NA,NA,NA,Y,NA,A,01,0,1,1,0,0,0,0,0,0,-,-,NA,NA,ORANGE,ANAHEIM,-117.90449533,33.80326566
6507298,2014,2014-08-15,3024,2014-06-10,0459,156,NA,2,5,5,3024,0,0,0,NA,0,NA,VALLECITO DR,HAMMON PL,120,W,N,A,-,N,NA,NA,NA,NA,NA,NA,NA,NA,NA,Y,4,0,1,2,A,-,08,22107,NA,N,C,E,A,A,H,-,B,D,0,NA,NA,NA,NA,Y,NA,A,07,0,0,1,0,0,0,0,0,0,-,-,NA,NA,ORANGE,WESTMINSTER,-118.02944223,33.76423955
6507612,2014,2016-04-04,3010,2014-05-10,2329,1176,162,6,5,6,3010,0,0,0,NA,0,008,RT 1,ANDERSON,51,S,N,A,-,Y,ORA,12,1,-,-,31.1,H,-,S,Y,4,0,1,2,A,-,03,22350,NA,N,C,C,A,A,H,-,C,B,0,NA,NA,NA,NA,Y,NA,A,01,0,0,1,0,0,0,0,0,0,-,-,NA,NA,ORANGE,HUNTINGTON BEACH,-118.07770826,33.72441887
6508769,2014,2016-03-30,9670,2014-05-29,0929,16209,NA,4,1,5,3003,0,1,3,NA,2,092,RT 91,KNOTT AV,1056,W,N,A,-,Y,ORA,12,91,-,R,1.64,H,-,E,Y,4,0,1,4,A,-,03,22350,NA,N,C,C,A,A,H,-,A,D,1,NA,NA,NA,NA,Y,NA,A,01,0,0,1,0,0,0,0,0,0,-,-,33.85605,-118.01765,ORANGE,BUENA PARK,-118.01496364,33.85587005
6508785,2014,2016-04-09,9670,2014-05-11,0520,11491,NA,7,3,5,3003,0,1,1,NA,2,500,RT 5,ARTESIA BL,295,W,N,A,-,Y,ORA,12,5,-,-,43.976,R,2,N,Y,2,0,2,1,A,-,01,23152,F,N,E,I,A,A,H,-,B,A,1,NA,NA,NA,NA,Y,Y,A,01,1,1,0,0,0,0,0,0,0,TO,-,33.87167,-118.00743,ORANGE,BUENA PARK,-118.0058865,33.87074578
6508828,2014,2014-07-31,3007,2014-05-09,1320,275,65,5,5,5,3007,0,0,0,NA,0,003,ELLIS,MONTECITO,0,NA,Y,A,-,N,NA,NA,NA,NA,NA,NA,NA,NA,NA,Y,4,0,3,2,A,-,09,21801,A,N,D,C,A,A,H,-,A,A,0,NA,NA,NA,NA,Y,NA,A,01,0,0,3,0,0,0,0,0,0,-,-,NA,NA,ORANGE,FOUNTAIN VALLEY,-117.94860011,33.69418005
6508917,2014,2014-08-01,3022,2014-05-29,0747,728,NA,4,5,5,3022,0,0,0,NA,0,NA,SYCAMORE AV,NEWPORT AV,193,E,N,A,-,N,NA,NA,NA,NA,NA,NA,NA,NA,NA,N,3,0,1,2,-,-,-,NA,NA,N,A,B,D,A,H,-,A,D,0,Y,NA,NA,NA,Y,NA,-,-,0,1,0,0,1,0,0,0,0,-,-,33.72945,-117.82983,ORANGE,TUSTIN,-117.82991588,33.72947898
6508920,2014,2014-08-05,3015,2014-05-14,0730,919,24,3,5,6,3015,0,0,0,NA,0,712,EAST CHAPMAN AV,MCPHERSON ST,145,E,N,A,-,N,NA,NA,NA,NA,NA,NA,NA,NA,NA,N,4,0,2,2,A,-,09,21804,A,N,A,C,A,A,H,-,A,D,0,NA,NA,NA,NA,Y,NA,A,07,0,0,2,0,0,0,0,0,0,-,-,NA,NA,ORANGE,ORANGE,-117.82192395,33.7878
6508924,2014,2014-08-05,3015,2014-05-16,1719,1240,23 W,5,5,6,3015,0,0,0,NA,0,723 M,EAST CHAPMAN AV,N GRAND ST,164,E,N,A,-,N,NA,NA,NA,NA,NA,NA,NA,NA,NA,Y,3,0,1,2,A,-,09,21804,A,N,D,G,A,A,H,-,A,A,0,NA,Y,NA,NA,Y,NA,L,04,0,1,0,0,0,0,1,0,0,-,-,NA,NA,ORANGE,ORANGE,-117.85040161,33.78786747
6510961,2014,2014-08-06,3000,2014-05-24,0217,1210,921E2,6,5,4,3049,0,0,0,NA,0,382,DA VINCI,VIA BACCHUS,86,E,N,A,-,N,NA,NA,NA,NA,NA,NA,NA,NA,NA,Y,3,0,1,2,A,-,01,23152,A,N,B,E,A,A,H,-,C,D,0,NA,NA,NA,NA,Y,Y,A,01,0,1,0,0,0,0,0,0,0,-,-,NA,NA,ORANGE,ALISO VIEJO,-117.72088838,33.59853458
6511958,2014,2014-08-11,3009,2014-06-02,0746,4062,91,1,5,6,3009,0,0,0,NA,0,012,GILBERT ST,KATELLA AV,0,NA,Y,A,-,N,NA,NA,NA,NA,NA,NA,NA,NA,NA,N,4,0,1,2,A,-,11,21456,A,N,A,G,A,A,H,-,A,A,0,NA,Y,NA,NA,Y,NA,A,01,0,0,1,0,0,0,1,0,0,-,-,NA,NA,ORANGE,GARDEN GROVE,-117.96756012,33.80308009
6512458,2014,2014-07-30,3001,2014-05-30,2139,2079,NA,5,5,7,3001,0,0,0,NA,0,0D3,CLIFTON AV,E CLAUDINA ST,127,E,N,A,-,N,NA,NA,NA,NA,NA,NA,NA,NA,NA,N,4,0,1,2,A,-,03,22350,NA,N,C,C,A,A,H,-,C,D,0,NA,NA,NA,NA,Y,NA,A,01,0,0,1,0,0,0,0,0,0,-,-,NA,NA,ORANGE,ANAHEIM,-117.90713871,33.8200951
6512459,2014,2014-07-30,3001,2014-05-30,1752,1877,D3,5,5,7,3001,0,0,0,NA,0,NA,SOUTH EUCLID ST,W CRIS AV,38,S,N,A,-,N,NA,NA,NA,NA,NA,NA,NA,NA,NA,N,3,0,2,3,A,-,03,22350,NA,N,C,C,A,A,H,-,A,D,0,NA,NA,NA,NA,Y,NA,A,01,0,1,1,0,0,0,0,0,0,-,-,NA,NA,ORANGE,ANAHEIM,-117.94145826,33.80889583
6514107,2014,2016-04-09,9670,2014-06-17,1822,018212,NA,2,2,5,3003,0,1,3,NA,2,091,RT 91,KNOTT AV,528,W,N,A,-,Y,ORA,12,91,-,R,1.74,H,-,W,Y,4,0,1,2,A,-,03,22350,NA,N,C,C,A,A,H,-,A,D,1,NA,NA,NA,NA,Y,NA,A,01,0,0,1,0,0,0,0,0,0,-,-,33.85624,-118.00876,ORANGE,BUENA PARK,-118.01322832,33.85607308
6514551,2014,2015-12-04,3008,2014-06-02,1911,1342,NA,1,5,6,3008,0,0,0,NA,0,NA,GILBERT ST,PIONEER AV,0,NA,Y,A,-,N,NA,NA,NA,NA,NA,NA,NA,NA,NA,Y,3,0,1,2,A,-,-,NA,NA,N,C,C,A,A,H,-,A,A,0,NA,NA,NA,Y,Y,NA,A,01,0,1,0,0,0,0,0,0,0,-,-,NA,NA,ORANGE,FULLERTON,-117.96614002,33.88819003
6514724,2014,2014-08-11,3024,2014-06-14,1340,303,P05,6,5,5,3024,0,0,0,NA,0,WEST,GOLDENWEST ST,NATAL DR,25,N,N,A,-,N,NA,NA,NA,NA,NA,NA,NA,NA,NA,N,4,0,1,2,A,-,09,21804,A,M,B,G,A,A,H,-,A,D,0,NA,Y,NA,NA,Y,NA,L,04,0,0,1,0,0,0,1,0,0,-,-,NA,NA,ORANGE,WESTMINSTER,-118.00735202,33.77188853
6514763,2014,2016-04-09,3024,2014-06-12,1702,184,P18,4,5,5,3024,0,0,0,NA,0,WEST,RT 39,14TH ST,0,NA,Y,A,-,Y,ORA,12,39,-,-,7.441,I,5,S,Y,3,0,1,2,A,-,09,21801,A,N,D,C,A,A,H,-,A,A,0,NA,NA,NA,NA,Y,NA,A,08,0,1,0,0,0,0,0,0,0,-,-,NA,NA,ORANGE,WESTMINSTER,-117.98975383,33.75643004
6516003,2014,2014-08-20,3019,2014-06-27,1745,1925,NE,5,5,7,3019,0,0,0,NA,0,105,BROADWAY,2ND ST,0,NA,Y,A,-,N,NA,NA,NA,NA,NA,NA,NA,NA,NA,N,4,0,1,2,A,-,11,21950,B,N,G,B,B,A,H,-,A,A,0,Y,NA,NA,NA,Y,NA,N,60,0,0,1,0,1,0,0,0,0,-,-,NA,NA,ORANGE,SANTA ANA,-117.86973011,33.74627002
6516242,2014,2014-08-06,3001,2014-06-12,1705,1740,NA,4,5,7,3001,0,0,0,NA,0,0D3,KATELLA AV,STATE COLLEGE BL,792,E,N,A,-,N,NA,NA,NA,NA,NA,NA,NA,NA,NA,Y,4,0,2,2,A,-,03,22350,NA,N,C,C,A,A,H,-,A,A,0,NA,NA,NA,NA,Y,NA,D,22,0,0,2,0,0,0,0,0,0,-,-,NA,NA,ORANGE,ANAHEIM,-117.88663049,33.8034582
6517107,2014,2014-08-14,3015,2014-06-04,1740,1098,32E,3,5,6,3015,0,0,0,NA,0,731,N BATAVIA ST,W ALMOND AV,0,NA,Y,A,-,N,NA,NA,NA,NA,NA,NA,NA,NA,NA,N,3,0,1,2,D,-,00,NA,NA,N,D,G,A,A,H,-,A,A,0,NA,Y,NA,NA,Y,NA,-,-,0,1,0,0,0,0,1,0,0,-,-,NA,NA,ORANGE,ORANGE,-117.86185013,33.78605007
6517120,2014,2016-04-04,9670,2014-06-17,1650,19690,NA,2,2,5,3007,0,1,1,NA,2,040,RT 405,SLATER AV,400,N,N,A,-,Y,ORA,12,405,-,-,14.21,H,-,N,Y,4,0,2,2,A,-,03,22350,NA,N,C,C,A,A,H,-,A,D,1,NA,NA,NA,NA,Y,NA,A,01,0,0,2,0,0,0,0,0,0,-,-,33.71112,-117.96097,ORANGE,FOUNTAIN VALLEY,-117.95949264,33.70978105
6517225,2014,2014-08-08,3001,2014-06-01,1132,1508,NA,7,5,7,3001,0,0,0,NA,0,0D1,KNOTT AV,DANBROOK AV,105,N,N,A,-,N,NA,NA,NA,NA,NA,NA,NA,NA,NA,Y,4,0,3,3,A,-,03,22350,NA,N,C,C,A,A,H,-,A,D,0,NA,NA,NA,NA,Y,NA,A,07,0,0,3,0,0,0,0,0,0,-,-,NA,NA,ORANGE,ANAHEIM,-118.01092417,33.82802787
6517447,2014,2016-04-05,9675,2014-06-05,0720,16754,NA,4,1,7,3019,0,1,3,NA,2,222,RT 22,RT 5,100,E,N,A,-,Y,ORA,12,22,-,R,10.53,H,-,E,Y,4,0,1,2,A,-,08,22107,NA,N,B,C,A,A,H,-,A,D,6,NA,NA,NA,NA,Y,NA,A,01,0,0,1,0,0,0,0,0,0,-,-,33.77865,-117.87423,ORANGE,SANTA ANA,-117.87546793,33.7788968
6518571,2014,2014-07-30,3010,2014-05-23,2130,1059,147,5,5,6,3010,0,0,0,NA,0,009,GRAHAM ST,EDINGER AV,0,NA,Y,A,-,N,NA,NA,NA,NA,NA,NA,NA,NA,NA,Y,3,0,2,2,A,-,09,21801,A,N,A,C,A,A,H,-,C,A,0,NA,NA,NA,NA,Y,NA,A,08,0,1,1,0,0,0,0,0,0,-,-,NA,NA,ORANGE,HUNTINGTON BEACH,-118.03271005,33.72990006
6518579,2014,2016-04-04,3002,2014-05-23,1226,1382,529Y,5,5,4,3002,0,0,0,NA,0,014,IMPERIAL HWY,ASSOCIATED RD,600,E,N,A,-,Y,ORA,12,90,-,-,5.76,H,-,E,Y,4,0,1,4,A,-,03,22350,NA,N,C,C,A,A,H,-,A,A,0,NA,NA,NA,NA,Y,NA,A,01,0,0,1,0,0,0,0,0,0,-,-,NA,NA,ORANGE,BREA,-117.87825854,33.91076496
6520253,2014,2016-04-05,9675,2014-06-06,1620,19979,NA,5,2,6,3026,0,1,1,NA,2,504,RT 5,SAND CANYON RD,200,S,N,A,-,Y,ORA,12,5,-,R,23.9,H,-,N,Y,4,0,1,2,A,-,03,22350,NA,N,C,C,A,A,H,-,A,D,1,NA,NA,NA,NA,Y,NA,A,01,0,0,1,0,0,0,0,0,0,-,-,33.67398,-117.75562,ORANGE,IRVINE,-117.75729303,33.67698659
6522037,2014,2016-02-18,3004,2014-04-19,2044,0431,02,6,5,6,3004,0,0,0,NA,0,001,NEWPORT BL,EAST 17TH ST,12,S,N,A,-,Y,ORA,12,55,-,-,1.444,I,5,S,N,3,0,1,2,A,-,-,NA,NA,N,G,B,B,A,H,-,C,A,0,Y,NA,NA,NA,Y,Y,N,60,0,1,0,0,1,0,0,0,0,-,-,33.6363,-117.9221,ORANGE,COSTA MESA,-117.92202825,33.63653123
6523632,2014,2016-03-08,9675,2014-03-31,1900,16944,NA,1,2,6,3015,0,1,3,NA,2,222,RT 22,CAMBRIDGE ST,500,E,N,A,-,Y,ORA,12,22,-,R,12.45,H,-,E,Y,3,0,2,2,A,-,03,22350,NA,N,C,C,A,A,H,-,A,D,6,NA,NA,NA,NA,Y,NA,A,01,0,1,1,0,0,0,0,0,0,-,-,33.77642,-117.84241,ORANGE,ORANGE,-117.84281376,33.77638287
6523787,2014,2014-08-04,3001,2014-05-26,1741,A1158,NA,1,5,7,3001,0,0,0,NA,0,DISTRI,BALL RD,GILBUCK DR,0,W,N,A,-,N,NA,NA,NA,NA,NA,NA,NA,NA,NA,Y,3,0,3,3,A,-,01,23152,A,N,C,C,A,A,H,-,A,A,0,NA,NA,NA,NA,Y,Y,A,01,0,2,1,0,0,0,0,0,0,-,-,NA,NA,ORANGE,ANAHEIM,-117.93335011,33.81806002
6523988,2014,2015-12-04,9670,2014-05-28,1151,17022,NA,3,1,9,3000,0,3,5,NA,2,005,JEFFERSON ST,WASHINGTON AV,0,NA,Y,A,-,N,NA,NA,NA,NA,NA,NA,NA,NA,NA,Y,4,0,1,2,A,-,09,21802,A,N,D,C,A,A,H,-,A,A,0,NA,NA,NA,NA,Y,NA,A,01,0,0,1,0,0,0,0,0,0,-,-,33.74655,-117.9841,ORANGE,UNINCORPORATED,-117.98422006,33.74659
6524442,2014,2014-08-04,3019,2014-05-26,2042,3234,SE,1,5,7,3019,0,0,0,NA,0,003,STANDARD AV,WISTERIA PL,5,N,N,A,-,N,NA,NA,NA,NA,NA,NA,NA,NA,NA,N,4,0,1,2,A,-,09,21801,A,N,D,C,A,A,H,-,D,D,0,NA,NA,NA,NA,Y,NA,A,01,0,0,1,0,0,0,0,0,0,-,-,NA,NA,ORANGE,SANTA ANA,-117.85647,33.73657371
6524696,2014,2016-04-05,9670,2014-06-02,0635,20797,NA,1,1,6,3009,0,1,3,NA,2,023,RT 22,YOCKEY ST,300,W,N,B,-,Y,ORA,12,22,-,R,4.47,H,-,W,Y,3,0,1,1,A,-,03,22350,NA,N,E,I,A,A,H,-,A,D,1,NA,NA,NA,NA,Y,NA,A,07,0,1,0,0,0,0,0,0,0,-,-,33.76838,-117.97733,ORANGE,GARDEN GROVE,-117.9779291,33.7685842
6524726,2014,2014-08-06,3020,2014-05-02,1832,298,NA,5,5,4,3020,0,0,0,NA,0,TRAFFI,SEAL BEACH BL,MARLIN AV,210,S,N,A,-,N,NA,NA,NA,NA,NA,NA,NA,NA,NA,Y,3,0,1,3,A,-,03,22350,NA,N,C,C,A,A,H,-,A,A,0,NA,NA,NA,NA,Y,NA,D,NA,0,1,0,0,0,0,0,0,0,-,-,NA,NA,ORANGE,SEAL BEACH,-118.09475511,33.74189652
6524742,2014,2014-08-06,3020,2014-05-09,1058,246,NA,5,5,4,3020,0,0,0,NA,0,TRAFFI,SEAL BEACH BL,NORTH GATE RD,0,NA,Y,A,-,N,NA,NA,NA,NA,NA,NA,NA,NA,NA,N,4,0,1,3,A,-,08,22107,NA,N,C,C,A,A,H,-,A,A,0,NA,Y,NA,NA,Y,NA,L,04,0,0,1,0,0,0,0,0,0,-,-,NA,NA,ORANGE,SEAL BEACH,-118.07718006,33.77187007
6524877,2014,2014-08-06,3000,2014-05-15,0545,8896,971J7,4,5,4,3029,0,0,0,NA,0,739,DANA POINT HARBOR DR,GOLDEN LANTERN,0,NA,Y,A,-,N,NA,NA,NA,NA,NA,NA,NA,NA,NA,NA,3,0,1,2,A,-,12,21453,A,N,D,G,A,A,H,-,B,A,0,NA,Y,NA,NA,Y,NA,A,01,0,1,0,0,0,0,1,0,0,-,-,NA,NA,ORANGE,DANA POINT,-117.69387005,33.46259003
6524945,2014,2014-08-11,3001,2014-06-05,0556,A1555,NA,4,5,7,3001,0,0,0,NA,0,001,MAGNOLIA AV,WOODLAND DR,509,N,N,B,-,N,NA,NA,NA,NA,NA,NA,NA,NA,NA,N,3,0,1,2,A,-,08,22107,NA,N,-,G,A,A,H,-,A,D,0,NA,Y,NA,NA,Y,NA,L,04,0,1,0,0,0,0,1,0,0,-,-,NA,NA,ORANGE,ANAHEIM,-117.97618,33.85072547
6527412,2014,2016-03-30,3026,2014-04-24,1520,7094,NA,4,5,6,3026,0,0,0,NA,0,00C,LAGUNA CANYON RD,PAVONA,65,N,N,A,-,Y,ORA,12,133,-,R,7.79,H,-,S,Y,3,0,1,2,A,-,07,21658,A,N,C,C,A,A,H,-,A,A,0,NA,NA,NA,NA,Y,NA,A,01,0,1,0,0,0,0,0,0,0,-,-,NA,NA,ORANGE,IRVINE,-117.76196409,33.64304733
6527447,2014,2014-07-18,3026,2014-04-16,1656,533,NA,3,5,6,3026,0,0,0,NA,0,00U,ARMSTRONG,BARRANCA,230,S,N,A,-,N,NA,NA,NA,NA,NA,NA,NA,NA,NA,Y,3,0,3,4,A,-,09,21801,A,F,D,C,A,A,H,-,A,D,0,NA,NA,NA,NA,Y,NA,A,01,0,1,2,0,0,0,0,0,0,-,-,NA,NA,ORANGE,IRVINE,-117.83717978,33.70043671
6527612,2014,2014-07-17,3019,2014-04-23,0857,2460,SC,3,5,7,3019,0,0,0,NA,0,004,BRISTOL ST,WARNER AV,300,N,N,A,-,N,NA,NA,NA,NA,NA,NA,NA,NA,NA,N,4,0,2,2,A,-,03,22350,NA,N,C,C,A,A,H,-,A,D,0,NA,NA,NA,NA,Y,NA,A,01,0,0,2,0,0,0,0,0,0,-,-,NA,NA,ORANGE,SANTA ANA,-117.88532226,33.71704228
6527631,2014,2016-02-18,3019,2014-04-08,1909,3025,NE,2,5,7,3019,0,0,0,NA,0,002,4TH ST,RT 55,0,NA,Y,A,-,Y,ORA,12,55,-,-,11.211,R,4,S,Y,3,0,2,2,D,-,00,NA,NA,N,D,C,A,A,H,-,B,A,0,NA,NA,NA,NA,Y,NA,-,-,0,1,1,0,0,0,0,0,0,-,SF,NA,NA,ORANGE,SANTA ANA,-117.83193858,33.75148323
6528481,2014,2016-03-30,9675,2014-06-11,1855,20625,NA,3,2,7,3019,0,1,3,NA,2,051,RT 55,4TH ST,550,S,N,A,-,Y,ORA,12,55,-,-,10.153,R,2,N,Y,3,0,1,2,A,-,03,22350,NA,N,C,C,A,A,H,-,A,D,6,NA,NA,Y,NA,Y,NA,C,02,0,1,0,0,0,0,0,0,1,TO,-,33.7466,-117.84271,ORANGE,SANTA ANA,-117.83359898,33.73629618
6528529,2014,2016-04-04,9675,2014-06-16,1750,20668,NA,1,2,6,3004,0,1,1,NA,2,405,RT 405,FAIRVIEW RD,800,N,N,A,-,Y,ORA,12,405,-,-,10.928,R,1,N,Y,4,0,2,2,A,-,03,22350,NA,N,C,C,A,A,H,-,A,A,6,NA,NA,NA,NA,Y,NA,A,01,0,0,2,0,0,0,0,0,0,-,-,33.41186,-117.54383,ORANGE,COSTA MESA,-117.91023549,33.68808251
6528541,2014,2016-02-09,9675,2014-06-17,0857,14895,NA,2,1,4,3002,0,1,3,NA,2,570,RT 57,BIRCH ST,25,S,N,A,-,Y,ORA,12,57,-,-,20.37,H,-,S,Y,4,0,1,3,A,-,03,22350,NA,N,C,C,A,A,H,-,A,D,6,NA,NA,NA,NA,Y,NA,A,01,0,0,1,0,0,0,0,0,0,-,-,33.92098,-117.88051,ORANGE,BREA,-117.88121951,33.91767005
6528557,2014,2016-04-09,9675,2014-06-17,0820,14558,NA,2,1,6,3015,0,1,1,NA,2,502,RT 5,STATE COLLEGE BL,150,N,N,A,-,Y,ORA,12,5,-,-,35.23,H,-,S,Y,3,0,1,5,A,-,03,22350,NA,N,C,C,A,A,H,-,A,D,0,NA,NA,NA,NA,Y,NA,A,07,0,1,0,0,0,0,0,0,0,-,-,33.792230000000004,-117.89081,ORANGE,ORANGE,-117.89034382,33.79169562
6529296,2014,2014-08-09,3019,2014-06-13,1839,2776,SC,5,5,7,3019,0,0,0,NA,0,004,DIAMOND ST,STANFORD ST,115,S,N,A,-,N,NA,NA,NA,NA,NA,NA,NA,NA,NA,N,3,0,1,2,A,-,11,21954,A,N,G,B,D,A,H,-,A,D,0,Y,NA,NA,NA,Y,NA,N,60,0,1,0,0,1,0,0,0,0,-,-,NA,NA,ORANGE,SANTA ANA,-117.89915589,33.72612476
6529310,2014,2014-08-11,3026,2014-06-19,1730,4779,NA,4,5,6,3026,0,0,0,NA,0,00C,WARNER AV,JAMBOREE,0,NA,Y,A,-,N,NA,NA,NA,NA,NA,NA,NA,NA,NA,Y,4,0,1,3,A,-,09,21802,A,N,D,C,A,A,H,-,A,A,0,NA,NA,NA,NA,Y,NA,A,01,0,0,1,0,0,0,0,0,0,-,-,NA,NA,ORANGE,IRVINE,-117.81921002,33.69852009
6531064,2014,2015-02-10,3014,2014-06-16,1512,1146,RD25,1,5,5,3014,0,0,0,NA,0,NA,RT 1,RT 55,524,E,N,A,-,Y,ORA,12,1,-,-,19.7,H,-,S,N,4,0,1,3,A,-,-,NA,NA,N,D,C,A,A,H,-,A,D,0,NA,NA,Y,NA,Y,NA,C,03,0,0,1,0,0,0,0,0,1,-,-,NA,NA,ORANGE,NEWPORT BEACH,-117.92762529,33.62123996
6532546,2014,2014-08-04,3000,2014-05-18,1308,2637,797H1,7,5,4,3021,0,0,0,NA,0,121,WESTERN AV,CERRITOS,91,S,N,A,-,N,NA,NA,NA,NA,NA,NA,NA,NA,NA,Y,2,0,1,2,A,-,09,21804,A,N,D,C,A,A,H,-,A,A,0,NA,NA,NA,NA,Y,NA,A,07,1,0,0,0,0,0,0,0,0,-,-,NA,NA,ORANGE,STANTON,-118.00199446,33.80981054
6533173,2014,2016-04-09,3012,2014-05-30,1910,288,13,5,5,5,3012,0,0,0,NA,0,0NW,BEACH BL,LA HABRA BL,253,N,N,A,-,Y,ORA,12,39,-,-,20.24,H,-,S,Y,3,0,1,2,A,-,09,21804,A,N,D,C,A,A,H,-,A,A,0,NA,NA,Y,NA,Y,NA,A,01,0,1,0,0,0,0,0,0,1,-,-,NA,NA,ORANGE,LA HABRA,-117.96797661,33.93339297
6533760,2014,2014-08-13,3000,2014-06-26,1320,6717,891G6,4,5,5,3050,0,0,0,NA,0,18762,EL TORO RD,ROCKFIELD BL,352,W,N,B,-,N,NA,NA,NA,NA,NA,NA,NA,NA,NA,N,4,0,1,2,A,-,03,22350,NA,N,C,C,A,A,G,-,A,A,0,NA,NA,NA,NA,Y,NA,A,01,0,0,1,0,0,0,0,0,0,-,-,33.65918,-117.42209,ORANGE,LAKE FOREST,-117.70570207,33.61647229
6535417,2014,2016-02-09,3008,2014-05-24,0943,1460,NA,6,5,6,3008,0,0,0,NA,0,003,CHAPMAN AV,RT 57,0,NA,Y,B,-,Y,ORA,12,57,-,-,17.162,R,4,N,Y,4,0,1,2,D,-,00,NA,NA,N,D,C,A,A,H,-,A,A,0,NA,NA,NA,NA,Y,NA,-,-,0,0,1,0,0,0,0,0,0,-,-,NA,NA,ORANGE,FULLERTON,-117.88023063,33.87188695