CASE_ID,ACCIDENT_YEAR,PROC_DATE,JURIS,COLLISION_DATE,COLLISION_TIME,OFFICER_ID,REPORTING_DISTRICT,DAY_OF_WEEK,CHP_SHIFT,POPULATION,CNTY_CITY_LOC,SPECIAL_COND,BEAT_TYPE,CHP_BEAT_TYPE,CITY_DIVISION_LAPD,CHP_BEAT_CLASS,BEAT_NUMBER,PRIMARY_RD,SECONDARY_RD,DISTANCE,DIRECTION,INTERSECTION,WEATHER_1,WEATHER_2,STATE_HWY_IND,CALTRANS_COUNTY,CALTRANS_DISTRICT,STATE_ROUTE,ROUTE_SUFFIX,POSTMILE_PREFIX,POSTMILE,LOCATION_TYPE,RAMP_INTERSECTION,SIDE_OF_HWY,TOW_AWAY,COLLISION_SEVERITY,NUMBER_KILLED,NUMBER_INJURED,PARTY_COUNT,PRIMARY_COLL_FACTOR,PCF_CODE_OF_VIOL,PCF_VIOL_CATEGORY,PCF_VIOLATION,PCF_VIOL_SUBSECTION,HIT_AND_RUN,TYPE_OF_COLLISION,MVIW,PED_ACTION,ROAD_SURFACE,ROAD_COND_1,ROAD_COND_2,LIGHTING,CONTROL_DEVICE,CHP_ROAD_TYPE,PEDESTRIAN_ACCIDENT,BICYCLE_ACCIDENT,MOTORCYCLE_ACCIDENT,TRUCK_ACCIDENT,NOT_PRIVATE_PROPERTY,ALCOHOL_INVOLVED,STWD_VEHTYPE_AT_FAULT,CHP_VEHTYPE_AT_FAULT,COUNT_SEVERE_INJ,COUNT_VISIBLE_INJ,COUNT_COMPLAINT_PAIN,COUNT_PED_KILLED,COUNT_PED_INJURED,COUNT_BICYCLIST_KILLED,COUNT_BICYCLIST_INJURED,COUNT_MC_KILLED,COUNT_MC_INJURED,PRIMARY_RAMP,SECONDARY_RAMP,LATITUDE,LONGITUDE,COUNTY,CITY,POINT_X,POINT_Y
6890178,2015,2015-05-13,3000,2015-03-25,0758,9590,921G5,3,5,4,3045,0,0,0,NA,0,745,MOULTON PKY,GORDON RD,105,N,N,A,-,N,NA,NA,NA,NA,NA,NA,NA,NA,NA,Y,2,0,1,2,A,-,03,22350,NA,N,C,C,A,A,H,-,A,D,0,NA,NA,Y,NA,Y,NA,C,02,1,0,0,0,0,0,0,0,1,-,-,NA,NA,ORANGE,LAGUNA HILLS,-117.705119,33.58201469
6893174,2015,2015-05-19,3019,2015-04-14,1009,3360,SE,2,5,7,3019,0,0,0,NA,0,003,1ST ST,CEDAR ST,20,W,N,B,-,N,NA,NA,NA,NA,NA,NA,NA,NA,NA,Y,4,0,2,2,A,-,03,22350,NA,N,C,C,A,A,H,-,A,D,0,NA,NA,NA,NA,Y,NA,D,22,0,0,2,0,0,0,0,0,0,-,-,NA,NA,ORANGE,SANTA ANA,-117.85833562,33.74545089
6893445,2015,2017-01-07,9675,2015-04-21,1544,1897,NA,2,2,6,3026,0,1,1,NA,2,504,RT 5,JEFFREY RD,100,S,N,B,-,Y,ORA,12,5,-,R,24.97,H,-,N,N,4,0,1,2,A,-,03,22350,NA,N,C,C,A,A,H,-,A,D,1,NA,NA,NA,NA,Y,NA,A,01,0,0,1,0,0,0,0,0,0,-,-,33.69121,-117.76877,ORANGE,IRVINE,-117.76809397,33.68980305
6893449,2015,2016-12-22,9675,2015-04-15,0852,14558,NA,3,1,6,3026,0,1,1,NA,2,503,RT 5,YALE AV,700,S,N,A,-,Y,ORA,12,5,-,R,25.7,H,-,N,Y,3,0,1,1,A,-,01,23152,E,N,E,I,A,A,H,-,A,D,1,NA,NA,NA,NA,Y,NA,A,01,0,1,0,0,0,0,0,0,0,-,-,33.69972,-117.77452,ORANGE,IRVINE,-117.77413256,33.69901911
6894549,2015,2016-11-08,9675,2015-04-17,0935,19404,NA,5,1,6,3008,0,1,3,NA,2,571,RT 57,YORBA LINDA BL,50,S,N,A,-,Y,ORA,12,57,-,-,18.33,H,-,S,N,4,0,2,3,A,-,03,22350,NA,N,C,C,A,A,H,-,A,D,6,NA,NA,NA,NA,Y,NA,A,01,0,0,2,0,0,0,0,0,0,-,-,33.88886,-117.88074,ORANGE,FULLERTON,-117.88074483,33.88887605
6895063,2015,2015-05-05,3019,2015-04-03,2142,2217,SE,5,5,7,3019,0,0,0,NA,0,003,MACARTHUR BL,BIRCH ST,0,NA,Y,A,-,N,NA,NA,NA,NA,NA,NA,NA,NA,NA,N,4,0,2,2,A,-,09,21801,A,N,D,C,A,A,H,-,C,A,0,NA,NA,NA,NA,Y,NA,A,01,0,0,2,0,0,0,0,0,0,-,-,NA,NA,ORANGE,SANTA ANA,-117.87172006,33.7000801
6896495,2015,2016-11-09,3010,2015-04-18,2025,2116,461,6,5,6,3010,0,0,0,NA,0,004,RT 1,MAIN ST,23,N,N,A,-,Y,ORA,12,1,-,-,24.73,H,-,S,N,4,0,1,2,A,-,03,22350,NA,N,B,C,A,A,H,-,C,A,0,NA,NA,Y,NA,Y,NA,A,01,0,0,1,0,0,0,0,0,1,-,-,NA,NA,ORANGE,HUNTINGTON BEACH,-118.00210607,33.65712473
6898184,2015,2015-05-14,3012,2015-04-14,2200,581,15,2,5,5,3012,0,0,0,NA,0,003,HIGHLANDER AV,MONTE VISTA,0,NA,Y,A,-,N,NA,NA,NA,NA,NA,NA,NA,NA,NA,N,3,0,1,2,A,-,12,22450,A,M,G,B,B,A,H,-,C,D,0,Y,NA,NA,NA,Y,NA,-,99,0,1,0,0,1,0,0,0,0,-,-,NA,NA,ORANGE,LA HABRA,-117.95486009,33.93549
6898185,2015,2016-12-17,3012,2015-04-09,1251,288,46,4,5,5,3012,0,0,0,NA,0,0SE,IMPERIAL HWY,CYPRESS ST,342,E,N,A,-,Y,ORA,12,90,-,-,1.96,H,-,W,Y,4,0,2,2,A,-,03,22350,NA,N,C,C,A,A,H,-,A,A,0,NA,NA,NA,NA,Y,NA,A,01,0,0,2,0,0,0,0,0,0,-,-,NA,NA,ORANGE,LA HABRA,-117.94268016,33.91740466
6898212,2015,2016-11-09,3011,2015-04-10,2155,31302,43,5,5,4,3011,0,0,0,NA,0,002,S COAST HWY,CALLIOPE ST,0,NA,Y,A,-,Y,ORA,12,1,-,-,8.371,I,5,N,N,3,0,1,2,A,-,10,21950,A,F,G,B,B,A,H,-,C,D,0,Y,NA,NA,NA,Y,Y,A,01,0,1,0,0,1,0,0,0,0,-,-,NA,NA,ORANGE,LAGUNA BEACH,-117.77385037,33.53097274
6898758,2015,2015-05-06,3010,2015-04-15,1540,1109,422,3,5,6,3010,0,0,0,NA,0,005,CLAY,DELAWARE,0,NA,Y,A,-,N,NA,NA,NA,NA,NA,NA,NA,NA,NA,Y,3,0,1,2,A,-,09,21802,A,N,D,C,A,A,H,-,A,A,0,NA,NA,NA,NA,Y,NA,A,01,0,1,0,0,0,0,0,0,0,-,-,NA,NA,ORANGE,HUNTINGTON BEACH,-117.99310006,33.68303007
6900949,2015,2015-05-05,3008,2015-03-31,1010,1158,NA,2,5,6,3008,0,0,0,NA,0,0II,BASTANCHURY RD,EUCLID ST,40,E,N,A,-,N,NA,NA,NA,NA,NA,NA,NA,NA,NA,Y,4,0,1,3,A,-,03,22350,NA,N,C,C,A,A,H,-,A,A,0,NA,NA,NA,NA,Y,NA,A,01,0,0,1,0,0,0,0,0,0,-,-,NA,NA,ORANGE,FULLERTON,-117.94246864,33.88905221
6900953,2015,2015-05-05,3008,2015-03-25,1352,1407,NA,3,5,6,3008,0,0,0,NA,0,0Z3,PLACENTIA AV,S MADISON AV,0,NA,Y,A,-,N,NA,NA,NA,NA,NA,NA,NA,NA,NA,NA,4,0,1,3,A,-,01,23152,E,N,C,C,A,-,H,-,A,D,0,NA,NA,NA,NA,Y,Y,D,22,0,0,1,0,0,0,0,0,0,-,-,NA,NA,ORANGE,FULLERTON,-117.87644013,33.88268009
6901021,2015,2015-05-01,3008,2015-04-01,1529,1117,NA,3,5,6,3008,0,0,0,NA,0,0Z1,BASQUE AV,COMMONWEALTH AV,0,NA,Y,A,-,N,NA,NA,NA,NA,NA,NA,NA,NA,NA,Y,4,0,3,2,D,-,00,NA,NA,N,D,C,A,A,H,-,A,A,0,NA,NA,NA,NA,Y,NA,-,-,0,0,3,0,0,0,0,0,0,-,-,NA,NA,ORANGE,FULLERTON,-117.95073009,33.87016005
6901544,2015,2017-01-07,9675,2015-04-24,1015,18005,NA,5,1,5,3022,0,1,1,NA,2,503,RT 5,RT 55,10,S,N,C,-,Y,ORA,12,5,-,-,30.26,H,-,N,Y,4,0,2,2,A,-,03,22350,NA,N,C,C,A,B,A,-,A,D,1,NA,NA,NA,NA,Y,NA,A,07,0,0,2,0,0,0,0,0,0,-,-,33.74072,-117.83359,ORANGE,TUSTIN,-117.83350957,33.74066763
6901607,2015,2015-05-07,3019,2015-04-04,2240,3345,WE,6,5,7,3019,0,0,0,NA,0,001,NEWHOPE ST,HOLLYLINE AV,12,S,N,A,-,N,NA,NA,NA,NA,NA,NA,NA,NA,NA,Y,2,0,2,2,A,-,09,21801,A,N,D,C,A,A,H,-,C,D,0,NA,NA,Y,NA,Y,NA,A,07,1,0,1,0,0,0,0,0,1,-,-,NA,NA,ORANGE,SANTA ANA,-117.92883977,33.7538371
6902717,2015,2015-05-22,3015,2015-04-08,1751,919,46,3,5,6,3015,0,0,0,NA,0,712,E COLLINS AV,N HART ST,0,NA,Y,A,-,N,NA,NA,NA,NA,NA,NA,NA,NA,NA,Y,4,0,1,2,A,-,09,21802,A,N,D,C,A,A,H,-,A,A,0,NA,NA,NA,NA,Y,NA,A,01,0,0,1,0,0,0,0,0,0,-,-,NA,NA,ORANGE,ORANGE,-117.82431005,33.80233005
6902971,2015,2015-05-11,3001,2015-04-18,2143,1278,NA,6,5,7,3001,0,0,0,NA,0,0D3,KATELLA AV,ZEYN ST,0,NA,Y,A,-,N,NA,NA,NA,NA,NA,NA,NA,NA,NA,Y,4,0,1,2,A,-,09,21804,A,N,D,C,A,A,H,-,C,A,0,NA,NA,NA,NA,Y,NA,A,01,0,0,1,0,0,0,0,0,0,-,-,NA,NA,ORANGE,ANAHEIM,-117.90814006,33.80342006
6903674,2015,2015-06-01,3024,2015-05-05,0811,151,P 22,2,5,5,3024,0,0,0,NA,0,WEST,EDWARDS ST,INDUSTRY WY,0,NA,Y,B,-,N,NA,NA,NA,NA,NA,NA,NA,NA,NA,Y,3,0,2,2,A,-,09,21802,A,N,D,C,A,A,H,-,A,D,0,NA,NA,NA,NA,Y,NA,D,22,0,1,1,0,0,0,0,0,0,-,-,NA,NA,ORANGE,WESTMINSTER,-118.01608001,33.75176005
6905593,2015,2016-12-10,3014,2015-06-25,1412,1244,RD25,4,5,5,3014,0,0,0,NA,0,0A2,NEWPORT BL,HOSPITAL RD,0,NA,Y,A,-,Y,ORA,12,55,-,-,0.602,I,5,N,N,3,0,1,2,A,-,05,21650,1,N,D,G,A,A,H,-,A,A,0,NA,Y,NA,NA,Y,NA,L,04,0,1,0,0,0,0,1,0,0,-,-,33.6255,-117.9279,ORANGE,NEWPORT BEACH,-117.92798411,33.62582256
6905882,2015,2016-06-18,3001,2015-04-18,1641,415,NA,6,5,7,3001,0,0,0,NA,0,0D4,RT 90,EAST SANTA ANA CANYON RD,0,NA,Y,A,-,N,NA,NA,NA,NA,NA,NA,NA,NA,NA,Y,3,0,2,2,A,-,00,21807,NA,N,D,C,A,A,H,-,A,A,0,NA,NA,NA,NA,Y,NA,J,48,0,2,0,0,0,0,0,0,0,-,-,NA,NA,ORANGE,ANAHEIM,-117.79072006,33.85140006
6907408,2015,2015-05-08,3009,2015-02-11,0628,4330,154,3,5,6,3009,0,0,0,NA,0,022,HASTER ST,LAMPSON AV,17,S,N,A,-,N,NA,NA,NA,NA,NA,NA,NA,NA,NA,Y,2,0,4,1,A,-,08,22107,NA,N,E,I,A,A,H,-,A,A,0,NA,NA,NA,Y,Y,NA,F,26,2,1,1,0,0,0,0,0,0,-,-,NA,NA,ORANGE,GARDEN GROVE,-117.90619,33.78163339
6907440,2015,2015-05-14,3009,2015-02-14,1622,4284,086,6,5,6,3009,0,0,0,NA,0,013,WESTMINSTER BL,DEODARA,16,E,N,A,-,N,NA,NA,NA,NA,NA,NA,NA,NA,NA,Y,3,0,1,2,A,-,09,21801,A,M,H,A,A,A,H,-,A,A,0,NA,NA,Y,Y,Y,NA,G,55,0,1,0,0,0,0,0,0,1,-,-,NA,NA,ORANGE,GARDEN GROVE,-117.96573749,33.75946086
6907473,2015,2015-05-08,3009,2015-02-23,1100,3305,64,1,5,6,3009,0,0,0,NA,0,011,STANFORD AV,DALE ST,172,W,N,A,-,N,NA,NA,NA,NA,NA,NA,NA,NA,NA,N,4,0,1,2,A,-,21,22106,NA,N,G,B,D,A,H,-,A,A,0,Y,NA,NA,NA,Y,NA,D,22,0,0,1,0,1,0,0,0,0,-,-,NA,NA,ORANGE,GARDEN GROVE,-117.98461464,33.77748216
6907749,2015,2015-06-11,3019,2015-04-13,1301,3151,NE,1,5,7,3019,0,0,0,NA,0,002,BUSH ST,SANTA ANA BL,100,S,N,A,-,N,NA,NA,NA,NA,NA,NA,NA,NA,NA,Y,4,0,2,3,A,-,08,22107,NA,N,B,E,A,A,H,-,A,D,0,NA,NA,NA,Y,Y,NA,A,01,0,0,2,0,0,0,0,0,0,-,-,NA,NA,ORANGE,SANTA ANA,-117.86662666,33.74945587
6909126,2015,2015-05-26,3002,2015-04-13,0740,1632,327Z,1,5,4,3002,0,0,0,NA,0,012,LAMBERT RD,COUNTRY LN,0,NA,Y,A,-,N,NA,NA,NA,NA,NA,NA,NA,NA,NA,N,4,0,1,2,A,-,12,22450,A,F,G,B,B,A,H,-,A,D,0,Y,NA,NA,NA,Y,NA,A,01,0,0,1,0,1,0,0,0,0,-,-,NA,NA,ORANGE,BREA,-117.89189013,33.92497012
6909173,2015,2016-11-19,9675,2015-04-29,1516,18714,NA,3,2,7,3019,0,1,3,NA,2,552,RT 55,MACARTHUR BL,100,N,N,A,-,Y,ORA,12,55,-,R,7.158,R,1,N,Y,4,0,1,2,A,-,03,22350,NA,N,C,C,A,A,H,-,A,D,6,NA,NA,NA,NA,Y,NA,A,01,0,0,1,0,0,0,0,0,0,FR,-,33.70095,-117.85912,ORANGE,SANTA ANA,-117.85962965,33.70056545
6909182,2015,2015-05-26,3002,2015-04-13,1856,1461,426W,1,5,4,3002,0,0,0,NA,0,011,BERRY ST,LAMBERT RD,22,S,N,A,-,N,NA,NA,NA,NA,NA,NA,NA,NA,NA,N,3,0,1,2,A,-,12,21453,A,N,D,B,A,A,H,-,A,A,0,NA,Y,NA,NA,Y,NA,L,04,0,1,0,0,0,0,1,0,0,-,-,NA,NA,ORANGE,BREA,-117.90676157,33.9245797
6909222,2015,2015-05-14,3001,2015-04-16,1618,1880,NA,4,5,7,3001,0,0,0,NA,0,0D3,EAST KATELLA AV,DOUGLAS RD,48,W,N,A,-,N,NA,NA,NA,NA,NA,NA,NA,NA,NA,N,4,0,2,2,A,-,21,22106,NA,N,C,C,A,A,H,-,A,A,0,NA,NA,NA,NA,Y,NA,A,08,0,0,2,0,0,0,0,0,0,-,-,NA,NA,ORANGE,ANAHEIM,-117.87774763,33.8061
6909363,2015,2016-11-04,3024,2015-04-11,1833,329,P13,6,5,5,3024,0,0,0,NA,0,EAST,RT 39,WESTMINSTER BL,75,N,N,A,-,Y,ORA,12,39,-,-,7.65,H,-,N,N,4,0,1,2,A,-,08,22107,NA,N,B,C,A,A,H,-,A,A,0,NA,NA,NA,NA,Y,NA,A,01,0,0,1,0,0,0,0,0,0,-,-,NA,NA,ORANGE,WESTMINSTER,-117.9895604,33.75945173
6909381,2015,2015-05-20,3024,2015-04-27,0921,184,P19,1,5,5,3024,0,0,0,NA,0,EAST,13TH ST,ALL AMERICA WY,385,W,N,A,-,N,NA,NA,NA,NA,NA,NA,NA,NA,NA,N,4,0,1,2,A,-,10,21950,A,N,G,B,C,A,H,-,A,A,0,Y,NA,NA,NA,Y,NA,A,01,0,0,1,0,1,0,0,0,0,-,-,NA,NA,ORANGE,WESTMINSTER,-117.986646,33.755643
6910084,2015,2015-05-15,3022,2015-04-15,0924,1236,NORTH,3,5,5,3022,0,0,0,NA,0,NA,JAMBOREE RD,WEST DR,0,NA,Y,A,-,N,NA,NA,NA,NA,NA,NA,NA,NA,NA,Y,4,0,3,2,A,-,09,21453,C,N,D,C,A,A,H,-,A,A,0,NA,NA,NA,NA,Y,NA,A,01,0,0,3,0,0,0,0,0,0,-,-,NA,NA,ORANGE,TUSTIN,-117.79107011,33.72377001
6910214,2015,2015-05-13,3019,2015-04-09,1725,2875,NE,4,5,7,3019,0,0,0,NA,0,002,1ST ST,ELK LN,80,E,N,A,-,N,NA,NA,NA,NA,NA,NA,NA,NA,NA,N,3,0,1,2,A,-,03,22350,NA,N,C,C,A,A,H,-,A,A,0,NA,NA,NA,NA,Y,NA,A,01,0,1,0,0,0,0,0,0,0,-,-,NA,NA,ORANGE,SANTA ANA,-117.84352763,33.7454676
6912433,2015,2015-05-12,3001,2015-04-21,2323,A1252,NA,2,5,7,3001,0,0,0,NA,0,0D3,SOUTH WALNUT AV,WEST CERRITOS AV,23,N,N,B,-,N,NA,NA,NA,NA,NA,NA,NA,NA,NA,N,4,0,1,2,A,-,03,22350,NA,M,C,C,A,A,H,-,C,A,0,NA,NA,NA,NA,Y,NA,A,01,0,0,1,0,0,0,0,0,0,-,-,NA,NA,ORANGE,ANAHEIM,-117.92847041,33.81067306
6912483,2015,2015-05-12,3001,2015-04-27,1913,1373,NA,1,5,7,3001,0,0,0,NA,0,0D2,LA PALMA AV,EAST ST,569,W,N,A,-,N,NA,NA,NA,NA,NA,NA,NA,NA,NA,N,4,0,1,2,A,-,00,21760,E,N,B,G,A,A,H,-,A,D,0,NA,Y,NA,NA,Y,NA,A,01,0,0,1,0,0,0,1,0,0,-,-,NA,NA,ORANGE,ANAHEIM,-117.90756955,33.84729
6912488,2015,2015-06-01,3000,2015-04-14,1655,05271,992J4,2,5,5,3017,0,0,0,NA,0,776,AVENIDA CABRILLO,NORTH EL CAMINO REAL,180,W,N,A,-,N,NA,NA,NA,NA,NA,NA,NA,NA,NA,Y,3,0,2,2,A,-,08,22107,NA,N,A,C,A,A,H,-,A,D,0,NA,NA,NA,NA,Y,NA,A,07,0,1,1,0,0,0,0,0,0,-,-,NA,NA,ORANGE,SAN CLEMENTE,-117.61368543,33.42786773
6912521,2015,2016-12-22,9675,2015-04-21,0715,016356,NA,2,1,6,3015,0,1,1,NA,2,520,RT 5,CHAPMAN AV,500,N,N,B,-,Y,ORA,12,5,-,-,35.11,H,-,S,Y,4,0,1,4,A,-,03,22350,NA,N,C,C,A,-,A,H,A,D,1,NA,NA,NA,Y,Y,NA,A,01,0,0,1,0,0,0,0,0,0,-,-,NA,NA,ORANGE,ORANGE,-117.88902646,33.79051815
6912784,2015,2015-05-14,3007,2015-04-18,0728,272,38,6,5,5,3007,0,0,0,NA,0,272,NEWHOPE ST,WARNER AV,0,NA,Y,A,-,N,NA,NA,NA,NA,NA,NA,NA,NA,NA,Y,2,0,2,2,A,-,12,21453,A,N,D,C,A,A,H,-,A,A,0,NA,NA,NA,NA,Y,NA,A,01,2,0,0,0,0,0,0,0,0,-,-,NA,NA,ORANGE,FOUNTAIN VALLEY,-117.92845013,33.71651011
6913704,2015,2015-05-22,3003,2015-04-16,0909,665,23,4,5,5,3003,0,0,0,NA,0,008,LINCOLN AV,HOLDER ST,0,NA,Y,A,-,N,NA,NA,NA,NA,NA,NA,NA,NA,NA,Y,3,0,2,2,A,-,09,21453,C,N,D,C,A,A,H,-,A,A,0,NA,NA,NA,NA,Y,NA,-,NA,0,1,1,0,0,0,0,0,0,-,-,33.8317,-118.0198,ORANGE,BUENA PARK,-118.01969011,33.83189002
6914607,2015,2015-06-12,3010,2015-05-05,1552,1145,452,2,5,6,3010,0,0,0,NA,0,002,DELAWARE,FRANKFORT,26,N,N,B,-,N,NA,NA,NA,NA,NA,NA,NA,NA,NA,Y,4,0,1,2,A,-,01,23152,A,M,C,E,A,A,H,-,A,D,0,NA,NA,NA,NA,Y,Y,A,07,0,0,1,0,0,0,0,0,0,-,-,NA,NA,ORANGE,HUNTINGTON BEACH,-117.9928508,33.66225128
6918425,2015,2017-01-07,9675,2015-05-08,1117,19404,NA,5,1,7,3019,0,1,1,NA,2,502,RT 5,4TH ST,1500,N,N,C,-,Y,ORA,12,5,-,-,31.37,H,-,S,N,4,0,1,2,A,-,03,22350,NA,N,C,C,A,B,H,-,A,D,1,NA,NA,NA,NA,Y,NA,A,01,0,0,1,0,0,0,0,0,0,-,-,33.45952,-117.50525,ORANGE,SANTA ANA,-117.84625617,33.75150834
6918441,2015,2016-12-10,9675,2015-05-04,1802,18087,NA,1,2,7,3019,0,1,3,NA,2,222,RT 22,RT 5,100,W,N,A,-,Y,ORA,12,22,-,R,10.36,H,-,E,Y,4,0,1,3,A,-,03,22350,NA,F,C,C,A,A,H,-,A,D,6,NA,NA,NA,NA,Y,NA,-,99,0,0,1,0,0,0,0,0,0,-,-,33.85035,-117.84498,ORANGE,SANTA ANA,-117.87841017,33.77892333
6919014,2015,2015-10-22,3008,2015-09-14,0757,1158,NA,1,5,6,3008,0,0,0,NA,0,0II,COMMONWEALTH AV,DRAKE ST,0,NA,Y,A,-,N,NA,NA,NA,NA,NA,NA,NA,NA,NA,Y,4,0,1,2,A,-,03,22350,NA,N,C,C,A,A,H,-,A,D,0,NA,NA,NA,NA,Y,NA,A,01,0,0,1,0,0,0,0,0,0,-,-,NA,NA,ORANGE,FULLERTON,-117.93529008,33.87028006
6919283,2015,2017-01-24,9675,2015-09-12,0230,20712,NA,6,3,7,3001,0,1,3,NA,2,571,RT 57,BALL RD,1650,S,N,A,-,Y,ORA,12,57,-,-,13.1,H,-,N,Y,4,0,1,2,A,-,03,22350,NA,N,D,C,A,A,H,-,C,D,6,NA,NA,NA,NA,Y,NA,A,01,0,0,1,0,0,0,0,0,0,-,-,33.81719,-117.87635,ORANGE,ANAHEIM,-117.87749434,33.81364221
6919288,2015,2017-01-24,9675,2015-09-20,2143,19618,NA,7,2,7,3001,0,1,3,NA,2,572,RT 57,KATELLA AV,1000,N,N,A,-,Y,ORA,12,57,-,-,12.81,H,-,N,Y,4,0,1,2,A,-,07,21658,A,N,B,C,A,A,H,-,C,D,6,NA,NA,NA,NA,Y,NA,A,01,0,0,1,0,0,0,0,0,0,-,-,33.80954,-117.87891,ORANGE,ANAHEIM,-117.87907025,33.80966642
6919777,2015,2015-06-15,3001,2015-05-04,1250,1670,NA,1,5,7,3001,0,0,0,NA,0,0D2,EAST LA PALMA AV,NORTH HARBOR BL,264,W,N,A,-,N,NA,NA,NA,NA,NA,NA,NA,NA,NA,N,4,0,1,2,A,-,03,22350,NA,N,C,C,A,A,H,-,A,D,0,NA,NA,NA,NA,Y,NA,A,01,0,0,1,0,0,0,0,0,0,-,-,NA,NA,ORANGE,ANAHEIM,-117.92471731,33.8472
6919955,2015,2015-06-01,3019,2015-05-04,1637,3151,SE,1,5,7,3019,0,0,0,NA,0,003,ORANGE AV,HARWOOD PL,77,N,N,A,-,N,NA,NA,NA,NA,NA,NA,NA,NA,NA,N,3,0,1,2,A,-,08,22107,NA,N,D,G,A,A,H,-,A,D,0,NA,Y,NA,NA,Y,NA,D,22,0,1,0,0,0,0,1,0,0,-,-,NA,NA,ORANGE,SANTA ANA,-117.86513167,33.73460097
6921570,2015,2017-10-02,9675,2015-05-04,0743,14558,NA,1,1,6,3015,0,1,1,NA,2,520,RT 5,SANTA ANA RIVER,30,S,N,B,-,Y,ORA,12,5,-,-,34.59,H,-,S,Y,3,0,1,2,A,-,03,22350,NA,N,B,C,A,A,H,-,A,D,1,NA,NA,Y,NA,Y,NA,C,02,0,1,0,0,0,0,0,0,1,-,-,33.78419,-117.88303,ORANGE,ORANGE,-117.88337585,33.78452668
6922303,2015,2015-06-16,3001,2015-05-01,2114,1252,NA,5,5,7,3001,0,0,0,NA,0,0D1,SOUTH BROOKHURST ST,W NIOBE AV,96,S,N,A,-,N,NA,NA,NA,NA,NA,NA,NA,NA,NA,N,2,0,1,2,A,-,11,21954,A,N,G,B,D,A,H,-,C,D,0,Y,NA,NA,NA,Y,Y,N,60,1,0,0,0,1,0,0,0,0,-,-,NA,NA,ORANGE,ANAHEIM,-117.95894,33.8223968
6925486,2015,2015-06-03,3001,2015-05-02,1657,1469,NA,6,5,7,3001,0,0,0,NA,0,0D1,WEST CRESCENT AV,N ALAMO ST,52,E,N,A,-,N,NA,NA,NA,NA,NA,NA,NA,NA,NA,Y,4,0,1,2,A,-,03,22350,NA,N,C,C,A,A,H,-,A,D,0,NA,NA,NA,NA,Y,NA,D,22,0,0,1,0,0,0,0,0,0,-,-,NA,NA,ORANGE,ANAHEIM,-117.9638792,33.83979335
6926066,2015,2015-06-02,3008,2015-05-03,1229,1460,NA,7,5,6,3008,0,0,0,NA,0,0Z2,BREA BL,ASHBURN TER,0,NA,Y,A,-,N,NA,NA,NA,NA,NA,NA,NA,NA,NA,Y,3,0,2,2,A,-,09,21801,A,N,D,C,A,A,H,-,A,A,0,NA,NA,NA,NA,Y,NA,A,07,0,1,1,0,0,0,0,0,0,-,-,NA,NA,ORANGE,FULLERTON,-117.91221003,33.89625001
6926077,2015,2015-06-02,3008,2015-05-02,2205,1480,2,6,5,6,3008,0,0,0,NA,0,0Z2,COMMONWEALTH AV,POMONA AV,0,NA,Y,A,-,N,NA,NA,NA,NA,NA,NA,NA,NA,NA,N,3,0,2,3,A,-,11,21456,B,N,G,B,B,A,H,-,C,A,0,Y,NA,NA,NA,Y,Y,N,60,0,2,0,0,2,0,0,0,0,-,-,NA,NA,ORANGE,FULLERTON,-117.9220801,33.87037008
6927806,2015,2015-06-01,3019,2015-05-07,0913,2630,SE,4,5,7,3019,0,0,0,NA,0,003,GRAND AV,1ST ST,80,S,N,A,-,N,NA,NA,NA,NA,NA,NA,NA,NA,NA,N,4,0,1,2,A,-,09,21804,A,N,D,G,A,A,H,-,A,A,0,NA,Y,NA,NA,Y,NA,A,01,0,0,1,0,0,0,1,0,0,-,-,NA,NA,ORANGE,SANTA ANA,-117.85184,33.74548
6928705,2015,2016-11-09,3011,2015-05-12,1241,31241,46,2,5,4,3011,0,0,0,NA,0,003,RT 1,CARDINAL DR,0,S,N,A,-,Y,ORA,12,1,-,-,7.29,H,-,N,Y,4,0,2,3,A,-,03,22350,NA,N,C,C,A,A,H,-,A,D,0,NA,NA,NA,NA,Y,NA,A,01,0,0,2,0,0,0,0,0,0,-,-,NA,NA,ORANGE,LAGUNA BEACH,-117.76078911,33.520064
6928892,2015,2016-12-01,3001,2015-05-16,0205,415,NA,6,5,7,3001,0,0,0,NA,0,0D2,N EUCLID ST,RT 91,93,S,N,A,-,Y,ORA,12,91,-,-,2.051,R,4,E,Y,4,0,1,1,A,-,01,23152,A,N,E,I,A,A,H,-,C,D,0,NA,NA,NA,NA,Y,Y,A,01,0,0,1,0,0,0,0,0,0,-,EF,NA,NA,ORANGE,ANAHEIM,-117.94523006,33.85402741
6929779,2015,2016-11-19,9675,2015-05-07,2100,18039,NA,4,2,6,3004,0,1,3,NA,2,553,RT 55,RT 405,250,N,N,C,-,Y,ORA,12,55,-,R,6.05,H,-,N,Y,3,0,1,1,A,-,03,22350,NA,N,E,I,A,B,H,-,C,D,6,NA,NA,NA,NA,Y,NA,A,08,0,1,0,0,0,0,0,0,0,-,-,33.69123,-117.86845,ORANGE,COSTA MESA,-117.871637,33.68800643
6930276,2015,2015-06-09,3013,2015-04-24,1335,170,3013,5,5,3,3013,0,0,0,NA,0,NA,FLORISTA ST,BLOOMFIELD ST,46,W,N,A,-,N,NA,NA,NA,NA,NA,NA,NA,NA,NA,Y,3,0,2,2,A,-,08,22107,NA,N,D,C,A,A,H,-,A,D,0,NA,NA,NA,Y,Y,NA,A,01,0,2,0,0,0,0,0,0,0,-,-,NA,NA,ORANGE,LOS ALAMITOS,-118.06333109,33.80442
6932455,2015,2016-12-01,9670,2015-05-11,1850,19690,NA,1,2,7,3001,0,1,3,NA,2,093,RT 91,EUCLID ST,1500,E,N,A,-,Y,ORA,12,91,-,-,2.55,H,-,W,Y,4,0,3,6,A,-,03,22350,NA,N,C,C,A,A,H,-,A,D,1,NA,NA,NA,NA,Y,NA,A,07,0,0,3,0,0,0,0,0,0,-,-,33.85433,-117.93631,ORANGE,ANAHEIM,-117.93655766,33.85423747
6932478,2015,2016-12-01,9670,2015-05-10,1330,19348,NA,7,1,7,3001,0,1,3,NA,2,093,RT 91,EUCLID ST,400,E,N,A,-,Y,ORA,12,91,-,-,2.35,H,-,W,Y,4,0,2,2,A,-,03,22350,NA,N,C,C,A,A,H,-,A,D,1,NA,NA,NA,NA,Y,NA,A,01,0,0,2,0,0,0,0,0,0,-,-,33.8543,-117.93909,ORANGE,ANAHEIM,-117.94003452,33.85423755