CASE_ID,ACCIDENT_YEAR,PROC_DATE,JURIS,COLLISION_DATE,COLLISION_TIME,OFFICER_ID,REPORTING_DISTRICT,DAY_OF_WEEK,CHP_SHIFT,POPULATION,CNTY_CITY_LOC,SPECIAL_COND,BEAT_TYPE,CHP_BEAT_TYPE,CITY_DIVISION_LAPD,CHP_BEAT_CLASS,BEAT_NUMBER,PRIMARY_RD,SECONDARY_RD,DISTANCE,DIRECTION,INTERSECTION,WEATHER_1,WEATHER_2,STATE_HWY_IND,CALTRANS_COUNTY,CALTRANS_DISTRICT,STATE_ROUTE,ROUTE_SUFFIX,POSTMILE_PREFIX,POSTMILE,LOCATION_TYPE,RAMP_INTERSECTION,SIDE_OF_HWY,TOW_AWAY,COLLISION_SEVERITY,NUMBER_KILLED,NUMBER_INJURED,PARTY_COUNT,PRIMARY_COLL_FACTOR,PCF_CODE_OF_VIOL,PCF_VIOL_CATEGORY,PCF_VIOLATION,PCF_VIOL_SUBSECTION,HIT_AND_RUN,TYPE_OF_COLLISION,MVIW,PED_ACTION,ROAD_SURFACE,ROAD_COND_1,ROAD_COND_2,LIGHTING,CONTROL_DEVICE,CHP_ROAD_TYPE,PEDESTRIAN_ACCIDENT,BICYCLE_ACCIDENT,MOTORCYCLE_ACCIDENT,TRUCK_ACCIDENT,NOT_PRIVATE_PROPERTY,ALCOHOL_INVOLVED,STWD_VEHTYPE_AT_FAULT,CHP_VEHTYPE_AT_FAULT,COUNT_SEVERE_INJ,COUNT_VISIBLE_INJ,COUNT_COMPLAINT_PAIN,COUNT_PED_KILLED,COUNT_PED_INJURED,COUNT_BICYCLIST_KILLED,COUNT_BICYCLIST_INJURED,COUNT_MC_KILLED,COUNT_MC_INJURED,PRIMARY_RAMP,SECONDARY_RAMP,LATITUDE,LONGITUDE,COUNTY,CITY,POINT_X,POINT_Y
6986242,2015,2015-07-16,3019,2015-06-20,0943,3346,WE,6,5,7,3019,0,0,0,NA,0,001,WASHINGTON AV,HARBOR,0,NA,Y,A,-,N,NA,NA,NA,NA,NA,NA,NA,NA,NA,N,4,0,1,2,A,-,03,22350,NA,N,C,C,A,A,H,-,A,D,0,NA,NA,NA,NA,Y,NA,A,01,0,0,1,0,0,0,0,0,0,-,-,NA,NA,ORANGE,SANTA ANA,-117.92030013,33.7561601
6986942,2015,2016-09-07,9670,2015-01-31,0546,17858,NA,6,3,5,3003,0,1,1,NA,2,501,RT 5,BEACH BL,454,S,N,A,-,Y,ORA,12,5,-,-,43.34,H,-,S,Y,2,0,1,4,A,-,03,22350,NA,N,C,C,-,A,H,-,D,D,6,Y,NA,NA,NA,Y,NA,D,22,1,0,0,0,1,0,0,0,0,-,-,33.86557,-117.9968,ORANGE,BUENA PARK,-117.99684531,33.86537172
6988192,2015,2015-07-29,3010,2015-07-04,1749,1208,462,6,5,6,3010,0,0,0,NA,0,002,ATLANTA,DELAWARE,220,E,N,A,-,N,NA,NA,NA,NA,NA,NA,NA,NA,NA,Y,3,0,3,3,A,-,01,23152,A,N,C,C,A,A,H,-,A,D,0,NA,NA,NA,NA,Y,Y,A,01,0,1,2,0,0,0,0,0,0,-,-,NA,NA,ORANGE,HUNTINGTON BEACH,-117.99186879,33.65762948
6988976,2015,2015-07-28,3014,2015-06-18,1312,1379,RD53,4,5,5,3014,0,0,0,NA,0,0A3,SAN MIGUEL DR,PACIFIC VIEW DR,0,NA,Y,A,-,N,NA,NA,NA,NA,NA,NA,NA,NA,NA,Y,3,0,3,2,A,-,12,21453,A,N,D,C,A,A,H,-,A,A,0,NA,NA,NA,NA,Y,NA,A,01,0,2,1,0,0,0,0,0,0,-,-,33.6125,-117.8632,ORANGE,NEWPORT BEACH,-117.86341002,33.61259004
6989623,2015,2017-01-13,9675,2015-07-02,0745,19171,NA,4,1,6,3015,0,1,1,NA,2,502,RT 5,CHAPMAN AV,50,S,N,B,-,Y,ORA,12,5,-,-,34.392,H,-,S,N,4,0,1,2,A,-,03,22350,NA,N,C,C,A,A,H,-,A,D,1,NA,NA,NA,NA,Y,NA,A,01,0,0,1,0,0,0,0,0,0,-,-,33.78002,-117.07001,ORANGE,ORANGE,-117.8810567,33.78248267
6990522,2015,2017-01-28,9670,2015-07-13,0500,019304,NA,1,3,7,3001,0,1,3,NA,2,094,RT 91,BROOKHURST ST,1200,W,N,A,-,Y,ORA,12,91,-,-,1,H,-,E,Y,4,0,1,2,A,-,08,22107,NA,N,E,I,A,A,H,-,C,D,1,NA,NA,NA,NA,Y,NA,D,22,0,0,1,0,0,0,0,0,0,-,-,33.85365,-117.96389,ORANGE,ANAHEIM,-117.96348135,33.85372101
6990571,2015,2015-08-18,3019,2015-07-18,1949,3199,SC,6,5,7,3019,0,0,0,NA,0,004,EDINGER AV,SULLIVAN,300,W,N,B,-,N,NA,NA,NA,NA,NA,NA,NA,NA,NA,Y,4,0,1,2,A,-,03,22350,NA,N,C,C,A,B,H,-,B,D,0,NA,NA,NA,NA,Y,NA,D,22,0,0,1,0,0,0,0,0,0,-,-,NA,NA,ORANGE,SANTA ANA,-117.90353432,33.7273
6992846,2015,2015-08-11,3000,2015-07-13,1129,05271,993B6,1,5,5,3017,0,0,0,NA,0,776,E SAN GABRIEL,SOUTH EL CAMINO REAL,195,E,N,A,-,N,NA,NA,NA,NA,NA,NA,NA,NA,NA,Y,4,0,2,3,A,-,03,22350,NA,N,C,C,A,A,H,-,A,A,0,NA,NA,NA,NA,Y,NA,A,07,0,0,2,0,0,0,0,0,0,-,-,NA,NA,ORANGE,SAN CLEMENTE,-117.59985405,33.41486276
6993402,2015,2017-01-19,9670,2015-07-12,1857,20860,NA,7,2,7,3001,0,1,3,NA,2,093,RT 91,RAYMOND ST,300,E,N,A,-,Y,ORA,12,91,-,-,4.42,H,-,W,Y,3,0,1,1,A,-,08,22107,NA,N,E,J,A,A,H,-,A,D,1,NA,NA,NA,NA,Y,NA,A,01,0,1,0,0,0,0,0,0,0,-,-,33.85407,-117.9052,ORANGE,ANAHEIM,-117.90395205,33.85396408
6993809,2015,2015-08-13,3007,2015-07-18,1709,290,15,6,5,5,3007,0,0,0,NA,0,002,EDINGER AV,WARD ST,0,NA,Y,B,-,N,NA,NA,NA,NA,NA,NA,NA,NA,NA,Y,3,0,2,2,A,-,09,21801,A,N,D,C,A,A,H,-,A,A,0,NA,NA,NA,NA,Y,NA,A,07,0,2,0,0,0,0,0,0,0,-,-,NA,NA,ORANGE,FOUNTAIN VALLEY,-117.94600008,33.73072012
6994217,2015,2015-08-07,3019,2015-07-06,1707,2875,SC,1,5,7,3019,0,0,0,NA,0,004,MACARTHUR BL,GREENVILLE ST,0,NA,Y,A,-,N,NA,NA,NA,NA,NA,NA,NA,NA,NA,N,4,0,1,2,A,-,09,21801,A,N,-,C,A,A,H,-,A,A,0,NA,NA,NA,NA,Y,NA,A,01,0,0,1,0,0,0,0,0,0,-,-,NA,NA,ORANGE,SANTA ANA,-117.90406011,33.7000201
6994263,2015,2015-07-30,3000,2015-06-19,2355,2849,891F2,5,5,5,3050,0,0,0,NA,0,762,JERONIMO RD,BAKE PKY,32,S,N,A,-,N,NA,NA,NA,NA,NA,NA,NA,NA,NA,Y,3,0,1,1,A,-,01,23152,A,N,E,I,A,A,H,-,C,A,0,NA,NA,NA,NA,Y,Y,A,01,0,1,0,0,0,0,0,0,0,-,-,NA,NA,ORANGE,LAKE FOREST,-117.7105151,33.64511564
6994641,2015,2017-01-12,9670,2015-07-24,1751,20860,NA,5,2,4,3020,0,1,1,NA,2,045,RT 405,SEAL BEACH BL,1000,N,N,A,-,Y,ORA,12,405,-,-,22.83,H,-,S,Y,4,0,1,2,A,-,03,22350,NA,N,C,C,A,A,H,-,A,D,1,NA,NA,NA,NA,Y,NA,A,07,0,0,1,0,0,0,0,0,0,-,-,33.77432,-118.07876,ORANGE,SEAL BEACH,-118.07817557,33.77428484
6994685,2015,2017-01-28,9670,2015-07-13,0130,20455,NA,1,3,7,3001,0,1,1,NA,2,502,RT 5,EUCLID ST,1500,S,N,A,-,Y,ORA,12,5,-,-,39.23,H,-,N,Y,3,0,1,2,A,-,03,22350,NA,N,C,C,A,A,H,-,A,D,6,NA,NA,NA,NA,Y,NA,A,07,0,1,0,0,0,0,0,0,0,-,-,33.83454,-117.93729,ORANGE,ANAHEIM,-117.93687615,33.83457937
6995482,2015,2015-08-29,3001,2015-07-19,1435,A1355,NA,7,5,7,3001,0,0,0,NA,0,0D1,W LINCOLN AV,CRESCENT WY,0,NA,Y,A,-,N,NA,NA,NA,NA,NA,NA,NA,NA,NA,N,4,0,2,2,A,-,09,21801,A,N,D,C,A,A,H,-,-,A,0,NA,NA,NA,NA,Y,NA,A,01,0,0,2,0,0,0,0,0,0,-,-,NA,NA,ORANGE,ANAHEIM,-117.94729002,33.83257009
6995501,2015,2017-01-23,3014,2015-07-03,0106,1253,RD25,5,5,5,3014,0,0,0,NA,0,0A2,RT 55,HOSPITAL RD,610,S,N,A,-,Y,ORA,12,55,-,-,0.48,I,6,N,Y,3,0,4,1,A,-,03,22350,NA,N,E,I,A,A,H,-,C,D,0,NA,NA,NA,NA,Y,NA,A,07,0,3,1,0,0,0,0,0,0,-,-,33.6239,-117.9282,ORANGE,NEWPORT BEACH,-117.9283455,33.62402884
6996072,2015,2015-08-07,3001,2015-07-19,2130,1894,D1,7,5,7,3001,0,0,0,NA,0,015,WEST BROADWAY,GILBERT ST,0,NA,Y,C,-,N,NA,NA,NA,NA,NA,NA,NA,NA,NA,Y,4,0,1,2,D,-,00,NA,NA,N,C,A,A,B,A,-,C,A,0,NA,NA,NA,NA,Y,NA,-,-,0,0,1,0,0,0,0,0,0,-,-,NA,NA,ORANGE,ANAHEIM,-117.96761005,33.82872006
6998266,2015,2015-07-28,3024,2015-06-23,1705,382,P02,2,5,5,3024,0,0,0,NA,0,WEST,GARDEN GROVE BL,MELANIE LN,1800,W,N,A,-,N,NA,NA,NA,NA,NA,NA,NA,NA,NA,Y,3,0,2,2,A,-,09,21804,NA,N,D,C,A,A,H,-,A,D,0,NA,NA,NA,NA,Y,NA,A,01,0,1,1,0,0,0,0,0,0,-,-,NA,NA,ORANGE,WESTMINSTER,-118.03278456,33.77365588
6998603,2015,2015-07-23,3000,2015-06-12,2027,1916,891D5,5,5,4,3045,0,0,0,NA,0,746,MOULTON PKWY,LAKE FOREST DR,111,S,N,A,-,N,NA,NA,NA,NA,NA,NA,NA,NA,NA,Y,4,0,2,2,A,-,03,22350,NA,N,C,C,A,A,H,-,C,A,0,NA,NA,NA,NA,Y,NA,A,01,0,0,2,0,0,0,0,0,0,-,-,NA,NA,ORANGE,LAGUNA HILLS,-117.73015719,33.62909832
6999159,2015,2017-01-14,9675,2015-07-07,0920,016923,NA,2,1,6,3026,0,1,1,NA,2,407,RT 405,IRVINE CENTER DR,1500,N,N,A,-,Y,ORA,12,405,-,-,1.23,H,-,N,Y,4,0,1,2,A,-,03,22350,NA,N,C,C,A,A,H,-,A,D,6,NA,NA,NA,NA,Y,NA,A,01,0,0,1,0,0,0,0,0,0,-,-,NA,NA,ORANGE,IRVINE,-117.75173427,33.64958906
7001212,2015,2015-07-24,3009,2015-06-17,1818,4049,124,3,5,6,3009,0,0,0,NA,0,021,EUCLID ST,TRASK AV,67,N,N,A,-,N,NA,NA,NA,NA,NA,NA,NA,NA,NA,Y,3,0,3,2,A,-,07,21658,A,N,D,C,A,A,H,-,A,A,0,NA,NA,NA,NA,Y,NA,A,01,0,2,1,0,0,0,0,0,0,-,-,NA,NA,ORANGE,GARDEN GROVE,-117.93787189,33.76712368
7002407,2015,2015-07-27,3024,2015-07-11,1238,153,P05,6,5,5,3024,0,0,0,NA,0,00W,GARDEN GROVE BL,EAGLE DR,158,E,N,A,-,N,NA,NA,NA,NA,NA,NA,NA,NA,NA,Y,2,0,4,3,A,-,03,22350,NA,N,C,C,A,A,H,-,A,D,0,NA,NA,NA,NA,Y,NA,A,07,1,0,3,0,0,0,0,0,0,-,-,NA,NA,ORANGE,WESTMINSTER,-118.00401126,33.77371
7003120,2015,2015-08-05,3026,2015-06-21,0237,540,3,7,5,6,3026,0,0,0,NA,0,00U,BONITA CANYON,MARINERS CHURCH,152,W,N,A,-,N,NA,NA,NA,NA,NA,NA,NA,NA,NA,Y,2,0,1,1,A,-,01,23152,A,N,H,A,A,A,H,-,C,D,0,NA,NA,Y,NA,Y,Y,C,02,1,0,0,0,0,0,0,0,1,-,-,NA,NA,ORANGE,IRVINE,-117.833721,33.633675
7004535,2015,2015-08-06,3001,2015-07-25,1001,41555,NA,6,5,7,3001,0,0,0,NA,0,0D2,SANTA ANA ST,WEST ST,0,NA,Y,A,-,N,NA,NA,NA,NA,NA,NA,NA,NA,NA,Y,3,0,1,2,A,-,12,22450,NA,N,D,C,A,A,H,-,A,A,0,NA,NA,NA,NA,Y,NA,A,01,0,1,0,0,0,0,0,0,0,-,-,NA,NA,ORANGE,ANAHEIM,-117.92561004,33.82809009
7004820,2015,2015-07-22,3008,2015-06-02,1820,1316,NA,2,5,6,3008,0,0,0,NA,0,023,BRADFORD AV,YORBA LINDA BL,100,S,N,A,-,N,NA,NA,NA,NA,NA,NA,NA,NA,NA,N,4,0,1,2,A,-,09,21804,A,N,D,C,A,A,H,-,A,D,0,NA,NA,NA,NA,Y,NA,A,01,0,0,1,0,0,0,0,0,0,-,-,NA,NA,ORANGE,FULLERTON,-117.86592255,33.88771465
6976695,2015,2016-06-18,3008,2015-06-10,1150,1037,NA,3,5,6,3008,0,0,0,NA,0,0Z3,CHAPMAN AV,RT 57,189,E,N,B,-,N,NA,NA,NA,NA,NA,NA,NA,NA,NA,Y,4,0,1,3,A,-,07,21658,A,N,C,C,A,A,H,-,A,A,0,NA,NA,NA,NA,Y,NA,A,07,0,0,1,0,0,0,0,0,0,-,SO,NA,NA,ORANGE,FULLERTON,-117.8802366,33.87454606
6974401,2015,2015-07-08,3001,2015-06-13,1150,90724,NA,6,5,7,3001,0,0,0,NA,0,0D2,EUCLID ST,MEDICAL CENTER DR,0,NA,Y,B,-,N,NA,NA,NA,NA,NA,NA,NA,NA,NA,Y,3,0,2,2,A,-,12,21453,A,N,D,C,A,A,H,-,A,A,0,NA,NA,NA,NA,Y,NA,A,01,0,1,1,0,0,0,0,0,0,-,-,NA,NA,ORANGE,ANAHEIM,-117.94178005,33.85178004
6974239,2015,2017-01-07,9670,2015-06-20,2352,19565,NA,6,3,7,3001,0,1,1,NA,2,500,RT 5,BROOKHURST ST,20,N,N,A,-,Y,ORA,12,5,-,-,40.71,H,-,N,Y,2,0,1,2,A,-,03,22350,NA,N,C,C,A,A,H,-,C,D,6,NA,NA,NA,NA,Y,NA,A,01,1,0,0,0,0,0,0,0,0,-,-,33.84589,-117.95932,ORANGE,ANAHEIM,-117.95886635,33.84567708
6972052,2015,2015-07-07,9690,2015-05-16,2333,20623,NA,6,3,9,3000,0,2,4,NA,2,037,LIVE OAK CANYON RD,TRABUCO RIDGE DR,1600,S,N,A,-,N,NA,NA,NA,NA,NA,NA,NA,NA,NA,Y,3,0,1,1,A,-,08,22107,NA,N,E,I,A,A,H,-,C,D,0,NA,NA,NA,NA,Y,NA,A,01,0,1,0,0,0,0,0,0,0,-,-,33.66312,-117.60091,ORANGE,UNINCORPORATED,NA,NA
6970283,2015,2016-11-19,9675,2015-06-12,1355,019809,NA,5,1,6,3004,0,1,1,NA,2,405,RT 405,FAIRVIEW RD,550,N,N,A,-,Y,ORA,12,405,-,-,10.89,H,-,N,N,4,0,1,2,A,-,03,22350,NA,N,C,C,A,A,H,-,A,D,6,NA,NA,NA,NA,Y,NA,A,01,0,0,1,0,0,0,0,0,0,-,-,NA,NA,ORANGE,COSTA MESA,-117.90957825,33.68807708
6970279,2015,2017-01-18,9675,2015-06-16,1543,18027,NA,2,2,7,3001,0,1,3,NA,2,095,RT 91,RT 241,500,E,N,A,-,Y,ORA,12,91,-,R,16.93,H,-,E,N,4,0,1,2,A,-,03,22350,NA,N,C,C,A,A,H,-,A,D,1,NA,NA,NA,NA,Y,NA,A,07,0,0,1,0,0,0,0,0,0,-,-,NA,NA,ORANGE,ANAHEIM,-117.70356074,33.87033769
6961246,2015,2015-06-25,3024,2015-05-29,1741,161,P41,5,5,5,3024,0,0,0,NA,0,EAST,WARD ST,MCFADDEN AV,480,S,N,A,-,N,NA,NA,NA,NA,NA,NA,NA,NA,NA,Y,4,0,2,3,A,-,09,21804,A,N,D,C,A,A,H,-,A,D,0,NA,NA,NA,NA,Y,NA,A,01,0,0,2,0,0,0,0,0,0,-,-,NA,NA,ORANGE,WESTMINSTER,-117.94603306,33.73659407
6975641,2015,2016-12-13,3001,2015-06-20,2056,A1252,NA,6,5,7,3001,0,0,0,NA,0,0D1,RT 39,STONYBROOK DR,99,N,N,A,-,Y,ORA,12,39,-,-,11.97,H,-,N,Y,3,0,1,1,A,-,03,22350,NA,N,F,A,A,A,H,-,C,D,0,NA,NA,NA,NA,Y,NA,A,01,0,1,0,0,0,0,0,0,0,-,-,NA,NA,ORANGE,ANAHEIM,-117.99323592,33.82168564
7005329,2015,2015-07-27,3000,2015-06-20,1020,3602,971E3,6,5,4,3029,0,0,0,NA,0,735,CROWN VALLEY PKY,SEVEN SEAS,76,W,N,A,-,N,NA,NA,NA,NA,NA,NA,NA,NA,NA,N,4,0,1,2,A,-,09,21802,A,N,B,C,A,A,H,-,A,D,0,NA,NA,NA,NA,Y,NA,A,07,0,0,1,0,0,0,0,0,0,-,-,NA,NA,ORANGE,DANA POINT,-117.7261569,33.48746616
7005349,2015,2015-07-27,3000,2015-06-17,2037,1916,922A2,3,5,4,3045,0,0,0,NA,0,746,LA PAZ RD,RICKENBACKER RD,0,NA,Y,A,-,N,NA,NA,NA,NA,NA,NA,NA,NA,NA,Y,2,0,3,2,A,-,09,21804,A,N,D,C,A,A,H,-,C,D,0,NA,NA,NA,NA,Y,NA,A,07,1,0,2,0,0,0,0,0,0,-,-,NA,NA,ORANGE,LAGUNA HILLS,-117.68115007,33.59558004
7006172,2015,2017-03-30,3019,2015-08-19,2105,3179,SE,3,5,7,3019,0,0,0,NA,0,003,MCFADDEN AV,CEDAR ST,215,E,N,A,-,N,NA,NA,NA,NA,NA,NA,NA,NA,NA,N,1,1,0,2,A,-,11,21954,A,N,G,B,E,-,H,-,C,D,0,Y,NA,NA,NA,Y,NA,N,60,0,0,0,1,0,0,0,0,0,-,-,NA,NA,ORANGE,SANTA ANA,-117.85801457,33.73359403
7006665,2015,2017-03-30,3019,2015-07-25,1218,2888,SC,6,5,7,3019,0,0,0,NA,0,004,MCFADDEN AV,CENTER ST,0,NA,Y,A,-,N,NA,NA,NA,NA,NA,NA,NA,NA,NA,N,1,1,1,3,A,-,10,21950,A,N,G,B,B,A,H,-,A,A,0,Y,NA,NA,NA,Y,NA,D,22,0,1,0,1,1,0,0,0,0,-,-,NA,NA,ORANGE,SANTA ANA,-117.89814006,33.73449011
7006870,2015,2017-01-19,9675,2015-07-17,0837,020594,NA,5,1,5,3022,0,1,1,NA,2,503,RT 5,REDHILL AV,200,N,N,A,-,Y,ORA,12,5,-,R,29.38,H,-,S,Y,4,0,1,4,A,-,03,22350,NA,N,C,C,A,A,H,-,A,D,1,NA,NA,NA,NA,Y,NA,A,08,0,0,1,0,0,0,0,0,0,-,-,33.73435,-117.81697,ORANGE,TUSTIN,-117.81948545,33.735719
7008503,2015,2015-08-07,3010,2015-07-17,2031,1059,474,5,5,6,3010,0,0,0,NA,0,002,NEWLAND ST,HAMILTON AV,0,NA,Y,A,-,N,NA,NA,NA,NA,NA,NA,NA,NA,NA,Y,4,0,3,2,A,-,09,21801,A,N,A,C,A,A,H,-,C,A,0,NA,NA,NA,NA,Y,Y,A,01,0,0,3,0,0,0,0,0,0,-,-,NA,NA,ORANGE,HUNTINGTON BEACH,-117.97958004,33.65042001
7009476,2015,2015-08-25,3015,2015-07-22,1908,1098,41C,3,5,6,3015,0,0,0,NA,0,731,WEST CHAPMAN AV,N RAMPART ST,292,E,N,A,-,N,NA,NA,NA,NA,NA,NA,NA,NA,NA,Y,3,0,2,2,A,-,06,21755,A,N,D,D,A,A,H,-,A,D,0,NA,NA,NA,NA,Y,NA,A,01,0,2,0,0,0,0,0,0,0,-,-,NA,NA,ORANGE,ORANGE,-117.88570774,33.78890953
7010380,2015,2017-01-23,9675,2015-07-29,1800,18714,NA,3,2,6,3015,0,1,3,NA,2,551,RT 55,LA VETA AV,100,S,N,A,-,Y,ORA,12,55,-,-,13.2,H,-,S,Y,3,0,2,2,A,-,03,22350,NA,N,C,C,A,A,H,-,A,D,6,NA,NA,NA,NA,Y,NA,A,01,0,1,1,0,0,0,0,0,0,-,-,33.78057,-117.33136,ORANGE,ORANGE,-117.831239,33.78033491
7010778,2015,2017-01-14,3012,2015-08-04,0538,541,48,2,5,5,3012,0,0,0,NA,0,004,IMPERIAL HWY,LAKEVIEW AV,0,NA,Y,A,-,Y,ORA,12,90,-,-,2.121,I,5,E,Y,4,0,1,2,A,-,12,21453,A,N,D,C,A,A,H,-,B,A,0,NA,NA,NA,NA,Y,NA,A,07,0,0,1,0,0,0,0,0,0,-,-,NA,NA,ORANGE,LA HABRA,-117.93974375,33.91727783
7011290,2015,2015-09-19,3008,2015-08-19,1701,1117,NA,3,5,6,3008,0,0,0,NA,0,0Z2,HARBOR BL,AMERIGE AV,10,S,N,A,-,N,NA,NA,NA,NA,NA,NA,NA,NA,NA,N,4,0,1,2,A,-,03,22350,NA,N,C,C,A,A,H,-,A,A,0,NA,NA,NA,NA,Y,NA,A,01,0,0,1,0,0,0,0,0,0,-,-,NA,NA,ORANGE,FULLERTON,-117.92437949,33.87135259
7011540,2015,2015-09-19,3024,2015-08-17,1820,174,P39,1,5,5,3024,0,0,0,NA,0,EAST,NEWLAND ST,EDINGER AV,64,S,N,A,B,N,NA,NA,NA,NA,NA,NA,NA,NA,NA,Y,4,0,2,5,A,-,03,22350,NA,N,C,C,A,A,D,-,A,A,0,NA,NA,NA,NA,Y,NA,A,01,0,0,2,0,0,0,0,0,0,-,-,NA,NA,ORANGE,WESTMINSTER,-117.98073,33.73007453
7011578,2015,2015-09-19,3015,2015-08-29,0251,1234,44N,6,5,6,3015,0,0,0,NA,0,131,S HEWES ST,VIA LARDO AV,105,N,N,A,-,N,NA,NA,NA,NA,NA,NA,NA,NA,NA,Y,3,0,1,3,A,-,03,22350,NA,N,B,C,A,A,H,-,C,D,0,NA,NA,NA,NA,Y,NA,-,-,0,1,0,0,0,0,0,0,0,-,-,NA,NA,ORANGE,ORANGE,-117.80572,33.78535783
7011594,2015,2015-09-21,3000,2015-08-25,1714,2182,992J2,2,5,5,3017,0,0,0,NA,0,M73,E AVENIDA PICO,CALLE DEL CERRO,178,W,N,B,E,N,NA,NA,NA,NA,NA,NA,NA,NA,NA,Y,4,0,1,2,A,-,03,22350,NA,N,C,C,A,A,H,-,A,D,0,NA,NA,NA,NA,Y,NA,A,01,0,0,1,0,0,0,0,0,0,-,-,NA,NA,ORANGE,SAN CLEMENTE,-117.61408774,33.44416193
7011817,2015,2016-12-21,9675,2015-07-21,2154,020627,NA,2,2,6,3026,0,1,1,NA,2,504,RT 5,BAKE PKWY,1200,S,N,A,-,Y,ORA,12,5,-,-,20.34,H,-,N,Y,3,0,3,3,A,-,03,22350,NA,N,C,C,A,A,H,-,C,D,1,NA,NA,NA,NA,Y,NA,A,01,0,1,2,0,0,0,0,0,0,-,-,33.63582,-117.72799,ORANGE,IRVINE,-117.72542934,33.63307547
7012424,2015,2017-01-14,9675,2015-07-24,2030,19407,NA,5,2,6,3026,0,1,1,NA,2,504,RT 5,BAKE PKWY,550,N,N,A,-,Y,ORA,12,5,-,-,21.01,H,-,N,Y,4,0,1,1,A,-,01,23152,NA,N,E,I,A,A,H,-,A,D,1,NA,NA,NA,NA,Y,Y,A,08,0,0,1,0,0,0,0,0,0,TO,-,33.64445,-117.73457,ORANGE,IRVINE,-117.73205482,33.6411518
7012442,2015,2016-12-21,9675,2015-07-25,1305,019809,NA,6,1,6,3026,0,1,1,NA,2,503,RT 5,CULVER DR,1700,S,N,A,-,Y,ORA,12,5,-,R,26.26,H,-,N,N,4,0,1,3,A,-,03,22350,NA,N,C,C,A,A,H,-,A,D,1,NA,NA,NA,NA,Y,NA,D,22,0,0,1,0,0,0,0,0,0,-,-,33.7075,-117.72976,ORANGE,IRVINE,-117.77881356,33.70616429
7012674,2015,2017-01-19,9675,2015-07-23,1528,19407,NA,4,2,5,3022,0,1,1,NA,2,503,RT 5,JAMBOREE RD,190,N,N,A,-,Y,ORA,12,5,-,-,27.729,R,1,N,N,4,0,1,2,A,-,03,22350,NA,N,C,C,A,A,H,-,A,A,1,NA,NA,NA,NA,Y,NA,A,07,0,0,1,0,0,0,0,0,0,FR,-,33.72097,-117.79648,ORANGE,TUSTIN,-117.79683289,33.72096864
7015894,2015,2015-08-25,3012,2015-07-25,1750,604,31,6,5,5,3012,0,0,0,NA,0,003,LAMBERT RD,STURBRIDGE DR,185,E,N,A,-,N,NA,NA,NA,NA,NA,NA,NA,NA,NA,Y,3,0,1,2,A,-,08,22100,A,M,F,C,A,A,H,-,A,A,0,NA,NA,NA,NA,Y,NA,A,08,0,1,0,0,0,0,0,0,0,-,-,NA,NA,ORANGE,LA HABRA,-117.96996163,33.92468455
7016295,2015,2015-12-04,3009,2015-07-23,2133,4283,123,4,5,6,3009,0,0,0,NA,0,021,ORA ST,FREDRICK DR,599,N,N,A,-,N,NA,NA,NA,NA,NA,NA,NA,NA,NA,Y,4,0,2,2,A,-,08,22107,NA,N,-,E,A,A,H,-,D,A,0,NA,NA,NA,NA,Y,NA,A,01,0,0,2,0,0,0,0,0,0,-,-,NA,NA,ORANGE,GARDEN GROVE,-117.93632888,33.78717221
7020293,2015,2015-08-11,3019,2015-07-22,1514,3151,SE,3,5,7,3019,0,0,0,NA,0,003,MACARTHUR BL,BIRCH ST,0,NA,Y,A,-,N,NA,NA,NA,NA,NA,NA,NA,NA,NA,Y,4,0,1,3,A,-,17,21451,A,N,D,C,A,A,H,-,A,A,0,NA,NA,NA,NA,Y,NA,A,01,0,0,1,0,0,0,0,0,0,-,-,NA,NA,ORANGE,SANTA ANA,-117.87172006,33.7000801
7020407,2015,2015-08-14,3019,2015-06-27,1501,2999,NE,6,5,7,3019,0,0,0,NA,0,002,CIVIC CENTER,ROSS ST,26,E,N,A,-,N,NA,NA,NA,NA,NA,NA,NA,NA,NA,N,3,0,2,2,A,-,09,21801,A,N,D,C,A,A,H,-,A,A,0,NA,NA,NA,NA,Y,NA,A,01,0,1,1,0,0,0,0,0,0,-,-,NA,NA,ORANGE,SANTA ANA,-117.87240467,33.75155
7021462,2015,2015-09-11,3001,2015-08-04,1148,A0387,NA,2,5,7,3001,0,0,0,NA,0,NA,NORTH TUSTIN AV,E MIRALOMA AV,0,NA,Y,A,-,N,NA,NA,NA,NA,NA,NA,NA,NA,NA,Y,4,0,1,2,A,-,12,21453,A,N,D,C,A,A,H,-,A,A,0,NA,NA,NA,NA,Y,NA,A,01,0,0,1,0,0,0,0,0,0,-,-,NA,NA,ORANGE,ANAHEIM,-117.84205013,33.86255005
7021490,2015,2015-08-19,3001,2015-07-31,0617,1555,NA,5,5,7,3001,0,0,0,NA,0,0D1,NORTH MAGNOLIA AV,W WOODLAND DR,788,N,N,A,-,N,NA,NA,NA,NA,NA,NA,NA,NA,NA,Y,4,0,3,3,A,-,03,22350,NA,N,-,-,A,A,H,-,A,-,0,NA,NA,NA,NA,Y,NA,A,01,0,0,3,0,0,0,0,0,0,-,-,NA,NA,ORANGE,ANAHEIM,-117.97619406,33.85149031
7021904,2015,2015-08-25,3001,2015-08-03,2105,792,D2,1,5,7,3001,0,0,0,NA,0,1526,NORTH EAST ST,E NORTH ST,0,NA,Y,A,-,N,NA,NA,NA,NA,NA,NA,NA,NA,NA,N,3,0,1,2,A,-,09,21801,A,N,-,C,A,A,H,-,C,A,0,NA,NA,NA,NA,Y,NA,A,01,0,1,0,0,0,0,0,0,0,-,-,NA,NA,ORANGE,ANAHEIM,-117.90554009,33.84684012
7022190,2015,2015-08-22,3009,2015-07-31,1404,4049,103,5,5,6,3009,0,0,0,NA,0,012,CHAPMAN AV,BROOKHURST ST,264,W,N,A,-,N,NA,NA,NA,NA,NA,NA,NA,NA,NA,N,3,0,1,2,A,-,05,21650,1,N,D,G,A,A,H,-,A,D,0,NA,Y,NA,NA,Y,NA,L,04,0,1,0,0,0,0,1,0,0,-,-,NA,NA,ORANGE,GARDEN GROVE,-117.95969676,33.78865