CASE_ID,ACCIDENT_YEAR,PROC_DATE,JURIS,COLLISION_DATE,COLLISION_TIME,OFFICER_ID,REPORTING_DISTRICT,DAY_OF_WEEK,CHP_SHIFT,POPULATION,CNTY_CITY_LOC,SPECIAL_COND,BEAT_TYPE,CHP_BEAT_TYPE,CITY_DIVISION_LAPD,CHP_BEAT_CLASS,BEAT_NUMBER,PRIMARY_RD,SECONDARY_RD,DISTANCE,DIRECTION,INTERSECTION,WEATHER_1,WEATHER_2,STATE_HWY_IND,CALTRANS_COUNTY,CALTRANS_DISTRICT,STATE_ROUTE,ROUTE_SUFFIX,POSTMILE_PREFIX,POSTMILE,LOCATION_TYPE,RAMP_INTERSECTION,SIDE_OF_HWY,TOW_AWAY,COLLISION_SEVERITY,NUMBER_KILLED,NUMBER_INJURED,PARTY_COUNT,PRIMARY_COLL_FACTOR,PCF_CODE_OF_VIOL,PCF_VIOL_CATEGORY,PCF_VIOLATION,PCF_VIOL_SUBSECTION,HIT_AND_RUN,TYPE_OF_COLLISION,MVIW,PED_ACTION,ROAD_SURFACE,ROAD_COND_1,ROAD_COND_2,LIGHTING,CONTROL_DEVICE,CHP_ROAD_TYPE,PEDESTRIAN_ACCIDENT,BICYCLE_ACCIDENT,MOTORCYCLE_ACCIDENT,TRUCK_ACCIDENT,NOT_PRIVATE_PROPERTY,ALCOHOL_INVOLVED,STWD_VEHTYPE_AT_FAULT,CHP_VEHTYPE_AT_FAULT,COUNT_SEVERE_INJ,COUNT_VISIBLE_INJ,COUNT_COMPLAINT_PAIN,COUNT_PED_KILLED,COUNT_PED_INJURED,COUNT_BICYCLIST_KILLED,COUNT_BICYCLIST_INJURED,COUNT_MC_KILLED,COUNT_MC_INJURED,PRIMARY_RAMP,SECONDARY_RAMP,LATITUDE,LONGITUDE,COUNTY,CITY,POINT_X,POINT_Y
7022194,2015,2015-08-22,3009,2015-07-29,1615,3607,096,3,5,6,3009,0,0,0,NA,0,013,WESTMINSTER AV,BROOKHURST ST,385,W,N,A,-,N,NA,NA,NA,NA,NA,NA,NA,NA,NA,N,4,0,1,2,A,-,09,21804,A,N,D,C,A,A,H,-,A,A,0,NA,NA,NA,NA,Y,NA,A,01,0,0,1,0,0,0,0,0,0,-,-,NA,NA,ORANGE,GARDEN GROVE,-117.95630326,33.75961
7024598,2015,2017-01-28,9670,2015-07-28,1750,20325,NA,2,2,6,3008,0,1,3,NA,2,093,RT 91,EUCLID ST,1300,E,N,A,-,Y,ORA,12,91,-,-,2.52,H,-,W,Y,3,0,2,3,A,-,03,22350,NA,N,C,C,A,A,H,-,A,D,1,NA,NA,NA,NA,Y,Y,A,08,0,1,1,0,0,0,0,0,0,-,-,33.85424,-117.93839,ORANGE,FULLERTON,-117.93707924,33.85423558
7026067,2015,2015-08-22,3026,2015-07-12,2304,358,NA,7,5,6,3026,0,0,0,NA,0,00P,JEFFREY RD,ROOSEVELT,0,NA,Y,A,-,N,NA,NA,NA,NA,NA,NA,NA,NA,NA,Y,4,0,2,2,A,-,12,21453,A,M,D,C,A,A,H,-,C,A,0,NA,NA,NA,NA,Y,NA,A,01,0,0,2,0,0,0,0,0,0,-,-,NA,NA,ORANGE,IRVINE,-117.76492009,33.69355007
7026991,2015,2015-08-26,3001,2015-01-28,1814,1373,NA,3,5,7,3001,0,0,0,NA,0,0D1,WEST ORANGE AV,S HILLVIEW RD,95,W,N,A,-,N,NA,NA,NA,NA,NA,NA,NA,NA,NA,Y,3,0,3,5,A,-,03,22350,NA,N,C,C,A,A,H,-,A,D,0,NA,NA,NA,NA,Y,NA,A,07,0,1,2,0,0,0,0,0,0,-,-,NA,NA,ORANGE,ANAHEIM,-117.96650203,33.82497558
7026992,2015,2015-08-26,3001,2015-07-28,1201,1670,NA,2,5,7,3001,0,0,0,NA,0,0D2,WEST GLENOAKS AV,N EUCLID ST,528,W,N,A,-,N,NA,NA,NA,NA,NA,NA,NA,NA,NA,Y,3,0,4,2,A,-,03,22350,NA,N,C,C,A,A,H,-,A,D,0,NA,NA,NA,NA,Y,NA,A,01,0,2,2,0,0,0,0,0,0,-,-,NA,NA,ORANGE,ANAHEIM,-117.94333801,33.84303988
7027208,2015,2016-12-22,9675,2015-08-03,1606,18834,NA,1,2,6,3008,0,1,3,NA,2,070,RT 57,IMPERIAL HWY,1800,S,N,A,-,Y,ORA,12,57,-,-,19.52,H,-,N,Y,3,0,3,2,A,-,03,22350,NA,N,C,C,A,A,H,-,A,D,6,NA,NA,Y,NA,Y,NA,C,02,0,1,2,0,0,0,0,0,1,-,-,33.90498,-117.88112,ORANGE,FULLERTON,-117.88131363,33.90621224
7027953,2015,2015-10-07,3004,2015-09-15,1458,P541,10,2,5,6,3004,0,0,0,NA,0,003,HARBOR BL,W WILSON ST,315,S,N,B,-,N,NA,NA,NA,NA,NA,NA,NA,NA,NA,N,4,0,1,3,A,-,01,23152,E,N,C,C,A,A,H,-,-,A,0,NA,NA,NA,NA,Y,NA,A,01,0,0,1,0,0,0,0,0,0,-,-,33.65169,-117.91899,ORANGE,COSTA MESA,-117.9191074,33.6552865
7028011,2015,2016-01-12,3008,2015-09-16,1616,1431,NA,3,5,6,3008,0,0,0,NA,0,0Z2,BASTANCHURY RD,MORELIA AV,290,E,Y,A,-,N,NA,NA,NA,NA,NA,NA,NA,NA,NA,N,4,0,1,3,A,-,07,21658,A,N,B,C,A,A,H,-,A,A,0,NA,NA,NA,NA,Y,NA,A,01,0,0,1,0,0,0,0,0,0,-,-,NA,NA,ORANGE,FULLERTON,-117.93237331,33.89365149
7028156,2015,2015-10-12,3008,2015-09-21,1301,1320,NA,1,5,6,3008,0,0,0,NA,0,001,ORANGETHORPE,MAGNOLIA,32,E,N,B,-,N,NA,NA,NA,NA,NA,NA,NA,NA,NA,N,2,0,1,2,A,-,11,21954,A,N,G,B,E,A,H,-,A,A,0,Y,NA,NA,NA,Y,Y,N,60,1,0,0,0,1,0,0,0,0,-,-,NA,NA,ORANGE,FULLERTON,-117.97628,33.85911
7028325,2015,2017-01-28,3010,2015-08-06,1618,1059,282,4,5,6,3010,0,0,0,NA,0,006,RT 39,RONALD DR,65,N,N,B,-,Y,ORA,12,39,-,-,3.8,H,-,S,N,4,0,3,2,A,-,04,21703,NA,N,C,C,A,A,H,-,A,A,0,NA,NA,NA,NA,Y,NA,A,01,0,0,3,0,0,0,0,0,0,-,-,NA,NA,ORANGE,HUNTINGTON BEACH,-117.98929703,33.70368686
7028378,2015,2017-01-28,9670,2015-08-06,0853,15587,NA,4,1,7,3001,0,1,3,NA,2,094,RT 91,EUCLID ST,1370,W,N,A,-,Y,ORA,12,91,-,-,2.01,H,-,E,Y,4,0,1,2,A,-,03,22350,NA,N,C,C,A,A,H,-,A,D,1,NA,NA,NA,NA,Y,NA,A,01,0,0,1,0,0,0,0,0,0,-,-,33.85408,-117.94667,ORANGE,ANAHEIM,-117.94594299,33.85401344
7028992,2015,2017-10-03,9690,2015-06-13,1330,18479,NA,6,1,5,3028,0,1,1,NA,2,056,RT 5,OSO PKWY,400,N,N,B,-,Y,ORA,12,5,-,-,15.35,H,-,S,Y,4,0,1,2,A,-,07,21658,A,N,C,C,A,A,H,-,A,D,1,NA,NA,Y,NA,Y,NA,A,07,0,0,1,0,0,0,0,0,1,-,-,33.58031,-117.67201,ORANGE,MISSION VIEJO,-117.67185895,33.58204644
7029035,2015,2016-11-29,9690,2015-06-16,0500,14552,NA,2,3,9,3000,0,1,3,NA,1,074,RT 74,SAN JUAN CREEK BRIDGE,4752,E,N,B,-,Y,ORA,12,74,-,-,11.4,H,-,W,Y,4,0,1,1,C,-,18,NA,NA,N,H,H,A,A,H,-,D,D,0,NA,NA,NA,NA,Y,NA,-,-,0,0,1,0,0,0,0,0,0,-,-,33.58084,-117.52949,ORANGE,UNINCORPORATED,-117.52688476,33.58189483
7033494,2015,2017-01-12,9675,2015-08-04,1740,19407,NA,2,2,6,3015,0,1,3,NA,2,222,RT 22,LEWIS ST,170,W,N,A,-,Y,ORA,12,22,-,R,9.38,H,-,E,Y,3,0,1,2,A,-,07,21658,A,N,B,C,A,A,H,-,A,D,0,NA,NA,Y,NA,Y,NA,A,07,0,1,0,0,0,0,0,0,1,-,-,33.77841,-117.89699,ORANGE,ORANGE,-117.89696174,33.77826991
7034079,2015,2017-01-28,9690,2015-07-12,0154,020623,NA,7,3,4,3018,0,1,1,NA,2,057,RT 5,RT 74,3696,N,N,A,-,Y,ORA,12,5,-,-,10.3,H,-,S,N,4,0,1,2,A,-,03,22350,NA,N,C,C,A,A,D,E,D,D,1,NA,NA,NA,Y,Y,NA,F,55,0,0,1,0,0,0,0,0,0,-,-,33.51196,-117.66225,ORANGE,SAN JUAN CAPISTRANO,-117.66220696,33.51193181
7034174,2015,2017-01-28,9690,2015-07-05,0122,19089,NA,7,3,4,3018,0,1,1,NA,2,057,RT 5,RT 73,1354,S,N,A,-,Y,ORA,12,5,-,-,12.23,H,-,S,Y,2,0,1,1,A,-,01,23152,E,N,E,I,A,A,H,-,C,D,1,NA,NA,NA,NA,Y,NA,A,01,1,0,0,0,0,0,0,0,0,-,-,33.53928,-117.67449,ORANGE,SAN JUAN CAPISTRANO,-117.6751548,33.5366094
7034211,2015,2015-08-25,9690,2015-07-05,1525,018526,NA,7,2,9,3000,0,3,5,NA,2,003,TRABUCO CANYON RD,PLANO TRABUCO RD,2100,W,N,A,-,N,NA,NA,NA,NA,NA,NA,NA,NA,NA,Y,3,0,1,1,A,-,01,23152,A,N,E,I,A,A,H,-,A,D,0,NA,NA,Y,NA,Y,Y,C,02,0,1,0,0,0,0,0,0,1,-,-,33.39297,-117.34593,ORANGE,UNINCORPORATED,-117.58304528,33.65832294
7034268,2015,2015-09-11,3001,2015-08-11,0943,1670,NA,2,5,7,3001,0,0,0,NA,0,0D2,ROMNEYA AV,DRESDEN PL,30,W,N,B,-,N,NA,NA,NA,NA,NA,NA,NA,NA,NA,Y,4,0,1,4,A,-,03,22350,NA,M,C,C,A,A,H,-,A,D,0,NA,NA,NA,NA,Y,NA,A,01,0,0,1,0,0,0,0,0,0,-,-,NA,NA,ORANGE,ANAHEIM,-117.94004854,33.85071763
7037111,2015,2015-08-26,3008,2015-08-04,1611,1296,NA,2,5,6,3008,0,0,0,NA,0,0Z2,CHAPMAN AV,HARBOR BL,0,NA,Y,A,-,N,NA,NA,NA,NA,NA,NA,NA,NA,NA,Y,3,0,2,2,A,-,12,21453,A,N,D,C,A,A,H,-,A,A,0,NA,NA,NA,NA,Y,NA,A,01,0,1,1,0,0,0,0,0,0,-,-,NA,NA,ORANGE,FULLERTON,-117.92434,33.87393007
7038100,2015,2015-09-02,3001,2015-08-18,1842,1032,NA,2,5,7,3001,0,0,0,NA,0,0D3,BALL RD,EAST ST,62,E,N,A,-,N,NA,NA,NA,NA,NA,NA,NA,NA,NA,N,3,0,3,3,A,-,03,22350,NA,N,C,C,A,A,H,-,A,A,0,NA,NA,NA,NA,Y,Y,D,22,0,1,2,0,0,0,0,0,0,-,-,NA,NA,ORANGE,ANAHEIM,-117.89591636,33.8181
7038246,2015,2015-09-03,3001,2015-08-06,2024,415,NA,4,5,7,3001,0,0,0,NA,0,0D4,GLASSELL ST,FRONTERA ST,0,NA,Y,A,-,N,NA,NA,NA,NA,NA,NA,NA,NA,NA,Y,4,0,1,3,A,-,09,21801,A,N,D,C,A,A,H,-,C,A,0,NA,NA,NA,NA,Y,NA,A,01,0,0,1,0,0,0,0,0,0,-,-,NA,NA,ORANGE,ANAHEIM,-117.85450011,33.84630006
7039367,2015,2017-02-18,3008,2015-08-05,2039,1081,Z2,3,5,6,3008,0,0,0,NA,0,NA,HARBOR BL,E VALLEY VIEW DR,0,NA,Y,A,-,N,NA,NA,NA,NA,NA,NA,NA,NA,NA,Y,4,0,1,3,A,-,09,21801,A,N,D,C,A,A,H,-,C,A,0,NA,NA,NA,NA,Y,NA,A,01,0,0,1,0,0,0,0,0,0,-,-,NA,NA,ORANGE,FULLERTON,-117.92452008,33.88121005
7039750,2015,2015-09-01,3000,2015-07-02,1709,5163,951F5,4,5,5,3040,0,0,0,NA,0,18743,CROWN VALLEY PKWY,ALICIA PKWY,0,NA,Y,A,-,N,NA,NA,NA,NA,NA,NA,NA,NA,NA,Y,4,0,1,2,A,-,09,21453,C,N,D,C,A,A,H,-,A,A,0,NA,NA,NA,NA,Y,NA,A,01,0,0,1,0,0,0,0,0,0,-,-,NA,NA,ORANGE,LAGUNA NIGUEL,-117.71497003,33.52365011
7041798,2015,2015-09-04,3008,2015-07-05,2052,1435,NA,7,5,6,3008,0,0,0,NA,0,002,HARBOR BL,ORANGEFAIR AV,0,NA,Y,A,-,N,NA,NA,NA,NA,NA,NA,NA,NA,NA,Y,3,0,2,2,A,-,12,21453,A,N,D,C,A,A,H,-,C,A,0,NA,NA,NA,NA,Y,NA,-,NA,0,1,1,0,0,0,0,0,0,-,-,NA,NA,ORANGE,FULLERTON,-117.92436005,33.85631007
7042124,2015,2015-09-14,3000,2015-06-13,0158,8998,797J2,6,5,4,3021,0,0,0,NA,0,4A23,BEACH BL,PACIFIC ST,0,NA,Y,A,-,N,NA,NA,NA,NA,NA,NA,NA,NA,NA,Y,3,0,1,2,A,-,01,23152,A,N,D,C,A,A,H,-,C,A,0,NA,NA,NA,NA,Y,Y,A,01,0,1,0,0,0,0,0,0,0,-,-,NA,NA,ORANGE,STANTON,-117.99328007,33.80668003
7043074,2015,2015-09-09,3001,2015-08-15,1626,1469,NA,6,5,7,3001,0,0,0,NA,0,0D2,BROADWAY,KROEGER ST,0,NA,Y,A,-,N,NA,NA,NA,NA,NA,NA,NA,NA,NA,Y,2,0,1,2,A,-,09,21802,NA,N,D,C,A,A,H,-,A,A,0,NA,NA,Y,NA,Y,NA,A,01,1,0,0,0,0,0,0,0,1,-,-,NA,NA,ORANGE,ANAHEIM,-117.90723005,33.83470004
7043313,2015,2015-09-15,3001,2015-08-23,1955,763,NA,7,5,7,3001,0,0,0,NA,0,044,SERRANO AV,WILDFLOWER LN,0,NA,Y,A,-,N,NA,NA,NA,NA,NA,NA,NA,NA,NA,Y,4,0,1,2,A,-,12,21453,A,N,A,C,A,A,H,-,C,A,0,NA,NA,NA,NA,Y,NA,D,22,0,0,1,0,0,0,0,0,0,-,-,NA,NA,ORANGE,ANAHEIM,-117.7373401,33.86035009
7044067,2015,2015-09-21,3024,2015-08-15,1126,153,P32,6,5,5,3024,0,0,0,NA,0,EAST,NEWLAND ST,MCFADDEN AV,10,S,N,A,-,N,NA,NA,NA,NA,NA,NA,NA,NA,NA,Y,4,0,2,2,A,-,12,21453,A,N,D,C,A,A,D,-,A,A,0,NA,NA,NA,NA,Y,NA,-,-,0,0,2,0,0,0,0,0,0,-,-,NA,NA,ORANGE,WESTMINSTER,-117.98093937,33.73750259
7044434,2015,2015-11-06,9675,2015-08-15,1345,016984,NA,6,1,9,3000,0,3,5,NA,2,002,LINCOLN AV,RIVERBEND PKWY,10,W,N,A,-,N,NA,NA,NA,NA,NA,NA,NA,NA,NA,Y,1,1,0,2,A,-,08,22107,NA,N,C,C,A,A,H,-,A,D,0,NA,NA,NA,NA,Y,Y,A,01,0,0,0,0,0,0,0,0,0,-,-,33.83506,-117.85845,ORANGE,UNINCORPORATED,-117.85863269,33.83494728
7045997,2015,2015-12-10,3002,2015-07-30,2037,7612,740G3,4,5,5,3025,0,0,0,NA,0,003,PEPPER AV,MANZANITA AV,86,S,N,A,-,N,NA,NA,NA,NA,NA,NA,NA,NA,NA,Y,4,0,1,2,A,-,01,23152,E,N,C,E,A,A,H,-,C,D,0,NA,NA,NA,NA,Y,NA,A,01,0,0,1,0,0,0,0,0,0,-,-,NA,NA,ORANGE,YORBA LINDA,-117.77636,33.89963426
7047046,2015,2015-09-11,3022,2015-08-21,2334,1081,NA,5,5,5,3022,0,0,0,NA,0,002,MAIN ST,WILLIAMS ST,0,NA,Y,A,-,N,NA,NA,NA,NA,NA,NA,NA,NA,NA,Y,3,0,1,2,A,-,09,21801,A,N,D,C,A,A,H,-,C,A,0,NA,NA,NA,NA,Y,NA,A,01,0,1,0,0,0,0,0,0,0,-,-,33.4431,-117.5021,ORANGE,TUSTIN,-117.83948009,33.74202001
7047534,2015,2015-09-18,3015,2015-08-29,0153,1515,047E,6,5,6,3015,0,0,0,NA,0,002,N GLASSELL ST,N GLASSELL 2841,0,NA,-,A,-,N,NA,NA,NA,NA,NA,NA,NA,NA,NA,Y,3,0,3,1,B,-,22,NA,NA,N,F,-,A,D,G,-,D,D,0,NA,NA,NA,NA,Y,NA,-,-,0,3,0,0,0,0,0,0,0,-,-,NA,NA,ORANGE,ORANGE,-117.852422,33.837062
7048315,2015,2015-09-18,3000,2015-08-24,2250,5036,892C4,1,5,5,3028,0,0,0,NA,0,754,LOS ALISOS BL,VIA NOVENO,605,S,N,A,B,N,NA,NA,NA,NA,NA,NA,NA,NA,NA,Y,3,0,1,1,A,-,08,22107,NA,N,E,I,A,A,H,-,C,D,0,NA,NA,NA,NA,Y,NA,D,22,0,1,0,0,0,0,0,0,0,-,-,NA,NA,ORANGE,MISSION VIEJO,-117.66208171,33.63457366
7048448,2015,2015-09-14,3019,2015-08-19,1243,1925,102,3,5,7,3019,0,0,0,NA,0,0WE,TRASK AV,FAIRVIEW ST,105,E,N,A,-,N,NA,NA,NA,NA,NA,NA,NA,NA,NA,Y,4,0,1,2,A,-,03,22350,NA,N,C,C,A,A,H,-,A,D,0,NA,NA,NA,NA,Y,NA,A,01,0,0,1,0,0,0,0,0,0,-,-,NA,NA,ORANGE,SANTA ANA,-117.90256539,33.76713444
7049285,2015,2017-01-13,9670,2015-08-15,1805,20453,NA,6,2,4,3020,0,1,1,NA,2,044,RT 405,RT 22,1590,N,N,A,-,Y,ORA,12,405,-,-,23.58,H,-,N,Y,4,0,2,1,A,-,08,22107,NA,N,E,I,A,A,H,-,A,D,1,NA,NA,NA,NA,Y,NA,A,01,0,0,2,0,0,0,0,0,0,-,-,33.77571,-118.08752,ORANGE,SEAL BEACH,-118.08941192,33.77797439
7049679,2015,2017-01-30,3001,2015-08-24,1530,1373,NA,1,5,7,3001,0,0,0,NA,0,001,BEACH BL,ORANGE AV,0,NA,Y,A,-,Y,ORA,12,39,-,-,12.181,I,5,N,Y,4,0,3,2,D,-,00,NA,NA,N,D,C,A,A,H,-,A,A,0,NA,NA,NA,NA,Y,NA,-,-,0,0,3,0,0,0,0,0,0,-,-,NA,NA,ORANGE,ANAHEIM,-117.99327577,33.82474912
7050280,2015,2017-02-02,9675,2015-08-29,1050,020582,NA,6,1,6,3004,0,1,3,NA,2,073,RT 73,MACARTHUR BL,1000,N,N,A,-,Y,ORA,12,73,-,-,23.98,H,-,S,Y,4,0,2,3,A,-,03,22350,NA,N,C,C,A,A,H,-,A,D,0,NA,NA,NA,NA,Y,NA,A,07,0,0,2,0,0,0,0,0,0,-,-,NA,NA,ORANGE,COSTA MESA,-117.86058998,33.64463754
7050561,2015,2015-09-18,3012,2015-08-28,1739,288,24,5,5,5,3012,0,0,0,NA,0,0NE,LA HAABRA BL,ROSCOE ST,0,NA,Y,A,-,N,NA,NA,NA,NA,NA,NA,NA,NA,NA,Y,3,0,2,3,A,-,12,21453,A,N,D,C,A,A,H,-,A,A,0,NA,NA,Y,NA,Y,NA,A,01,0,2,0,0,0,0,0,0,1,-,-,NA,NA,ORANGE,LA HABRA,-117.92121,33.93188
7052197,2015,2015-09-30,3026,2015-08-28,1516,8929,NA,5,5,6,3026,0,0,0,NA,0,00U,CULVER DR,UNIVERSITY,0,NA,Y,A,-,N,NA,NA,NA,NA,NA,NA,NA,NA,NA,Y,4,0,1,3,A,-,03,22350,NA,N,C,C,A,A,H,-,A,A,0,NA,NA,NA,NA,Y,NA,A,01,0,0,1,0,0,0,0,0,0,-,-,NA,NA,ORANGE,IRVINE,-117.8278601,33.65743012
7052229,2015,2017-02-02,3014,2015-08-11,2125,1277,RD25,2,5,5,3014,0,0,0,NA,0,0A2,WEST COAST HWY,TUSTIN AV,112,W,N,A,-,Y,ORA,12,1,-,-,19.43,H,-,S,N,3,0,2,2,A,-,00,21685,A,N,H,C,A,A,H,-,C,D,0,NA,NA,Y,NA,Y,Y,A,01,0,2,0,0,0,0,0,0,2,-,-,33.3719,-117.5549,ORANGE,NEWPORT BEACH,-117.92322103,33.61977834
7052811,2015,2015-09-18,3000,2015-07-23,1115,8558,891E5,4,5,5,3050,0,0,0,NA,0,160,ROCKFIELD BL,BOEING AV,277,N,N,A,-,N,NA,NA,NA,NA,NA,NA,NA,NA,NA,Y,4,0,1,2,A,-,08,22107,NA,N,B,C,A,A,D,-,A,A,0,NA,NA,Y,NA,Y,NA,A,07,0,0,1,0,0,0,0,0,1,-,-,NA,NA,ORANGE,LAKE FOREST,-117.71603439,33.62828115
7053463,2015,2015-09-23,3001,2015-09-04,1800,415,NA,5,5,7,3001,0,0,0,NA,0,0D1,WEST KATELLA AV,SOUTH NUTWOOD ST,40,E,N,A,-,N,NA,NA,NA,NA,NA,NA,NA,NA,NA,N,4,0,1,2,A,-,03,22350,NA,N,C,C,A,A,H,-,A,A,0,NA,NA,NA,NA,Y,NA,D,22,0,0,1,0,0,0,0,0,0,-,-,NA,NA,ORANGE,ANAHEIM,-117.95000866,33.80313215
7053669,2015,2015-09-21,3010,2015-06-13,2009,1176,431,6,5,6,3010,0,0,0,NA,0,004,YORKTOWN,MAIN,0,NA,Y,B,-,N,NA,NA,NA,NA,NA,NA,NA,NA,NA,Y,2,0,2,3,A,-,00,23153,F,N,D,C,A,A,H,-,B,A,0,NA,NA,NA,NA,Y,Y,A,07,2,0,0,0,0,0,0,0,0,-,-,NA,NA,ORANGE,HUNTINGTON BEACH,-118.00175008,33.67932006
7053842,2015,2015-09-22,3010,2015-07-17,0827,2057,466,5,5,6,3010,0,0,0,NA,0,NA,HAMILTON AV,VIA STRAITS LN,15,E,N,A,-,N,NA,NA,NA,NA,NA,NA,NA,NA,NA,Y,2,0,1,2,A,-,10,21950,A,N,G,B,B,A,H,-,A,A,0,Y,NA,NA,NA,Y,NA,A,01,1,0,0,0,1,0,0,0,0,-,-,33.3901,-117.5731,ORANGE,HUNTINGTON BEACH,-117.95870083,33.65057
7054620,2015,2016-12-22,9675,2015-09-17,0755,16748,NA,4,1,4,3002,0,1,3,NA,2,570,RT 57,LAMBERT RD,200,N,N,A,-,Y,ORA,12,57,-,-,21.204,R,1,S,N,4,0,1,2,A,-,21,22106,NA,N,C,C,A,A,H,-,A,A,6,NA,NA,NA,NA,Y,NA,A,07,0,0,1,0,0,0,0,0,0,TO,-,33.92589,-117.88145,ORANGE,BREA,-117.88013018,33.92988644
7055986,2015,2015-10-03,3024,2015-09-02,1725,381,P37,3,5,5,3024,0,0,0,NA,0,EAST,MCFADDEN AV,MONROE ST,70,W,N,A,-,N,NA,NA,NA,NA,NA,NA,NA,NA,NA,Y,4,0,1,2,A,-,07,21658,A,N,B,C,A,A,H,-,A,D,0,NA,NA,NA,NA,Y,NA,A,07,0,0,1,0,0,0,0,0,0,-,-,NA,NA,ORANGE,WESTMINSTER,-117.98559963,33.73748466
7057005,2015,2015-10-10,3024,2015-08-31,1338,137,NA,1,5,5,3024,0,0,0,NA,0,NA,HOOVER ST,21ST ST,0,NA,Y,A,-,N,NA,NA,NA,NA,NA,NA,NA,NA,NA,Y,2,0,3,2,A,-,12,22450,A,N,D,C,A,A,H,-,A,D,0,NA,NA,NA,NA,Y,NA,A,01,1,2,0,0,0,0,0,0,0,-,-,NA,NA,ORANGE,WESTMINSTER,-117.99846008,33.76282012
7057570,2015,2015-11-25,3026,2015-10-21,0858,556/363,UNIVE,3,5,6,3026,0,0,0,NA,0,00U,CORONADO,AMBIZAR,0,NA,Y,A,-,N,NA,NA,NA,NA,NA,NA,NA,NA,NA,N,4,0,1,2,A,-,09,21804,A,N,D,C,A,A,H,-,A,A,0,NA,NA,NA,NA,Y,NA,A,01,0,0,1,0,0,0,0,0,0,-,-,NA,NA,ORANGE,IRVINE,-117.83351011,33.67616011
7057862,2015,2015-11-24,3007,2015-10-18,2225,250,37,7,5,5,3007,0,0,0,NA,0,002,EUCLID,WARNER,25,N,N,A,-,N,NA,NA,NA,NA,NA,NA,NA,NA,NA,N,3,0,1,1,A,-,01,23152,A,N,-,A,A,A,H,-,C,A,0,NA,NA,Y,NA,Y,Y,C,02,0,1,0,0,0,0,0,0,1,-,-,NA,NA,ORANGE,FOUNTAIN VALLEY,-117.93722,33.71652854
7058356,2015,2015-10-08,9690,2015-09-11,1506,20588,NA,5,2,9,3000,0,3,5,NA,2,004,MEANDERING TRL,BALMORAL PL,0,NA,Y,A,-,N,NA,NA,NA,NA,NA,NA,NA,NA,NA,N,4,0,2,2,A,-,08,22107,NA,N,D,C,A,A,H,-,A,D,0,NA,NA,NA,NA,Y,NA,A,01,0,0,2,0,0,0,0,0,0,-,-,33.58442,-117.623,ORANGE,UNINCORPORATED,-117.62285,33.58486007
7058400,2015,2017-01-14,9690,2015-09-04,1350,18646,NA,5,1,5,3028,0,1,1,NA,2,056,RT 5,CROWN VALLEY PKWY,600,S,N,A,-,Y,ORA,12,5,-,-,13.572,R,2,N,Y,4,0,1,1,A,-,08,22107,NA,N,E,I,A,A,H,-,A,D,1,NA,NA,Y,NA,Y,NA,C,02,0,0,1,0,0,0,0,0,1,TO,-,33.5549,-117.67301,ORANGE,MISSION VIEJO,-117.67280393,33.55627717
7059011,2015,2017-01-13,9690,2015-09-04,0750,18840,NA,5,1,5,3017,0,1,1,NA,2,059,RT 5,AVENIDA PICO,2000,S,N,B,-,Y,ORA,12,5,-,-,3.01,H,-,S,Y,4,0,1,2,A,-,03,22350,NA,N,C,C,A,A,D,-,A,D,1,NA,NA,NA,NA,Y,NA,D,22,0,0,1,0,0,0,0,0,0,-,-,33.43293,-117.61636,ORANGE,SAN CLEMENTE,-117.61760335,33.43500845
7059390,2015,2015-10-08,9690,2015-09-16,1300,18432,NA,3,1,9,3000,0,3,5,NA,2,004,ROANOKE DR,ONEILL DR,15,E,N,A,-,N,NA,NA,NA,NA,NA,NA,NA,NA,NA,N,4,0,1,2,A,-,03,22350,NA,N,G,B,D,A,H,-,A,A,0,Y,NA,NA,NA,Y,NA,A,01,0,0,1,0,1,0,0,0,0,-,-,33.56022,-117.64389,ORANGE,UNINCORPORATED,-117.64419009,33.56030605
7059753,2015,2015-10-20,3024,2015-09-26,1426,189,P15,6,5,5,3024,0,0,0,NA,0,WEST,WILLOW LN,WESTMINSTER BL,0,NA,Y,A,-,N,NA,NA,NA,NA,NA,NA,NA,NA,NA,N,4,0,1,2,A,-,03,22350,NA,M,C,C,A,A,H,-,A,A,0,NA,NA,NA,NA,Y,NA,A,01,0,0,1,0,0,0,0,0,0,-,-,NA,NA,ORANGE,WESTMINSTER,-118.01916,33.75896008
7060040,2015,2017-01-14,9690,2015-08-12,2230,16430,NA,3,3,5,3050,0,1,1,NA,2,055,RT 5,EL TORO RD,528,S,N,A,-,Y,ORA,12,5,-,-,18.46,H,-,S,N,4,0,1,2,A,-,03,22350,NA,N,C,C,A,A,H,-,C,D,1,NA,NA,NA,NA,Y,NA,A,01,0,0,1,0,0,0,0,0,0,-,-,33.61262,-117.70539,ORANGE,LAKE FOREST,-117.70484418,33.61212121
7061468,2015,2017-01-14,9670,2015-09-20,1950,18757,NA,7,2,5,3024,0,1,1,NA,2,043,RT 405,MCFADDEN AV,630,N,N,A,-,Y,ORA,12,405,-,-,17.1,H,-,S,Y,3,0,2,3,A,-,08,22107,NA,N,B,C,A,A,H,-,C,D,1,NA,NA,NA,NA,Y,NA,A,01,0,1,1,0,0,0,0,0,0,-,-,33.73726,-117.99597,ORANGE,WESTMINSTER,-117.99688538,33.73790589
7062053,2015,2017-01-12,9670,2015-09-17,1935,19120,NA,4,2,6,3009,0,1,3,NA,2,024,RT 22,GARDEN GROVE BL,165,E,N,B,-,Y,ORA,12,22,-,R,8.92,H,-,E,N,3,0,2,2,A,-,03,22350,NA,N,C,C,A,A,H,-,C,D,1,NA,NA,NA,NA,Y,NA,-,NA,0,1,1,0,0,0,0,0,0,-,-,33.77471,-117.90382,ORANGE,GARDEN GROVE,-117.90389588,33.7749015