CASE_ID,ACCIDENT_YEAR,PROC_DATE,JURIS,COLLISION_DATE,COLLISION_TIME,OFFICER_ID,REPORTING_DISTRICT,DAY_OF_WEEK,CHP_SHIFT,POPULATION,CNTY_CITY_LOC,SPECIAL_COND,BEAT_TYPE,CHP_BEAT_TYPE,CITY_DIVISION_LAPD,CHP_BEAT_CLASS,BEAT_NUMBER,PRIMARY_RD,SECONDARY_RD,DISTANCE,DIRECTION,INTERSECTION,WEATHER_1,WEATHER_2,STATE_HWY_IND,CALTRANS_COUNTY,CALTRANS_DISTRICT,STATE_ROUTE,ROUTE_SUFFIX,POSTMILE_PREFIX,POSTMILE,LOCATION_TYPE,RAMP_INTERSECTION,SIDE_OF_HWY,TOW_AWAY,COLLISION_SEVERITY,NUMBER_KILLED,NUMBER_INJURED,PARTY_COUNT,PRIMARY_COLL_FACTOR,PCF_CODE_OF_VIOL,PCF_VIOL_CATEGORY,PCF_VIOLATION,PCF_VIOL_SUBSECTION,HIT_AND_RUN,TYPE_OF_COLLISION,MVIW,PED_ACTION,ROAD_SURFACE,ROAD_COND_1,ROAD_COND_2,LIGHTING,CONTROL_DEVICE,CHP_ROAD_TYPE,PEDESTRIAN_ACCIDENT,BICYCLE_ACCIDENT,MOTORCYCLE_ACCIDENT,TRUCK_ACCIDENT,NOT_PRIVATE_PROPERTY,ALCOHOL_INVOLVED,STWD_VEHTYPE_AT_FAULT,CHP_VEHTYPE_AT_FAULT,COUNT_SEVERE_INJ,COUNT_VISIBLE_INJ,COUNT_COMPLAINT_PAIN,COUNT_PED_KILLED,COUNT_PED_INJURED,COUNT_BICYCLIST_KILLED,COUNT_BICYCLIST_INJURED,COUNT_MC_KILLED,COUNT_MC_INJURED,PRIMARY_RAMP,SECONDARY_RAMP,LATITUDE,LONGITUDE,COUNTY,CITY,POINT_X,POINT_Y
7165164,2016,2016-02-03,3024,2016-01-13,0948,158,P35,3,5,5,3024,0,0,0,NA,0,EAST,BISHOP AV,BUSHARD ST,0,NA,Y,A,-,N,NA,NA,NA,NA,NA,NA,NA,NA,NA,Y,3,0,1,2,A,-,12,21453,A,N,D,C,A,A,H,-,A,A,0,NA,NA,NA,NA,Y,NA,A,01,0,1,0,0,0,0,0,0,0,-,-,NA,NA,ORANGE,WESTMINSTER,-117.96347006,33.74127002
7165165,2016,2016-02-02,3024,2016-01-13,1353,410,P33,3,5,5,3024,0,0,0,NA,0,EAST,CORONADO ST,ELVIRA AV,172,S,N,A,-,N,NA,NA,NA,NA,NA,NA,NA,NA,NA,Y,3,0,1,1,A,-,08,22107,NA,N,A,I,A,A,H,-,A,D,0,NA,NA,NA,NA,Y,NA,A,01,0,1,0,0,0,0,0,0,0,-,-,NA,NA,ORANGE,WESTMINSTER,-117.97932414,33.74212844
7166220,2015,2016-02-17,3000,2015-12-22,1321,9696,951J1,2,5,5,3040,0,0,0,NA,0,741,CROWN VALLEY PKWY,GREENFIELD DR,1465,E,N,B,C,N,NA,NA,NA,NA,NA,NA,NA,NA,NA,Y,4,0,1,2,A,-,08,22107,NA,N,D,J,A,B,H,-,A,D,0,NA,NA,NA,NA,Y,NA,D,22,0,0,1,0,0,0,0,0,0,-,-,NA,NA,ORANGE,LAGUNA NIGUEL,-117.68185913,33.55647081
7166803,2016,2016-01-27,3002,2016-01-06,1803,1655,B155,3,5,4,3002,0,0,0,NA,0,012,VALENCIA AV,SANTA FE RD,0,NA,Y,B,C,N,NA,NA,NA,NA,NA,NA,NA,NA,NA,N,4,0,1,2,A,-,17,21451,A,N,G,B,B,B,H,-,C,A,0,Y,NA,NA,NA,Y,NA,A,01,0,0,1,0,1,0,0,0,0,-,-,NA,NA,ORANGE,BREA,-117.84797,33.92797004
7166814,2015,2016-01-28,3024,2015-12-26,2029,174,P11,6,5,5,3024,0,0,0,NA,0,WEST,HOOVER ST,21ST ST,0,NA,Y,A,-,N,NA,NA,NA,NA,NA,NA,NA,NA,NA,Y,4,0,1,2,A,-,12,22450,A,N,D,C,A,A,H,-,C,A,0,NA,NA,NA,NA,Y,NA,A,07,0,0,1,0,0,0,0,0,0,-,-,NA,NA,ORANGE,WESTMINSTER,-117.99846008,33.76282012
7167398,2015,2016-02-04,3008,2015-01-01,0204,1364,NA,4,5,6,3008,0,0,0,NA,0,0Z2,LEMON ST,SANTA FE AV,0,NA,Y,A,-,N,NA,NA,NA,NA,NA,NA,NA,NA,NA,N,3,0,1,2,A,-,11,21950,B,N,G,B,D,A,H,-,C,D,0,Y,NA,NA,NA,Y,Y,N,60,0,1,0,0,1,0,0,0,0,-,-,NA,NA,ORANGE,FULLERTON,-117.9197901,33.86933007
7167438,2016,2016-02-04,3008,2016-01-03,1921,976,NA,7,5,6,3008,0,0,0,NA,0,0Z2,HARBOR BL,ORANGEFAIR MAL,0,NA,Y,A,-,N,NA,NA,NA,NA,NA,NA,NA,NA,NA,Y,4,0,3,2,A,-,09,21801,A,N,D,C,A,A,H,-,C,A,0,NA,NA,NA,NA,Y,NA,A,01,0,0,3,0,0,0,0,0,0,-,-,NA,NA,ORANGE,FULLERTON,-117.924204,33.856316
7167937,2015,2016-01-26,3010,2015-10-31,0607,1225,426,6,5,6,3010,0,0,0,NA,0,003,BUSHARD,FLOUNDER DR,51,N,N,A,-,N,NA,NA,NA,NA,NA,NA,NA,NA,NA,N,2,0,1,2,A,-,11,21966,NA,N,G,B,E,A,H,-,C,D,0,Y,NA,NA,NA,Y,NA,N,60,1,0,0,0,1,0,0,0,0,-,-,NA,NA,ORANGE,HUNTINGTON BEACH,-117.9627018,33.68294982
7170991,2015,2017-02-03,3024,2015-12-04,1131,313,P12,5,5,5,3024,0,0,0,NA,0,WEST,TRASK AV,RT 39,72,W,N,A,-,Y,ORA,12,39,-,-,8.136,I,6,S,N,4,0,1,2,A,-,11,21954,A,N,G,B,D,A,H,-,A,A,0,Y,NA,NA,NA,Y,NA,N,60,0,0,1,0,1,0,0,0,0,-,-,NA,NA,ORANGE,WESTMINSTER,-117.99015918,33.76653261
7171006,2015,2017-01-17,3015,2015-12-18,1103,1386,24,5,5,6,3015,0,0,0,NA,0,711,EAST CHAPMAN AV,RT 55,0,NA,Y,A,-,Y,ORA,12,55,-,-,13.921,R,4,S,N,4,0,3,4,A,-,12,21453,A,N,D,C,A,A,H,-,A,A,0,NA,NA,NA,NA,Y,NA,A,01,0,0,3,0,0,0,0,0,0,-,-,NA,NA,ORANGE,ORANGE,-117.83111401,33.79082389
7171524,2015,2016-02-25,3000,2015-12-05,1820,7601,922A2,6,5,4,3045,0,0,0,NA,0,446,LA PAZ RD,MCINTYRE ST,20,W,N,A,-,N,NA,NA,NA,NA,NA,NA,NA,NA,NA,N,4,0,2,2,A,-,03,22350,NA,M,C,C,A,A,H,-,C,A,0,NA,NA,NA,NA,Y,Y,A,07,0,0,2,0,0,0,0,0,0,-,-,NA,NA,ORANGE,LAGUNA HILLS,-117.67981175,33.5960317
7171628,2016,2016-02-04,3009,2016-01-04,1257,3756,13,1,5,6,3009,0,0,0,NA,0,011,VALLEY VIEW ST,LAMPSON AV,0,NA,Y,A,-,N,NA,NA,NA,NA,NA,NA,NA,NA,NA,N,4,0,2,2,A,-,09,21801,A,N,A,C,A,A,H,-,A,A,0,NA,NA,NA,NA,Y,NA,A,01,0,0,2,0,0,0,0,0,0,-,-,NA,NA,ORANGE,GARDEN GROVE,-118.02958,33.7819301
7173684,2016,2016-02-25,3009,2016-01-09,0336,3218,92,6,5,6,3009,0,0,0,NA,0,1 2,ROYAL PALM BL,BROOKHURST ST,14,W,N,A,-,N,NA,NA,NA,NA,NA,NA,NA,NA,NA,N,4,0,3,4,A,-,03,22350,NA,N,B,C,A,A,H,-,C,A,0,NA,NA,NA,NA,Y,NA,A,01,0,0,3,0,0,0,0,0,0,-,-,NA,NA,ORANGE,GARDEN GROVE,-117.95882597,33.79438
7174545,2016,2017-02-16,3010,2016-01-15,1750,1176,173,5,5,6,3010,0,0,0,NA,0,008,RT 1,WARNER,3114,N,N,B,-,Y,ORA,12,1,-,-,30.48,H,-,N,Y,2,0,3,3,A,-,03,22350,NA,N,C,C,A,A,H,-,C,A,0,NA,NA,NA,NA,Y,NA,A,07,1,0,2,0,0,0,0,0,0,-,-,NA,NA,ORANGE,HUNTINGTON BEACH,-118.07015553,33.71783889
7175485,2016,2016-02-05,3015,2016-01-16,1242,1386,76,6,5,6,3015,0,0,0,NA,0,711,EAST CHAPMAN AV,WHEELER ST,61,E,N,A,-,N,NA,NA,NA,NA,NA,NA,NA,NA,NA,N,3,0,2,2,A,-,03,22350,NA,N,C,C,A,A,H,-,A,D,0,NA,NA,Y,NA,Y,NA,C,02,0,1,1,0,0,0,0,0,1,-,-,NA,NA,ORANGE,ORANGE,-117.82440973,33.78781
7175505,2016,2016-02-10,3009,2016-01-19,1543,3739,113,2,5,6,3009,0,0,0,NA,0,021,CHAPMAN AV,NELSON ST,0,NA,Y,B,-,N,NA,NA,NA,NA,NA,NA,NA,NA,NA,N,2,0,1,2,A,-,09,21801,A,N,F,D,A,A,H,-,A,A,0,NA,NA,NA,NA,Y,NA,A,01,1,0,0,0,0,0,0,0,0,-,-,NA,NA,ORANGE,GARDEN GROVE,-117.94559013,33.78865002
7175756,2016,2016-02-05,3019,2016-01-11,0911,1561,SC,1,5,7,3019,0,0,0,NA,0,004,HARBOR BL,GARRY AV,0,NA,Y,B,-,N,NA,NA,NA,NA,NA,NA,NA,NA,NA,Y,4,0,1,2,A,-,09,21801,A,N,D,C,A,A,H,-,A,A,0,NA,NA,NA,NA,Y,NA,A,01,0,0,1,0,0,0,0,0,0,-,-,33.70579,-117.92003,ORANGE,SANTA ANA,-117.91969005,33.70561007
7175939,2016,2016-02-17,3001,2016-01-22,1937,415,NA,5,5,7,3001,0,0,0,NA,0,0D2,ANAHEIM BL,NORTH ST,280,S,N,A,-,N,NA,NA,NA,NA,NA,NA,NA,NA,NA,Y,3,0,8,3,A,-,03,22350,NA,N,C,C,A,A,-,-,C,A,0,NA,NA,NA,NA,Y,NA,A,01,0,1,7,0,0,0,0,0,0,-,-,NA,NA,ORANGE,ANAHEIM,-117.91653843,33.84350167
7175955,2016,2016-02-17,3001,2016-01-24,2004,A1252,D1,7,5,7,3001,0,0,0,NA,0,NA,MAGNOLIA AV,GREENLEAF AV,97,S,N,A,-,N,NA,NA,NA,NA,NA,NA,NA,NA,NA,Y,4,0,3,4,A,-,00,22359,NA,N,C,C,A,A,D,-,C,A,0,NA,NA,NA,NA,Y,NA,D,22,0,0,3,0,0,0,0,0,0,-,-,NA,NA,ORANGE,ANAHEIM,-117.97609051,33.84206417
7176048,2016,2016-02-09,3001,2016-01-18,0024,1622,NA,1,5,7,3001,0,0,0,NA,0,0D3,HASTER ST,EAST KATELLA AV,21,S,N,A,-,N,NA,NA,NA,NA,NA,NA,NA,NA,NA,Y,2,0,2,2,A,-,11,21456,B,N,G,B,B,A,H,-,C,A,0,Y,NA,NA,NA,Y,NA,N,60,1,1,0,0,1,0,0,0,0,-,-,NA,NA,ORANGE,ANAHEIM,-117.90658874,33.80320244
7176724,2016,2016-02-05,3026,2016-01-12,1240,7094,NA,2,5,6,3026,0,0,0,NA,0,00P,PARKER,CROMWELL,0,NA,Y,A,-,N,NA,NA,NA,NA,NA,NA,NA,NA,NA,Y,4,0,1,2,A,-,09,21802,A,N,D,C,A,A,H,-,A,A,0,NA,NA,NA,NA,Y,NA,A,01,0,0,1,0,0,0,0,0,0,-,-,NA,NA,ORANGE,IRVINE,-117.70734006,33.65442002
7177215,2016,2017-02-16,3002,2016-01-26,1500,1632,528Z,2,5,4,3002,0,0,0,NA,0,014,IMPERIAL HWY,RT 57,0,NA,Y,A,-,Y,ORA,12,57,-,-,20.066,R,4,S,Y,4,0,1,2,A,-,12,21453,A,N,D,C,A,A,H,-,A,A,0,NA,NA,NA,NA,Y,NA,A,07,0,0,1,0,0,0,0,0,0,-,SF,NA,NA,ORANGE,BREA,-117.8830702,33.91365453
7177778,2016,2016-02-25,3004,2016-01-27,0942,P541,19,3,5,6,3004,0,0,0,NA,0,004,HARBOR BL,NUTMEG PL,0,NA,Y,A,-,N,NA,NA,NA,NA,NA,NA,NA,NA,NA,N,4,0,1,1,A,-,03,22350,NA,M,C,C,A,A,H,-,A,A,0,NA,NA,NA,NA,Y,NA,A,01,0,0,1,0,0,0,0,0,0,-,-,33.6825,-117.9193,ORANGE,COSTA MESA,-117.91945009,33.68194005
7177926,2016,2016-02-09,3026,2016-01-19,1710,6352,NA,2,5,6,3026,0,0,0,NA,0,00C,ALTON PKWY,ENTERPRISE,93,E,N,B,-,N,NA,NA,NA,NA,NA,NA,NA,NA,NA,Y,4,0,1,3,A,-,03,22350,NA,N,C,C,A,A,H,-,B,A,0,NA,NA,NA,NA,Y,NA,A,07,0,0,1,0,0,0,0,0,0,-,-,NA,NA,ORANGE,IRVINE,-117.74456952,33.65560293
7178834,2016,2016-02-22,3003,2016-01-17,1200,699,NA,7,5,5,3003,0,0,0,NA,0,NA,ORANGETHORPE AV,BEACH BL,528,W,N,A,-,N,NA,NA,NA,NA,NA,NA,NA,NA,NA,N,4,0,1,2,A,-,10,21950,A,N,G,B,B,A,H,-,A,A,0,Y,NA,NA,NA,Y,NA,D,22,0,0,1,0,1,0,0,0,0,-,-,33.859,-117.9998,ORANGE,BUENA PARK,-117.99991493,33.85897
7179707,2016,2016-03-07,3024,2016-01-17,0211,409,P23,7,5,5,3024,0,0,0,NA,0,WEST,GOLDENWEST ST,MALL ACCESS RD,44,S,N,A,-,N,NA,NA,NA,NA,NA,NA,NA,NA,NA,Y,3,0,1,1,A,-,01,23152,A,N,E,I,A,A,H,-,C,A,0,NA,NA,NA,NA,Y,Y,A,01,0,1,0,0,0,0,0,0,0,-,-,NA,NA,ORANGE,WESTMINSTER,NA,NA
7179860,2016,2016-02-18,3001,2016-01-25,1228,A0989,NA,1,5,7,3001,0,0,0,NA,0,D-2,N SUNKIST ST,E WARD TER,9,S,N,A,-,N,NA,NA,NA,NA,NA,NA,NA,NA,NA,Y,4,0,1,2,A,-,03,22350,NA,N,C,C,A,A,H,-,A,D,0,NA,NA,NA,NA,Y,NA,A,08,0,0,1,0,0,0,0,0,0,-,-,NA,NA,ORANGE,ANAHEIM,-117.88047938,33.84036533
7180771,2016,2016-04-11,3008,2016-02-01,1016,1158,NA,1,5,6,3008,0,0,0,NA,0,0II,HARBOR BL,VALENCIA MESA,700,S,N,A,-,N,NA,NA,NA,NA,NA,NA,NA,NA,NA,Y,3,0,2,2,A,-,03,22350,NA,N,C,E,A,A,H,-,A,D,0,NA,NA,NA,Y,Y,NA,A,01,0,1,1,0,0,0,0,0,0,-,-,NA,NA,ORANGE,FULLERTON,-117.92814843,33.8915161
7181618,2015,2016-02-18,3007,2015-12-21,1619,250,45,1,5,5,3007,0,0,0,NA,0,001,BROOKHURST,LA ALAMEDA,0,NA,Y,B,-,N,NA,NA,NA,NA,NA,NA,NA,NA,NA,Y,3,0,1,4,A,-,08,22107,NA,N,B,C,A,A,H,-,B,A,0,NA,NA,NA,NA,Y,NA,A,01,0,1,0,0,0,0,0,0,0,-,-,NA,NA,ORANGE,FOUNTAIN VALLEY,-117.95454005,33.71262004
7184212,2016,2016-02-24,3001,2016-02-07,0555,1670,NA,7,5,7,3001,0,0,0,NA,0,0D2,EAST SYCAMORE ST,N OLIVE ST,135,W,N,A,-,N,NA,NA,NA,NA,NA,NA,NA,NA,NA,Y,3,0,1,4,A,-,08,22107,NA,N,A,E,A,A,H,-,C,D,0,NA,NA,NA,NA,Y,NA,A,01,0,1,0,0,0,0,0,0,0,-,-,NA,NA,ORANGE,ANAHEIM,-117.91200056,33.84061115
7184983,2016,2016-02-17,3026,2016-01-28,0957,4779,NA,4,5,6,3026,0,0,0,NA,0,NA,HARVARD AV,ALTON PKWY,0,NA,Y,A,-,N,NA,NA,NA,NA,NA,NA,NA,NA,NA,Y,3,0,2,3,A,-,12,21453,A,N,D,C,A,A,H,-,A,A,0,NA,NA,NA,NA,Y,NA,A,07,0,1,1,0,0,0,0,0,0,-,-,NA,NA,ORANGE,IRVINE,-117.8265901,33.68456009
7185873,2016,2016-02-24,3024,2016-02-03,1836,169,P1,3,5,5,3024,0,0,0,NA,0,WEST,GARDEN GROVE BL,MELANIE LN,1045,W,N,A,-,N,NA,NA,NA,NA,NA,NA,NA,NA,NA,Y,4,0,1,3,A,-,08,22107,NA,N,B,E,A,A,H,-,B,D,0,NA,NA,NA,NA,Y,NA,A,01,0,0,1,0,0,0,0,0,0,-,-,NA,NA,ORANGE,WESTMINSTER,-118.03034102,33.77391
7188731,2016,2016-02-24,3022,2016-02-08,1448,1109,SOUTH,1,5,5,3022,0,0,0,NA,0,003,BROWNING AV,MITCHELL AV,3,N,N,A,G,N,NA,NA,NA,NA,NA,NA,NA,NA,NA,Y,3,0,3,2,A,-,12,22450,A,N,D,C,A,A,H,-,A,A,0,NA,NA,NA,NA,Y,NA,A,07,0,2,1,0,0,0,0,0,0,-,-,33.72599,-117.81155,ORANGE,TUSTIN,-117.81154362,33.72608626
7190606,2016,2016-11-29,3000,2016-03-15,1250,2872,992J2,2,5,5,3017,0,0,0,NA,0,076,CALLE DEL CERRO,AVENIDA PICO,1400,S,N,A,-,N,NA,NA,NA,NA,NA,NA,NA,NA,NA,Y,1,1,0,1,A,-,08,22107,NA,N,E,I,A,A,H,-,A,D,0,NA,NA,Y,NA,Y,NA,C,02,0,0,0,0,0,0,0,1,0,-,-,33.4444,-117.61359,ORANGE,SAN CLEMENTE,-117.60984356,33.44263103
7190833,2016,2016-02-25,3001,2016-02-04,0718,1024,NA,4,5,7,3001,0,0,0,NA,0,EAST,S SUNSET RIDGE RD,E HORIZON VIEW,88,W,N,A,-,N,NA,NA,NA,NA,NA,NA,NA,NA,NA,Y,3,0,1,2,A,-,03,22350,NA,N,C,E,A,A,-,-,A,D,0,NA,NA,NA,NA,Y,NA,A,01,0,1,0,0,0,0,0,0,0,-,-,NA,NA,ORANGE,ANAHEIM,-117.7397802,33.84993578
7191030,2016,2016-02-24,3009,2016-01-26,0213,3712,83,2,5,6,3009,0,0,0,NA,0,1-2,GILBERT ST,CELLINI AV,8,S,N,A,-,N,NA,NA,NA,NA,NA,NA,NA,NA,NA,N,4,0,1,1,A,-,01,23152,A,N,F,D,A,A,H,-,C,D,0,NA,NA,NA,NA,Y,Y,A,01,0,0,1,0,0,0,0,0,0,-,-,NA,NA,ORANGE,GARDEN GROVE,-117.96742932,33.78948807
7191604,2016,2016-03-30,3010,2016-01-09,1543,1198,447,6,5,6,3010,0,0,0,NA,0,003,BROOKHURST,BEACHMONT,0,NA,Y,B,-,N,NA,NA,NA,NA,NA,NA,NA,NA,NA,N,4,0,1,2,A,-,12,21453,A,N,D,C,A,A,H,-,A,A,0,NA,NA,NA,NA,Y,NA,A,01,0,0,1,0,0,0,0,0,0,-,-,NA,NA,ORANGE,HUNTINGTON BEACH,-117.953987,33.673815
7191739,2016,2016-02-29,3000,2016-02-04,1130,1644,891F7,4,5,4,3045,0,0,0,NA,0,6M47,EL TORO RD,CARLOTA,0,NA,Y,A,-,N,NA,NA,NA,NA,NA,NA,NA,NA,NA,Y,4,0,1,2,A,-,08,22101,D,N,D,C,A,A,H,-,A,A,0,NA,NA,NA,NA,Y,NA,A,01,0,0,1,0,0,0,0,0,0,-,-,NA,NA,ORANGE,LAGUNA HILLS,-117.7087201,33.61399004
7194242,2016,2016-03-08,3001,2016-02-21,1244,1007,NA,7,5,7,3001,0,0,0,NA,0,0D1,DALE AV,YALE AV,31,NA,N,A,-,N,NA,NA,NA,NA,NA,NA,NA,NA,NA,Y,4,0,1,2,A,-,09,21802,A,N,D,C,A,A,H,-,A,A,0,NA,NA,NA,NA,Y,NA,A,01,0,0,1,0,0,0,0,0,0,-,-,NA,NA,ORANGE,ANAHEIM,-117.9847801,33.83443002
7194291,2016,2016-03-01,3003,2016-02-05,1409,1134,54,5,5,5,3003,0,0,0,NA,0,004,KNOTT AV,ORANGETHORPE AV,201,S,N,A,-,N,NA,NA,NA,NA,NA,NA,NA,NA,NA,Y,3,0,2,2,A,-,08,22107,NA,N,D,C,A,A,H,-,A,D,0,NA,NA,NA,NA,Y,NA,A,01,0,2,0,0,0,0,0,0,0,-,-,33.5129,-118.004,ORANGE,BUENA PARK,-118.0112867,33.8583589
7194422,2016,2017-02-08,3002,2016-02-13,2057,1632,632X,6,5,4,3002,0,0,0,NA,0,014,IMPERIAL HWY,SATURN ST,500,E,N,A,-,Y,ORA,12,90,-,-,7.12,H,-,E,Y,3,0,2,2,A,-,09,21801,A,N,D,C,A,A,H,-,C,D,0,NA,NA,NA,NA,Y,NA,A,07,0,1,1,0,0,0,0,0,0,-,-,NA,NA,ORANGE,BREA,-117.85462002,33.91074823
7194491,2016,2016-03-04,3019,2016-02-09,1149,3410,SC,2,5,7,3019,0,0,0,NA,0,004,FAIRVIEW AV,WARNER AV,150,N,N,A,-,N,NA,NA,NA,NA,NA,NA,NA,NA,NA,N,4,0,1,3,A,-,07,21658,A,N,B,C,A,A,H,-,A,D,0,NA,NA,Y,NA,Y,NA,A,01,0,0,1,0,0,0,0,0,1,-,-,NA,NA,ORANGE,SANTA ANA,-117.90791911,33.71562092
7197831,2016,2016-03-11,3022,2016-02-22,1222,1109,SOUTH,1,5,5,3022,0,0,0,NA,0,003,WALNUT AV,CHERRYWOOD LN,0,NA,Y,A,-,N,NA,NA,NA,NA,NA,NA,NA,NA,NA,Y,3,0,2,2,A,-,12,21453,A,N,D,C,A,A,H,-,A,A,0,NA,NA,NA,NA,Y,NA,D,22,0,1,1,0,0,0,0,0,0,-,-,33.72106,-117.81168,ORANGE,TUSTIN,-117.8116301,33.72115002
7197893,2016,2016-03-11,3019,2016-02-21,0423,3324,SC,7,5,7,3019,0,0,0,NA,0,004,MCFADDEN,BAKER,50,E,N,A,-,N,NA,NA,NA,NA,NA,NA,NA,NA,NA,Y,4,0,1,4,A,-,03,22350,NA,F,C,C,A,A,H,-,C,D,0,NA,NA,NA,NA,Y,Y,D,22,0,0,1,0,0,0,0,0,0,-,-,NA,NA,ORANGE,SANTA ANA,-117.88278595,33.73447142
7197907,2016,2016-03-11,3019,2016-02-20,1210,9075,WE,6,5,7,3019,0,0,0,NA,0,001,1ST,SULLIVAN,24,E,N,A,-,N,NA,NA,NA,NA,NA,NA,NA,NA,NA,N,4,0,2,2,A,-,03,22350,NA,N,-,C,A,A,H,-,A,A,0,NA,NA,NA,NA,Y,NA,A,08,0,0,2,0,0,0,0,0,0,-,-,NA,NA,ORANGE,SANTA ANA,-117.90248125,33.74528129
7197971,2016,2016-03-14,3015,2016-01-31,1228,1440,675,7,5,6,3015,0,0,0,NA,0,441,E MEATS AV,W CANAL ST,120,W,N,C,-,N,NA,NA,NA,NA,NA,NA,NA,NA,NA,Y,4,0,2,2,A,-,03,22350,NA,N,C,C,A,B,H,-,A,A,0,NA,NA,NA,NA,Y,NA,A,01,0,0,2,0,0,0,0,0,0,-,-,NA,NA,ORANGE,ORANGE,-117.83997929,33.82299943
7198261,2016,2016-03-07,3026,2016-02-22,1810,557,IRVIN,1,5,6,3026,0,0,0,NA,0,00C,CULVER,WALNUT,325,N,N,A,-,N,NA,NA,NA,NA,NA,NA,NA,NA,NA,N,4,0,1,2,A,-,09,21804,A,N,D,C,A,A,H,-,C,A,0,NA,NA,NA,NA,Y,NA,A,01,0,0,1,0,0,0,0,0,0,-,-,NA,NA,ORANGE,IRVINE,-117.78708244,33.70543756
7198747,2016,2016-03-09,3001,2016-02-25,1349,2261,NA,4,5,7,3001,0,0,0,NA,0,0D1,SOUTH MAGNOLIA AV,WEST BROADWAY,122,S,N,A,-,N,NA,NA,NA,NA,NA,NA,NA,NA,NA,Y,3,0,1,2,A,-,03,22350,NA,N,C,C,A,A,H,-,A,A,0,NA,NA,NA,NA,Y,NA,A,01,0,1,0,0,0,0,0,0,0,-,-,NA,NA,ORANGE,ANAHEIM,-117.97596,33.82824551
7199032,2016,2016-03-28,3001,2016-02-28,1358,1508,NJC,7,5,7,3001,0,0,0,NA,0,0D7,WEST BALL RD,SOUTH WALNUT ST,113,E,N,A,-,N,NA,NA,NA,NA,NA,NA,NA,NA,NA,Y,3,0,1,2,A,-,01,23152,A,N,C,C,A,A,H,-,A,D,0,NA,NA,NA,NA,Y,Y,A,01,0,1,0,0,0,0,0,0,0,-,-,NA,NA,ORANGE,ANAHEIM,-117.92812886,33.81798279
7199651,2016,2016-05-23,3010,2016-01-09,1039,1059,283,6,5,6,3010,0,0,0,NA,0,006,TALBERT,HARTLUND,490,W,N,A,-,N,NA,NA,NA,NA,NA,NA,NA,NA,NA,N,1,1,0,1,A,-,08,22107,NA,N,E,I,A,A,H,-,A,D,0,NA,Y,NA,NA,Y,NA,L,04,0,0,0,0,0,1,0,0,0,-,-,NA,NA,ORANGE,HUNTINGTON BEACH,-117.98452407,33.70117
7201217,2016,2016-03-14,3004,2016-02-14,0300,P631,02,7,5,6,3004,0,0,0,NA,0,003,HARBOR BL,WEST 19TH ST,0,NA,Y,A,-,N,NA,NA,NA,NA,NA,NA,NA,NA,NA,Y,4,0,1,2,A,-,01,23152,A,N,D,C,A,A,H,-,C,A,0,NA,NA,NA,NA,Y,Y,A,01,0,0,1,0,0,0,0,0,0,-,-,33.643299999999996,-117.9178,ORANGE,COSTA MESA,-117.9189701,33.64349005
7201508,2016,2016-03-17,3000,2016-02-10,0650,8799,892D5,3,5,5,3028,0,0,0,NA,0,1A52,ALICIA PKWY,MARGUERITE PKWY,0,E,N,A,-,N,NA,NA,NA,NA,NA,NA,NA,NA,NA,N,4,0,1,2,A,-,04,21703,NA,N,C,C,A,A,H,-,A,A,0,NA,NA,NA,NA,Y,NA,H,13,0,0,1,0,0,0,0,0,0,-,-,NA,NA,ORANGE,MISSION VIEJO,-117.65142001,33.62784005
7201729,2016,2016-03-05,3019,2016-01-28,1633,3409,SC,4,5,7,3019,0,0,0,NA,0,004,YALE ST,WARNER AV,500,N,N,A,-,N,NA,NA,NA,NA,NA,NA,NA,NA,NA,Y,4,0,1,2,A,-,09,21804,A,N,D,C,A,A,H,-,B,D,0,NA,NA,NA,NA,Y,NA,A,01,0,0,1,0,0,0,0,0,0,-,-,NA,NA,ORANGE,SANTA ANA,-117.91668,33.71391
7201737,2016,2016-03-05,3019,2016-01-28,1709,3155,SE,4,5,7,3019,0,0,0,NA,0,003,MACARTHUR PL,MAC ARTHUR BL,0,NA,Y,A,-,N,NA,NA,NA,NA,NA,NA,NA,NA,NA,N,4,0,1,2,A,-,10,21950,A,N,G,B,B,A,H,-,B,A,0,Y,NA,NA,NA,Y,NA,A,07,0,0,1,0,1,0,0,0,0,-,-,NA,NA,ORANGE,SANTA ANA,-117.86576002,33.70009
7202688,2015,2016-03-16,3026,2015-12-21,1031,4779,U,1,5,6,3026,0,0,0,NA,0,00U,TURTLE RIDGE DR,FEDERATION WY,0,NA,Y,A,-,N,NA,NA,NA,NA,NA,NA,NA,NA,NA,Y,3,0,2,2,A,-,12,21453,A,N,D,C,A,A,H,-,A,A,0,NA,NA,NA,NA,Y,NA,A,07,0,1,1,0,0,0,0,0,0,-,-,NA,NA,ORANGE,IRVINE,-117.830587,33.631413
7203406,2016,2016-03-11,3008,2016-02-17,1846,1364,NA,3,5,6,3008,0,0,0,NA,0,0Z2,LEMON ST,ORANGETHORPE AV,349,S,N,C,-,N,NA,NA,NA,NA,NA,NA,NA,NA,NA,Y,4,0,1,2,A,-,09,21804,A,N,D,C,A,B,H,-,C,D,0,NA,NA,NA,NA,Y,NA,D,22,0,0,1,0,0,0,0,0,0,-,-,NA,NA,ORANGE,FULLERTON,-117.91987,33.8585532
7203585,2016,2016-03-10,3008,2016-02-18,1229,1296,NA,4,5,6,3008,0,0,0,NA,0,0Z2,COMMONWEALTH,HIGHLAND AV,10,E,N,B,-,N,NA,NA,NA,NA,NA,NA,NA,NA,NA,N,4,0,2,3,A,-,03,22350,NA,N,C,C,A,A,H,-,A,A,0,NA,NA,NA,NA,Y,NA,A,01,0,0,2,0,0,0,0,0,0,-,-,NA,NA,ORANGE,FULLERTON,-117.92867715,33.87033086
7203772,2016,2016-03-11,3001,2016-03-02,0839,41555,NA,3,5,7,3001,0,0,0,NA,0,032,EUCLID ST,KATELLA AV,316,S,N,A,-,N,NA,NA,NA,NA,NA,NA,NA,NA,NA,Y,3,0,2,2,A,-,09,21801,A,N,D,C,A,A,H,-,A,D,0,NA,NA,NA,NA,Y,NA,A,01,0,1,1,0,0,0,0,0,0,-,-,NA,NA,ORANGE,ANAHEIM,-117.94150655,33.80239955
7204885,2016,2016-03-23,3004,2016-02-21,1405,P459,15,7,5,6,3004,0,0,0,NA,0,011,ADAMS AV,MESA VERDE DR EAST,0,NA,Y,A,-,N,NA,NA,NA,NA,NA,NA,NA,NA,NA,Y,3,0,2,2,D,-,00,NA,NA,N,D,C,A,A,H,-,A,D,0,NA,NA,NA,NA,Y,NA,-,-,0,1,1,0,0,0,0,0,0,-,-,33.4022,-117.55317,ORANGE,COSTA MESA,-117.92525009,33.67283006