CASE_ID,ACCIDENT_YEAR,PROC_DATE,JURIS,COLLISION_DATE,COLLISION_TIME,OFFICER_ID,REPORTING_DISTRICT,DAY_OF_WEEK,CHP_SHIFT,POPULATION,CNTY_CITY_LOC,SPECIAL_COND,BEAT_TYPE,CHP_BEAT_TYPE,CITY_DIVISION_LAPD,CHP_BEAT_CLASS,BEAT_NUMBER,PRIMARY_RD,SECONDARY_RD,DISTANCE,DIRECTION,INTERSECTION,WEATHER_1,WEATHER_2,STATE_HWY_IND,CALTRANS_COUNTY,CALTRANS_DISTRICT,STATE_ROUTE,ROUTE_SUFFIX,POSTMILE_PREFIX,POSTMILE,LOCATION_TYPE,RAMP_INTERSECTION,SIDE_OF_HWY,TOW_AWAY,COLLISION_SEVERITY,NUMBER_KILLED,NUMBER_INJURED,PARTY_COUNT,PRIMARY_COLL_FACTOR,PCF_CODE_OF_VIOL,PCF_VIOL_CATEGORY,PCF_VIOLATION,PCF_VIOL_SUBSECTION,HIT_AND_RUN,TYPE_OF_COLLISION,MVIW,PED_ACTION,ROAD_SURFACE,ROAD_COND_1,ROAD_COND_2,LIGHTING,CONTROL_DEVICE,CHP_ROAD_TYPE,PEDESTRIAN_ACCIDENT,BICYCLE_ACCIDENT,MOTORCYCLE_ACCIDENT,TRUCK_ACCIDENT,NOT_PRIVATE_PROPERTY,ALCOHOL_INVOLVED,STWD_VEHTYPE_AT_FAULT,CHP_VEHTYPE_AT_FAULT,COUNT_SEVERE_INJ,COUNT_VISIBLE_INJ,COUNT_COMPLAINT_PAIN,COUNT_PED_KILLED,COUNT_PED_INJURED,COUNT_BICYCLIST_KILLED,COUNT_BICYCLIST_INJURED,COUNT_MC_KILLED,COUNT_MC_INJURED,PRIMARY_RAMP,SECONDARY_RAMP,LATITUDE,LONGITUDE,COUNTY,CITY,POINT_X,POINT_Y
81440519,2021,2021-04-01,3019,2021-02-26,1105,2771,NE,5,5,7,3019,0,0,0,NA,0,002,MAIN STREET,CIVIC CENTER DRIVE,0,NA,Y,A,-,N,NA,NA,NA,NA,NA,NA,NA,NA,NA,N,4,0,1,2,A,-,12,21453,A,N,D,C,A,A,H,-,A,A,0,NA,NA,NA,NA,Y,NA,A,01,0,0,1,0,0,0,0,0,0,-,-,33.75083923339844,-117.86776733398438,ORANGE,SANTA ANA,-117.86760711669922,33.75062942504883
81442545,2021,2021-04-05,3024,2021-03-02,1855,149,P-28,2,5,5,3024,0,0,0,NA,0,EAST,BOLSA AVENUE,BROOKHURST STREET,400,W,N,A,-,N,NA,NA,NA,NA,NA,NA,NA,NA,NA,Y,3,0,1,3,A,-,03,22350,NA,N,C,C,A,A,H,-,C,D,0,NA,NA,NA,NA,Y,NA,A,07,0,1,0,0,0,0,0,0,0,-,-,33.743778228759766,-117.95777893066406,ORANGE,WESTMINSTER,-117.95619964599608,33.744850158691406
81444629,2021,2021-04-07,3015,2021-03-28,1903,1533,45W,7,5,6,3015,0,0,0,NA,0,123,KATELLA AVE,PARKER ST,84,W,N,-,-,N,NA,NA,NA,NA,NA,NA,NA,NA,NA,N,3,0,1,1,A,-,01,23152,A,N,H,I,A,A,H,-,A,D,0,NA,NA,Y,NA,Y,Y,C,02,0,1,0,0,0,0,0,0,1,-,-,33.80910110473633,-117.85977172851563,ORANGE,ORANGE,-117.86007690429688,33.809024810791016
81444646,2021,2021-04-07,3001,2021-04-01,1043,A1252,NA,4,5,7,3001,0,0,0,NA,0,D-4,LA PALMA AVENUE,BRASHER STREET,528,E,N,A,-,N,NA,NA,NA,NA,NA,NA,NA,NA,NA,Y,4,0,1,2,A,-,03,22350,NA,N,E,I,A,A,H,-,A,D,0,NA,NA,NA,Y,Y,NA,A,01,0,0,1,0,0,0,0,0,0,-,-,33.85932159423828,-117.79897308349608,ORANGE,ANAHEIM,-117.79735565185548,33.85973358154297
81445723,2021,2021-04-08,3019,2021-03-08,1523,3692,SC,1,5,7,3019,0,0,0,NA,0,004,HARBOR BOULEVARD,WARNER AVENUE,0,NA,Y,A,-,N,NA,NA,NA,NA,NA,NA,NA,NA,NA,N,3,0,1,2,A,-,09,21804,A,N,D,G,A,A,H,-,A,A,0,NA,Y,NA,NA,Y,NA,L,04,0,1,0,0,0,0,1,0,0,-,-,33.713741302490234,-117.92044830322266,ORANGE,SANTA ANA,-117.91981506347656,33.71379470825195
81445789,2021,2021-04-08,3002,2021-03-19,1354,1672,NA,5,5,4,3002,0,0,0,NA,0,013,BREA BL,IMPERIAL HY,165,N,N,A,-,N,NA,NA,NA,NA,NA,NA,NA,NA,NA,Y,3,0,2,1,C,-,18,NA,NA,N,E,I,A,A,H,-,A,A,0,NA,NA,NA,NA,Y,NA,-,-,0,1,1,0,0,0,0,0,0,-,-,33.916561126708984,-117.90035247802734,ORANGE,BREA,-117.9001007080078,33.916812896728516
81451661,2021,2021-04-16,3002,2021-03-31,2041,1674,NA,3,5,4,3002,0,0,0,NA,0,012,CARBON CANYON RD,OLINDA PL,3168,E,N,A,-,Y,NA,NA,142,NA,NA,NA,NA,NA,NA,Y,4,0,1,1,A,-,01,23152,A,N,F,A,A,A,H,-,D,A,0,NA,NA,NA,NA,Y,Y,A,01,0,0,1,0,0,0,0,0,0,-,-,33.927398681640625,-117.80226135253906,ORANGE,BREA,-117.80223846435548,33.927337646484375
8145438,2016,2016-10-20,3009,2016-10-04,0735,4432,105,2,5,6,3009,0,0,0,NA,0,013,HOPE ST,DAKOTA AV,0,NA,Y,A,-,N,NA,NA,NA,NA,NA,NA,NA,NA,NA,Y,4,0,1,2,A,-,09,21801,A,N,A,C,A,A,H,-,A,D,0,NA,NA,NA,Y,Y,NA,A,01,0,0,1,0,0,0,0,0,0,-,-,NA,NA,ORANGE,GARDEN GROVE,-117.95211011,33.7679401
81454752,2021,2021-04-21,3010,2021-04-19,1100,0147,272,1,5,6,3010,0,0,0,NA,0,006,SLATER AVE,GRIFFIN LN,0,NA,Y,A,-,N,NA,NA,NA,NA,NA,NA,NA,NA,NA,N,3,0,1,2,A,-,09,21801,A,N,D,C,A,A,H,-,A,D,0,NA,NA,Y,NA,Y,NA,A,01,0,1,0,0,0,0,0,0,1,-,-,33.70848083496094,-117.99630737304688,ORANGE,HUNTINGTON BEACH,-117.9963150024414,33.70836639404297
81454753,2021,2021-04-21,3010,2021-04-19,1105,1225,241,1,5,6,3010,0,0,0,NA,0,009,GOTHARD ST,EDINGER AVE,60,N,N,A,-,N,NA,NA,NA,NA,NA,NA,NA,NA,NA,Y,4,0,1,2,A,-,03,22350,A,N,C,C,A,A,H,-,A,B,0,NA,NA,NA,NA,Y,NA,A,01,0,0,1,0,0,0,0,0,0,-,-,33.730018615722656,-118.00010681152344,ORANGE,HUNTINGTON BEACH,-118.00028228759766,33.7302360534668
8145600,2016,2016-10-17,3022,2016-09-19,0726,1237,NORTH,1,5,5,3022,0,0,0,NA,0,NA,PARKCENTER LN,BRYAN AV,7,N,N,A,-,N,NA,NA,NA,NA,NA,NA,NA,NA,NA,Y,3,0,3,2,A,-,09,21802,A,N,D,C,A,A,H,-,A,A,0,NA,NA,NA,NA,Y,NA,A,07,0,2,1,0,0,0,0,0,0,-,-,33.73279,-117.80085,ORANGE,TUSTIN,-117.80085173,33.73280163
8145709,2016,2016-10-20,3001,2016-09-30,1524,1410,NA,5,5,7,3001,0,0,0,NA,0,0D2,WEST BALL RD,S OX RD,75,E,N,A,-,N,NA,NA,NA,NA,NA,NA,NA,NA,NA,Y,4,0,2,3,A,-,03,22350,NA,N,C,C,A,A,H,-,A,A,0,NA,NA,NA,NA,Y,NA,M,47,0,0,2,0,0,0,0,0,0,-,-,NA,NA,ORANGE,ANAHEIM,-117.92013377,33.81819631
81457649,2021,2021-04-26,3024,2021-03-19,1834,426,P-18,5,5,5,3024,0,0,0,NA,0,WEST,BEACH BOULEVARD (SR 39),14TH STREET,0,NA,Y,A,-,Y,NA,NA,39,NA,NA,NA,NA,NA,NA,Y,3,0,2,2,A,-,09,21801,A,N,D,C,A,A,H,-,A,D,0,NA,NA,NA,NA,Y,NA,A,01,0,2,0,0,0,0,0,0,0,-,-,33.75653076171875,-117.9893798828125,ORANGE,WESTMINSTER,-117.9895248413086,33.75653076171875
81458833,2021,2021-04-27,3015,2021-04-09,2205,1495,RD61,5,5,6,3015,0,0,0,NA,0,113,MAIN ST,LA VETA AVE,14,E,N,A,-,N,NA,NA,NA,NA,NA,NA,NA,NA,NA,Y,4,0,1,2,A,-,08,22100,A,N,D,C,A,A,H,-,C,D,0,NA,NA,NA,NA,Y,NA,A,01,0,0,1,0,0,0,0,0,0,-,-,33.78034973144531,-117.8674087524414,ORANGE,ORANGE,-117.86736297607422,33.7802734375
81466660,2021,2021-05-06,3019,2021-03-24,1358,2776,WE,3,5,7,3019,0,0,0,NA,0,001,ALONA STREET,21ST STREET,28,S,N,A,-,N,NA,NA,NA,NA,NA,NA,NA,NA,NA,N,4,0,1,2,A,-,03,22350,NA,M,C,C,A,A,H,-,A,D,0,NA,NA,NA,NA,Y,NA,A,01,0,0,1,0,0,0,0,0,0,-,-,33.76337814331055,-117.89363861083984,ORANGE,SANTA ANA,-117.89363861083984,33.76316452026367
81470683,2021,2021-05-12,3019,2021-03-27,2048,3627,WE,6,5,7,3019,0,0,0,NA,0,001,17TH STREET,SUSAN AVE,0,NA,Y,A,-,N,NA,NA,NA,NA,NA,NA,NA,NA,NA,Y,4,0,1,2,A,-,09,21801,A,N,B,C,A,A,H,-,C,D,0,NA,NA,NA,NA,Y,NA,A,01,0,0,1,0,0,0,0,0,0,-,-,NA,NA,ORANGE,SANTA ANA,NA,NA
81472112,2021,2021-05-13,3019,2021-04-02,1045,2771,SC,5,5,7,3019,0,0,0,NA,0,004,1ST STREET,FLOWER STREET,220,W,N,A,-,N,NA,NA,NA,NA,NA,NA,NA,NA,NA,N,4,0,2,2,A,-,03,22350,NA,N,C,C,A,A,H,-,A,D,0,NA,NA,NA,NA,Y,NA,A,07,0,0,2,0,0,0,0,0,0,-,-,33.74544143676758,-117.87622833251952,ORANGE,SANTA ANA,-117.87714385986328,33.745418548583984
81473231,2021,2021-05-14,3019,2021-04-06,1257,2801,NE,2,5,7,3019,0,0,0,NA,0,002,MAIN STREET,16TH STREET,189,S,N,A,-,N,NA,NA,NA,NA,NA,NA,NA,NA,NA,N,4,0,1,3,A,-,03,22350,NA,M,C,C,A,A,H,-,A,D,0,NA,NA,NA,NA,Y,NA,A,01,0,0,1,0,0,0,0,0,0,-,-,33.758121490478516,-117.8674774169922,ORANGE,SANTA ANA,-117.86759185791016,33.758392333984375
81474027,2021,2021-05-17,3001,2021-04-29,1653,A1158,D-2,4,5,7,3001,0,0,0,NA,0,NA,SYCAMORE STREET,HARBOR BOULEVARD,0,NA,Y,A,-,N,NA,NA,NA,NA,NA,NA,NA,NA,NA,Y,3,0,5,2,A,-,09,21801,A,N,D,C,A,A,H,-,A,A,0,NA,NA,NA,NA,Y,NA,A,07,0,1,4,0,0,0,0,0,0,-,-,33.838558197021484,-117.92108917236328,ORANGE,ANAHEIM,-117.92100524902344,33.83854293823242
81475131,2021,2021-05-18,3019,2021-04-10,1434,3701,SE,6,5,7,3019,0,0,0,NA,0,003,MACARTHUR PLACE,SANDPOINTE,135,N,N,A,-,N,NA,NA,NA,NA,NA,NA,NA,NA,NA,Y,3,0,1,3,A,-,03,22350,NA,N,B,E,E,A,H,-,A,D,0,Y,NA,NA,Y,Y,NA,A,01,0,1,0,0,1,0,0,0,0,-,-,NA,NA,ORANGE,SANTA ANA,-117.8657684326172,33.69807052612305
81477289,2021,2021-05-20,3001,2021-05-08,1912,A1397,D-3,6,5,7,3001,0,0,0,NA,0,D-3,ANAHEIM BOULEVARD,PALAIS ROAD,56,N,N,A,-,N,NA,NA,NA,NA,NA,NA,NA,NA,NA,Y,4,0,1,2,A,-,03,22350,NA,N,C,C,A,A,H,-,A,A,0,NA,NA,NA,NA,Y,Y,A,01,0,0,1,0,0,0,0,0,0,-,-,NA,NA,ORANGE,ANAHEIM,-117.90653228759766,33.81370162963867
81477292,2021,2021-05-20,3001,2021-05-08,2258,A1047,NA,6,5,7,3001,0,0,0,NA,0,D-2,HARBOR BOULEVARD,RT 91 WBON/R,0,NA,Y,A,-,Y,NA,NA,NA,NA,NA,NA,NA,NA,NA,Y,4,0,3,3,A,-,12,21453,A,N,D,C,A,A,H,-,C,A,0,NA,NA,NA,NA,Y,NA,A,01,0,0,3,0,0,0,0,0,0,-,-,33.854400634765625,-117.92410278320313,ORANGE,ANAHEIM,-117.92414093017578,33.8537712097168
81477307,2021,2021-05-20,3001,2021-05-12,1518,A1397,D-2,3,5,7,3001,0,0,0,NA,0,NA,EUCLID STREET,CRESCENT AVENUE,474,S,N,A,-,N,NA,NA,NA,NA,NA,NA,NA,NA,NA,N,3,0,2,2,A,-,03,22350,NA,N,C,C,A,A,H,-,A,D,0,NA,NA,NA,NA,Y,NA,A,01,0,1,1,0,0,0,0,0,0,-,-,NA,NA,ORANGE,ANAHEIM,-117.94158172607422,33.8385009765625
81477312,2021,2021-05-20,3001,2021-05-13,1710,A2382,NA,4,5,7,3001,0,0,0,NA,0,D-4,SANTA ANA CANYON ROAD,ROOSEVELT ROAD,65,E,N,A,-,N,NA,NA,NA,NA,NA,NA,NA,NA,NA,N,4,0,1,3,A,-,03,22350,NA,F,C,C,A,A,H,-,A,A,0,NA,NA,NA,NA,Y,NA,-,99,0,0,1,0,0,0,0,0,0,-,-,33.86716842651367,-117.7460479736328,ORANGE,ANAHEIM,-117.74595642089844,33.867210388183594
81477388,2021,2021-05-20,3010,2021-05-13,0752,1122,461,4,5,6,3010,0,0,0,NA,0,004,BEACH SERVICE ROAD,HUNTINGTON,105,S,N,B,-,N,NA,NA,NA,NA,NA,NA,NA,NA,NA,N,4,0,1,1,A,-,08,22107,NA,N,E,I,A,A,H,-,A,D,0,NA,Y,NA,NA,Y,NA,L,04,0,0,1,0,0,0,1,0,0,-,-,NA,NA,ORANGE,HUNTINGTON BEACH,NA,NA
81477430,2021,2021-05-20,3019,2021-04-07,1630,3553,WE,3,5,7,3019,0,0,0,NA,0,001,5TH STREET,HAWLEY STREET,8,W,N,A,-,Y,NA,NA,NA,NA,NA,NA,NA,NA,NA,Y,3,0,3,2,A,-,08,22102,NA,N,D,C,A,A,H,-,A,D,0,NA,NA,NA,NA,Y,NA,A,01,0,3,0,0,0,0,0,0,0,-,-,33.74869155883789,-117.8989715576172,ORANGE,SANTA ANA,-117.89905548095705,33.74869918823242
81477437,2021,2021-05-20,3019,2021-04-08,2228,3613,WE,4,5,7,3019,0,0,0,NA,0,003,BRISTOL STREET,ELM STREET,200,N,N,A,-,N,NA,NA,NA,NA,NA,NA,NA,NA,NA,Y,4,0,1,1,A,-,08,22107,NA,N,E,I,A,A,H,-,C,D,0,NA,NA,NA,NA,Y,NA,A,01,0,0,1,0,0,0,0,0,0,-,-,33.76829147338867,-117.8847885131836,ORANGE,SANTA ANA,-117.8849639892578,33.76826095581055
81480319,2021,2021-05-24,3014,2021-05-01,1507,1508,RD12,6,5,5,3014,0,0,0,NA,0,A1,W BALBOA BLVD,7TH ST,0,NA,Y,A,-,N,NA,NA,NA,NA,NA,NA,NA,NA,NA,N,4,0,1,2,A,-,03,22350,NA,N,C,C,A,A,H,-,A,A,0,NA,NA,NA,NA,Y,NA,A,01,0,0,1,0,0,0,0,0,0,-,-,33.60438919067383,-117.90879058837892,ORANGE,NEWPORT BEACH,-117.9091339111328,33.6043815612793
81480323,2021,2021-05-24,3014,2021-05-09,1300,1462,RD16,7,5,5,3014,0,0,0,NA,0,A2,SR-1 (W. COAST HWY.),PROSPECT AVE.,80,E,N,A,-,Y,NA,NA,1,NA,NA,NA,NA,NA,NA,Y,2,0,1,2,A,-,09,21802,A,N,F,A,A,A,H,-,A,D,0,NA,NA,Y,NA,Y,NA,A,07,1,0,0,0,0,0,0,0,1,-,-,33.626529693603516,-117.94924926757813,ORANGE,NEWPORT BEACH,-117.9492645263672,33.626502990722656
81480379,2021,2021-05-24,3014,2021-05-19,1425,1483,RD26,3,5,5,3014,0,0,0,NA,0,A2,16TH STREET,SEA GULL LANE,238,W,N,A,-,N,NA,NA,NA,NA,NA,NA,NA,NA,NA,Y,4,0,2,2,A,-,09,21804,A,N,D,C,A,A,H,-,A,D,0,NA,NA,NA,NA,Y,NA,A,07,0,0,2,0,0,0,0,0,0,-,-,33.62329864501953,-117.90859985351563,ORANGE,NEWPORT BEACH,-117.90826416015624,33.6234016418457
81480548,2021,2021-05-25,3022,2021-04-03,2026,1329,NA,6,5,5,3022,0,0,0,NA,0,NA,WARNER AV,TUSTIN RANCH RD (E),0,NA,Y,A,-,N,NA,NA,NA,NA,NA,NA,NA,NA,NA,N,3,0,1,2,A,-,17,21451,B,N,D,G,A,A,H,-,C,A,0,NA,Y,NA,NA,Y,NA,A,01,0,1,0,0,0,0,1,0,0,-,-,33.70100021362305,-117.8222885131836,ORANGE,TUSTIN,-117.82563018798828,33.70075988769531
81481572,2021,2021-05-26,3019,2021-04-28,2045,3451,SE,3,5,7,3019,0,0,0,NA,0,003,GRAND AVENUE,BROOKHOLLOW DRIVE (S),0,NA,Y,-,-,N,NA,NA,NA,NA,NA,NA,NA,NA,NA,Y,4,0,1,2,A,-,09,21801,A,N,D,C,A,A,H,-,C,A,0,NA,NA,NA,NA,Y,NA,A,01,0,0,1,0,0,0,0,0,0,-,-,33.712188720703125,-117.85073089599608,ORANGE,SANTA ANA,-117.8506088256836,33.71225357055664
81481573,2021,2021-05-26,3019,2021-04-29,0939,3732,SE,4,5,7,3019,0,0,0,NA,0,003,FLOWER STREET,MACARTHUR BOULEVARD,0,NA,Y,A,-,N,NA,NA,NA,NA,NA,NA,NA,NA,NA,Y,4,0,2,2,A,-,12,21453,A,N,D,C,A,A,H,-,A,A,0,NA,NA,NA,NA,Y,NA,A,01,0,0,2,0,0,0,0,0,0,-,-,33.69932174682617,-117.87796020507813,ORANGE,SANTA ANA,-117.87694549560548,33.69994354248047
81482580,2021,2021-05-27,3019,2021-05-04,0834,3729,NE,2,5,7,3019,0,0,0,NA,0,002,GRAND AVENUE,SANTA ANA BOULEVARD,135,E,N,A,-,N,NA,NA,NA,NA,NA,NA,NA,NA,NA,Y,4,0,3,3,A,-,12,21453,A,N,D,C,A,A,H,-,A,A,0,NA,NA,NA,NA,Y,NA,A,01,0,0,3,0,0,0,0,0,0,-,-,33.75325012207031,-117.85183715820313,ORANGE,SANTA ANA,-117.85193634033205,33.75397872924805
8148484,2016,2016-11-08,3004,2016-09-16,1700,P550,15,5,5,6,3004,0,0,0,NA,0,002,NEWPORT BL,FAIR DR,1670,S,N,A,-,N,NA,NA,55,NA,NA,NA,NA,NA,NA,N,4,0,1,1,A,-,09,21804,NA,N,D,G,A,A,H,-,A,D,0,NA,NA,NA,NA,Y,NA,A,01,0,0,1,0,0,0,0,0,0,-,-,33.65986,-117.90163,ORANGE,COSTA MESA,-117.90125614,33.65948805
8148621,2016,2016-10-19,3004,2016-10-05,1606,P543,30,3,5,6,3004,0,0,0,NA,0,014,REDHILL AV,PAULARINO,0,NA,Y,A,-,N,NA,NA,NA,NA,NA,NA,NA,NA,NA,Y,3,0,2,2,A,-,12,21453,A,N,D,C,A,A,H,-,A,A,0,NA,NA,NA,NA,Y,NA,A,07,0,1,1,0,0,0,0,0,0,-,-,NA,NA,ORANGE,COSTA MESA,-117.87406009,33.67985012
81488045,2021,2021-06-03,3001,2021-05-21,2030,A1047,NA,5,5,7,3001,0,0,0,NA,0,D-3,HARBOR BOULEVARD,VERMONT AVENUE,185,S,N,A,-,N,NA,NA,NA,NA,NA,NA,NA,NA,NA,Y,4,0,4,4,A,-,03,22350,NA,N,C,C,A,A,H,-,C,A,0,NA,NA,NA,NA,Y,NA,A,01,0,0,4,0,0,0,0,0,0,-,-,33.82170104980469,-117.915771484375,ORANGE,ANAHEIM,-117.91532135009766,33.821353912353516
81488074,2021,2021-06-03,3010,2021-05-29,2300,3042,NA,6,5,6,3010,0,0,0,NA,0,NA,BEACH BL - SR39,GARFIELD AVE,75,S,N,A,-,Y,NA,NA,NA,NA,NA,NA,NA,NA,NA,Y,3,0,3,2,A,-,09,21804,A,N,D,C,A,A,H,-,C,A,0,NA,NA,NA,NA,Y,NA,A,01,0,2,1,0,0,0,0,0,0,-,-,33.686710357666016,-117.9892120361328,ORANGE,HUNTINGTON BEACH,-117.98866271972656,33.6865348815918
81488093,2021,2021-06-03,3019,2021-05-19,0855,3734,NE,3,5,7,3019,0,0,0,NA,0,002,TUSTIN AVENUE,17TH STREET,300,N,N,A,-,N,NA,NA,NA,NA,NA,NA,NA,NA,NA,Y,4,0,2,3,A,-,03,22350,NA,N,C,C,A,A,H,-,A,D,0,NA,NA,NA,NA,Y,NA,A,01,0,0,2,0,0,0,0,0,0,-,-,33.75965881347656,-117.83425903320313,ORANGE,SANTA ANA,-117.83416748046876,33.75932693481445
8148819,2016,2017-02-18,3024,2016-10-04,1345,329,P13,2,5,5,3024,0,0,0,NA,0,EAST,RT 39,23RD ST,0,NA,Y,A,-,Y,ORA,12,39,-,-,8.009,I,5,N,Y,4,0,2,2,A,-,09,21801,A,N,D,C,A,A,H,-,A,D,0,NA,NA,NA,NA,Y,NA,A,01,0,0,2,0,0,0,0,0,0,-,-,NA,NA,ORANGE,WESTMINSTER,-117.98961364,33.76468802
81489177,2021,2021-06-04,3001,2021-05-24,1447,A1252,NA,1,5,7,3001,0,0,0,NA,0,D-1,ORANGEWOOD AVENUE,ANAHEIM WAY,0,NA,Y,A,-,Y,NA,NA,NA,NA,NA,NA,NA,NA,NA,Y,3,0,1,2,A,-,12,21453,A,N,D,C,A,A,H,-,A,A,0,NA,NA,NA,NA,Y,NA,A,01,0,1,0,0,0,0,0,0,0,-,-,33.796199798583984,-117.89423370361328,ORANGE,ANAHEIM,-117.89396667480467,33.796241760253906
81489212,2021,2021-06-04,3019,2021-05-10,1130,3731,WE,1,5,7,3019,0,0,0,NA,0,001,1ST STREET,HARBOR BOULEVARD,82,E,N,B,-,N,NA,NA,NA,NA,NA,NA,NA,NA,NA,N,4,0,1,2,A,-,03,22350,NA,N,C,C,A,A,H,-,A,A,0,NA,NA,NA,NA,Y,NA,A,07,0,0,1,0,0,0,0,0,0,-,-,33.74504089355469,-117.92022705078124,ORANGE,SANTA ANA,-117.91991424560548,33.74515151977539
8149034,2016,2016-10-20,3014,2016-10-02,1715,1395,RD47,7,5,5,3014,0,0,0,NA,0,0A4,MACARTHUR BL,SAN JOAQUIN HILLS RD,95,S,N,A,-,N,NA,NA,NA,NA,NA,NA,NA,NA,NA,Y,4,0,1,2,A,-,21,22106,NA,N,B,C,A,A,H,-,A,A,0,NA,NA,Y,NA,Y,NA,C,03,0,0,1,0,0,0,0,0,1,-,-,33.6143,-117.8669,ORANGE,NEWPORT BEACH,-117.86731185,33.61450604
8149119,2016,2016-10-19,3015,2016-10-09,2158,1365,23E,7,5,6,3015,0,0,0,NA,0,123,NORTH TUSTIN ST,E PALM AV,91,S,N,A,-,N,NA,NA,NA,NA,NA,NA,NA,NA,NA,Y,4,0,2,2,A,-,03,22350,NA,N,B,C,A,A,H,-,C,D,0,NA,NA,NA,NA,Y,NA,A,01,0,0,2,0,0,0,0,0,0,-,-,NA,NA,ORANGE,ORANGE,-117.83572,33.79118054
81492719,2021,2021-06-09,3014,2021-05-29,1115,1544,RD41,6,5,5,3014,0,0,0,NA,0,A3,BACK BAY VIEW PARK @ 1900 BACK BAY DR,JAMBOREE RD,470,W,N,A,-,N,NA,NA,NA,NA,NA,NA,NA,NA,NA,N,4,0,1,2,A,-,06,21750,A,N,B,G,A,A,H,-,A,D,0,NA,Y,NA,NA,Y,NA,L,04,0,0,1,0,0,0,1,0,0,-,-,33.615291595458984,-117.89089965820313,ORANGE,NEWPORT BEACH,-117.89019775390624,33.615970611572266
81493273,2021,2021-06-09,3014,2021-05-30,1111,1462,RD34,7,5,5,3014,0,0,0,NA,0,A3,BRISTOL ST (S),IRVINE AVE,0,NA,Y,A,-,N,NA,NA,NA,NA,NA,NA,NA,NA,NA,Y,3,0,2,2,A,-,12,21453,A,N,D,C,A,A,H,-,A,A,0,NA,NA,NA,NA,Y,NA,A,01,0,2,0,0,0,0,0,0,0,-,-,33.66196823120117,-117.87551879882813,ORANGE,NEWPORT BEACH,-117.87545013427734,33.66192626953125
81494598,2021,2021-06-11,3001,2021-06-01,2155,A1278,NA,2,5,7,3001,0,0,0,NA,0,D-1,LA PALMA AVENUE,MAGNOLIA AVENUE,15,E,N,A,-,N,NA,NA,NA,NA,NA,NA,NA,NA,NA,N,3,0,1,2,A,-,10,21950,A,N,G,B,B,A,H,-,C,A,0,Y,NA,NA,NA,Y,NA,A,01,0,1,0,0,1,0,0,0,0,-,-,33.846458435058594,-117.97570037841795,ORANGE,ANAHEIM,-117.97608947753906,33.84685134887695
81494632,2021,2021-06-11,3019,2021-06-01,1713,3553,WE,2,5,7,3019,0,0,0,NA,0,001,1ST STREET,SULLIVAN STREET,144,W,N,A,-,N,NA,NA,NA,NA,NA,NA,NA,NA,NA,Y,3,0,2,3,A,-,03,22350,NA,N,C,C,A,A,H,-,A,D,0,NA,NA,NA,NA,Y,NA,A,01,0,1,1,0,0,0,0,0,0,-,-,33.74491882324219,-117.9027099609375,ORANGE,SANTA ANA,-117.90302276611328,33.74523162841797
81496004,2021,2021-06-14,3014,2021-06-12,1851,1374,RD64,6,5,5,3014,0,0,0,NA,0,A4,SR-1 (E COAST HWY),CRYSTAL HEIGHTS DR,1350,W,N,A,-,Y,NA,NA,NA,NA,NA,NA,NA,NA,NA,Y,4,0,4,2,A,-,08,22107,NA,N,D,C,A,A,H,-,A,D,0,NA,NA,NA,NA,Y,NA,A,01,0,0,4,0,0,0,0,0,0,-,-,33.34270095825195,-117.50199127197266,ORANGE,NEWPORT BEACH,-117.83887481689452,33.57383728027344
81497952,2021,2021-06-16,3001,2021-06-14,0315,A2092,D-3,1,5,7,3001,0,0,0,NA,0,032,WILLOWBROOK LANE,MIRA COURT,155,N,N,A,-,N,NA,NA,NA,NA,NA,NA,NA,NA,NA,N,4,0,1,3,A,-,01,23152,F,N,D,E,A,A,H,-,C,D,0,NA,NA,NA,NA,Y,NA,A,01,0,0,1,0,0,0,0,0,0,-,-,33.78950119018555,-117.9132080078125,ORANGE,ANAHEIM,-117.91253662109376,33.79104232788086
81499062,2021,2021-06-17,3002,2021-05-21,1754,1490,NA,5,5,4,3002,0,0,0,NA,0,013,BIRCH ST,STATE COLLEGE BL,0,NA,Y,A,-,N,NA,NA,NA,NA,NA,NA,NA,NA,NA,Y,4,0,1,4,A,-,12,21453,A,N,D,C,A,A,H,-,A,A,0,NA,NA,NA,NA,Y,NA,D,22,0,0,1,0,0,0,0,0,0,-,-,33.917930603027344,-117.88298797607422,ORANGE,BREA,-117.88298034667967,33.917884826660156