CASE_ID,ACCIDENT_YEAR,PROC_DATE,JURIS,COLLISION_DATE,COLLISION_TIME,OFFICER_ID,REPORTING_DISTRICT,DAY_OF_WEEK,CHP_SHIFT,POPULATION,CNTY_CITY_LOC,SPECIAL_COND,BEAT_TYPE,CHP_BEAT_TYPE,CITY_DIVISION_LAPD,CHP_BEAT_CLASS,BEAT_NUMBER,PRIMARY_RD,SECONDARY_RD,DISTANCE,DIRECTION,INTERSECTION,WEATHER_1,WEATHER_2,STATE_HWY_IND,CALTRANS_COUNTY,CALTRANS_DISTRICT,STATE_ROUTE,ROUTE_SUFFIX,POSTMILE_PREFIX,POSTMILE,LOCATION_TYPE,RAMP_INTERSECTION,SIDE_OF_HWY,TOW_AWAY,COLLISION_SEVERITY,NUMBER_KILLED,NUMBER_INJURED,PARTY_COUNT,PRIMARY_COLL_FACTOR,PCF_CODE_OF_VIOL,PCF_VIOL_CATEGORY,PCF_VIOLATION,PCF_VIOL_SUBSECTION,HIT_AND_RUN,TYPE_OF_COLLISION,MVIW,PED_ACTION,ROAD_SURFACE,ROAD_COND_1,ROAD_COND_2,LIGHTING,CONTROL_DEVICE,CHP_ROAD_TYPE,PEDESTRIAN_ACCIDENT,BICYCLE_ACCIDENT,MOTORCYCLE_ACCIDENT,TRUCK_ACCIDENT,NOT_PRIVATE_PROPERTY,ALCOHOL_INVOLVED,STWD_VEHTYPE_AT_FAULT,CHP_VEHTYPE_AT_FAULT,COUNT_SEVERE_INJ,COUNT_VISIBLE_INJ,COUNT_COMPLAINT_PAIN,COUNT_PED_KILLED,COUNT_PED_INJURED,COUNT_BICYCLIST_KILLED,COUNT_BICYCLIST_INJURED,COUNT_MC_KILLED,COUNT_MC_INJURED,PRIMARY_RAMP,SECONDARY_RAMP,LATITUDE,LONGITUDE,COUNTY,CITY,POINT_X,POINT_Y
81500834,2021,2021-06-21,3001,2021-06-09,2048,A1047,NA,3,5,7,3001,0,0,0,NA,0,D-1,LINCOLN AVENUE,BEL AIR STREET,106,E,N,A,-,N,NA,NA,NA,NA,NA,NA,NA,NA,NA,Y,4,0,1,2,A,-,08,22107,NA,N,D,E,A,A,H,-,C,D,0,NA,NA,NA,NA,Y,NA,A,01,0,0,1,0,0,0,0,0,0,-,-,33.8319091796875,-117.98887634277344,ORANGE,ANAHEIM,-117.98867034912108,33.83216857910156
81503417,2021,2021-06-23,3001,2021-06-18,1314,A2461,D-1,5,5,7,3001,0,0,0,NA,0,016,CERRITOS AVENUE,NUTWOOD STREET,0,NA,Y,A,-,N,NA,NA,NA,NA,NA,NA,NA,NA,NA,N,3,0,2,2,A,-,12,21453,A,N,C,C,A,A,H,-,A,A,0,NA,NA,NA,NA,Y,NA,A,01,0,1,1,0,0,0,0,0,0,-,-,33.81031036376953,-117.95030212402344,ORANGE,ANAHEIM,-117.9501495361328,33.8105354309082
81508473,2021,2021-06-29,3002,2021-06-02,1741,1628,NA,3,5,4,3002,0,0,0,NA,0,011,BERRY ST,STONEBRIDGE DR,30,W,N,A,-,N,NA,NA,NA,NA,NA,NA,NA,NA,NA,Y,3,0,1,1,A,-,08,22107,NA,N,E,I,A,A,H,-,A,A,0,NA,NA,NA,NA,Y,NA,A,01,0,1,0,0,0,0,0,0,0,-,-,33.938438415527344,-117.90637969970705,ORANGE,BREA,-117.90652465820313,33.93844223022461
81509398,2021,2021-06-30,3019,2021-05-15,0943,3702,WE,6,5,7,3019,0,0,0,NA,0,001,FAIRVIEW AVENUE,5TH STREET,230,S,N,B,-,N,NA,NA,NA,NA,NA,NA,NA,NA,NA,N,4,0,1,2,A,-,10,21952,NA,N,H,G,A,A,H,-,A,D,0,NA,Y,NA,NA,Y,NA,L,04,0,0,1,0,0,0,1,0,0,-,-,NA,NA,ORANGE,SANTA ANA,-117.90519714355467,33.748207092285156
81510350,2021,2021-06-30,3014,2021-05-23,1019,1582,RD26,7,5,5,3014,0,0,0,NA,0,A2,BICYCLE PATH S/O SR-1 (W. COAST HWY),DOVER DR,375,E,N,A,-,Y,NA,NA,NA,NA,NA,NA,NA,NA,NA,N,3,0,1,1,C,-,18,NA,NA,N,H,A,A,A,H,-,A,D,0,NA,Y,NA,NA,Y,NA,-,-,0,1,0,0,0,0,1,0,0,-,-,NA,NA,ORANGE,NEWPORT BEACH,-117.90602111816406,33.61656951904297
81512477,2021,2021-07-05,3001,2021-06-30,1729,A2292,D-1,3,5,7,3001,0,0,0,NA,0,NA,WESTERN AVENUE,LINCOLN AVENUE,0,NA,Y,A,-,N,NA,NA,NA,NA,NA,NA,NA,NA,NA,Y,3,0,1,3,A,-,08,22107,NA,N,E,I,A,A,H,-,A,A,0,NA,NA,NA,NA,Y,NA,A,01,0,1,0,0,0,0,0,0,0,-,-,33.83198165893555,-118.00209045410156,ORANGE,ANAHEIM,-118.00227355957033,33.83191680908203
81512793,2021,2021-07-05,3024,2021-06-02,0918,329,P-11,3,5,5,3024,0,0,0,NA,0,WEST,GOLDENWEST STREET,TRASK AVENUE,36,S,N,B,-,N,NA,NA,NA,NA,NA,NA,NA,NA,NA,N,4,0,1,2,A,-,03,22350,NA,N,C,C,A,A,H,-,A,A,0,NA,NA,NA,NA,Y,NA,E,22,0,0,1,0,0,0,0,0,0,-,-,33.76639938354492,-118.00714111328124,ORANGE,WESTMINSTER,-118.00724792480467,33.76626968383789
81513068,2021,2021-07-06,3001,2021-07-03,1943,A1047,NA,6,5,7,3001,0,0,0,NA,0,D-4,IMPERIAL HIGHWAY,ORANGETHORPE AVE CONNECTOR,0,NA,Y,A,-,Y,NA,NA,NA,NA,NA,NA,NA,NA,NA,Y,3,0,2,2,A,-,12,21453,A,N,D,C,A,A,H,-,A,A,0,NA,NA,NA,NA,Y,NA,A,01,0,1,1,0,0,0,0,0,0,-,-,33.86301040649414,-117.79049682617188,ORANGE,ANAHEIM,-117.79045867919922,33.86264419555664
81514129,2021,2021-07-07,3010,2021-06-16,1046,2084,292,3,5,6,3010,0,0,0,NA,0,005,BEACH BL - SR39,TALBERT AVE,0,NA,Y,A,-,Y,NA,NA,NA,NA,NA,NA,NA,NA,NA,N,3,0,1,2,A,-,03,22350,NA,F,H,G,A,A,H,-,A,A,0,NA,Y,NA,NA,Y,NA,L,04,0,1,0,0,0,0,1,0,0,-,-,33.70122146606445,-117.98912048339844,ORANGE,HUNTINGTON BEACH,-117.98904418945313,33.701148986816406
81515304,2021,2021-07-08,3019,2021-06-30,1351,2776,NE,3,5,7,3019,0,0,0,NA,0,002,15TH STREET,ALLEY E/O BUSH W/O SPURGEON,0,NA,Y,A,-,N,NA,NA,NA,NA,NA,NA,NA,NA,NA,N,4,0,2,2,A,-,09,21804,A,M,D,C,A,A,H,-,A,D,0,NA,NA,NA,NA,Y,NA,A,07,0,0,2,0,0,0,0,0,0,-,-,33.75699996948242,-117.86576080322266,ORANGE,SANTA ANA,NA,NA
81522583,2021,2021-07-19,3019,2021-07-13,1247,3753,SC,2,5,7,3019,0,0,0,NA,0,004,BRISTOL STREET,ALTON AVENUE,0,NA,Y,A,-,N,NA,NA,NA,NA,NA,NA,NA,NA,NA,N,4,0,2,2,A,-,09,21801,A,N,A,C,A,A,H,-,A,A,0,NA,NA,NA,NA,Y,NA,A,01,0,0,2,0,0,0,0,0,0,-,-,NA,NA,ORANGE,SANTA ANA,-117.8855438232422,33.70366668701172
81522939,2021,2021-07-19,3022,2021-06-29,1654,1308,NA,2,5,5,3022,0,0,0,NA,0,NA,IRVINE BLVD,FASHION LN,0,NA,Y,A,-,N,NA,NA,NA,NA,NA,NA,NA,NA,NA,Y,4,0,1,2,A,-,12,21453,A,N,D,C,A,A,H,-,A,A,0,NA,NA,NA,NA,Y,NA,A,01,0,0,1,0,0,0,0,0,0,-,-,33.7482795715332,-117.81728363037108,ORANGE,TUSTIN,-117.81710052490234,33.74821090698242
8152415,2016,2016-11-01,3015,2016-09-10,1247,1331,35E,6,5,6,3015,0,0,0,NA,0,745,NORTH BATAVIA ST,WEST COLLINS AV,0,NA,Y,A,-,N,NA,NA,NA,NA,NA,NA,NA,NA,NA,Y,4,0,2,2,A,-,12,21453,A,N,D,C,A,A,H,-,A,A,0,NA,NA,NA,NA,Y,NA,A,01,0,0,2,0,0,0,0,0,0,-,-,NA,NA,ORANGE,ORANGE,-117.86179011,33.80241006
8152537,2016,2017-02-16,3010,2016-10-17,1154,205,242,1,5,6,3010,0,0,0,NA,0,009,RT 39,EDINGER,821,N,N,B,-,Y,ORA,12,39,-,-,5.96,H,-,N,Y,4,0,1,2,A,-,07,21658,A,N,B,C,A,A,H,-,A,D,0,NA,NA,NA,Y,Y,NA,A,01,0,0,1,0,0,0,0,0,0,-,-,NA,NA,ORANGE,HUNTINGTON BEACH,-117.98927347,33.73484058
8152586,2016,2017-02-18,3024,2016-09-28,1027,153,P16,3,5,5,3024,0,0,0,NA,0,EAST,RT 39,WESTMINSTER BL,30,S,N,A,-,Y,ORA,12,39,-,-,7.62,H,-,N,N,4,0,1,2,A,-,03,22350,NA,N,C,C,A,A,H,-,A,A,0,NA,NA,NA,NA,Y,NA,A,01,0,0,1,0,0,0,0,0,0,-,-,NA,NA,ORANGE,WESTMINSTER,-117.98955693,33.75901392
81526022,2021,2021-07-22,3010,2021-07-10,2123,3042,283,6,5,6,3010,0,0,0,NA,0,006,SLATER AVE,VAN BUREN ST,0,NA,Y,A,-,N,NA,NA,NA,NA,NA,NA,NA,NA,NA,Y,4,0,1,2,A,-,09,21804,A,N,D,C,A,A,H,-,C,A,0,NA,NA,NA,NA,Y,NA,A,08,0,0,1,0,0,0,0,0,0,-,-,33.70840835571289,-117.9858169555664,ORANGE,HUNTINGTON BEACH,-117.98587036132813,33.708438873291016
81526059,2021,2021-07-22,3019,2021-06-18,1609,3531,SC,5,5,7,3019,0,0,0,NA,0,004,EDINGER AVENUE,FAIRVIEW STREET,200,E,N,A,-,N,NA,NA,NA,NA,NA,NA,NA,NA,NA,Y,3,0,1,2,A,-,09,21804,A,F,H,G,A,A,H,-,A,D,0,NA,Y,NA,NA,Y,NA,D,22,0,1,0,0,0,0,1,0,0,-,-,33.72703170776367,-117.90664672851563,ORANGE,SANTA ANA,-117.905517578125,33.72726821899414
8152617,2016,2016-10-28,3015,2016-09-15,0749,1539,76,4,5,6,3015,0,0,0,NA,0,713,EAST CHAPMAN AV,MALENA ST N,45,W,N,A,-,N,NA,NA,NA,NA,NA,NA,NA,NA,NA,Y,3,0,1,3,A,-,03,22350,NA,N,C,C,A,A,H,-,A,D,0,NA,NA,NA,NA,Y,NA,A,07,0,1,0,0,0,0,0,0,0,-,-,NA,NA,ORANGE,ORANGE,-117.82351768,33.78780336
8152830,2016,2016-10-31,3010,2016-10-15,0236,2156,241,6,5,6,3010,0,0,0,NA,0,009,GOTHARD,CENTER,270,N,N,A,-,N,NA,NA,NA,NA,NA,NA,NA,NA,NA,Y,4,0,1,1,A,-,03,22350,NA,N,E,I,A,A,H,-,C,A,0,NA,NA,NA,NA,Y,NA,A,01,0,0,1,0,0,0,0,0,0,-,-,NA,NA,ORANGE,HUNTINGTON BEACH,-118.00011676,33.73444839
81528375,2021,2021-07-26,3008,2021-05-29,0814,1560,Zone,6,5,6,3008,0,0,0,NA,0,NA,EUCLID ST,VALENCIA DR,0,NA,Y,A,-,N,NA,NA,NA,NA,NA,NA,NA,NA,NA,Y,3,0,2,2,A,-,12,21453,A,N,D,C,A,A,E,H,A,A,0,NA,NA,NA,NA,Y,NA,A,01,0,1,1,0,0,0,0,0,0,-,-,NA,NA,ORANGE,FULLERTON,-117.9419403076172,33.86658477783203
8152841,2016,2016-10-31,3010,2016-10-17,1154,2057,251,1,5,6,3010,0,0,0,NA,0,007,WARNER,GOLDENWEST,160,E,N,B,-,N,NA,NA,NA,NA,NA,NA,NA,NA,NA,Y,4,0,1,3,A,-,03,22350,NA,N,C,C,A,B,H,-,A,A,0,NA,NA,NA,NA,Y,NA,A,01,0,0,1,0,0,0,0,0,0,-,-,NA,NA,ORANGE,HUNTINGTON BEACH,-118.00614512,33.71549598
8152865,2016,2016-10-31,3010,2016-10-14,0937,1225,43,5,5,6,3010,0,0,0,NA,0,003,NEWLAND,ADAMS,67,N,N,B,-,N,NA,NA,NA,NA,NA,NA,NA,NA,NA,Y,4,0,1,2,A,-,12,21453,A,N,D,C,A,A,H,-,A,A,0,NA,NA,NA,NA,Y,NA,A,01,0,0,1,0,0,0,0,0,0,-,-,NA,NA,ORANGE,HUNTINGTON BEACH,-117.97992172,33.67246369
81530282,2021,2021-07-28,3008,2021-05-27,2130,1387,Zone,4,5,6,3008,0,0,0,NA,0,NA,GILBERT ST,HUGHES DR,0,NA,Y,A,B,N,NA,NA,NA,NA,NA,NA,NA,NA,NA,Y,3,0,1,2,A,-,09,21801,A,F,D,C,A,A,H,-,C,A,0,NA,NA,NA,NA,Y,NA,A,01,0,1,0,0,0,0,0,0,0,-,-,NA,NA,ORANGE,FULLERTON,-117.96588134765624,33.882991790771484
81535369,2021,2021-08-03,3008,2021-06-18,0234,1596,Zone,5,5,6,3008,0,0,0,NA,0,NA,ORANGETHORPE AVE,HIGHLAND AVE,0,NA,Y,-,-,N,NA,NA,NA,NA,NA,NA,NA,NA,NA,Y,3,0,1,2,A,-,22,23123,A,N,C,C,A,A,H,-,C,A,0,NA,NA,NA,NA,Y,NA,A,01,0,1,0,0,0,0,0,0,0,-,-,NA,NA,ORANGE,FULLERTON,-117.92867279052734,33.85944747924805
81537018,2021,2021-08-05,3001,2021-08-02,0725,A2450,D-2,1,5,7,3001,0,0,0,NA,0,D-2,EUCLID STREET,ROMNEYA DRIVE,15,N,N,A,-,N,NA,NA,NA,NA,NA,NA,NA,NA,NA,N,3,0,1,2,A,-,10,21950,A,N,G,B,B,A,H,-,A,A,0,Y,NA,NA,NA,Y,NA,D,22,0,1,0,0,1,0,0,0,0,-,-,NA,NA,ORANGE,ANAHEIM,-117.94178009033205,33.850711822509766
81537046,2021,2021-08-05,3019,2021-06-28,1434,3675,WE,1,5,7,3019,0,0,0,NA,0,001,FAIRVIEW STREET,5TH STREET,0,NA,Y,A,-,N,NA,NA,NA,NA,NA,NA,NA,NA,NA,Y,3,0,1,2,A,-,12,21453,A,N,D,C,A,A,H,-,A,A,0,NA,NA,NA,NA,Y,NA,D,22,0,1,0,0,0,0,0,0,0,-,-,33.74848175048828,-117.90489959716795,ORANGE,SANTA ANA,-117.90491485595705,33.74879455566406
81538266,2021,2021-08-06,3010,2021-08-01,1739,4094,461,7,5,6,3010,0,0,0,NA,0,004,PACIFIC COAST HWY - SR1,MAIN ST,50,N,N,A,-,Y,NA,NA,1,NA,NA,NA,NA,NA,NA,N,4,0,2,2,A,-,04,21703,NA,N,C,C,A,A,H,-,A,A,0,NA,NA,NA,NA,Y,NA,D,22,0,0,2,0,0,0,0,0,0,-,-,33.65705871582031,-118.00225067138672,ORANGE,HUNTINGTON BEACH,-118.00216674804688,33.657169342041016
81539308,2021,2021-08-09,3019,2021-07-04,2230,3737,NE,7,5,7,3019,0,0,0,NA,0,002,PALM STREET,WRIGHT STREET,10,E,N,A,-,N,NA,NA,NA,NA,NA,NA,NA,NA,NA,N,4,0,1,2,A,-,06,21750,A,N,B,C,A,A,H,-,C,D,0,NA,NA,NA,NA,Y,NA,J,48,0,0,1,0,0,0,0,0,0,-,-,33.746761322021484,-117.84716796875,ORANGE,SANTA ANA,-117.84690856933594,33.74681854248047
81539390,2021,2021-08-09,3024,2021-06-29,1229,435,P-13,2,5,5,3024,0,0,0,NA,0,EAST,WESTMINSTER BOULEVARD,BEACH BOULEVARD,40,E,N,A,-,Y,NA,NA,NA,NA,NA,NA,NA,NA,NA,N,4,0,1,2,A,-,03,22350,NA,N,C,C,A,A,H,-,A,A,0,NA,NA,NA,NA,Y,NA,A,07,0,0,1,0,0,0,0,0,0,-,-,33.75925064086914,-117.98931884765624,ORANGE,WESTMINSTER,-117.98941040039063,33.759281158447266
81539391,2021,2021-08-09,3024,2021-07-01,1136,329,P-06,4,5,5,3024,0,0,0,NA,0,WEST,GARDEN GROVE BOULEVARD,VILLAGE CENTER DRIVE,57,W,N,A,-,N,NA,NA,NA,NA,NA,NA,NA,NA,NA,N,2,0,1,2,A,-,11,21954,A,N,G,B,D,A,H,-,A,D,0,Y,NA,NA,NA,Y,NA,N,60,1,0,0,0,1,0,0,0,0,-,-,33.77360916137695,-117.99510955810548,ORANGE,WESTMINSTER,-117.99530792236328,33.77370834350586
81540895,2021,2021-08-10,3015,2021-07-15,1852,1419,RD25,4,5,6,3015,0,0,0,NA,0,722M,COLLINS AVE,OLIVE ST,0,NA,Y,A,-,N,NA,NA,NA,NA,NA,NA,NA,NA,NA,N,4,0,1,2,A,-,03,22350,NA,N,C,C,A,A,H,-,A,D,0,NA,NA,NA,NA,Y,NA,A,07,0,0,1,0,0,0,0,0,0,-,-,33.802391052246094,-117.85430145263672,ORANGE,ORANGE,-117.85415649414063,33.80238723754883
81540970,2021,2021-08-10,3008,2021-05-25,1756,1569,Zone,2,5,6,3008,0,0,0,NA,0,NA,COMMONWEALTH AVE,BALCOM AVE,118,E,N,A,-,N,NA,NA,NA,NA,NA,NA,NA,NA,NA,N,4,0,1,2,A,-,03,22350,NA,N,C,C,A,A,H,-,A,D,0,NA,NA,NA,NA,Y,NA,A,01,0,0,1,0,0,0,0,0,0,-,-,NA,NA,ORANGE,FULLERTON,-117.91515350341795,33.87041091918945
81541892,2021,2021-08-11,3001,2021-08-06,0628,A1555,D-4,5,5,7,3001,0,0,0,NA,0,D-4,ORANGETHORPE AVENUE,VIA BREVE,224,W,N,B,-,N,NA,NA,NA,NA,NA,NA,NA,NA,NA,Y,3,0,2,2,A,-,09,21804,A,N,D,C,A,A,H,-,A,A,0,NA,NA,NA,NA,Y,NA,A,07,0,2,0,0,0,0,0,0,0,-,-,33.863128662109375,-117.7927017211914,ORANGE,ANAHEIM,-117.79375457763672,33.862892150878906
81542018,2021,2021-08-11,3008,2021-06-26,1455,1605,Zone,6,5,6,3008,0,0,0,NA,0,NA,EUCLID ST,BAKER AVE,650,S,N,A,-,N,NA,NA,NA,NA,NA,NA,NA,NA,NA,N,3,0,1,2,A,-,03,22350,NA,N,C,C,A,A,H,-,A,D,0,NA,NA,NA,NA,Y,NA,A,01,0,1,0,0,0,0,0,0,0,-,-,NA,NA,ORANGE,FULLERTON,-117.94168090820313,33.85512924194336
81542987,2021,2021-08-12,3001,2021-08-09,1524,A2367,D-3,1,5,7,3001,0,0,0,NA,0,D-3,WAGNER AVENUE,SUNKIST STREET,498,E,N,A,-,N,NA,NA,NA,NA,NA,NA,NA,NA,NA,Y,4,0,1,2,A,-,03,22350,NA,N,C,C,A,A,H,-,A,D,0,NA,NA,NA,NA,Y,NA,A,01,0,0,1,0,0,0,0,0,0,-,-,33.82373809814453,-117.88056182861328,ORANGE,ANAHEIM,-117.87890625,33.82538986206055
81544891,2021,2021-08-16,3001,2021-08-10,0648,A1825,NA,2,5,7,3001,0,0,0,NA,0,D-4,FRONTERA STREET,ARMANDO AVENUE,56,E,N,A,-,N,NA,NA,NA,NA,NA,NA,NA,NA,NA,Y,3,0,2,2,A,-,06,21750,NA,F,D,C,A,A,H,-,A,D,0,NA,NA,NA,NA,Y,NA,A,07,0,1,1,0,0,0,0,0,0,-,-,33.844539642333984,-117.85887145996094,ORANGE,ANAHEIM,-117.8590850830078,33.846473693847656
81545194,2021,2021-08-16,3008,2021-06-09,1618,1505,NA,3,5,6,3008,0,0,0,NA,0,NA,MAGNOLIA AVE,PORTER AVE,100,S,N,A,-,N,NA,NA,NA,NA,NA,NA,NA,NA,NA,N,3,0,1,2,A,-,05,21651,B,N,D,G,A,A,H,-,A,D,0,NA,Y,NA,NA,Y,NA,L,04,0,1,0,0,0,0,1,0,0,-,-,NA,NA,ORANGE,FULLERTON,-117.97628784179688,33.859947204589844
81546439,2021,2021-08-17,3019,2021-06-16,1729,3529,SE,3,5,7,3019,0,0,0,NA,0,001,MCFADDEN AVENUE,LINWOOD AVENUE,0,NA,Y,-,-,N,NA,NA,NA,NA,NA,NA,NA,NA,NA,N,4,0,1,2,A,-,05,21752,D,N,A,C,A,A,H,-,A,D,0,NA,NA,NA,NA,Y,NA,A,01,0,0,1,0,0,0,0,0,0,-,-,33.73263931274414,-117.84870147705078,ORANGE,SANTA ANA,-117.84835815429688,33.73374557495117
81548646,2021,2021-08-19,3019,2021-07-21,1650,3757,SC,3,5,7,3019,0,0,0,NA,0,004,EDINGER AVENUE,FLOWER STREET,0,NA,Y,A,-,N,NA,NA,NA,NA,NA,NA,NA,NA,NA,Y,4,0,1,2,D,-,00,NA,NA,N,A,C,A,A,H,-,A,A,0,NA,NA,NA,NA,Y,NA,-,-,0,0,1,0,0,0,0,0,0,-,-,33.72657012939453,-117.87705993652344,ORANGE,SANTA ANA,-117.87657165527344,33.727210998535156
81549851,2021,2021-08-20,3001,2021-08-06,0803,A2367,D-4,5,5,7,3001,0,0,0,NA,0,044,SANTA ANA CANYON ROAD,ANAHEIM HILLS ROAD,0,NA,Y,A,-,N,NA,NA,NA,NA,NA,NA,NA,NA,NA,Y,4,0,1,2,A,-,09,21453,C,N,D,C,A,A,H,-,A,A,0,NA,NA,NA,NA,Y,NA,D,22,0,0,1,0,0,0,0,0,0,-,-,33.85396957397461,-117.77899932861328,ORANGE,ANAHEIM,-117.77893829345705,33.85392379760742
81550638,2021,2021-08-23,3015,2021-08-17,0745,1641,RD43,2,5,6,3015,0,0,0,NA,0,495,E CHAPMAN AVE,55S FREEWAY OFFRAMP,0,NA,Y,A,-,Y,NA,NA,NA,NA,NA,NA,NA,NA,NA,N,4,0,1,2,A,-,03,22350,NA,N,G,B,B,A,H,-,A,A,0,Y,NA,NA,NA,Y,NA,A,01,0,0,1,0,1,0,0,0,0,-,-,NA,NA,ORANGE,ORANGE,NA,NA
81552251,2021,2021-08-24,3019,2021-07-25,1120,3718,SC,7,5,7,3019,0,0,0,NA,0,004,1ST STREET,BAKER STREET,160,W,N,A,-,N,NA,NA,NA,NA,NA,NA,NA,NA,NA,N,4,0,5,2,A,-,03,22350,NA,N,C,C,A,A,H,-,A,D,0,NA,NA,NA,NA,Y,NA,A,01,0,0,5,0,0,0,0,0,0,-,-,33.745540618896484,-117.88256072998048,ORANGE,SANTA ANA,-117.88331604003906,33.74541091918945
81553478,2021,2021-08-25,3019,2021-08-02,1319,2776,NE,1,5,7,3019,0,0,0,NA,0,002,4TH STREET,LACY STREET,145,W,N,A,-,N,NA,NA,NA,NA,NA,NA,NA,NA,NA,N,4,0,1,2,A,-,21,22106,NA,N,G,B,D,A,H,-,A,D,0,Y,NA,NA,NA,Y,NA,A,01,0,0,1,0,1,0,0,0,0,-,-,33.747108459472656,-117.86061096191406,ORANGE,SANTA ANA,-117.861083984375,33.74802017211914
8155623,2016,2016-11-02,3007,2016-10-18,1028,263,42,2,5,5,3007,0,0,0,NA,0,001,WARNER,ROSS ST,8,W,N,A,-,N,NA,NA,NA,NA,NA,NA,NA,NA,NA,N,3,0,1,2,A,-,09,21804,A,N,-,G,A,A,H,-,A,D,0,NA,Y,NA,NA,Y,NA,A,01,0,1,0,0,0,0,1,0,0,-,-,NA,NA,ORANGE,FOUNTAIN VALLEY,-117.97682625,33.71571
81556714,2021,2021-08-27,3024,2021-07-02,1650,505,P-12,5,5,5,3024,0,0,0,NA,0,WEST,BEACH BOULEVARD (SR 39),21ST STREET,0,NA,Y,A,-,Y,NA,NA,NA,NA,NA,NA,NA,NA,NA,Y,4,0,1,2,A,-,09,21802,A,N,D,C,A,A,H,-,A,B,0,NA,NA,NA,NA,Y,NA,A,07,0,0,1,0,0,0,0,0,0,-,-,33.7622184753418,-117.99220275878906,ORANGE,WESTMINSTER,-117.99002075195313,33.76289749145508
81561226,2021,2021-09-02,3014,2021-08-22,1759,1418,RD13,7,5,5,3014,0,0,0,NA,0,A1,W BALBOA BLVD,16TH ST,50,W,N,A,-,N,NA,NA,NA,NA,NA,NA,NA,NA,NA,Y,4,0,2,3,A,-,08,22107,NA,N,B,C,A,A,H,-,A,D,0,NA,NA,NA,NA,Y,NA,A,07,0,0,2,0,0,0,0,0,0,-,-,33.6071891784668,-117.92230224609376,ORANGE,NEWPORT BEACH,-117.9223403930664,33.60727310180664
81562691,2021,2021-09-06,3001,2021-08-29,1832,A2312,D-4,7,5,7,3001,0,0,0,NA,0,D-4,SERRANO AVENUE,NOHL RANCH ROAD,363,W,N,A,-,N,NA,NA,NA,NA,NA,NA,NA,NA,NA,Y,3,0,4,2,A,-,09,21801,A,N,D,C,A,A,H,-,A,D,0,NA,NA,NA,NA,Y,NA,A,07,0,2,2,0,0,0,0,0,0,-,-,33.83089828491211,-117.76123046875,ORANGE,ANAHEIM,-117.76160430908205,33.8303337097168
81562710,2021,2021-09-06,3019,2021-08-07,1415,3554,SC,6,5,7,3019,0,0,0,NA,0,004,MACARTHUR BOULEVARD,BRISTOL STREET,100,E,N,A,-,N,NA,NA,NA,NA,NA,NA,NA,NA,NA,N,4,0,2,2,A,-,03,22350,NA,N,C,C,A,A,H,-,A,D,0,NA,NA,NA,NA,Y,NA,-,35,0,0,2,0,0,0,0,0,0,-,-,33.699981689453125,-117.88549041748048,ORANGE,SANTA ANA,-117.88528442382813,33.699920654296875
81563096,2021,2021-09-06,3010,2021-09-02,1012,2252,242,4,5,6,3010,0,0,0,NA,0,009,CENTER AVE,BEACH BL - SR39,0,NA,Y,B,-,Y,NA,NA,NA,NA,NA,NA,NA,NA,NA,N,4,0,1,2,A,-,05,21650,1,N,D,G,A,A,H,-,A,A,0,NA,Y,NA,NA,Y,NA,L,04,0,0,1,0,0,0,1,0,0,-,-,33.731258392333984,-117.98924255371094,ORANGE,HUNTINGTON BEACH,-117.98942565917967,33.73152160644531
81563098,2021,2021-09-06,3010,2021-09-02,1436,2090,291,4,5,6,3010,0,0,0,NA,0,005,GOTHARD ST,TALBERT AVE,91,S,N,A,-,N,NA,NA,NA,NA,NA,NA,NA,NA,NA,Y,4,0,3,3,A,-,01,23153,F,N,C,C,A,A,H,-,A,A,0,NA,NA,NA,NA,Y,NA,A,07,0,0,3,0,0,0,0,0,0,-,-,33.70124816894531,-117.9999771118164,ORANGE,HUNTINGTON BEACH,-117.99987030029295,33.70085906982422
81563129,2021,2021-09-06,3024,2021-08-04,1313,435,P-30,3,5,5,3024,0,0,0,NA,0,WEST,BOLSA AVENUE,HOOVER STREET,0,NA,Y,A,-,N,NA,NA,NA,NA,NA,NA,NA,NA,NA,Y,4,0,3,2,A,-,09,21801,A,N,D,C,A,A,H,-,A,A,0,NA,NA,NA,NA,Y,NA,A,01,0,0,3,0,0,0,0,0,0,-,-,33.7447395324707,-117.9982681274414,ORANGE,WESTMINSTER,-117.9983139038086,33.7446174621582
81563645,2021,2021-09-07,3001,2021-08-08,1630,A0845,D-1,7,5,7,3001,0,0,0,NA,0,D-1,BALL ROAD,MAGNOLIA AVENUE,43,W,N,A,-,N,NA,NA,NA,NA,NA,NA,NA,NA,NA,N,4,0,1,2,A,-,09,21801,A,N,D,C,A,A,H,-,A,A,0,NA,NA,NA,NA,Y,NA,A,07,0,0,1,0,0,0,0,0,0,-,-,33.817691802978516,-117.97586059570313,ORANGE,ANAHEIM,-117.97599029541016,33.817596435546875