CASE_ID,ACCIDENT_YEAR,PROC_DATE,JURIS,COLLISION_DATE,COLLISION_TIME,OFFICER_ID,REPORTING_DISTRICT,DAY_OF_WEEK,CHP_SHIFT,POPULATION,CNTY_CITY_LOC,SPECIAL_COND,BEAT_TYPE,CHP_BEAT_TYPE,CITY_DIVISION_LAPD,CHP_BEAT_CLASS,BEAT_NUMBER,PRIMARY_RD,SECONDARY_RD,DISTANCE,DIRECTION,INTERSECTION,WEATHER_1,WEATHER_2,STATE_HWY_IND,CALTRANS_COUNTY,CALTRANS_DISTRICT,STATE_ROUTE,ROUTE_SUFFIX,POSTMILE_PREFIX,POSTMILE,LOCATION_TYPE,RAMP_INTERSECTION,SIDE_OF_HWY,TOW_AWAY,COLLISION_SEVERITY,NUMBER_KILLED,NUMBER_INJURED,PARTY_COUNT,PRIMARY_COLL_FACTOR,PCF_CODE_OF_VIOL,PCF_VIOL_CATEGORY,PCF_VIOLATION,PCF_VIOL_SUBSECTION,HIT_AND_RUN,TYPE_OF_COLLISION,MVIW,PED_ACTION,ROAD_SURFACE,ROAD_COND_1,ROAD_COND_2,LIGHTING,CONTROL_DEVICE,CHP_ROAD_TYPE,PEDESTRIAN_ACCIDENT,BICYCLE_ACCIDENT,MOTORCYCLE_ACCIDENT,TRUCK_ACCIDENT,NOT_PRIVATE_PROPERTY,ALCOHOL_INVOLVED,STWD_VEHTYPE_AT_FAULT,CHP_VEHTYPE_AT_FAULT,COUNT_SEVERE_INJ,COUNT_VISIBLE_INJ,COUNT_COMPLAINT_PAIN,COUNT_PED_KILLED,COUNT_PED_INJURED,COUNT_BICYCLIST_KILLED,COUNT_BICYCLIST_INJURED,COUNT_MC_KILLED,COUNT_MC_INJURED,PRIMARY_RAMP,SECONDARY_RAMP,LATITUDE,LONGITUDE,COUNTY,CITY,POINT_X,POINT_Y
81626686,2021,2021-11-17,3019,2021-11-04,0847,3196,NE,4,5,7,3019,0,0,0,NA,0,002,GRAND AVENUE,17TH STREET,100,S,N,B,-,N,NA,NA,NA,NA,NA,NA,NA,NA,NA,N,4,0,2,2,A,-,03,22350,NA,N,C,C,A,A,H,-,A,D,0,NA,NA,NA,NA,Y,NA,A,01,0,0,2,0,0,0,0,0,0,-,-,33.7589111328125,-117.8517837524414,ORANGE,SANTA ANA,-117.85192108154295,33.759647369384766
81626703,2021,2021-11-17,3019,2021-11-06,2008,3550,SC,6,5,7,3019,0,0,0,NA,0,004,HARBOR BOULEVARD,MACARTHUR BOULEVARD,0,NA,Y,A,-,N,NA,NA,NA,NA,NA,NA,NA,NA,NA,N,4,0,1,2,A,-,10,21950,A,N,G,B,B,A,H,-,C,A,0,Y,NA,NA,NA,Y,NA,A,01,0,0,1,0,1,0,0,0,0,-,-,33.70243835449219,-117.91951751708984,ORANGE,SANTA ANA,-117.91947174072266,33.70195770263672
81631336,2021,2021-11-22,3007,2021-10-21,0521,312,46,4,5,5,3007,0,0,0,NA,0,002,LOS JARDINES WEST,WARNER,0,NA,Y,A,-,N,NA,NA,NA,NA,NA,NA,NA,NA,NA,N,3,0,1,2,A,-,12,21453,A,F,D,G,A,A,H,-,C,A,0,NA,Y,NA,NA,Y,NA,D,22,0,1,0,0,0,0,1,0,0,-,-,NA,NA,ORANGE,FOUNTAIN VALLEY,-117.94136810302734,33.716285705566406
8163216,2016,2016-11-17,3002,2016-10-31,1650,1634,526X,1,5,4,3002,0,0,0,NA,0,013,BREA BL,IMPERIAL HWY,272,N,N,A,-,N,NA,NA,NA,NA,NA,NA,NA,NA,NA,Y,4,0,1,3,A,-,03,22350,NA,N,C,C,A,A,H,-,A,A,0,NA,NA,NA,NA,Y,NA,A,01,0,0,1,0,0,0,0,0,0,-,-,NA,NA,ORANGE,BREA,-117.90010027,33.91733247
8163248,2016,2016-11-16,3019,2016-10-30,1311,3350,SC,7,5,7,3019,0,0,0,NA,0,001,FAIRVIEW ST,1ST ST,15,S,N,C,-,N,NA,NA,NA,NA,NA,NA,NA,NA,NA,Y,3,0,2,3,A,-,-,NA,NA,N,C,C,A,B,H,-,A,A,0,NA,NA,NA,NA,Y,NA,A,01,0,1,1,0,0,0,0,0,0,-,-,33.74531,-117.90525,ORANGE,SANTA ANA,-117.90535,33.74528
81632731,2021,2021-11-23,3001,2021-11-18,1810,A1047,NA,4,5,7,3001,0,0,0,NA,0,D-1,CRESCENT AVENUE,BROOKHURST STREET,0,NA,Y,A,-,N,NA,NA,NA,NA,NA,NA,NA,NA,NA,N,4,0,2,2,A,-,09,21801,A,N,D,C,A,A,H,-,C,A,0,NA,NA,NA,NA,Y,NA,A,01,0,0,2,0,0,0,0,0,0,-,-,33.839168548583984,-117.9587631225586,ORANGE,ANAHEIM,-117.95904541015624,33.839820861816406
81634154,2021,2021-11-24,3007,2021-10-27,1502,328,47,3,5,5,3007,0,0,0,NA,0,002,EUCLID,SLATER,428,S,N,A,-,N,NA,NA,NA,NA,NA,NA,NA,NA,NA,Y,2,0,1,1,C,-,18,NA,NA,N,A,I,A,A,H,-,A,D,0,NA,NA,NA,NA,Y,NA,-,-,1,0,0,0,0,0,0,0,0,-,-,NA,NA,ORANGE,FOUNTAIN VALLEY,-117.93709564208984,33.70794677734375
81635140,2021,2021-11-25,3010,2021-11-15,2208,2106,293,1,5,6,3010,0,0,0,NA,0,005,TALBERT AVE,BEACH BL - SR39,6,E,N,B,-,N,NA,NA,NA,NA,NA,NA,NA,NA,NA,N,4,0,1,2,A,-,10,21950,A,F,G,B,B,A,H,-,C,A,0,Y,NA,NA,NA,Y,NA,A,01,0,0,1,0,1,0,0,0,0,-,-,33.70003890991211,-117.9893798828125,ORANGE,HUNTINGTON BEACH,-117.98902130126952,33.701148986816406
81635339,2021,2021-11-25,3007,2021-09-14,1225,1161,64,2,5,5,3007,0,0,0,NA,0,003,ELLIS,BUSHARD,0,NA,Y,A,-,N,NA,NA,NA,NA,NA,NA,NA,NA,NA,Y,3,0,1,2,A,-,09,21801,A,N,D,C,A,A,H,-,A,A,0,NA,NA,NA,NA,Y,NA,A,07,0,1,0,0,0,0,0,0,0,-,-,NA,NA,ORANGE,FOUNTAIN VALLEY,-117.96286010742188,33.69408416748047
81635871,2021,2021-11-29,3007,2021-09-02,1412,1161,54,4,5,5,3007,0,0,0,NA,0,003,TALBERT,BUSHARD,0,NA,Y,A,-,N,NA,NA,NA,NA,NA,NA,NA,NA,NA,Y,4,0,1,2,A,-,09,21801,A,N,A,C,A,A,H,-,A,A,0,NA,NA,NA,NA,Y,NA,D,22,0,0,1,0,0,0,0,0,0,-,-,NA,NA,ORANGE,FOUNTAIN VALLEY,-117.96292877197266,33.70163345336914
8163721,2016,2016-11-17,3010,2016-10-28,1729,2116,451,5,5,6,3010,0,0,0,NA,0,002,BALTIMORE,HUNTINGTON,124,W,N,A,-,N,NA,NA,NA,NA,NA,NA,NA,NA,NA,N,3,0,1,2,A,-,09,21804,A,N,D,G,A,A,H,-,A,D,0,NA,Y,NA,NA,Y,NA,L,04,0,1,0,0,0,0,1,0,0,-,-,NA,NA,ORANGE,HUNTINGTON BEACH,-117.99537656,33.65851
8163749,2016,2016-11-17,3015,2016-10-31,1223,1421,21E,1,5,6,3015,0,0,0,NA,0,722,CITY DR SOUTH,DOWN WY,41,S,N,A,-,N,NA,NA,NA,NA,NA,NA,NA,NA,NA,N,4,0,1,2,A,-,05,21650,1,N,B,G,A,A,H,-,A,A,0,NA,Y,NA,NA,Y,NA,L,04,0,0,1,0,0,0,1,0,0,-,-,NA,NA,ORANGE,ORANGE,NA,NA
81637742,2021,2021-11-30,3019,2021-10-15,1332,3458,SE,5,5,7,3019,0,0,0,NA,0,003,LYON STREET,EDINGER AVENUE,100,N,N,A,-,N,NA,NA,NA,NA,NA,NA,NA,NA,NA,N,4,0,1,2,A,-,06,21755,A,N,D,C,A,A,H,-,A,D,0,NA,NA,Y,NA,Y,NA,C,02,0,0,1,0,0,0,0,0,1,-,-,33.72663116455078,-117.844970703125,ORANGE,SANTA ANA,-117.84516143798828,33.72694396972656
8163836,2016,2016-11-18,3000,2016-09-18,2010,7734,922B2,7,5,5,3028,0,0,0,NA,0,752,CORTINA DR,EL TIEMPO LN,656,W,N,A,-,N,NA,NA,NA,NA,NA,NA,NA,NA,NA,N,4,0,1,2,A,-,08,22107,NA,N,C,E,A,A,H,-,C,D,0,NA,NA,NA,NA,Y,NA,A,01,0,0,1,0,0,0,0,0,0,-,-,NA,NA,ORANGE,MISSION VIEJO,-117.66712201,33.59398625
81639084,2021,2021-12-01,3010,2021-11-25,2241,1015,252,4,5,6,3010,0,0,0,NA,0,007,EDINGER AVE,BEACH BL - SR39,0,NA,Y,A,-,Y,NA,NA,NA,NA,NA,NA,NA,NA,NA,Y,4,0,1,3,A,-,12,21453,A,N,D,C,A,A,D,-,C,D,0,NA,NA,NA,NA,Y,NA,A,01,0,0,1,0,0,0,0,0,0,-,-,33.729949951171875,-117.98925018310548,ORANGE,HUNTINGTON BEACH,-117.98920440673828,33.73027038574219
81639110,2021,2021-12-01,3010,2021-11-28,1815,2055,466,7,5,6,3010,0,0,0,NA,0,002,HAMILTON AVE,BROOKHURST ST,0,NA,Y,A,-,N,NA,NA,NA,NA,NA,NA,NA,NA,NA,Y,4,0,2,2,A,-,09,21801,A,N,A,C,A,A,H,-,C,A,0,NA,NA,NA,NA,Y,NA,A,07,0,0,2,0,0,0,0,0,0,-,-,33.65058898925781,-117.95401000976563,ORANGE,HUNTINGTON BEACH,-117.95368957519533,33.65058517456055
81639180,2021,2021-12-01,3008,2021-10-11,2015,1624,Zone,1,5,6,3008,0,0,0,NA,0,NA,ORANGETHORPE AVE,STATE COLLEGE BLVD,0,NA,Y,A,-,N,NA,NA,NA,NA,NA,NA,NA,NA,NA,Y,4,0,1,2,A,-,09,21801,A,N,D,C,A,A,H,-,C,A,0,NA,NA,NA,NA,Y,NA,A,01,0,0,1,0,0,0,0,0,0,-,-,NA,NA,ORANGE,FULLERTON,-117.88941192626952,33.85963821411133
81639221,2021,2021-12-01,3007,2021-07-23,1451,318,25,5,5,5,3007,0,0,0,NA,0,001,BROOKHURST,HEIL,0,NA,Y,A,-,N,NA,NA,NA,NA,NA,NA,NA,NA,NA,Y,4,0,1,3,A,-,09,21801,A,N,D,C,A,A,H,-,A,A,0,NA,NA,NA,NA,Y,NA,A,01,0,0,1,0,0,0,0,0,0,-,-,NA,NA,ORANGE,FOUNTAIN VALLEY,-117.95465850830078,33.723541259765625
81639634,2021,2021-12-01,3007,2021-07-22,1745,312,28,4,5,5,3007,0,0,0,NA,0,002,NEWHOPE,HEIL,0,NA,Y,A,-,N,NA,NA,NA,NA,NA,NA,NA,NA,NA,Y,4,0,3,2,A,-,12,21453,A,N,D,C,A,A,H,-,A,A,0,NA,NA,NA,NA,Y,NA,A,07,0,0,3,0,0,0,0,0,0,-,-,NA,NA,ORANGE,FOUNTAIN VALLEY,-117.92855072021484,33.72370910644531
81643661,2021,2021-12-06,3014,2021-11-17,1436,1599,RD39,3,5,5,3014,0,0,0,NA,0,A3,JAMBOREE ROAD,BACK BAY DRIVE,11,S,N,A,-,N,NA,NA,NA,NA,NA,NA,NA,NA,NA,Y,3,0,2,2,A,-,03,22350,NA,N,C,C,A,A,H,-,A,A,0,NA,NA,NA,NA,Y,NA,A,07,0,2,0,0,0,0,0,0,0,-,-,33.6149787902832,-117.88890075683594,ORANGE,NEWPORT BEACH,-117.88895416259766,33.61521530151367
81645733,2021,2021-12-07,3014,2021-12-04,1133,1520,RD17,6,5,5,3014,0,0,0,NA,0,A2,SEASHORE DR,60TH ST,48,E,N,A,-,N,NA,NA,NA,NA,NA,NA,NA,NA,NA,N,3,0,1,3,A,-,09,21804,A,N,H,G,A,A,H,-,A,D,0,NA,Y,Y,NA,Y,NA,C,03,0,1,0,0,0,0,1,0,0,-,-,33.62519073486328,-117.9477996826172,ORANGE,NEWPORT BEACH,-117.94802856445313,33.625247955322266
81646278,2021,2021-12-08,3007,2021-05-27,1544,1161,57,4,5,5,3007,0,0,0,NA,0,002,EUCLID,TALBERT,28,S,N,A,-,N,NA,NA,NA,NA,NA,NA,NA,NA,NA,Y,4,0,1,2,A,-,12,21453,A,N,D,C,A,A,H,-,A,A,0,NA,NA,NA,NA,Y,NA,A,07,0,0,1,0,0,0,0,0,0,-,-,NA,NA,ORANGE,FOUNTAIN VALLEY,-117.93702697753906,33.70173263549805
81647047,2021,2021-12-09,3001,2021-12-06,0607,A1068,D-3,1,5,7,3001,0,0,0,NA,0,D-3,LEMON STREET,RT 91 EBON/R,0,NA,Y,A,-,Y,NA,NA,NA,NA,NA,NA,NA,NA,NA,Y,4,0,3,3,A,-,12,21453,A,N,D,C,A,A,H,-,C,A,0,NA,NA,NA,NA,Y,NA,D,22,0,0,3,0,0,0,0,0,0,-,-,NA,NA,ORANGE,ANAHEIM,-117.91980743408205,33.854312896728516
81647185,2021,2021-12-09,3010,2021-12-04,1359,2096,139,6,5,6,3010,0,0,0,NA,0,009,BOLSA AVE,GOLDENWEST ST,452,W,N,A,-,N,NA,NA,NA,NA,NA,NA,NA,NA,NA,Y,4,0,2,2,A,-,09,21804,A,N,D,C,A,A,H,-,A,A,0,NA,NA,NA,NA,Y,NA,A,01,0,0,2,0,0,0,0,0,0,-,-,33.74435043334961,-118.00700378417967,ORANGE,HUNTINGTON BEACH,-118.00846862792967,33.74440383911133
81655475,2021,2021-12-20,3001,2021-12-16,1005,A2382,NA,4,5,7,3001,0,0,0,NA,0,D-1,DALE AVENUE,BALL ROAD,0,NA,Y,A,-,N,NA,NA,NA,NA,NA,NA,NA,NA,NA,Y,4,0,1,2,A,-,12,21453,A,N,D,C,A,A,H,-,A,A,0,NA,NA,NA,NA,Y,NA,D,22,0,0,1,0,0,0,0,0,0,-,-,33.81772994995117,-117.98461151123048,ORANGE,ANAHEIM,-117.98455047607422,33.8175163269043
81655698,2021,2021-12-20,3008,2021-09-18,2349,1535,Zone,6,5,6,3008,0,0,0,NA,0,NA,HARBOR BLVD,COMMONWEALTH AVE,0,NA,Y,A,-,N,NA,NA,NA,NA,NA,NA,NA,NA,NA,Y,4,0,1,3,A,-,09,21801,A,N,D,C,A,A,H,-,C,A,0,NA,NA,NA,NA,Y,NA,A,01,0,0,1,0,0,0,0,0,0,-,-,NA,NA,ORANGE,FULLERTON,-117.92430877685548,33.870357513427734
81657146,2021,2021-12-21,3010,2021-12-14,1154,1243,427,2,5,6,3010,0,0,0,NA,0,003,BROOKHURST ST,KAMUELA DR (E),54,S,N,C,-,N,NA,NA,NA,NA,NA,NA,NA,NA,NA,Y,4,0,1,1,A,-,03,22350,NA,N,E,I,A,B,H,-,A,D,0,NA,NA,NA,NA,Y,NA,A,07,0,0,1,0,0,0,0,0,0,-,-,33.68122863769531,-117.95449829101563,ORANGE,HUNTINGTON BEACH,-117.95408630371094,33.68273162841797
81657150,2021,2021-12-21,3010,2021-12-15,1522,3042,456,3,5,6,3010,0,0,0,NA,0,002,BUSHARD ST,INDIANAPOLIS AVE,0,NA,Y,A,-,N,NA,NA,NA,NA,NA,NA,NA,NA,NA,N,3,0,2,2,A,-,09,21801,A,N,D,C,A,A,H,-,A,A,0,NA,NA,NA,NA,Y,NA,A,01,0,1,1,0,0,0,0,0,0,-,-,33.66516876220703,-117.96259307861328,ORANGE,HUNTINGTON BEACH,-117.96240997314452,33.6650390625
81658303,2021,2021-12-22,3019,2021-11-11,0701,2875,SC,4,5,7,3019,0,0,0,NA,0,004,MACARTHUR BOULEVARD,PLAZA DRIVE,0,NA,Y,A,-,N,NA,NA,NA,NA,NA,NA,NA,NA,NA,N,4,0,1,2,A,-,10,21950,A,N,G,B,B,A,H,-,A,A,0,Y,NA,NA,NA,Y,NA,A,01,0,0,1,0,1,0,0,0,0,-,-,33.70003890991211,-117.88877868652344,ORANGE,SANTA ANA,-117.88887786865234,33.69995880126953
81659133,2021,2021-12-22,3014,2021-12-10,0819,1462,RD28,5,5,5,3014,0,0,0,NA,0,A2,WESTCLIFF DR,BUCKINGHAM LN,0,NA,Y,A,-,N,NA,NA,NA,NA,NA,NA,NA,NA,NA,Y,3,0,1,2,A,-,03,22350,NA,N,C,C,A,A,H,-,A,A,0,NA,NA,NA,NA,Y,NA,A,07,0,1,0,0,0,0,0,0,0,-,-,33.62590026855469,-117.90518951416016,ORANGE,NEWPORT BEACH,-117.90505981445313,33.62582778930664
81660784,2021,2021-12-24,3015,2021-12-10,1640,1530,43,5,5,6,3015,0,0,0,NA,0,733,CHAPMAN AVE,WAYFIELD ST,62,W,N,A,-,N,NA,NA,NA,NA,NA,NA,NA,NA,NA,N,3,0,1,2,A,-,09,21804,A,N,H,A,A,A,H,-,C,D,0,NA,NA,Y,NA,Y,NA,A,07,0,1,0,0,0,0,0,0,0,-,-,33.787818908691406,-117.83331298828124,ORANGE,ORANGE,-117.83363342285156,33.7878303527832
81662961,2021,2021-12-28,3019,2021-11-13,0844,3699,NE,6,5,7,3019,0,0,0,NA,0,002,BROADWAY,20TH STREET,75,S,N,A,-,N,NA,NA,NA,NA,NA,NA,NA,NA,NA,Y,4,0,1,2,A,-,08,22107,NA,N,D,C,A,A,H,-,A,D,0,NA,NA,NA,NA,Y,NA,D,22,0,0,1,0,0,0,0,0,0,-,-,33.76237106323242,-117.86966705322266,ORANGE,SANTA ANA,-117.86959838867188,33.76234436035156
8166351,2016,2017-03-03,3014,2016-10-26,1603,1046,RD16,3,5,5,3014,0,0,0,NA,0,0A2,RT 1,RT 55,245,E,N,A,-,Y,ORA,12,1,-,-,19.75,H,-,N,Y,3,0,1,1,C,-,18,NA,NA,N,E,I,A,A,H,-,A,D,0,NA,NA,NA,NA,Y,NA,-,-,0,1,0,0,0,0,0,0,0,-,-,33.6211,-117.9313,ORANGE,NEWPORT BEACH,-117.92849001,33.62130082
81665041,2021,2021-12-29,3001,2021-12-21,1600,A2292,NA,2,5,7,3001,0,0,0,NA,0,NA,EUCLID STREET,ORANGE AVENUE,117,S,N,A,-,N,NA,NA,NA,NA,NA,NA,NA,NA,NA,N,4,0,1,2,A,-,07,21658,A,N,B,C,A,A,H,-,A,D,0,NA,NA,NA,NA,Y,NA,A,07,0,0,1,0,0,0,0,0,0,-,-,33.825439453125,-117.94168853759766,ORANGE,ANAHEIM,-117.94146728515624,33.82489776611328
81665118,2021,2021-12-29,3008,2021-10-29,1406,1585,Zone,5,5,6,3008,0,0,0,NA,0,NA,COMMONWEALTH AVE,LEMON ST,39,E,N,A,-,N,NA,NA,NA,NA,NA,NA,NA,NA,NA,Y,4,0,1,3,A,-,01,23152,A,F,C,C,A,A,H,-,A,A,0,NA,NA,NA,NA,Y,Y,D,22,0,0,1,0,0,0,0,0,0,-,-,NA,NA,ORANGE,FULLERTON,-117.91969299316406,33.870391845703125
81667035,2021,2021-12-31,3019,2021-12-04,1758,3627,WE,6,5,7,3019,0,0,0,NA,0,001,BRISTOL STREET,SANTA ANA BOULEVARD,0,NA,Y,A,-,N,NA,NA,NA,NA,NA,NA,NA,NA,NA,N,4,0,1,2,D,-,00,NA,NA,N,D,C,A,A,H,-,C,A,0,NA,NA,NA,NA,Y,NA,-,-,0,0,1,0,0,0,0,0,0,-,-,33.747371673583984,-117.88524627685548,ORANGE,SANTA ANA,-117.88516998291016,33.74794006347656
8166764,2016,2018-09-27,3004,2016-06-10,1420,P603,11,5,5,6,3004,0,0,0,NA,0,002,NEWPORT BL,FORD RD,26,S,N,A,-,N,NA,NA,55,NA,NA,NA,NA,NA,NA,Y,1,1,2,2,A,-,01,23152,E,N,G,B,F,A,H,-,A,D,0,Y,NA,NA,NA,Y,Y,A,07,0,1,1,1,0,0,0,0,0,-,-,33.64579,-117.91507,ORANGE,COSTA MESA,-117.9148066,33.6455679
81668146,2021,2022-01-03,3007,2021-12-08,1402,1157,25,3,5,5,3007,0,0,0,NA,0,001,BROOKHURST STREET,HEIL AVENUE,0,NA,Y,A,-,N,NA,NA,NA,NA,NA,NA,NA,NA,NA,Y,4,0,2,2,A,-,12,21453,A,N,D,C,A,A,H,-,A,A,0,NA,NA,NA,NA,Y,NA,A,01,0,0,2,0,0,0,0,0,0,-,-,NA,NA,ORANGE,FOUNTAIN VALLEY,-117.95465850830078,33.723541259765625
81668676,2021,2022-01-03,3014,2021-12-03,1544,1421,RD26,5,5,5,3014,0,0,0,NA,0,A2,SR-1 (COAST HWY W),DOVER DR,361,E,N,A,-,Y,NA,NA,1,NA,NA,NA,NA,NA,NA,N,4,0,1,2,A,-,03,22350,NA,N,C,C,A,A,H,-,A,D,0,NA,NA,NA,NA,Y,Y,A,01,0,0,1,0,0,0,0,0,0,-,-,33.6165885925293,-117.90589904785156,ORANGE,NEWPORT BEACH,-117.90589904785156,33.61658477783203
81669334,2021,2022-01-04,3010,2021-12-29,1350,2092,465,3,5,6,3010,0,0,0,NA,0,002,MAGNOLIA ST,ATLANTA AVE,0,NA,Y,C,-,N,NA,NA,NA,NA,NA,NA,NA,NA,NA,N,3,0,1,1,A,-,03,22350,NA,N,H,A,A,B,H,-,A,A,0,NA,Y,NA,NA,Y,NA,L,04,0,1,0,0,0,0,1,0,0,-,-,33.657588958740234,-117.97104644775392,ORANGE,HUNTINGTON BEACH,-117.97105407714844,33.65773010253906
8166992,2016,2018-09-24,3000,2016-12-21,1614,5705,892F5,3,5,5,3028,0,0,0,NA,0,17465,LANZAROTE,ALICIA PKWY,0,NA,Y,B,-,N,NA,NA,NA,NA,NA,NA,NA,NA,NA,Y,1,1,1,2,A,-,09,21802,A,N,D,C,A,B,H,-,A,D,0,NA,NA,NA,NA,Y,NA,A,01,0,1,0,0,0,0,0,0,0,-,-,33.628,-117.6369,ORANGE,MISSION VIEJO,-117.6377901,33.6275201
81671814,2021,2022-01-06,3019,2021-11-24,1133,3545,SC,3,5,7,3019,0,0,0,NA,0,004,SEGERSTROM AVENUE,BRISTOL STREET,5,E,N,A,-,N,NA,NA,NA,NA,NA,NA,NA,NA,NA,N,4,0,1,2,A,-,12,21453,A,F,D,C,A,A,H,-,A,A,0,NA,NA,NA,NA,Y,NA,A,01,0,0,1,0,0,0,0,0,0,-,-,33.70745086669922,-117.8852996826172,ORANGE,SANTA ANA,-117.8854522705078,33.70743179321289
81671832,2021,2022-01-06,3019,2021-12-02,2040,3734,SE,4,5,7,3019,0,0,0,NA,0,003,DYER ROAD,PULLMAN STREET,40,W,N,A,-,N,NA,NA,NA,NA,NA,NA,NA,NA,NA,N,4,0,2,2,A,-,12,21453,A,N,D,C,A,A,H,-,C,A,0,NA,NA,NA,NA,Y,NA,A,07,0,0,2,0,0,0,0,0,0,-,-,33.708431243896484,-117.84851837158205,ORANGE,SANTA ANA,-117.8485107421875,33.70844268798828
81674089,2021,2022-01-10,3022,2021-12-11,1910,1395,NA,6,5,5,3022,0,0,0,NA,0,NA,RED HILL AV,VALENCIA AV,0,NA,Y,A,-,N,NA,NA,NA,NA,NA,NA,NA,NA,NA,Y,4,0,2,2,A,-,09,21453,C,N,A,D,A,A,H,-,C,A,0,NA,NA,NA,NA,Y,NA,A,07,0,0,2,0,0,0,0,0,0,-,-,33.71672821044922,-117.83241271972656,ORANGE,TUSTIN,-117.83213043212892,33.71677017211914
81674145,2021,2022-01-10,3024,2021-11-29,2500,426,P-37,1,5,5,3024,0,0,0,NA,0,EAST,NEWLAND STREET,EDINGER AVENUE,30,N,N,A,-,N,NA,NA,NA,NA,NA,NA,NA,NA,NA,N,4,0,1,2,A,-,03,22350,NA,F,C,C,A,A,H,-,A,D,0,NA,NA,NA,NA,Y,NA,A,01,0,0,1,0,0,0,0,0,0,-,-,33.730228424072266,-117.98065948486328,ORANGE,WESTMINSTER,-117.98076629638672,33.73032760620117
81675231,2021,2022-01-11,3019,2021-12-10,1900,3603,NE,5,5,7,3019,0,0,0,NA,0,002,SPURGEON STREET,15TH STREET,25,N,N,A,-,N,NA,NA,NA,NA,NA,NA,NA,NA,NA,N,4,0,1,2,A,-,12,22450,A,M,D,C,A,A,H,-,C,D,0,NA,NA,NA,NA,Y,NA,-,99,0,0,1,0,0,0,0,0,0,-,-,33.756988525390625,-117.86509704589844,ORANGE,SANTA ANA,-117.8652114868164,33.757877349853516
81676233,2021,2022-01-12,3019,2021-12-10,1513,3735,SE,5,5,7,3019,0,0,0,NA,0,003,DYER ROAD,ORANGE AVENUE,0,NA,Y,A,-,N,NA,NA,NA,NA,NA,NA,NA,NA,NA,N,4,0,1,3,A,-,08,22107,NA,N,B,C,A,A,H,-,A,D,0,NA,NA,NA,NA,Y,NA,D,22,0,0,1,0,0,0,0,0,0,-,-,33.70790100097656,-117.8666763305664,ORANGE,SANTA ANA,-117.86585998535156,33.70869827270508
8167727,2019,2020-01-30,3010,2019-09-07,0720,2084,326,6,5,6,3010,0,0,0,NA,0,004,RT 1,SEAPOINT,950,N,N,A,-,Y,ORA,12,1,-,-,27.23,H,-,S,N,4,0,1,2,A,-,00,21760,A,N,B,G,A,A,H,-,A,D,0,NA,Y,NA,NA,Y,NA,A,01,0,0,1,0,0,0,1,0,0,-,-,NA,NA,ORANGE,HUNTINGTON BEACH,-118.0344009399414,33.681922912597656
81678001,2021,2022-01-14,3019,2021-12-05,2359,3777,SE,7,5,7,3019,0,0,0,NA,0,003,FLOWER STREET,1ST STREET,0,NA,Y,A,-,N,NA,NA,NA,NA,NA,NA,NA,NA,NA,N,3,0,1,2,A,-,08,22107,NA,F,G,B,F,A,H,-,C,A,0,Y,NA,NA,NA,Y,NA,A,01,0,1,0,0,1,0,0,0,0,-,-,33.74544143676758,-117.87622833251952,ORANGE,SANTA ANA,-117.8764190673828,33.745418548583984
81681008,2022,2022-01-19,3014,2022-01-08,1333,1572,RD25,6,5,5,3014,0,0,0,NA,0,A2,EL MODENA AVE,CLAY ST,0,NA,Y,A,-,N,NA,NA,NA,NA,NA,NA,NA,NA,NA,N,4,0,1,3,A,-,09,21800,A,N,D,C,A,A,H,-,A,A,0,NA,NA,NA,NA,Y,NA,A,07,0,0,1,0,0,0,0,0,0,-,-,33.62310028076172,-117.9180908203125,ORANGE,NEWPORT BEACH,-117.91817474365234,33.623191833496094
8168110,2019,2020-02-06,3011,2019-08-30,1939,31446,23,5,5,4,3011,0,0,0,NA,0,001,N COAST HWY,CLIFF DR,130,S,N,A,-,Y,ORA,12,1,-,-,10.35,H,-,S,Y,4,0,1,2,A,-,08,22107,NA,N,C,E,A,A,H,-,C,A,0,NA,NA,NA,NA,Y,NA,A,01,0,0,1,0,0,0,0,0,0,-,-,NA,NA,ORANGE,LAGUNA BEACH,-117.80010986328124,33.548309326171875
81682297,2021,2022-01-21,3002,2021-12-23,1745,1673,NA,4,5,4,3002,0,0,0,NA,0,012,LAMBERT RD,KRAEMER BL,48,W,N,B,C,N,NA,NA,NA,NA,NA,NA,NA,NA,NA,Y,4,0,1,2,A,-,01,23152,A,N,C,C,A,B,H,-,C,A,0,NA,NA,NA,NA,Y,Y,A,07,0,0,1,0,0,0,0,0,0,-,-,33.923179626464844,-117.86383056640624,ORANGE,BREA,-117.8639907836914,33.92327880859375