CASE_ID,ACCIDENT_YEAR,PROC_DATE,JURIS,COLLISION_DATE,COLLISION_TIME,OFFICER_ID,REPORTING_DISTRICT,DAY_OF_WEEK,CHP_SHIFT,POPULATION,CNTY_CITY_LOC,SPECIAL_COND,BEAT_TYPE,CHP_BEAT_TYPE,CITY_DIVISION_LAPD,CHP_BEAT_CLASS,BEAT_NUMBER,PRIMARY_RD,SECONDARY_RD,DISTANCE,DIRECTION,INTERSECTION,WEATHER_1,WEATHER_2,STATE_HWY_IND,CALTRANS_COUNTY,CALTRANS_DISTRICT,STATE_ROUTE,ROUTE_SUFFIX,POSTMILE_PREFIX,POSTMILE,LOCATION_TYPE,RAMP_INTERSECTION,SIDE_OF_HWY,TOW_AWAY,COLLISION_SEVERITY,NUMBER_KILLED,NUMBER_INJURED,PARTY_COUNT,PRIMARY_COLL_FACTOR,PCF_CODE_OF_VIOL,PCF_VIOL_CATEGORY,PCF_VIOLATION,PCF_VIOL_SUBSECTION,HIT_AND_RUN,TYPE_OF_COLLISION,MVIW,PED_ACTION,ROAD_SURFACE,ROAD_COND_1,ROAD_COND_2,LIGHTING,CONTROL_DEVICE,CHP_ROAD_TYPE,PEDESTRIAN_ACCIDENT,BICYCLE_ACCIDENT,MOTORCYCLE_ACCIDENT,TRUCK_ACCIDENT,NOT_PRIVATE_PROPERTY,ALCOHOL_INVOLVED,STWD_VEHTYPE_AT_FAULT,CHP_VEHTYPE_AT_FAULT,COUNT_SEVERE_INJ,COUNT_VISIBLE_INJ,COUNT_COMPLAINT_PAIN,COUNT_PED_KILLED,COUNT_PED_INJURED,COUNT_BICYCLIST_KILLED,COUNT_BICYCLIST_INJURED,COUNT_MC_KILLED,COUNT_MC_INJURED,PRIMARY_RAMP,SECONDARY_RAMP,LATITUDE,LONGITUDE,COUNTY,CITY,POINT_X,POINT_Y
81684360,2021,2022-01-25,3008,2021-12-07,1508,1448,ZONE,2,5,6,3008,0,0,0,NA,0,NA,LEMON ST,WALNUT WAY,0,NA,Y,A,-,N,NA,NA,NA,NA,NA,NA,NA,NA,NA,Y,4,0,1,2,A,-,09,21801,A,N,A,C,A,A,H,-,A,D,0,NA,NA,NA,NA,Y,NA,A,01,0,0,1,0,0,0,0,0,0,-,-,NA,NA,ORANGE,FULLERTON,-117.91985321044922,33.867332458496094
81685213,2021,2022-01-26,3019,2021-12-28,1543,3692,SE,2,5,7,3019,0,0,0,NA,0,003,MAIN STREET,FLORA STREET,0,NA,Y,C,-,N,NA,NA,NA,NA,NA,NA,NA,NA,NA,N,3,0,1,2,A,-,09,21801,A,M,D,C,A,B,H,-,A,D,0,NA,NA,NA,NA,Y,NA,D,22,0,1,0,0,0,0,0,0,0,-,-,33.714141845703125,-117.86868286132813,ORANGE,SANTA ANA,-117.86795806884766,33.714908599853516
81688045,2021,2022-01-28,3019,2021-12-30,1735,3638,SE,4,5,7,3019,0,0,0,NA,0,003,MCFADDEN AVENUE,GRAND AVENUE,230,W,N,A,-,N,NA,NA,NA,NA,NA,NA,NA,NA,NA,N,4,0,1,2,A,-,03,22350,NA,F,C,D,A,B,H,-,B,A,0,NA,NA,NA,NA,Y,NA,A,01,0,0,1,0,0,0,0,0,0,-,-,33.73360824584961,-117.85011291503906,ORANGE,SANTA ANA,-117.85114288330078,33.73368453979492
81688139,2021,2022-01-28,3024,2021-12-02,1319,534,P-28,4,5,5,3024,0,0,0,NA,0,EAST,BROOKHURST STREET,HAZARD AVENUE,232,S,N,A,-,N,NA,NA,NA,NA,NA,NA,NA,NA,NA,N,4,0,1,2,A,-,03,22350,NA,F,C,D,A,A,H,-,A,D,0,NA,NA,NA,NA,Y,NA,A,01,0,0,1,0,0,0,0,0,0,-,-,33.75223159790039,-117.95462036132813,ORANGE,WESTMINSTER,-117.95491027832033,33.751625061035156
81689109,2021,2022-01-31,3024,2021-12-26,2340,505,P-6,7,5,5,3024,0,0,0,NA,0,WEST,GARDEN GROVE BOULEVARD,HOOVER STREET,0,NA,Y,B,-,N,NA,NA,NA,NA,NA,NA,NA,NA,NA,Y,4,0,2,3,A,-,01,23152,A,N,C,C,A,A,H,-,C,A,0,NA,NA,NA,NA,Y,Y,A,01,0,0,2,0,0,0,0,0,0,-,-,33.773189544677734,-118.00089263916016,ORANGE,WESTMINSTER,-117.99864959716795,33.77376174926758
8168915,2016,2016-11-29,3008,2016-08-02,1652,1429,NA,2,5,6,3008,0,0,0,NA,0,Z-3,PLACENTIA AV,ROLLING HILLS DR,0,NA,Y,A,-,N,NA,NA,NA,NA,NA,NA,NA,NA,NA,Y,4,0,1,2,A,-,12,22450,NA,N,F,C,A,A,H,-,A,A,0,NA,NA,NA,NA,Y,NA,A,01,0,0,1,0,0,0,0,0,0,-,-,NA,NA,ORANGE,FULLERTON,-117.87246004000001,33.90365012
81689235,2021,2022-01-31,3008,2021-10-05,1707,1158,ZONE,2,5,6,3008,0,0,0,NA,0,NA,HIGHLAND AVE,KNEPP AVE,0,NA,Y,A,-,N,NA,NA,NA,NA,NA,NA,NA,NA,NA,Y,4,0,1,2,A,-,09,21802,A,N,D,C,A,A,H,-,A,A,0,NA,NA,NA,NA,Y,NA,A,01,0,0,1,0,0,0,0,0,0,-,-,NA,NA,ORANGE,FULLERTON,-117.92870330810548,33.862571716308594
81690206,2022,2022-02-01,3019,2022-01-04,0745,2801,SC,2,5,7,3019,0,0,0,NA,0,004,KING STREET,CALIFORNIA STREET,0,NA,Y,A,-,N,NA,NA,NA,NA,NA,NA,NA,NA,NA,N,4,0,1,2,A,-,09,21802,A,N,D,C,A,A,H,-,A,D,0,NA,NA,NA,NA,Y,NA,A,01,0,0,1,0,0,0,0,0,0,-,-,33.724891662597656,-117.90519714355467,ORANGE,SANTA ANA,-117.90512847900392,33.724891662597656
81690215,2022,2022-02-01,3019,2022-01-04,1711,3692,NA,2,5,7,3019,0,0,0,NA,0,NA,17TH STREET,CABRILLO PARK DRIVE,200,W,N,A,-,N,NA,NA,NA,NA,NA,NA,NA,NA,NA,N,4,0,1,4,A,-,07,21658,A,N,C,C,A,A,H,-,C,D,0,NA,NA,NA,NA,Y,NA,A,07,0,0,1,0,0,0,0,0,0,-,-,33.759788513183594,-117.84169769287108,ORANGE,SANTA ANA,-117.84170532226563,33.759979248046875
8169080,2016,2016-11-16,3001,2016-11-03,1734,1670,NA,4,5,7,3001,0,0,0,NA,0,0D1,NORTH MAGNOLIA AV,W BAYLOR CIR,92,N,N,A,-,N,NA,NA,NA,NA,NA,NA,NA,NA,NA,Y,4,0,1,2,A,-,09,21804,A,N,D,C,A,A,H,-,A,D,0,NA,NA,NA,NA,Y,NA,A,01,0,0,1,0,0,0,0,0,0,-,-,NA,NA,ORANGE,ANAHEIM,-117.9760545,33.83842221
81691963,2022,2022-02-02,3007,2022-01-03,1458,329,37,1,5,5,3007,0,0,0,NA,0,002,NEWHOPE,CORIENDER,236,N,N,A,-,N,NA,NA,NA,NA,NA,NA,NA,NA,NA,Y,4,0,2,2,A,-,09,21804,A,M,D,C,A,A,H,-,A,D,0,NA,NA,NA,NA,Y,NA,D,22,0,0,2,0,0,0,0,0,0,-,-,NA,NA,ORANGE,FOUNTAIN VALLEY,-117.92852020263672,33.721187591552734
81692283,2022,2022-02-03,3019,2022-01-11,1615,3692,NA,2,5,7,3019,0,0,0,NA,0,NA,BRISTOL STREET,MEMORY LANE,450,N,N,A,-,N,NA,NA,NA,NA,NA,NA,NA,NA,NA,N,4,0,1,2,A,-,09,21801,A,N,D,C,A,A,H,-,A,D,0,NA,NA,NA,NA,Y,NA,A,01,0,0,1,0,0,0,0,0,0,-,-,33.772518157958984,-117.88437652587892,ORANGE,SANTA ANA,-117.88483428955078,33.77436447143555
81693317,2022,2022-02-04,3019,2022-02-02,0601,3553,SC,3,5,7,3019,0,0,0,NA,0,004,FAIRVIEW FRONTAGE ROAD,MAYWOOD PLACE,34,S,N,A,-,N,NA,NA,NA,NA,NA,NA,NA,NA,NA,N,3,0,1,2,A,-,03,22350,NA,N,C,G,A,A,H,-,C,D,0,NA,Y,NA,NA,Y,NA,D,22,0,1,0,0,0,0,1,0,0,-,-,33.71699142456055,-117.90828704833984,ORANGE,SANTA ANA,NA,NA
81696473,2022,2022-02-09,3019,2022-01-31,1153,3444,NE,1,5,7,3019,0,0,0,NA,0,002,4TH STREET,GRAND AVENUE,40,E,N,A,-,N,NA,NA,NA,NA,NA,NA,NA,NA,NA,N,4,0,2,3,A,-,03,22350,NA,N,C,C,A,A,H,-,A,A,0,NA,NA,NA,NA,Y,NA,A,01,0,0,2,0,0,0,0,0,0,-,-,33.74808120727539,-117.85205841064452,ORANGE,SANTA ANA,-117.85172271728516,33.74806594848633
81697026,2022,2022-02-09,3014,2022-01-26,0751,1483,RD28,3,5,5,3014,0,0,0,NA,0,A2,IRVINE AVE,WESTCLIFF DR,746,N,N,B,-,N,NA,NA,NA,NA,NA,NA,NA,NA,NA,N,4,0,1,2,A,-,05,21650,NA,N,G,C,A,A,H,-,A,D,0,NA,NA,NA,NA,Y,NA,M,91,0,0,1,0,0,0,0,0,0,-,-,33.62989044189453,-117.90679931640624,ORANGE,NEWPORT BEACH,-117.9071044921875,33.6300048828125
81698458,2022,2022-02-11,3019,2022-02-05,2005,3675,SC,6,5,7,3019,0,0,0,NA,0,004,EDINGER AVENUE,DIAMOND STREET,0,NA,Y,-,-,N,NA,NA,NA,NA,NA,NA,NA,NA,NA,Y,3,0,1,4,A,-,09,21801,A,N,D,C,A,A,H,-,C,D,0,NA,NA,NA,NA,Y,NA,A,01,0,1,0,0,0,0,0,0,0,-,-,33.72682189941406,-117.89962768554688,ORANGE,SANTA ANA,-117.89910125732422,33.727230072021484
8169846,2016,2016-11-17,3026,2016-10-26,1201,6352,NA,3,5,6,3026,0,0,0,NA,0,00C,WALNUT AV,ESCOLAR,0,NA,Y,A,-,N,NA,NA,NA,NA,NA,NA,NA,NA,NA,Y,3,0,1,2,A,-,09,21801,A,N,D,C,A,A,H,-,A,A,0,NA,NA,NA,NA,Y,NA,A,01,0,1,0,0,0,0,0,0,0,-,-,NA,NA,ORANGE,IRVINE,-117.78414007,33.7022601
81700015,2022,2022-02-14,3014,2022-02-10,1456,1572,RD24,4,5,5,3014,0,0,0,NA,0,A2,SUPERIOR AVE,PLACENTIA AVE,0,NA,Y,A,-,N,NA,NA,NA,NA,NA,NA,NA,NA,NA,Y,2,0,1,2,A,-,12,21453,A,F,D,C,A,A,H,-,A,A,0,NA,NA,NA,NA,Y,NA,A,01,1,0,0,0,0,0,0,0,0,-,-,33.6279182434082,-117.93173980712892,ORANGE,NEWPORT BEACH,-117.93177032470705,33.627933502197266
8170050,2016,2016-11-17,3026,2016-11-02,1601,8929,NA,3,5,6,3026,0,0,0,NA,0,00P,IRVINE BL,PALO LADO,498,W,N,A,-,N,NA,NA,NA,NA,NA,NA,NA,NA,NA,Y,4,0,2,3,A,-,03,22350,NA,N,C,C,A,A,H,-,A,D,0,NA,NA,NA,NA,Y,NA,A,01,0,0,2,0,0,0,0,0,0,-,-,NA,NA,ORANGE,IRVINE,-117.76852419,33.71980455
81700703,2022,2022-02-15,3001,2022-02-11,0839,A1555,D-2,5,5,7,3001,0,0,0,NA,0,D-2,RAYMOND AVENUE,SR 91 E/B ON RAMP,0,NA,Y,A,-,Y,ORA,NA,91,NA,NA,4.274,H,NA,L,Y,3,0,1,3,A,-,12,21453,A,N,D,C,A,A,H,-,A,A,0,NA,NA,NA,NA,Y,NA,A,01,0,1,0,0,0,0,0,0,0,-,-,33.854209899902344,-117.90657806396484,ORANGE,ANAHEIM,-117.90658569335938,33.85395431518555
81701736,2021,2022-02-16,3008,2021-12-10,1659,1486,ZONE,5,5,6,3008,0,0,0,NA,0,NA,HARBOR BLVD,BERKELEY AVE,58,N,N,A,-,N,NA,NA,NA,NA,NA,NA,NA,NA,NA,N,4,0,1,2,A,-,09,21804,B,N,D,G,A,A,H,-,A,A,0,NA,Y,NA,NA,Y,NA,L,04,0,0,1,0,0,0,1,0,0,-,-,NA,NA,ORANGE,FULLERTON,-117.92435455322266,33.87930679321289
81702568,2022,2022-02-17,3001,2022-02-10,0557,A2461,D-4,4,5,7,3001,0,0,0,NA,0,D-4,ORANGETHORPE AVENUE,WILLOW WOODS DRIVE,0,NA,Y,A,-,N,NA,NA,NA,NA,NA,NA,NA,NA,NA,N,4,0,1,2,A,-,09,21802,A,N,D,C,A,A,H,-,B,D,0,NA,NA,NA,NA,Y,NA,A,07,0,0,1,0,0,0,0,0,0,-,-,NA,NA,ORANGE,ANAHEIM,-117.79547119140624,33.86320114135742
81704983,2021,2022-02-21,3008,2021-12-30,2112,1450,ZONE,4,5,6,3008,0,0,0,NA,0,NA,ROSECRANS AVE,CAMINO LA VISTA LN,0,NA,Y,B,-,N,NA,NA,NA,NA,NA,NA,NA,NA,NA,Y,4,0,2,2,A,-,09,21804,A,N,D,C,A,A,H,-,D,A,0,NA,NA,NA,NA,Y,NA,A,01,0,0,2,0,0,0,0,0,0,-,-,NA,NA,ORANGE,FULLERTON,-117.94894,33.89285
81705361,2022,2022-02-22,3022,2022-02-07,2111,1308,NA,1,5,5,3022,0,0,0,NA,0,NA,IRVINE BLVD,FASHION LN,0,NA,Y,A,-,N,NA,NA,NA,NA,NA,NA,NA,NA,NA,Y,4,0,1,2,A,-,12,21453,A,N,B,C,A,A,H,-,C,A,0,NA,NA,NA,NA,Y,NA,-,-,0,0,1,0,0,0,0,0,0,-,-,33.7482795715332,-117.81728363037108,ORANGE,TUSTIN,-117.81710052490234,33.74821090698242
81705390,2022,2022-02-22,3010,2022-02-17,2010,4094,337,4,5,6,3010,0,0,0,NA,0,004,PACIFIC COAST HWY - SR1,SEAPOINT AVE,0,NA,Y,A,-,Y,NA,NA,NA,NA,NA,NA,NA,NA,NA,Y,4,0,2,2,A,-,08,22107,NA,N,D,C,A,A,H,-,C,A,0,NA,NA,NA,NA,Y,NA,A,01,0,0,2,0,0,0,0,0,0,-,-,33.679508209228516,-118.03296661376952,ORANGE,HUNTINGTON BEACH,-118.03231048583984,33.68008041381836
81705391,2022,2022-02-22,3010,2022-02-18,0723,1208,432,5,5,6,3010,0,0,0,NA,0,005,MAIN ST,HOLLY ST,224,S,N,A,-,N,NA,NA,NA,NA,NA,NA,NA,NA,NA,N,3,0,1,1,A,-,08,22107,NA,N,F,A,A,B,H,-,A,D,0,NA,Y,NA,NA,Y,NA,L,04,0,1,0,0,0,0,1,0,0,-,-,33.68497848510742,-117.99954986572266,ORANGE,HUNTINGTON BEACH,-118.00000762939452,33.68474197387695
81706370,2022,2022-02-23,3001,2022-02-14,1850,A2382,NA,1,5,7,3001,0,0,0,NA,0,D-2,LINCOLN AVENUE,WEST STREET,0,NA,Y,A,-,N,NA,NA,NA,NA,NA,NA,NA,NA,NA,N,3,0,1,2,A,-,09,21801,A,M,D,G,A,A,H,-,C,A,0,NA,Y,NA,NA,Y,NA,-,99,0,1,0,0,0,0,1,0,0,-,-,33.83269119262695,-117.9272232055664,ORANGE,ANAHEIM,-117.92713165283205,33.832637786865234
81706425,2022,2022-02-23,3010,2022-02-18,0834,1208,263,5,5,6,3010,0,0,0,NA,0,006,HEIL AVE,NEWLAND ST,0,NA,Y,A,-,N,NA,NA,NA,NA,NA,NA,NA,NA,NA,Y,3,0,1,2,A,-,09,21801,A,N,A,C,A,A,H,-,A,A,0,NA,NA,NA,NA,Y,NA,A,01,0,1,0,0,0,0,0,0,0,-,-,33.721710205078125,-117.98055267333984,ORANGE,HUNTINGTON BEACH,-117.98065185546876,33.722991943359375
81707368,2022,2022-02-24,3001,2022-02-19,0505,A2092,D-3,6,5,7,3001,0,0,0,NA,0,035,BALL ROAD,ANAHEIM BOULEVARD,52,E,N,A,-,N,NA,NA,NA,NA,NA,NA,NA,NA,NA,N,4,0,1,2,A,-,03,22350,NA,M,C,C,A,A,H,-,C,A,0,NA,NA,NA,NA,Y,NA,D,22,0,0,1,0,0,0,0,0,0,-,-,33.81834030151367,-117.9079818725586,ORANGE,ANAHEIM,-117.90805816650392,33.81806945800781
81709376,2022,2022-02-25,3015,2022-02-15,1609,1240,RD76,2,5,6,3015,0,0,0,NA,0,723M,PROSPECT ST,MAPLE AVE,94,S,N,A,-,N,NA,NA,NA,NA,NA,NA,NA,NA,NA,N,3,0,1,2,A,-,09,21804,A,N,D,G,A,A,H,-,A,D,0,NA,Y,NA,NA,Y,NA,A,07,0,1,0,0,0,0,1,0,0,-,-,NA,NA,ORANGE,ORANGE,-117.8183822631836,33.78955078125
8170940,2016,2017-03-03,3004,2016-10-31,2225,P618,11,1,5,6,3004,0,0,0,NA,0,001,NEWPORT BL,E 19TH ST,0,NA,Y,A,-,Y,ORA,12,55,-,-,2.021,I,5,N,Y,4,0,2,2,A,-,12,21453,A,N,D,C,A,A,H,-,C,A,0,NA,NA,NA,NA,Y,NA,A,01,0,0,2,0,0,0,0,0,0,-,-,33.6431,-117.9162,ORANGE,COSTA MESA,-117.91658428,33.64332249
81709433,2022,2022-02-25,3019,2022-02-14,1858,3701,WE,1,5,7,3019,0,0,0,NA,0,001,HARBOR BOULEVARD,MCFADDEN AVENUE,0,NA,Y,A,-,N,NA,NA,NA,NA,NA,NA,NA,NA,NA,N,2,0,1,2,A,-,11,21456,C,N,G,B,B,A,H,-,C,A,0,Y,NA,NA,NA,Y,NA,N,60,1,0,0,0,1,0,0,0,0,-,-,33.738529205322266,-117.92012786865234,ORANGE,SANTA ANA,-117.92010498046876,33.73826217651367
81710601,2022,2022-02-28,3008,2022-01-16,1619,1295,NA,7,5,6,3008,0,0,0,NA,0,NA,STATE COLLEGE BLVD,COMMONWEALTH AVE,45,S,N,B,-,N,NA,NA,NA,NA,NA,NA,NA,NA,NA,Y,3,0,1,2,A,-,01,23152,A,N,D,C,A,A,H,-,A,A,0,NA,NA,NA,NA,Y,Y,A,01,0,1,0,0,0,0,0,0,0,-,-,NA,NA,ORANGE,FULLERTON,-117.88957214355467,33.870445251464844
81712808,2022,2022-03-02,3010,2022-02-27,1911,1118,462,7,5,6,3010,0,0,0,NA,0,002,BEACH BL - SR39,SUNRISE DR (W),232,N,N,A,-,N,NA,NA,NA,NA,NA,NA,NA,NA,NA,N,3,0,1,2,A,-,10,21950,A,N,G,B,D,A,H,-,C,D,0,Y,NA,NA,NA,Y,NA,A,07,0,1,0,0,1,0,0,0,0,-,-,33.65285873413086,-117.98969268798828,ORANGE,HUNTINGTON BEACH,-117.98838806152344,33.65464782714844
81712818,2021,2022-03-02,3019,2021-12-25,0320,3734,WE,6,5,7,3019,0,0,0,NA,0,001,SANTA ANA BOULEVARD,FLOWER STREET,250,W,N,A,-,N,NA,NA,NA,NA,NA,NA,NA,NA,NA,N,4,0,1,1,A,-,08,22107,NA,N,E,I,A,A,D,-,C,D,0,NA,NA,NA,NA,Y,NA,A,01,0,0,1,0,0,0,0,0,0,-,-,33.74797058105469,-117.8761978149414,ORANGE,SANTA ANA,-117.87730407714844,33.74800109863281
81713753,2022,2022-03-03,3002,2022-02-11,1631,1693,NA,5,5,4,3002,0,0,0,NA,0,013,MADRONA AV,BIRCH ST,96,N,N,A,-,N,NA,NA,NA,NA,NA,NA,NA,NA,NA,Y,4,0,1,1,A,-,03,22350,NA,N,E,I,A,A,H,-,A,D,0,NA,NA,NA,NA,Y,NA,A,01,0,0,1,0,0,0,0,0,0,-,-,33.919219970703125,-117.90151214599608,ORANGE,BREA,-117.90145874023438,33.919437408447266
8171417,2016,2016-11-28,3024,2016-11-04,1159,168,P07,5,5,5,3024,0,0,0,NA,0,WEST,BOLSA CHICA RD,RANCHO RD,0,NA,Y,A,-,N,NA,NA,NA,NA,NA,NA,NA,NA,NA,Y,3,0,3,3,A,-,12,21453,A,N,D,C,A,A,H,-,A,A,0,NA,NA,NA,NA,Y,NA,A,08,0,1,2,0,0,0,0,0,0,-,-,NA,NA,ORANGE,WESTMINSTER,-118.04196013,33.75013008
81720337,2022,2022-03-11,3001,2022-03-06,1242,A2562,NA,7,5,7,3001,0,0,0,NA,0,NA,EUCLID STREET,GLEN AVENUE,0,NA,Y,A,-,N,NA,NA,NA,NA,NA,NA,NA,NA,NA,Y,4,0,6,2,A,-,09,21802,A,N,D,C,A,A,H,-,A,A,0,NA,NA,NA,NA,Y,NA,-,99,0,0,6,0,0,0,0,0,0,-,-,33.8474006652832,-117.94123840332033,ORANGE,ANAHEIM,-117.94168853759766,33.84825134277344
8172177,2016,2016-11-23,3026,2016-11-03,1105,518,NA,4,5,6,3026,0,0,0,NA,0,00C,ALTON PKWY,WEST YALE LOOP,687,E,N,A,-,N,NA,NA,NA,NA,NA,NA,NA,NA,NA,N,3,0,1,2,A,-,11,21954,A,N,G,B,D,A,H,-,A,A,0,Y,NA,NA,NA,Y,NA,N,60,0,1,0,0,1,0,0,0,0,-,-,NA,NA,ORANGE,IRVINE,-117.80784928,33.67779956
8172191,2016,2016-11-23,3013,2016-11-01,2016,193,NA,2,5,3,3013,0,0,0,NA,0,NA,KATELLA AV,LOS ALAMITOS BL,0,NA,Y,A,-,N,NA,NA,NA,NA,NA,NA,NA,NA,NA,N,4,0,1,3,A,-,09,21453,C,N,D,C,A,A,H,-,C,A,0,NA,NA,NA,NA,Y,NA,A,01,0,0,1,0,0,0,0,0,0,-,-,NA,NA,ORANGE,LOS ALAMITOS,-118.0719301,33.80303006
8172204,2016,2016-11-29,3001,2016-11-10,2310,415,NA,4,5,7,3001,0,0,0,NA,0,0D1,WEST ORANGE AV,S TRIDENT ST,42,W,N,A,-,N,NA,NA,NA,NA,NA,NA,NA,NA,NA,Y,3,0,3,3,A,-,08,22107,NA,N,B,E,A,A,H,-,C,D,0,NA,NA,NA,NA,Y,NA,A,01,0,1,2,0,0,0,0,0,0,-,-,NA,NA,ORANGE,ANAHEIM,-117.94637796,33.82515882
8172228,2016,2016-11-28,3001,2016-11-11,1506,1825,NA,5,5,7,3001,0,0,0,NA,0,0D2,CATALPA DR,N DRESDEN ST,0,NA,Y,A,-,N,NA,NA,NA,NA,NA,NA,NA,NA,NA,N,3,0,1,2,A,-,09,21801,A,N,A,C,A,A,H,-,A,A,0,NA,NA,NA,NA,Y,NA,A,01,0,1,0,0,0,0,0,0,0,-,-,NA,NA,ORANGE,ANAHEIM,-117.93981004,33.84410008
8172434,2016,2016-11-23,3019,2016-10-26,1404,3423,NE,3,5,7,3019,0,0,0,NA,0,003,SPURGEON ST,15TH ST,350,S,N,A,-,N,NA,NA,NA,NA,NA,NA,NA,NA,NA,N,3,0,1,2,A,-,11,21954,A,N,G,B,D,A,H,-,A,D,0,Y,NA,NA,NA,Y,NA,N,60,0,1,0,0,1,0,0,0,0,-,-,33.75801,-117.86523,ORANGE,SANTA ANA,-117.86524045,33.75685084
81724511,2022,2022-03-17,3001,2022-03-11,1353,A2703,NA,5,5,7,3001,0,0,0,NA,0,D-1,MAGNOLIA AVENUE,ORANGE AVENUE,191,S,N,A,-,N,NA,NA,NA,NA,NA,NA,NA,NA,NA,Y,4,0,1,3,A,-,03,22350,NA,N,C,C,A,A,H,-,A,D,0,NA,NA,NA,NA,Y,NA,D,22,0,0,1,0,0,0,0,0,0,-,-,33.82503128051758,-117.97579193115234,ORANGE,ANAHEIM,-117.97592163085938,33.82436752319336
81724582,2022,2022-03-17,3010,2022-03-10,2018,4094,472,4,5,6,3010,0,0,0,NA,0,002,PACIFIC COAST HWY - SR1,BEACH BL - SR39,21,N,N,A,-,Y,NA,NA,NA,NA,NA,NA,NA,NA,NA,Y,3,0,1,2,A,-,08,22100,A,N,D,C,A,A,H,-,C,A,0,NA,NA,Y,NA,Y,NA,A,07,0,1,0,0,0,0,0,0,1,-,-,33.64741134643555,-117.98973083496094,ORANGE,HUNTINGTON BEACH,-117.9882354736328,33.64845657348633
81724620,2022,2022-03-17,3010,2022-03-14,1942,1261,261,1,5,6,3010,0,0,0,NA,0,007,WARNER AVE,GOLDENWEST ST,1040,E,N,A,-,N,NA,NA,NA,NA,NA,NA,NA,NA,NA,Y,3,0,3,2,A,-,09,21804,A,N,D,C,A,A,H,-,C,A,0,NA,NA,NA,NA,Y,NA,A,01,0,1,2,0,0,0,0,0,0,-,-,33.71556854248047,-118.00672149658205,ORANGE,HUNTINGTON BEACH,-118.00325775146484,33.71553039550781
8172496,2016,2016-11-29,3000,2016-09-13,1536,1010,893A3,2,5,4,3048,0,0,0,NA,0,766,AVD DE LAS FLORES,RICHARD REESE WY,0,NA,Y,A,-,N,NA,NA,NA,NA,NA,NA,NA,NA,NA,Y,2,0,2,2,A,-,12,21453,A,N,D,C,A,A,H,-,A,A,0,NA,NA,NA,NA,Y,NA,A,01,1,0,1,0,0,0,0,0,0,-,-,NA,NA,ORANGE,RANCHO SANTA MARGARITA,-117.59965,33.64121
8172717,2016,2016-11-28,3012,2016-10-27,0725,424,NA,4,5,5,3012,0,0,0,NA,0,0NE,HARBOR BL,BROOKDALE,0,NA,Y,A,-,N,NA,NA,NA,NA,NA,NA,NA,NA,NA,N,4,0,1,2,A,-,06,21755,A,N,D,C,A,A,H,-,A,D,0,NA,NA,NA,NA,Y,NA,A,01,0,0,1,0,0,0,0,0,0,-,-,NA,NA,ORANGE,LA HABRA,-117.93312005,33.94279004
81727556,2022,2022-03-21,3008,2022-01-22,2114,1626,ZONE,6,5,6,3008,0,0,0,NA,0,NA,BASTANCHURY RD,EUCLID ST,0,NA,Y,A,-,N,NA,NA,NA,NA,NA,NA,NA,NA,NA,Y,4,0,2,2,A,-,09,21801,A,F,D,C,A,A,H,-,C,A,0,NA,NA,NA,NA,Y,NA,-,99,0,0,2,0,0,0,0,0,0,-,-,NA,NA,ORANGE,FULLERTON,-117.94258880615234,33.889015197753906
81728530,2022,2022-03-22,3001,2022-03-21,0200,A1047,D-2,1,5,7,3001,0,0,0,NA,0,NA,LEMON STREET,RT 91 EBON/R,0,NA,Y,A,-,Y,ORA,NA,91,NA,NA,3.521,H,NA,R,Y,4,0,1,2,A,-,12,21453,A,N,D,C,A,A,H,-,C,A,0,NA,NA,NA,NA,Y,NA,A,01,0,0,1,0,0,0,0,0,0,-,-,33.85395812988281,-117.9197006225586,ORANGE,ANAHEIM,-117.91968536376952,33.854087829589844
81730394,2022,2022-03-24,3001,2022-03-21,1230,A2292,NA,1,5,7,3001,0,0,0,NA,0,NA,DALE AVENUE,ORANGE AVENUE,0,NA,Y,A,-,N,NA,NA,NA,NA,NA,NA,NA,NA,NA,Y,4,0,2,2,A,-,09,21801,A,N,A,C,A,A,H,-,A,A,0,NA,NA,NA,NA,Y,NA,A,01,0,0,2,0,0,0,0,0,0,-,-,NA,NA,ORANGE,ANAHEIM,-117.98464965820313,33.824825286865234
8173242,2016,2016-11-18,3000,2016-10-22,0845,3358,972C3,6,5,4,3018,0,0,0,NA,0,731,CAMINO CAPISTRANO,SAN JUAN CREEK,1800,S,N,A,-,N,NA,NA,NA,NA,NA,NA,NA,NA,NA,N,3,0,1,2,A,-,03,22350,NA,N,C,G,A,A,H,-,A,D,0,NA,Y,NA,NA,Y,NA,A,01,0,1,0,0,0,0,1,0,0,-,-,NA,NA,ORANGE,SAN JUAN CAPISTRANO,-117.66549194,33.48737708
8173243,2016,2016-11-21,3001,2016-11-07,1109,A1555,NA,1,5,7,3001,0,0,0,NA,0,0D1,WEST BALL RD,S GAYMONT ST,0,NA,Y,A,-,N,NA,NA,NA,NA,NA,NA,NA,NA,NA,Y,3,0,3,2,A,-,12,21453,A,N,D,C,A,A,H,-,A,A,0,NA,NA,NA,NA,Y,NA,A,07,0,1,2,0,0,0,0,0,0,-,-,NA,NA,ORANGE,ANAHEIM,-117.9900901,33.8174501