CASE_ID,ACCIDENT_YEAR,PROC_DATE,JURIS,COLLISION_DATE,COLLISION_TIME,OFFICER_ID,REPORTING_DISTRICT,DAY_OF_WEEK,CHP_SHIFT,POPULATION,CNTY_CITY_LOC,SPECIAL_COND,BEAT_TYPE,CHP_BEAT_TYPE,CITY_DIVISION_LAPD,CHP_BEAT_CLASS,BEAT_NUMBER,PRIMARY_RD,SECONDARY_RD,DISTANCE,DIRECTION,INTERSECTION,WEATHER_1,WEATHER_2,STATE_HWY_IND,CALTRANS_COUNTY,CALTRANS_DISTRICT,STATE_ROUTE,ROUTE_SUFFIX,POSTMILE_PREFIX,POSTMILE,LOCATION_TYPE,RAMP_INTERSECTION,SIDE_OF_HWY,TOW_AWAY,COLLISION_SEVERITY,NUMBER_KILLED,NUMBER_INJURED,PARTY_COUNT,PRIMARY_COLL_FACTOR,PCF_CODE_OF_VIOL,PCF_VIOL_CATEGORY,PCF_VIOLATION,PCF_VIOL_SUBSECTION,HIT_AND_RUN,TYPE_OF_COLLISION,MVIW,PED_ACTION,ROAD_SURFACE,ROAD_COND_1,ROAD_COND_2,LIGHTING,CONTROL_DEVICE,CHP_ROAD_TYPE,PEDESTRIAN_ACCIDENT,BICYCLE_ACCIDENT,MOTORCYCLE_ACCIDENT,TRUCK_ACCIDENT,NOT_PRIVATE_PROPERTY,ALCOHOL_INVOLVED,STWD_VEHTYPE_AT_FAULT,CHP_VEHTYPE_AT_FAULT,COUNT_SEVERE_INJ,COUNT_VISIBLE_INJ,COUNT_COMPLAINT_PAIN,COUNT_PED_KILLED,COUNT_PED_INJURED,COUNT_BICYCLIST_KILLED,COUNT_BICYCLIST_INJURED,COUNT_MC_KILLED,COUNT_MC_INJURED,PRIMARY_RAMP,SECONDARY_RAMP,LATITUDE,LONGITUDE,COUNTY,CITY,POINT_X,POINT_Y
81793170,2022,2022-06-13,3001,2022-06-03,1421,A2312,D-2,5,5,7,3001,0,0,0,NA,0,D-2,ELM STREET,BOND STREET,105,W,N,A,-,N,NA,NA,NA,NA,NA,NA,NA,NA,NA,N,3,0,1,2,A,-,11,21954,A,N,G,B,D,A,H,-,A,D,0,Y,NA,NA,NA,Y,NA,N,60,0,1,0,0,1,0,0,0,0,-,-,NA,NA,ORANGE,ANAHEIM,-117.89738464355467,33.836151123046875
81793173,2022,2022-06-13,3001,2022-06-04,2305,A1906,D-3,6,5,7,3001,0,0,0,NA,0,D-3,BALL ROAD,ALLEC STREET,0,NA,Y,A,-,N,NA,NA,NA,NA,NA,NA,NA,NA,NA,Y,4,0,1,2,A,-,09,21801,A,N,D,C,A,A,H,-,C,D,0,NA,NA,NA,NA,Y,NA,B,07,0,0,1,0,0,0,0,0,0,-,-,33.81827926635742,-117.90293884277344,ORANGE,ANAHEIM,-117.9030303955078,33.818092346191406
81793501,2022,2022-06-13,3024,2022-05-10,0850,537,P-43,2,5,5,3024,0,0,0,NA,0,EAST,BUSHARD STREET,MCFADDEN AVENUE,0,NA,Y,A,-,N,NA,NA,NA,NA,NA,NA,NA,NA,NA,Y,4,0,2,2,A,-,12,21453,A,N,D,C,A,A,H,-,A,A,0,NA,NA,NA,NA,Y,NA,-,-,0,0,2,0,0,0,0,0,0,-,-,NA,NA,ORANGE,WESTMINSTER,-117.96343231201172,33.737632751464844
81794161,2022,2022-06-13,3014,2022-06-10,1500,1508,RD15,5,5,5,3014,0,0,0,NA,0,A1,32ND ST,VIA OPORTO,0,NA,Y,A,-,N,NA,NA,NA,NA,NA,NA,NA,NA,NA,Y,2,0,1,2,A,-,01,23152,NA,N,H,G,A,A,H,-,A,D,0,NA,NA,NA,NA,Y,NA,A,01,1,0,0,0,0,0,0,0,0,-,-,33.615989685058594,-117.9281997680664,ORANGE,NEWPORT BEACH,-117.92825317382813,33.61608123779297
81794424,2022,2022-06-14,3001,2022-06-07,1511,A1825,NA,2,5,7,3001,0,0,0,NA,0,D-1,EUCLID STREET,BUENA VISTA AVENUE,167,N,N,A,-,N,NA,NA,NA,NA,NA,NA,NA,NA,NA,Y,3,0,3,3,A,-,03,22350,NA,N,C,C,A,A,H,-,A,D,0,NA,NA,NA,NA,Y,NA,A,01,0,1,2,0,0,0,0,0,0,-,-,NA,NA,ORANGE,ANAHEIM,-117.94144439697266,33.8124885559082
8179543,2016,2016-12-09,3000,2016-10-11,1441,1010,892H1,2,5,4,3048,0,0,0,NA,0,766,MELINDA RD,PASEO ALEGRIA,0,NA,Y,A,-,N,NA,NA,NA,NA,NA,NA,NA,NA,NA,Y,4,0,1,2,A,-,09,21801,A,N,D,C,A,A,H,-,A,D,0,NA,NA,NA,NA,Y,NA,A,01,0,0,1,0,0,0,0,0,0,-,-,NA,NA,ORANGE,RANCHO SANTA MARGARITA,-117.61203014,33.65324004
81795462,2022,2022-06-15,3019,2022-05-06,2350,3631,WE,5,5,7,3019,0,0,0,NA,0,001,NEWHOPE STREET,WESTMINSTER AVENUE,0,NA,Y,A,-,N,NA,NA,NA,NA,NA,NA,NA,NA,NA,Y,4,0,1,2,A,-,09,21801,A,N,D,C,A,A,H,-,C,D,0,NA,NA,NA,NA,Y,NA,A,01,0,0,1,0,0,0,0,0,0,-,-,33.759708404541016,-117.92881011962892,ORANGE,SANTA ANA,-117.9289093017578,33.75965881347656
81796288,2022,2022-06-16,3019,2022-04-24,1915,3709,SE,7,5,7,3019,0,0,0,NA,0,003,MACARTHUR BOULEVARD,MACARTHUR PLACE,756,E,N,A,-,N,NA,NA,NA,NA,NA,NA,NA,NA,NA,N,4,0,1,3,A,-,03,22350,NA,F,C,C,A,A,H,-,A,A,0,NA,NA,NA,NA,Y,NA,-,99,0,0,1,0,0,0,0,0,0,-,-,NA,NA,ORANGE,SANTA ANA,-117.86331939697266,33.69981384277344
8179629,2016,2017-03-04,3020,2016-11-19,0725,298,NA,6,5,4,3020,0,0,0,NA,0,NA,PACIFIC COAST HWY,MAIN ST,78,W,N,A,-,Y,ORA,12,1,-,-,33.2,H,-,S,Y,3,0,1,3,A,-,03,22350,NA,N,C,C,A,A,H,-,A,A,0,NA,NA,NA,NA,Y,Y,-,NA,0,1,0,0,0,0,0,0,0,-,-,NA,NA,ORANGE,SEAL BEACH,-118.10275443,33.74444186
8179677,2016,2016-12-13,3020,2016-11-08,1714,236,NA,2,5,4,3020,0,0,0,NA,0,001,WESTMINSTER BL,SEAL BEACH BL,7920,E,N,A,-,N,NA,NA,NA,NA,NA,NA,NA,NA,NA,N,4,0,1,2,A,-,03,22350,NA,N,C,J,A,A,H,-,C,A,0,NA,NA,NA,NA,Y,NA,-,NA,0,0,1,0,0,0,0,0,0,-,-,NA,NA,ORANGE,SEAL BEACH,-118.096207,33.759672019999996
81797215,2022,2022-06-17,3010,2022-06-15,1132,3171,436,3,5,6,3010,0,0,0,NA,0,003,YORKTOWN AVE,BUSHARD ST,0,NA,Y,A,-,N,NA,NA,NA,NA,NA,NA,NA,NA,NA,Y,3,0,4,3,A,-,09,21801,B,N,D,C,A,A,H,-,A,A,0,NA,NA,NA,NA,Y,NA,A,01,0,3,1,0,0,0,0,0,0,-,-,33.67967987060547,-117.96250152587892,ORANGE,HUNTINGTON BEACH,-117.96263122558594,33.67955780029297
81798065,2022,2022-06-20,3015,2022-05-11,1224,1250,RD46,3,5,6,3015,0,0,0,NA,0,711M,WANDA RD,KATELLA AVE,55,S,N,A,-,N,NA,NA,NA,NA,NA,NA,NA,NA,NA,N,4,0,2,2,A,-,03,22350,NA,N,C,C,A,A,H,-,A,A,0,NA,NA,NA,NA,Y,NA,A,07,0,0,2,0,0,0,0,0,0,-,-,33.81037902832031,-117.82196807861328,ORANGE,ORANGE,-117.82196807861328,33.81018829345703
81798169,2022,2022-06-20,3024,2022-05-13,0631,329,P-13,5,5,5,3024,0,0,0,NA,0,EAST,BEACH BOULEVARD (SR 39),21ST STREET,24,N,N,A,-,Y,NA,NA,NA,NA,NA,NA,NA,NA,NA,Y,4,0,1,1,A,-,08,22107,NA,N,E,I,A,A,H,-,A,D,0,NA,NA,NA,NA,Y,NA,A,01,0,0,1,0,0,0,0,0,0,-,-,NA,NA,ORANGE,WESTMINSTER,-117.99002075195313,33.76296615600586
81799413,2022,2022-06-21,3008,2022-04-29,1521,1596,ZONE,5,5,6,3008,0,0,0,NA,0,NA,LEMON ST,VALLEY VIEW DR,25,S,N,A,-,N,NA,NA,NA,NA,NA,NA,NA,NA,NA,N,4,0,2,3,A,-,03,22350,NA,N,C,C,A,A,H,-,A,D,0,NA,NA,NA,NA,Y,NA,A,01,0,0,2,0,0,0,0,0,0,-,-,NA,NA,ORANGE,FULLERTON,-117.91995239257813,33.881160736083984
81800496,2022,2022-06-22,3001,2022-06-19,1136,A1508,D-1,7,5,7,3001,0,0,0,NA,0,016,BROOKHURST STREET,KATELLA AVENUE,139,N,N,A,-,N,NA,NA,NA,NA,NA,NA,NA,NA,NA,N,4,0,1,3,A,-,03,22350,NA,N,C,C,A,A,H,-,A,A,0,NA,NA,NA,NA,Y,NA,A,01,0,0,1,0,0,0,0,0,0,-,-,33.8029899597168,-117.9591827392578,ORANGE,ANAHEIM,-117.95897674560548,33.803619384765625
81801218,2022,2022-06-22,3014,2022-05-27,1810,1599,RD38,5,5,5,3014,0,0,0,NA,0,A2,IRVINE AVE,CABRILLO ST,0,NA,Y,A,-,N,NA,NA,NA,NA,NA,NA,NA,NA,NA,N,3,0,1,2,A,-,09,21804,A,N,D,C,A,A,H,-,A,D,0,NA,NA,NA,NA,Y,NA,A,01,0,1,0,0,0,0,0,0,0,-,-,33.629371643066406,-117.90765380859376,ORANGE,NEWPORT BEACH,-117.90763854980467,33.62946319580078
81801587,2022,2022-06-23,3024,2022-05-18,0856,435,P-43,3,5,5,3024,0,0,0,NA,0,EAST,MAGNOLIA STREET,HEIL AVENUE,355,N,N,A,-,N,NA,NA,NA,NA,NA,NA,NA,NA,NA,Y,4,0,2,2,A,-,09,21804,A,N,D,C,A,A,H,-,A,D,0,NA,NA,NA,NA,Y,NA,A,01,0,0,2,0,0,0,0,0,0,-,-,33.723060607910156,-117.91795349121094,ORANGE,WESTMINSTER,-117.97197723388672,33.72401428222656
81802429,2022,2022-06-24,3001,2022-06-14,1605,A1825,NA,2,5,7,3001,0,0,0,NA,0,D-1,BROOKHURST STREET,BROADWAY,167,S,N,A,-,N,NA,NA,NA,NA,NA,NA,NA,NA,NA,Y,4,0,1,2,A,-,03,22350,NA,F,C,C,A,A,H,-,A,D,0,NA,NA,NA,NA,Y,NA,D,22,0,0,1,0,0,0,0,0,0,-,-,NA,NA,ORANGE,ANAHEIM,-117.9589614868164,33.828433990478516
8180278,2016,2016-12-12,3004,2016-10-15,2308,P641,35,6,5,6,3004,0,0,0,NA,0,003,NEWPORT BL,WILSON ST,0,NA,Y,A,-,N,NA,NA,55,NA,NA,NA,NA,NA,NA,N,4,0,1,2,A,-,05,21650,1,N,D,G,A,A,H,-,C,A,0,NA,Y,NA,NA,Y,NA,L,04,0,0,1,0,0,0,1,0,0,-,-,33.656,-117.905,ORANGE,COSTA MESA,-117.90485336,33.65585702
8180304,2016,2017-03-04,3004,2016-11-11,2008,P541,33,5,5,6,3004,0,0,0,NA,0,005,BRISTOL ST,RT 405,125,S,N,A,-,Y,ORA,12,405,-,-,9.341,R,4,N,Y,3,0,1,4,A,-,03,22350,NA,N,C,C,A,A,H,-,C,A,0,NA,NA,NA,NA,Y,NA,A,01,0,1,0,0,0,0,0,0,0,-,NO,33.68945,-117.88558,ORANGE,COSTA MESA,-117.88266624,33.68750756
8180405,2016,2016-12-06,3026,2016-11-10,1730,7094,NA,4,5,6,3026,0,0,0,NA,0,00U,MACARTHUR BL,SKYPARK EAST,9,N,N,A,-,N,NA,NA,NA,NA,NA,NA,NA,NA,NA,Y,4,0,1,2,A,-,03,22350,NA,N,C,C,A,A,H,-,C,A,0,NA,NA,NA,NA,Y,NA,D,22,0,0,1,0,0,0,0,0,0,-,-,NA,NA,ORANGE,IRVINE,-117.853464,33.688955
81804503,2022,2022-06-28,3022,2022-05-21,0811,1396,NA,6,5,5,3022,0,0,0,NA,0,NA,BARRANCA PKWY,ARMSTRONG AV,0,NA,Y,A,-,N,NA,NA,NA,NA,NA,NA,NA,NA,NA,Y,4,0,1,2,A,-,12,21453,A,N,A,C,A,A,H,-,A,A,0,NA,NA,NA,Y,Y,NA,F,26,0,0,1,0,0,0,0,0,0,-,-,33.7010383605957,-117.83686065673828,ORANGE,TUSTIN,-117.83660888671876,33.7010498046875
81804602,2022,2022-06-28,3002,2022-06-09,1319,1720,NA,4,5,4,3002,0,0,0,NA,0,014,WALNUT AV,FIR ST,225,N,N,A,-,N,NA,NA,NA,NA,NA,NA,NA,NA,NA,Y,4,0,2,3,A,-,08,22107,NA,N,C,E,A,A,H,-,A,D,0,NA,NA,NA,NA,Y,NA,A,07,0,0,2,0,0,0,0,0,0,-,-,33.91027069091797,-117.90518951416016,ORANGE,BREA,-117.90478515625,33.910736083984375
8180502,2016,2016-12-02,3002,2016-10-19,0002,1643,124X,3,5,4,3002,0,0,0,NA,0,011,PUENTE ST,MIDBURY ST,72,S,N,A,-,N,NA,NA,NA,NA,NA,NA,NA,NA,NA,Y,2,0,1,1,A,-,08,22107,NA,N,F,A,A,A,H,-,C,A,0,NA,NA,Y,NA,Y,NA,C,02,1,0,0,0,0,0,0,0,1,-,-,NA,NA,ORANGE,BREA,-117.91565,33.94628261
81805437,2022,2022-06-29,3015,2022-06-23,1520,1563,RD 54,4,5,6,3015,0,0,0,NA,0,731M,PROSPECT ST,CHAPMAN AVE,565,N,N,A,-,N,NA,NA,NA,NA,NA,NA,NA,NA,NA,Y,3,0,1,2,A,-,09,21804,A,N,D,C,A,A,H,-,A,D,0,NA,NA,NA,NA,Y,NA,A,07,0,1,0,0,0,0,0,0,0,-,-,NA,NA,ORANGE,ORANGE,-117.81839752197266,33.78779983520508
8180763,2016,2017-03-04,3002,2016-11-10,1221,1662,530Z,4,5,4,3002,0,0,0,NA,0,012,IMPERIAL HWY,SHOPPING MALL WY,32,E,N,A,-,Y,ORA,12,90,-,-,6.42,H,-,W,Y,3,0,1,2,A,-,12,21453,A,N,D,C,A,A,H,-,A,A,0,NA,NA,NA,NA,Y,NA,A,01,0,1,0,0,0,0,0,0,0,-,-,NA,NA,ORANGE,BREA,-117.86649863,33.91110836
8180874,2016,2016-12-05,3004,2016-11-20,1248,P603,04,7,5,6,3004,0,0,0,NA,0,006,EAST 17TH ST,IRVINE AV,66,W,N,B,-,N,NA,NA,NA,NA,NA,NA,NA,NA,NA,N,4,0,2,2,A,-,21,22106,NA,N,C,C,A,A,H,-,A,A,0,NA,NA,NA,NA,Y,NA,A,07,0,0,2,0,0,0,0,0,0,-,-,33.62848,-117.90864,ORANGE,COSTA MESA,-117.90881815,33.62853382
81808803,2022,2022-07-01,3016,2022-02-07,1957,1287,2,1,5,5,3016,0,0,0,NA,0,001,BASTANCHURY ROAD,KRAEMER BOULEVARD,0,NA,Y,A,-,N,NA,NA,NA,NA,NA,NA,NA,NA,NA,Y,4,0,2,2,A,-,01,23153,A,N,C,C,A,A,H,-,C,A,0,NA,NA,NA,NA,Y,Y,A,01,0,0,2,0,0,0,0,0,0,-,-,33.89657974243164,-117.86338043212892,ORANGE,PLACENTIA,-117.8637237548828,33.89641189575195
81808885,2022,2022-07-01,3016,2022-05-04,1256,2182,16,3,5,5,3016,0,0,0,NA,0,001,ROSE DRIVE,IMPERIAL HIGHWAY,224,N,N,A,-,N,NA,NA,NA,NA,NA,NA,NA,NA,NA,Y,4,0,1,2,A,-,07,21658,A,N,B,C,A,A,H,-,A,A,0,NA,NA,NA,NA,Y,NA,A,01,0,0,1,0,0,0,0,0,0,-,-,33.904659271240234,-117.8423080444336,ORANGE,PLACENTIA,-117.84219360351563,33.904972076416016
81809194,2022,2022-07-01,3007,2022-06-11,0934,283,34,6,5,5,3007,0,0,0,NA,0,001,BUSHARD,GARDENIA,0,NA,Y,A,-,N,NA,NA,NA,NA,NA,NA,NA,NA,NA,Y,4,0,1,2,A,-,09,21801,A,N,D,C,A,A,H,-,A,A,0,NA,NA,NA,NA,Y,NA,A,07,0,0,1,0,0,0,0,0,0,-,-,NA,NA,ORANGE,FOUNTAIN VALLEY,-117.96321868896484,33.72185516357422
81809269,2022,2022-07-04,3001,2022-06-21,0946,A2684,D-4,2,5,7,3001,0,0,0,NA,0,NA,JEFFERSON STREET,MIRALOMA AVENUE,173,S,N,A,-,N,NA,NA,NA,NA,NA,NA,NA,NA,NA,N,3,0,1,2,A,-,09,21804,A,N,D,C,A,A,H,-,A,D,0,NA,NA,NA,NA,Y,NA,A,07,0,1,0,0,0,0,0,0,0,-,-,33.86262893676758,-117.83702850341795,ORANGE,ANAHEIM,-117.83705139160156,33.86228561401367
81810768,2022,2022-07-06,3015,2022-04-07,1030,1515,RD21,4,5,6,3015,0,0,0,NA,0,732M,CHAPMAN AVE,THE CITY DR,0,NA,Y,A,-,N,NA,NA,NA,NA,NA,NA,NA,NA,NA,N,3,0,1,2,A,-,12,21453,A,N,D,C,A,A,H,-,A,A,0,NA,NA,Y,NA,Y,NA,A,01,0,1,0,0,0,0,0,0,1,-,-,33.78886032104492,-117.89080810546876,ORANGE,ORANGE,-117.89095306396484,33.789058685302734
81811697,2022,2022-07-07,3022,2022-06-21,1316,1193,SOUTH,2,5,5,3022,0,0,0,NA,0,NA,WARNER AV,ARMSTRONG AV,0,NA,Y,A,-,N,NA,NA,NA,NA,NA,NA,NA,NA,NA,Y,4,0,1,2,A,-,12,21453,A,N,D,C,A,A,H,-,A,A,0,NA,NA,NA,NA,Y,NA,A,01,0,0,1,0,0,0,0,0,0,-,-,33.707801818847656,-117.8332290649414,ORANGE,TUSTIN,-117.83319854736328,33.7077522277832
81815811,2022,2022-07-13,3008,2022-05-20,1535,1629,ZONE,5,5,6,3008,0,0,0,NA,0,NA,GILBERT ST,RAYMER AVE,200,S,N,A,-,N,NA,NA,NA,NA,NA,NA,NA,NA,NA,Y,3,0,3,4,A,-,03,22350,NA,N,C,C,A,A,H,-,A,A,0,NA,NA,NA,NA,Y,NA,A,08,0,1,2,0,0,0,0,0,0,-,-,NA,NA,ORANGE,FULLERTON,-117.96832275390624,33.87315368652344
81816643,2022,2022-07-14,3001,2022-07-02,2127,A2387,D-4,6,5,7,3001,0,0,0,NA,0,D-4,SANTA ANA CANYON ROAD,WOODCREEK ROAD,570,E,N,A,-,N,NA,NA,NA,NA,NA,NA,NA,NA,NA,Y,2,0,2,1,A,-,08,22107,NA,N,F,A,A,A,H,-,D,D,0,NA,NA,Y,NA,Y,NA,C,02,2,0,0,0,0,0,0,0,2,-,-,33.86975860595703,-117.73502349853516,ORANGE,ANAHEIM,-117.7334442138672,33.869483947753906
81817699,2022,2022-07-15,3001,2022-07-11,1909,A1466,D-3,1,5,7,3001,0,0,0,NA,0,D-3,BALL ROAD,ROBERTS STREET,66,W,N,A,-,N,NA,NA,NA,NA,NA,NA,NA,NA,NA,Y,4,0,4,3,A,-,03,22350,NA,N,C,C,A,A,H,-,A,A,0,NA,NA,NA,NA,Y,NA,A,07,0,0,4,0,0,0,0,0,0,-,-,33.818050384521484,-117.9394989013672,ORANGE,ANAHEIM,-117.94001770019533,33.817893981933594
8181834,2016,2016-12-06,3008,2016-09-26,0842,1158,NA,1,5,6,3008,0,0,0,NA,0,0II,CHAPMAN AV,YALE,50,W,N,A,-,N,NA,NA,NA,NA,NA,NA,NA,NA,NA,Y,4,0,1,2,A,-,03,22350,NA,N,C,C,A,A,H,-,A,D,0,NA,NA,NA,NA,Y,NA,A,01,0,0,1,0,0,0,0,0,0,-,-,NA,NA,ORANGE,FULLERTON,-117.91209434,33.87404
81818982,2022,2022-07-18,3008,2022-05-07,1756,1590,ZONE,6,5,6,3008,0,0,0,NA,0,NA,LEMON ST,ORANGEFAIR AVE,0,NA,Y,A,-,N,NA,NA,NA,NA,NA,NA,NA,NA,NA,Y,4,0,1,2,A,-,09,21801,A,N,D,C,A,A,H,-,B,A,0,NA,NA,NA,NA,Y,NA,A,01,0,0,1,0,0,0,0,0,0,-,-,NA,NA,ORANGE,FULLERTON,-117.91986083984376,33.85631561279297
81820048,2022,2022-07-19,3008,2022-06-02,1452,1407,ZONE,4,5,6,3008,0,0,0,NA,0,NA,GILBERT ST,MOORE AVE,25,N,N,A,-,N,NA,NA,NA,NA,NA,NA,NA,NA,NA,N,4,0,3,2,A,-,03,22350,NA,N,C,C,A,A,H,-,A,A,0,NA,NA,NA,NA,Y,NA,A,01,0,0,3,0,0,0,0,0,0,-,-,NA,NA,ORANGE,FULLERTON,-117.9683074951172,33.87590789794922
8182006,2016,2016-12-07,3015,2016-11-15,0242,1512,17W,2,5,6,3015,0,0,0,NA,0,002,EAST MEATS AV,NORTH CLEVELAND ST,157,E,N,A,-,N,NA,NA,NA,NA,NA,NA,NA,NA,NA,Y,3,0,1,1,A,-,01,23152,F,N,E,I,A,A,H,-,C,D,0,NA,NA,NA,NA,Y,Y,A,01,0,1,0,0,0,0,0,0,0,-,-,NA,NA,ORANGE,ORANGE,-117.84731447,33.82303006
81820937,2022,2022-07-20,3010,2022-07-15,2153,2045,422,5,5,6,3010,0,0,0,NA,0,005,GARFIELD AVE,SAFEHARBOR LN,40,W,N,A,-,N,NA,NA,NA,NA,NA,NA,NA,NA,NA,Y,4,0,1,2,A,-,01,23152,F,N,C,E,A,A,H,-,C,D,0,NA,NA,NA,NA,Y,NA,A,01,0,0,1,0,0,0,0,0,0,-,-,33.68553924560547,-117.9924087524414,ORANGE,HUNTINGTON BEACH,-117.99197387695313,33.686683654785156
81823825,2022,2022-07-25,3016,2022-07-05,1636,1299,20,2,5,5,3016,0,0,0,NA,0,002,PLACENTIA AVENUE,ORANGETHORPE AVENUE,37,S,N,A,-,N,NA,NA,NA,NA,NA,NA,NA,NA,NA,Y,4,0,3,3,A,-,12,21453,A,N,B,C,A,A,H,-,A,A,0,NA,NA,NA,NA,Y,NA,A,07,0,0,3,0,0,0,0,0,0,-,-,33.85988998413086,-117.88300323486328,ORANGE,PLACENTIA,-117.8831787109375,33.859622955322266
81825687,2022,2022-07-27,3001,2022-07-22,1813,A2747,D-1,5,5,7,3001,0,0,0,NA,0,D-1,LINCOLN AVENUE,WESTERN AVENUE,175,E,N,A,-,N,NA,NA,NA,NA,NA,NA,NA,NA,NA,N,3,0,1,3,A,-,09,21804,A,N,D,C,A,A,H,-,A,A,0,NA,NA,NA,NA,Y,NA,A,07,0,1,0,0,0,0,0,0,0,-,-,NA,NA,ORANGE,ANAHEIM,-118.00169372558594,33.83192825317383
81825753,2022,2022-07-27,3008,2022-06-14,2323,1578,ZONE,2,5,6,3008,0,0,0,NA,0,NA,YORBA LINDA BLVD,DEERPARK DR,15,W,N,A,-,N,NA,NA,NA,NA,NA,NA,NA,NA,NA,N,4,0,2,2,A,-,03,22350,NA,N,C,C,A,A,H,-,C,A,0,NA,NA,NA,NA,Y,NA,A,07,0,0,2,0,0,0,0,0,0,-,-,NA,NA,ORANGE,FULLERTON,-117.87693786621094,33.888999938964844
81826216,2022,2022-07-27,3014,2022-07-09,1801,1418,RD12,6,5,5,3014,0,0,0,NA,0,A1,W BALBOA BLVD,MEDINA WAY,250,W,N,A,-,N,NA,NA,NA,NA,NA,NA,NA,NA,NA,N,3,0,2,3,A,-,08,22107,NA,N,B,C,A,A,H,-,A,D,0,NA,NA,Y,NA,Y,NA,A,01,0,2,0,0,0,0,0,0,2,-,-,33.60369873046875,-117.90569305419922,ORANGE,NEWPORT BEACH,-117.90563201904295,33.60377502441406
81826706,2022,2022-07-28,3008,2022-06-11,1629,1606,ZONE,6,5,6,3008,0,0,0,NA,0,NA,ORANGETHORPE AVE,RAY AVE,0,NA,Y,A,-,N,NA,NA,NA,NA,NA,NA,NA,NA,NA,Y,4,0,1,2,A,-,09,21801,A,N,D,C,A,A,H,-,A,D,0,NA,NA,NA,NA,Y,NA,A,01,0,0,1,0,0,0,0,0,0,-,-,NA,NA,ORANGE,FULLERTON,-117.93031311035156,33.859439849853516
8182853,2016,2016-12-08,3019,2016-10-18,1301,2630,WE,2,5,7,3019,0,0,0,NA,0,001,HARBOR BL,WARNER AV,0,NA,Y,A,-,N,NA,NA,NA,NA,NA,NA,NA,NA,NA,N,4,0,2,3,A,-,12,21453,A,N,D,C,A,A,H,-,A,A,0,NA,NA,NA,NA,Y,NA,A,08,0,0,2,0,0,0,0,0,0,-,-,33.71403,-117.91996,ORANGE,SANTA ANA,-117.91982007,33.71393008
81829460,2022,2022-08-01,3022,2022-07-13,0059,1396,NA,3,5,5,3022,0,0,0,NA,0,NA,RED HILL AV,RT 5 (N),0,NA,Y,A,-,Y,ORA,NA,5,NA,R,29.099,H,NA,R,Y,4,0,1,2,D,-,00,NA,NA,N,D,C,A,A,H,-,C,A,0,NA,NA,NA,NA,Y,NA,-,-,0,0,1,0,0,0,0,0,0,-,-,33.73360061645508,-117.81517028808594,ORANGE,TUSTIN,-117.815185546875,33.733585357666016
81829463,2022,2022-08-01,3015,2022-07-10,1937,1545,RD32,7,5,6,3015,0,0,0,NA,0,112,LEMON ST,CHAPMAN AVE,145,N,N,A,-,N,NA,NA,NA,NA,NA,NA,NA,NA,NA,N,3,0,1,2,A,-,09,21801,A,N,D,G,A,A,H,-,A,D,0,NA,Y,NA,NA,Y,NA,A,07,0,1,0,0,0,0,1,0,0,-,-,33.78794860839844,-117.85523223876952,ORANGE,ORANGE,-117.85526275634766,33.78789138793945
81829474,2022,2022-08-01,3015,2022-07-27,1600,1530,NA,3,5,6,3015,0,0,0,NA,0,733M,LA VETA AVE,BATAVIA ST,0,NA,Y,A,-,N,NA,NA,NA,NA,NA,NA,NA,NA,NA,Y,3,0,2,2,A,-,09,21453,B,N,D,C,A,A,H,-,A,A,0,NA,NA,NA,NA,Y,NA,A,01,0,1,1,0,0,0,0,0,0,-,-,33.779991149902344,-117.86196899414063,ORANGE,ORANGE,-117.86174011230467,33.78050994873047
81829787,2022,2022-08-01,3014,2022-07-27,0730,1501,RD35,3,5,5,3014,0,0,0,NA,0,A3,BACK BAY DR,EASTBLUFF DR,2719,W,N,A,-,N,NA,NA,NA,NA,NA,NA,NA,NA,NA,N,3,0,1,1,C,-,18,NA,NA,N,H,A,A,A,H,-,A,D,0,NA,Y,NA,NA,Y,NA,-,-,0,1,0,0,0,0,1,0,0,-,-,33.64678955078125,-117.87949371337892,ORANGE,NEWPORT BEACH,-117.87918090820313,33.64690399169922
81830646,2022,2022-08-02,3001,2022-07-10,0928,A2562,D-2,7,5,7,3001,0,0,0,NA,0,D-2,HARBOR BOULEVARD,CYPRESS STREET,0,NA,Y,A,-,N,NA,NA,NA,NA,NA,NA,NA,NA,NA,Y,4,0,1,2,A,-,07,21658,A,M,B,C,A,A,H,-,A,A,0,NA,NA,NA,NA,Y,NA,-,99,0,0,1,0,0,0,0,0,0,-,-,33.836280822753906,-117.92024230957033,ORANGE,ANAHEIM,-117.92026519775392,33.83639144897461
81830814,2022,2022-08-02,3019,2022-06-21,2003,3414,NA,2,5,7,3019,0,0,0,NA,0,NA,HIGHLAND STREET,PACIFIC AVENUE,40,W,N,A,-,N,NA,NA,NA,NA,NA,NA,NA,NA,NA,Y,4,0,1,2,A,-,08,22107,NA,N,A,E,A,A,H,-,A,D,0,NA,NA,NA,NA,Y,NA,A,01,0,0,1,0,0,0,0,0,0,-,-,33.73659896850586,-117.88874053955078,ORANGE,SANTA ANA,-117.88858032226563,33.73716735839844