CASE_ID,ACCIDENT_YEAR,PROC_DATE,JURIS,COLLISION_DATE,COLLISION_TIME,OFFICER_ID,REPORTING_DISTRICT,DAY_OF_WEEK,CHP_SHIFT,POPULATION,CNTY_CITY_LOC,SPECIAL_COND,BEAT_TYPE,CHP_BEAT_TYPE,CITY_DIVISION_LAPD,CHP_BEAT_CLASS,BEAT_NUMBER,PRIMARY_RD,SECONDARY_RD,DISTANCE,DIRECTION,INTERSECTION,WEATHER_1,WEATHER_2,STATE_HWY_IND,CALTRANS_COUNTY,CALTRANS_DISTRICT,STATE_ROUTE,ROUTE_SUFFIX,POSTMILE_PREFIX,POSTMILE,LOCATION_TYPE,RAMP_INTERSECTION,SIDE_OF_HWY,TOW_AWAY,COLLISION_SEVERITY,NUMBER_KILLED,NUMBER_INJURED,PARTY_COUNT,PRIMARY_COLL_FACTOR,PCF_CODE_OF_VIOL,PCF_VIOL_CATEGORY,PCF_VIOLATION,PCF_VIOL_SUBSECTION,HIT_AND_RUN,TYPE_OF_COLLISION,MVIW,PED_ACTION,ROAD_SURFACE,ROAD_COND_1,ROAD_COND_2,LIGHTING,CONTROL_DEVICE,CHP_ROAD_TYPE,PEDESTRIAN_ACCIDENT,BICYCLE_ACCIDENT,MOTORCYCLE_ACCIDENT,TRUCK_ACCIDENT,NOT_PRIVATE_PROPERTY,ALCOHOL_INVOLVED,STWD_VEHTYPE_AT_FAULT,CHP_VEHTYPE_AT_FAULT,COUNT_SEVERE_INJ,COUNT_VISIBLE_INJ,COUNT_COMPLAINT_PAIN,COUNT_PED_KILLED,COUNT_PED_INJURED,COUNT_BICYCLIST_KILLED,COUNT_BICYCLIST_INJURED,COUNT_MC_KILLED,COUNT_MC_INJURED,PRIMARY_RAMP,SECONDARY_RAMP,LATITUDE,LONGITUDE,COUNTY,CITY,POINT_X,POINT_Y
82375514,2024,2024-05-01,3015,2024-04-23,1304,1495,RD11,2,5,6,3015,0,0,0,NA,0,712M,MANCHESTER AVE,SHERINGHAM AVE,64,S,N,A,-,N,NA,NA,NA,NA,NA,NA,NA,NA,NA,N,4,0,1,2,A,-,09,21802,A,N,D,C,A,A,H,-,A,D,0,NA,NA,NA,NA,Y,NA,A,01,0,0,1,0,0,0,0,0,0,-,-,33.78984832763672,-117.89311981201172,ORANGE,ORANGE,-117.89311981201172,33.78974533081055
82379021,2024,2024-05-01,3001,2024-04-17,1543,A2665,D-3,3,5,7,3001,0,0,0,NA,0,NA,KATELLA AVENUE,STATE COLLEGE BOULEVARD,0,NA,Y,A,-,N,NA,NA,NA,NA,NA,NA,NA,NA,NA,N,4,0,1,2,A,-,09,21804,A,N,B,C,A,A,H,-,A,A,0,NA,NA,NA,NA,Y,NA,M,94,0,0,1,0,0,0,0,0,0,-,-,NA,NA,ORANGE,ANAHEIM,-117.88919830322266,33.80327224731445
82379118,2024,2024-05-01,3019,2024-04-29,1011,3449,WE,1,5,7,3019,0,0,0,NA,0,001,WESTMINSTER AVENUE,NEWHOPE STREET,20,E,N,A,-,N,NA,NA,NA,NA,NA,NA,NA,NA,NA,N,4,0,2,2,D,-,00,NA,NA,N,C,C,A,A,H,-,A,A,0,NA,NA,NA,NA,Y,NA,-,-,0,0,2,0,0,0,0,0,0,-,-,33.759708404541016,-117.92881011962892,ORANGE,SANTA ANA,-117.92884063720705,33.75965881347656
82379962,2024,2024-05-02,3010,2024-05-01,803,0147,443,3,5,6,3010,0,0,0,NA,0,003,BEACH BL - SR39 BLVD,ADAMS AVE,0,NA,Y,A,-,Y,NA,NA,NA,NA,NA,NA,NA,NA,NA,Y,4,0,1,2,A,-,09,21453,C,N,D,C,A,A,H,-,A,A,0,NA,NA,NA,NA,Y,NA,D,22,0,0,1,0,0,0,0,0,0,-,-,33.6710205078125,-117.98959350585938,ORANGE,HUNTINGTON BEACH,-117.98847198486328,33.67226791381836
82379968,2024,2024-05-02,3019,2024-04-19,2050,3757,WE,5,5,7,3019,0,0,0,NA,0,001,NEWHOPE STREET,WESTMINSTER AVENUE,0,NA,Y,A,-,N,NA,NA,NA,NA,NA,NA,NA,NA,NA,N,4,0,1,2,A,-,12,21453,A,M,D,C,A,A,H,-,C,A,0,NA,NA,NA,NA,Y,NA,A,01,0,0,1,0,0,0,0,0,0,-,-,33.759708404541016,-117.92881011962892,ORANGE,SANTA ANA,-117.9289093017578,33.75965881347656
82382059,2024,2024-05-06,3026,2024-04-26,931,11846,NA,5,5,6,3026,0,0,0,NA,0,001,SAN REMO,PASEO WESTPARK,0,NA,Y,B,-,N,NA,NA,NA,NA,NA,NA,NA,NA,NA,Y,4,0,1,2,A,-,12,21453,A,N,D,C,A,A,H,-,A,A,0,NA,NA,NA,NA,Y,NA,A,01,0,0,1,0,0,0,0,0,0,-,-,33.68381118774414,-117.81622314453124,ORANGE,IRVINE,-117.81675720214844,33.684146881103516
82384396,2024,2024-05-08,3015,2024-05-05,1343,1336,NA,7,5,6,3015,0,0,0,NA,0,722M,STATE COLLEGE BLVD,ORANGE CENTER DR,0,NA,Y,A,-,N,NA,NA,NA,NA,NA,NA,NA,NA,NA,Y,3,0,2,2,A,-,12,21453,A,N,D,C,A,A,H,-,A,A,0,NA,NA,NA,NA,Y,NA,A,07,0,1,1,0,0,0,0,0,0,-,-,33.793678283691406,-117.88950347900392,ORANGE,ORANGE,-117.88961791992188,33.79364013671875
82385425,2024,2024-05-09,3001,2024-05-02,1050,A1555,NA,4,5,7,3001,0,0,0,NA,0,D-2,ANAHEIM BOULEVARD,ADELE STREET,18,N,N,B,-,N,NA,NA,NA,NA,NA,NA,NA,NA,NA,Y,3,0,1,1,A,-,08,22107,NA,N,E,I,A,A,H,-,A,A,0,NA,NA,Y,NA,Y,NA,C,02,0,1,0,0,0,0,0,0,1,-,-,33.83869934082031,-117.91506958007813,ORANGE,ANAHEIM,-117.9150390625,33.83879852294922
82387218,2024,2025-07-15,3014,2024-05-01,1505,1527,NA,3,5,5,3014,0,0,0,NA,0,A3,BRISTOL ST S,JAMBOREE RD,228,W,N,A,-,N,NA,NA,NA,NA,NA,NA,NA,NA,NA,Y,2,0,2,4,A,-,03,22350,NA,F,C,C,A,A,H,-,A,A,0,NA,NA,NA,NA,Y,NA,D,22,1,0,1,0,0,0,0,0,0,-,-,33.65549850463867,-117.86609649658205,ORANGE,NEWPORT BEACH,-117.86597442626952,33.65536117553711
82387570,2024,2024-05-13,3008,2024-03-30,1228,1484,NA,6,5,6,3008,0,0,0,NA,0,NA,ORANGETHORPE AVE,MAGNOLIA AVE,62,E,N,C,-,N,NA,NA,NA,NA,NA,NA,NA,NA,NA,Y,3,0,1,1,A,-,01,23153,A,F,E,I,A,B,H,-,A,A,0,NA,NA,NA,NA,Y,Y,A,01,0,1,0,0,0,0,0,0,0,-,-,33.85911178588867,-117.9762725830078,ORANGE,FULLERTON,-117.97628021240234,33.85911178588867
82387774,2024,2024-05-13,3010,2024-05-04,2257,6045,NA,6,5,6,3010,0,0,0,NA,0,002,PACIFIC COAST HWY - SR1,BROOKHURST ST,0,NA,Y,B,-,Y,ORA,NA,1,NA,NA,22.085,H,NA,R,Y,4,0,2,2,A,-,12,21453,A,N,D,C,A,A,H,-,C,A,0,NA,NA,NA,NA,Y,NA,A,01,0,0,2,0,0,0,0,0,0,-,-,33.6351318359375,-117.96417999267578,ORANGE,HUNTINGTON BEACH,-117.96404266357422,33.63529968261719
82388858,2024,2024-05-14,3001,2024-05-08,736,A1555,NA,3,5,7,3001,0,0,0,NA,0,D-3,WAGNER AVENUE,STATE COLLEGE BOULEVARD,415,E,N,B,-,N,NA,NA,NA,NA,NA,NA,NA,NA,NA,Y,4,0,2,3,A,-,09,21804,A,N,D,C,A,A,H,-,A,D,0,NA,NA,NA,NA,Y,NA,A,01,0,0,2,0,0,0,0,0,0,-,-,33.823848724365234,-117.88926696777344,ORANGE,ANAHEIM,-117.8879852294922,33.82538986206055
82388862,2024,2024-05-15,3001,2024-05-11,2157,A1962,NA,6,5,7,3001,0,0,0,NA,0,NA,LINCOLN AVENUE,HARBOR BOULEVARD,0,NA,Y,A,-,N,NA,NA,NA,NA,NA,NA,NA,NA,NA,Y,3,0,2,2,A,-,01,23153,A,N,D,C,A,A,H,-,C,A,0,NA,NA,NA,NA,Y,Y,A,01,0,1,1,0,0,0,0,0,0,-,-,33.83409881591797,-117.91957092285156,ORANGE,ANAHEIM,-117.91961669921876,33.83417510986328
82391067,2024,2024-05-16,3015,2024-05-14,1906,1648,NA,2,5,6,3015,0,0,0,NA,0,713M,BATAVIA ST,CHAPMAN AVE,109,N,N,A,-,N,NA,NA,NA,NA,NA,NA,NA,NA,NA,N,2,0,1,2,A,-,07,21658,A,N,B,G,A,A,H,-,A,D,0,NA,Y,NA,NA,Y,NA,L,04,1,0,0,0,0,0,1,0,0,-,-,33.78739929199219,-117.86183166503906,ORANGE,ORANGE,-117.8618392944336,33.787879943847656
82391103,2024,2024-05-16,3001,2024-05-13,858,A2382,NA,1,5,7,3001,0,0,0,NA,0,D-1,BALL ROAD,WESTERN AVENUE,173,E,N,B,-,N,NA,NA,NA,NA,NA,NA,NA,NA,NA,Y,3,0,2,2,A,-,09,21804,A,N,D,C,A,A,H,-,A,D,0,NA,NA,NA,NA,Y,NA,A,07,0,1,1,0,0,0,0,0,0,-,-,33.81732940673828,-118.00222778320313,ORANGE,ANAHEIM,-118.00149536132813,33.81734848022461
82391303,2024,2024-05-20,3024,2024-04-07,1811,535,NA,7,5,5,3024,0,0,0,NA,0,WEST,BEACH BOULEVARD (SR 39),WASHINGTON AVENUE,0,NA,Y,A,-,Y,ORA,NA,39,NA,NA,6.749,H,NA,R,Y,3,0,2,1,A,-,01,23152,F,N,E,I,A,A,H,-,A,A,0,NA,NA,NA,NA,Y,NA,A,07,0,2,0,0,0,0,0,0,0,-,-,33.74652099609375,-117.98947143554688,ORANGE,WESTMINSTER,-117.98943328857422,33.74652099609375
82392977,2024,2024-05-17,3014,2024-05-04,1946,1623,NA,6,5,5,3014,0,0,0,NA,0,A1,W OCEANFRONT,7TH ST,92,W,N,A,-,N,NA,NA,NA,NA,NA,NA,NA,NA,NA,N,3,0,3,2,B,-,22,NA,NA,N,B,G,A,A,H,-,B,D,0,NA,NA,NA,NA,Y,NA,M,91,0,3,0,0,0,0,0,0,0,-,-,33.603790283203125,-117.90959167480467,ORANGE,NEWPORT BEACH,-117.90956878662108,33.6038703918457
82394541,2024,2024-05-21,3001,2024-05-17,1605,A2461,NA,5,5,7,3001,0,0,0,NA,0,D-2,SOUTH STREET,DAKOTA STREET,123,W,N,B,-,N,NA,NA,NA,NA,NA,NA,NA,NA,NA,N,4,0,1,4,A,-,03,22350,NA,N,B,E,A,A,H,-,A,D,0,NA,NA,NA,NA,Y,NA,A,07,0,0,1,0,0,0,0,0,0,-,-,NA,NA,ORANGE,ANAHEIM,-117.90512084960938,33.82809066772461
82394546,2024,2024-05-21,3001,2024-05-18,818,A1007,NA,6,5,7,3001,0,0,0,NA,0,NA,BROADWAY,MAGNOLIA AVENUE,0,NA,Y,B,-,N,NA,NA,NA,NA,NA,NA,NA,NA,NA,Y,4,0,2,3,A,-,08,22107,NA,M,H,A,A,A,H,-,A,A,0,NA,NA,NA,NA,Y,NA,D,22,0,0,2,0,0,0,0,0,0,-,-,33.82868957519531,-117.97575378417967,ORANGE,ANAHEIM,-117.97595977783205,33.82857894897461
82394647,2024,2024-05-21,3008,2024-03-28,1034,1407,NA,4,5,6,3008,0,0,0,NA,0,NA,LEMON ST,ORANGETHORPE AVE,520,N,N,A,-,N,NA,NA,NA,NA,NA,NA,NA,NA,NA,Y,4,0,2,2,A,-,09,21801,B,N,B,C,A,A,H,-,A,D,0,NA,NA,NA,NA,Y,NA,A,01,0,0,2,0,0,0,0,0,0,-,-,33.859439849853516,-117.91990661621094,ORANGE,FULLERTON,-117.91988372802734,33.86093521118164
82395799,2024,2024-05-22,3002,2024-05-03,1907,1738,NA,5,5,4,3002,0,0,0,NA,0,013,BIRCH ST,BREA BL,0,NA,Y,A,-,N,NA,NA,NA,NA,NA,NA,NA,NA,NA,Y,2,0,1,2,D,-,00,NA,NA,N,D,C,A,A,H,-,A,A,0,NA,NA,NA,NA,Y,NA,-,-,1,0,0,0,0,0,0,0,0,-,-,33.91822814941406,-117.89940643310548,ORANGE,BREA,-117.89954376220705,33.91828155517578
82395805,2024,2024-05-22,3002,2024-05-04,933,1710,NA,6,5,4,3002,0,0,0,NA,0,014,BREA BL,ELM ST,196,N,N,B,-,N,NA,NA,NA,NA,NA,NA,NA,NA,NA,Y,3,0,1,1,A,-,08,22107,NA,N,E,I,A,A,H,-,A,D,0,NA,NA,NA,NA,Y,NA,A,01,0,1,0,0,0,0,0,0,0,-,-,33.913169860839844,-117.90219879150392,ORANGE,BREA,-117.90190887451172,33.913612365722656
82398573,2024,2024-05-27,3001,2024-05-20,2312,A1278,NA,1,5,7,3001,0,0,0,NA,0,D-2,HARBOR BOULEVARD,LINCOLN AVENUE,0,NA,Y,B,-,N,NA,NA,NA,NA,NA,NA,NA,NA,NA,Y,3,0,2,2,A,-,09,21801,A,N,D,C,A,A,H,-,C,A,0,NA,NA,NA,NA,Y,NA,A,01,0,2,0,0,0,0,0,0,0,-,-,NA,NA,ORANGE,ANAHEIM,-117.91961669921876,33.83417510986328
82400644,2024,2024-05-30,3001,2024-05-23,1513,A2687,NA,4,5,7,3001,0,0,0,NA,0,NA,BROOKHURST STREET,LINCOLN AVENUE,261,N,N,B,-,N,NA,NA,NA,NA,NA,NA,NA,NA,NA,N,4,0,1,2,A,-,03,22350,NA,N,C,C,A,A,H,-,A,D,0,NA,NA,NA,NA,Y,NA,A,01,0,0,1,0,0,0,0,0,0,-,-,NA,NA,ORANGE,ANAHEIM,-117.95896911621094,33.83258819580078
82403591,2024,2024-06-03,3001,2024-05-30,45,A2461,NA,4,5,7,3001,0,0,0,NA,0,D-4,SANTA ANA CANYON ROAD,GYPSUM CANYON ROAD,0,NA,Y,A,-,N,NA,NA,NA,NA,NA,NA,NA,NA,NA,N,3,0,1,1,A,-,03,22350,NA,N,E,I,A,A,H,-,D,D,0,NA,NA,NA,NA,Y,Y,A,01,0,1,0,0,0,0,0,0,0,-,-,NA,NA,ORANGE,ANAHEIM,-117.71054077148438,33.8647575378418
82404691,2024,2024-06-03,3026,2024-05-31,1429,12434,NA,5,5,6,3026,0,0,0,NA,0,008,TRAILHEAD,JEFFREY RD,35,W,N,A,-,N,NA,NA,NA,NA,NA,NA,NA,NA,NA,Y,3,0,2,1,A,-,03,22350,NA,N,E,I,A,A,H,-,A,A,0,NA,NA,NA,NA,Y,NA,A,07,0,2,0,0,0,0,0,0,0,-,-,33.70991897583008,-117.75701904296876,ORANGE,IRVINE,-117.74836730957033,33.710060119628906
82406230,2024,2024-06-05,3019,2024-05-03,1730,3196,NA,5,5,7,3019,0,0,0,NA,0,002,BROADWAY,SANTA ANA BOULEVARD,100,N,N,A,-,N,NA,NA,NA,NA,NA,NA,NA,NA,NA,N,4,0,1,2,D,-,00,NA,NA,N,C,C,A,A,H,-,A,D,0,NA,NA,NA,NA,Y,NA,-,-,0,0,1,0,0,0,0,0,0,-,-,33.74895095825195,-117.86976623535156,ORANGE,SANTA ANA,-117.86968994140624,33.75001525878906
82407272,2024,2024-06-06,3015,2024-06-03,1420,1336,NA,1,5,6,3015,0,0,0,NA,0,722M,MAIN ST,SHELLY CT,0,S,N,A,-,N,NA,NA,NA,NA,NA,NA,NA,NA,NA,Y,3,0,1,1,A,-,03,22350,NA,N,E,I,A,A,H,-,A,D,0,NA,NA,NA,NA,Y,NA,D,22,0,1,0,0,0,0,0,0,0,-,-,33.80002975463867,-117.86663055419922,ORANGE,ORANGE,-117.86659240722656,33.800167083740234
82407340,2024,2024-06-06,3019,2024-05-30,2042,3729,NA,4,5,7,3019,0,0,0,NA,0,004,WILLITS STREET,SULLIVAN STREET,0,NA,Y,A,-,N,NA,NA,NA,NA,NA,NA,NA,NA,NA,N,2,0,1,2,A,-,09,21801,A,N,D,C,A,A,H,-,C,A,0,NA,NA,Y,NA,Y,NA,A,01,1,0,0,0,0,0,0,0,0,-,-,33.74003982543945,-117.90264892578124,ORANGE,SANTA ANA,-117.90258026123048,33.7400016784668
82408322,2024,2024-06-07,3001,2024-06-05,1033,A2339,NA,3,5,7,3001,0,0,0,NA,0,NA,LINCOLN AVENUE,PARADISE LANE,195,E,N,A,-,N,NA,NA,NA,NA,NA,NA,NA,NA,NA,Y,3,0,2,3,A,-,08,22107,NA,M,B,C,A,A,H,-,A,D,0,NA,NA,NA,NA,Y,NA,D,22,0,1,1,0,0,0,0,0,0,-,-,NA,NA,ORANGE,ANAHEIM,-117.88271331787108,33.83891296386719
82408356,2024,2024-06-10,3010,2024-05-29,1630,1107,NA,3,5,6,3010,0,0,0,NA,0,009,EDINGER AVE,EDWARDS ST,209,W,N,A,-,N,NA,NA,NA,NA,NA,NA,NA,NA,NA,Y,4,0,4,2,A,-,01,23152,A,N,D,C,A,A,H,-,A,D,0,NA,NA,NA,NA,Y,Y,A,08,0,0,4,0,0,0,0,0,0,-,-,33.730140686035156,-118.01600646972656,ORANGE,HUNTINGTON BEACH,-118.01620483398438,33.730018615722656
82412974,2024,2024-06-12,3019,2024-04-30,1214,3698,NA,2,5,7,3019,0,0,0,NA,0,001,MCFADDEN AVENUE,NEWHOPE STREET,290,W,N,A,-,N,NA,NA,NA,NA,NA,NA,NA,NA,NA,Y,4,0,1,2,A,-,03,22350,NA,N,C,E,A,A,H,-,A,D,0,NA,NA,NA,NA,Y,NA,A,01,0,0,1,0,0,0,0,0,0,-,-,33.73823165893555,-117.9289779663086,ORANGE,SANTA ANA,-117.92960357666016,33.73823165893555
82414619,2024,2024-06-17,3008,2024-04-26,1717,1387,NA,5,5,6,3008,0,0,0,NA,0,NA,ORANGETHORPE AVE,RICHMAN AVE,0,NA,Y,A,-,N,NA,NA,NA,NA,NA,NA,NA,NA,NA,N,4,0,2,2,A,-,09,21801,A,N,A,C,A,A,H,-,A,A,0,NA,NA,NA,NA,Y,NA,A,07,0,0,2,0,0,0,0,0,0,-,-,NA,NA,ORANGE,FULLERTON,-117.93306732177734,33.85958480834961
82414655,2024,2024-06-14,3002,2024-05-22,1353,1737,NA,3,5,4,3002,0,0,0,NA,0,011,CENTRAL AV,BERRY ST,0,NA,Y,A,-,N,NA,NA,NA,NA,NA,NA,NA,NA,NA,Y,2,0,2,4,A,-,12,21453,A,N,D,C,A,A,H,-,A,A,0,NA,NA,NA,NA,Y,NA,A,01,1,0,1,0,0,0,0,0,0,-,-,33.93178939819336,-117.90628814697266,ORANGE,BREA,-117.90647888183594,33.931880950927734
82417976,2024,2024-06-19,3019,2024-06-06,1256,3716,NA,4,5,7,3019,0,0,0,NA,0,002,GRAND AVENUE,SANTA ANA BOULEVARD,16,S,N,A,-,N,NA,NA,NA,NA,NA,NA,NA,NA,NA,Y,4,0,1,2,A,-,09,21802,A,F,D,C,A,A,H,-,A,A,0,NA,NA,NA,NA,Y,NA,A,01,0,0,1,0,0,0,0,0,0,-,-,33.75428009033203,-117.85196685791016,ORANGE,SANTA ANA,-117.85194396972656,33.75430679321289
82422461,2024,2024-06-25,3010,2024-06-20,1507,3042,NA,4,5,6,3010,0,0,0,NA,0,003,ADAMS AVE,BEACH BL - SR39 BLVD,0,NA,Y,A,-,Y,ORA,NA,39,NA,NA,1.619,H,NA,L,N,3,0,1,2,A,-,05,21650,1,N,H,G,A,A,H,-,A,A,0,NA,Y,NA,NA,Y,NA,M,91,0,1,0,0,0,0,1,0,0,-,-,33.67203140258789,-117.98877716064452,ORANGE,HUNTINGTON BEACH,-117.98867034912108,33.67203140258789
82423487,2024,2024-06-26,3001,2024-06-12,1816,A2893,NA,3,5,7,3001,0,0,0,NA,0,D-4,LA PALMA AVENUE,IMPERIAL HIGHWAY,322,W,N,A,-,N,NA,NA,NA,NA,NA,NA,NA,NA,NA,Y,4,0,1,2,A,-,09,21453,C,N,D,C,A,A,H,-,A,A,0,NA,NA,NA,NA,Y,NA,A,07,0,0,1,0,0,0,0,0,0,-,-,33.86014938354492,-117.79058837890624,ORANGE,ANAHEIM,-117.79159545898438,33.85969543457031
82424520,2024,2024-06-27,3001,2024-06-19,445,A2888,NA,3,5,7,3001,0,0,0,NA,0,D-1,WESTERN AVENUE,LINCOLN AVENUE,0,NA,Y,A,-,N,NA,NA,NA,NA,NA,NA,NA,NA,NA,Y,4,0,1,2,A,-,12,21453,A,N,D,C,A,A,H,-,B,A,0,NA,NA,NA,NA,Y,NA,-,-,0,0,1,0,0,0,0,0,0,-,-,33.83198165893555,-118.00209045410156,ORANGE,ANAHEIM,-118.00227355957033,33.83191680908203
82424528,2024,2024-06-27,3001,2024-06-22,924,A2657,NA,6,5,7,3001,0,0,0,NA,0,024,SANTA ANA STREET,ANAHEIM BOULEVARD,31,E,N,A,-,N,NA,NA,NA,NA,NA,NA,NA,NA,NA,N,4,0,1,2,A,-,12,21453,A,N,D,C,A,A,H,-,A,D,0,NA,NA,NA,NA,Y,NA,A,01,0,0,1,0,0,0,0,0,0,-,-,33.829898834228516,-117.91227722167967,ORANGE,ANAHEIM,-117.91232299804688,33.83114242553711
82426484,2024,2024-07-01,3010,2024-06-25,1112,3042,NA,2,5,6,3010,0,0,0,NA,0,009,BOLSA AVE,VICTORIA LN,24,W,N,A,-,N,NA,NA,NA,NA,NA,NA,NA,NA,NA,N,3,0,1,1,A,-,08,22107,NA,N,H,A,A,A,H,-,A,A,0,NA,Y,NA,NA,Y,NA,L,04,0,1,0,0,0,0,1,0,0,-,-,33.744380950927734,-118.01138305664063,ORANGE,HUNTINGTON BEACH,-118.01152801513672,33.74448013305664
82428053,2024,2024-07-02,3010,2024-06-23,2001,1107,NA,7,5,6,3010,0,0,0,NA,0,004,MAIN ST,ORANGE AVE,29,S,N,A,-,N,NA,NA,NA,NA,NA,NA,NA,NA,NA,N,3,0,1,1,A,-,03,22350,NA,N,F,A,A,A,H,-,A,A,0,NA,Y,NA,NA,Y,Y,L,04,0,1,0,0,0,0,1,0,0,-,-,33.65964126586914,-117.99949645996094,ORANGE,HUNTINGTON BEACH,-117.99935150146484,33.65974807739258
82430536,2024,2024-07-04,3001,2024-06-24,2258,A1278,NA,1,5,7,3001,0,0,0,NA,0,D-2,EAST STREET,HAVEN DRIVE,90,S,N,A,-,N,NA,NA,NA,NA,NA,NA,NA,NA,NA,Y,3,0,2,1,A,-,08,22107,NA,N,E,I,A,A,H,-,C,D,0,NA,NA,NA,NA,Y,NA,A,01,0,2,0,0,0,0,0,0,0,-,-,NA,NA,ORANGE,ANAHEIM,-117.9004135131836,33.831321716308594
82430633,2024,2024-07-05,3008,2024-04-02,1821,1697,NA,2,5,6,3008,0,0,0,NA,0,NA,EUCLID ST,BASTANCHURY RD,0,NA,Y,A,-,N,NA,NA,NA,NA,NA,NA,NA,NA,NA,N,4,0,1,2,A,-,08,22100,A,N,D,C,A,A,H,-,A,A,0,NA,NA,NA,NA,Y,NA,A,01,0,0,1,0,0,0,0,0,0,-,-,33.888938903808594,-117.94249725341795,ORANGE,FULLERTON,-117.94258880615234,33.889015197753906
82430639,2024,2024-07-04,3008,2024-04-27,925,1674,NA,6,5,6,3008,0,0,0,NA,0,NA,LEMON ST,ORANGEFAIR AVE,20,E,N,A,-,N,NA,NA,NA,NA,NA,NA,NA,NA,NA,N,4,0,3,2,A,-,09,21801,A,N,D,C,A,A,H,-,A,A,0,NA,NA,NA,NA,Y,NA,A,01,0,0,3,0,0,0,0,0,0,-,-,33.85628890991211,-117.91993713378906,ORANGE,FULLERTON,-117.91985321044922,33.856266021728516
82432433,2024,2024-07-10,3008,2024-04-02,1620,1468,NA,2,5,6,3008,0,0,0,NA,0,NA,GILBERT ST,STERN GOODMAN ST,0,NA,Y,A,-,N,NA,NA,NA,NA,NA,NA,NA,NA,NA,N,4,0,1,2,D,-,00,NA,NA,N,D,C,A,A,H,-,A,A,0,NA,NA,NA,NA,Y,NA,-,-,0,0,1,0,0,0,0,0,0,-,-,33.87923049926758,-117.96602630615234,ORANGE,FULLERTON,-117.96636199951172,33.87934875488281
82434672,2024,2024-07-10,3019,2024-06-14,1622,3932,NA,5,5,7,3019,0,0,0,NA,0,001,FAIRVIEW STREET,17TH STREET,0,NA,Y,A,-,N,NA,NA,NA,NA,NA,NA,NA,NA,NA,N,4,0,2,6,A,-,12,21453,A,N,-,C,A,A,H,-,A,A,0,NA,NA,NA,NA,Y,NA,D,22,0,0,2,0,0,0,0,0,0,-,-,33.7595100402832,-117.90270233154295,ORANGE,SANTA ANA,-117.90286254882813,33.75984573364258
82434677,2024,2024-07-10,3019,2024-06-21,921,3702,NA,5,5,7,3019,0,0,0,NA,0,004,FAIRVIEW STREET,SAINT ANDREW PLACE,75,S,N,A,-,N,NA,NA,NA,NA,NA,NA,NA,NA,NA,N,4,0,1,2,A,-,03,22350,NA,N,C,C,A,A,H,-,A,A,0,NA,NA,NA,NA,Y,NA,A,01,0,0,1,0,0,0,0,0,0,-,-,33.72346878051758,-117.90762329101563,ORANGE,SANTA ANA,-117.90765380859376,33.72327423095703
82435512,2024,2024-07-11,3026,2024-06-14,2132,677,NA,5,5,6,3026,0,0,0,NA,0,007,13200 JAMBOREE RD,MARKETPLACE,216,W,N,A,-,N,NA,NA,NA,NA,NA,NA,NA,NA,NA,N,3,0,1,2,A,-,03,22350,NA,N,C,C,A,A,H,-,C,D,0,NA,Y,NA,NA,Y,NA,M,91,0,1,0,0,0,0,1,0,0,-,-,NA,NA,ORANGE,IRVINE,NA,NA
82438578,2024,2024-07-15,3010,2024-07-07,247,6044,NA,7,5,6,3010,0,0,0,NA,0,006,BEACH BL - SR39 BLVD,NEWMAN AVE,16,S,N,A,-,Y,ORA,NA,39,NA,NA,3.882,H,NA,R,Y,3,0,4,2,A,-,01,23153,B,F,C,C,A,A,H,-,C,A,0,NA,NA,NA,NA,Y,Y,A,01,0,1,3,0,0,0,0,0,0,-,-,33.70479965209961,-117.98909759521484,ORANGE,HUNTINGTON BEACH,-117.98910522460938,33.70479965209961
82439847,2024,2024-07-16,3022,2024-06-28,1410,1342,NA,5,5,5,3022,0,0,0,NA,0,NA,TUSTIN RANCH RD,WARNER AV (E),0,NA,Y,A,-,N,NA,NA,NA,NA,NA,NA,NA,NA,NA,Y,3,0,1,2,A,-,12,21453,A,N,D,C,A,A,H,-,A,A,0,NA,NA,NA,NA,Y,NA,A,01,0,1,0,0,0,0,0,0,0,-,-,33.70100021362305,-117.8222885131836,ORANGE,TUSTIN,-117.82563018798828,33.70075988769531
82595623,2024,2024-07-23,3014,2024-07-16,2138,1516,NA,2,5,5,3014,0,0,0,NA,0,A3,JAMBOREE RD,SEA VISTA DR,412,N,N,A,-,N,NA,NA,NA,NA,NA,NA,NA,NA,NA,Y,1,1,0,2,A,-,00,21966,A,F,G,B,E,A,H,-,C,D,0,Y,NA,NA,NA,Y,NA,N,60,0,0,0,1,0,0,0,0,0,-,-,33.61970138549805,-117.88439178466795,ORANGE,NEWPORT BEACH,-117.88460540771484,33.61973571777344