CASE_ID,ACCIDENT_YEAR,PROC_DATE,JURIS,COLLISION_DATE,COLLISION_TIME,OFFICER_ID,REPORTING_DISTRICT,DAY_OF_WEEK,CHP_SHIFT,POPULATION,CNTY_CITY_LOC,SPECIAL_COND,BEAT_TYPE,CHP_BEAT_TYPE,CITY_DIVISION_LAPD,CHP_BEAT_CLASS,BEAT_NUMBER,PRIMARY_RD,SECONDARY_RD,DISTANCE,DIRECTION,INTERSECTION,WEATHER_1,WEATHER_2,STATE_HWY_IND,CALTRANS_COUNTY,CALTRANS_DISTRICT,STATE_ROUTE,ROUTE_SUFFIX,POSTMILE_PREFIX,POSTMILE,LOCATION_TYPE,RAMP_INTERSECTION,SIDE_OF_HWY,TOW_AWAY,COLLISION_SEVERITY,NUMBER_KILLED,NUMBER_INJURED,PARTY_COUNT,PRIMARY_COLL_FACTOR,PCF_CODE_OF_VIOL,PCF_VIOL_CATEGORY,PCF_VIOLATION,PCF_VIOL_SUBSECTION,HIT_AND_RUN,TYPE_OF_COLLISION,MVIW,PED_ACTION,ROAD_SURFACE,ROAD_COND_1,ROAD_COND_2,LIGHTING,CONTROL_DEVICE,CHP_ROAD_TYPE,PEDESTRIAN_ACCIDENT,BICYCLE_ACCIDENT,MOTORCYCLE_ACCIDENT,TRUCK_ACCIDENT,NOT_PRIVATE_PROPERTY,ALCOHOL_INVOLVED,STWD_VEHTYPE_AT_FAULT,CHP_VEHTYPE_AT_FAULT,COUNT_SEVERE_INJ,COUNT_VISIBLE_INJ,COUNT_COMPLAINT_PAIN,COUNT_PED_KILLED,COUNT_PED_INJURED,COUNT_BICYCLIST_KILLED,COUNT_BICYCLIST_INJURED,COUNT_MC_KILLED,COUNT_MC_INJURED,PRIMARY_RAMP,SECONDARY_RAMP,LATITUDE,LONGITUDE,COUNTY,CITY,POINT_X,POINT_Y
84514429,2024,2024-12-24,3019,2024-11-08,1422,3702,NA,5,5,7,3019,0,0,0,NA,0,004,EDINGER AVENUE,MOHAWK DRIVE,580,E,N,A,-,N,NA,NA,NA,NA,NA,NA,NA,NA,NA,Y,4,0,1,2,A,-,01,23152,A,N,C,E,A,A,H,-,A,D,0,NA,NA,NA,NA,Y,Y,D,22,0,0,1,0,0,0,0,0,0,-,-,33.727500915527344,-117.9115982055664,ORANGE,SANTA ANA,-117.90972900390624,33.72747802734375
84515870,2024,2024-12-25,3001,2024-11-28,1311,A1962,NA,4,5,7,3001,0,0,0,NA,0,D-3,EUCLID STREET,KATELLA AVENUE,95,S,N,A,-,N,NA,NA,NA,NA,NA,NA,NA,NA,NA,N,4,0,1,2,D,-,00,NA,NA,N,C,C,A,A,H,-,A,A,0,NA,NA,NA,NA,Y,NA,-,-,0,0,1,0,0,0,0,0,0,-,-,33.803279876708984,-117.94143676757813,ORANGE,ANAHEIM,-117.94151306152344,33.80300521850586
84517487,2024,2024-12-27,3016,2024-12-06,753,2218,NA,5,5,5,3016,0,0,0,NA,0,002,LA JOLLA STREET,MELROSE STREET,250,E,N,A,-,N,NA,NA,NA,NA,NA,NA,NA,NA,NA,N,3,0,1,2,A,-,03,22350,NA,N,C,C,A,A,H,-,A,D,0,NA,NA,NA,NA,Y,NA,A,01,0,1,0,0,0,0,0,0,0,-,-,33.85834884643555,-117.87335205078124,ORANGE,PLACENTIA,-117.87354278564452,33.8584098815918
84518709,2024,2024-12-30,3001,2024-12-04,1120,A1007,NA,3,5,7,3001,0,0,0,NA,0,NA,KNOTT AVENUE,BALL ROAD,0,NA,Y,A,-,N,NA,NA,NA,NA,NA,NA,NA,NA,NA,N,4,0,1,2,A,-,03,22350,NA,N,C,C,A,A,H,-,A,A,0,NA,NA,NA,NA,Y,NA,A,01,0,0,1,0,0,0,0,0,0,-,-,33.8173713684082,-118.01094818115234,ORANGE,ANAHEIM,-118.01079559326172,33.8172492980957
84518712,2024,2024-12-30,3001,2024-12-04,2032,A1397,NA,3,5,7,3001,0,0,0,NA,0,D-1,NUTWOOD STREET,CERRITOS AVENUE,0,NA,Y,A,-,N,NA,NA,NA,NA,NA,NA,NA,NA,NA,Y,3,0,2,2,A,-,09,21801,A,N,D,C,A,A,H,-,C,A,0,NA,NA,NA,NA,Y,NA,A,01,0,1,1,0,0,0,0,0,0,-,-,33.81031036376953,-117.95030212402344,ORANGE,ANAHEIM,-117.9501495361328,33.8105354309082
8451920,2017,2017-09-19,3008,2017-05-19,1837,1195,2,5,5,6,3008,0,0,0,NA,0,NA,HARBOR BL,SANTA FE AV,63,S,N,A,-,N,NA,NA,NA,NA,NA,NA,NA,NA,NA,N,4,0,1,2,A,-,03,22350,NA,N,C,C,A,A,H,-,A,A,0,NA,NA,NA,NA,Y,NA,A,01,0,0,1,0,0,0,0,0,0,-,-,NA,NA,ORANGE,FULLERTON,-117.92431,33.86923728
84520944,2024,2025-01-08,3008,2024-11-16,1636,1676,NA,6,5,6,3008,0,0,0,NA,0,NA,LEMON ST,ORANGETHORPE AVE,473,S,N,A,-,N,NA,NA,NA,NA,NA,NA,NA,NA,NA,Y,2,0,1,2,A,-,11,21954,A,N,G,B,D,A,H,-,A,A,0,Y,NA,NA,NA,Y,NA,N,60,1,0,0,0,1,0,0,0,0,-,-,33.85871887207031,-117.91992950439452,ORANGE,FULLERTON,-117.91986846923828,33.858211517333984
84524418,2024,2025-01-03,3008,2024-11-21,916,1495,NA,4,5,6,3008,0,0,0,NA,0,NA,DOROTHY LN,OAKDALE AVE,0,NA,Y,A,-,N,NA,NA,NA,NA,NA,NA,NA,NA,NA,N,3,0,1,2,A,-,09,21804,A,N,D,G,A,A,H,-,A,D,0,NA,Y,NA,NA,Y,NA,L,04,0,1,0,0,0,0,1,0,0,-,-,33.881168365478516,-117.90242004394533,ORANGE,FULLERTON,-117.90257263183594,33.88138961791992
8452584,2017,2017-09-28,3006,2017-02-02,1557,318,34,4,5,3,3006,0,0,0,NA,0,002,VALLEY VIEW,PRIEST DR,80,N,N,A,-,N,NA,NA,NA,NA,NA,NA,NA,NA,NA,Y,4,0,2,3,A,-,08,22107,NA,N,A,C,A,A,H,-,A,D,0,NA,NA,NA,NA,Y,NA,A,01,0,0,2,0,0,0,0,0,0,-,-,NA,NA,ORANGE,LA PALMA,-118.02859535,33.8452593
84525924,2024,2025-01-06,3002,2024-11-14,444,1714,NA,4,5,4,3002,0,0,0,NA,0,012,IMPERIAL HY,RT 57 NB OFFRAMP,0,NA,Y,A,-,Y,ORA,NA,90,NA,R,5.546,H,NA,L,Y,3,0,1,2,A,-,12,21453,A,N,D,C,A,A,H,-,C,A,0,NA,NA,NA,Y,Y,NA,-,-,0,1,0,0,0,0,0,0,0,-,-,33.91082000732422,-117.88185119628906,ORANGE,BREA,-117.88185119628906,33.91081619262695
8452600,2017,2017-10-06,3006,2017-03-30,0118,318,4,4,5,3,3006,0,0,0,NA,0,001,VALLEY VIEW DR,ORANGE THORPE AV,0,NA,Y,A,-,N,NA,NA,NA,NA,NA,NA,NA,NA,NA,Y,3,0,2,2,A,-,12,21453,A,N,D,C,A,A,H,-,C,A,0,NA,NA,NA,NA,Y,NA,D,22,0,1,1,0,0,0,0,0,0,-,-,NA,NA,ORANGE,LA PALMA,-118.02876003,33.85888001
84526143,2024,2025-01-06,3008,2024-11-16,1116,1484,NA,6,5,6,3008,0,0,0,NA,0,NA,HARBOR BLVD,ELLIS PL,43,S,N,A,-,N,NA,NA,NA,NA,NA,NA,NA,NA,NA,Y,4,0,1,2,A,-,03,22350,NA,N,C,C,A,A,H,-,A,A,0,NA,NA,NA,NA,Y,NA,A,01,0,0,1,0,0,0,0,0,0,-,-,33.874961853027344,-117.92430114746094,ORANGE,FULLERTON,-117.92434692382813,33.874813079833984
84527657,2024,2025-01-07,3001,2024-11-28,800,A1962,NA,4,5,7,3001,0,0,0,NA,0,D-1,LINCOLN AVENUE,BROOKHURST ST,405,E,N,A,-,N,NA,NA,NA,NA,NA,NA,NA,NA,NA,N,3,0,1,2,A,-,03,22350,NA,M,D,G,A,A,H,-,A,D,0,NA,Y,NA,NA,Y,NA,L,04,0,1,0,0,0,0,1,0,0,-,-,NA,NA,ORANGE,ANAHEIM,-117.9576416015625,33.83245849609375
84527770,2024,2025-01-08,3008,2024-11-21,1226,1407,NA,4,5,6,3008,0,0,0,NA,0,NA,LEMON ST,ORANGETHORPE AVE,343,N,N,A,-,N,NA,NA,NA,NA,NA,NA,NA,NA,NA,Y,4,0,2,2,A,-,08,22107,NA,N,B,C,A,A,H,-,A,D,0,NA,NA,NA,NA,Y,NA,A,01,0,0,2,0,0,0,0,0,0,-,-,33.85871887207031,-117.91992950439452,ORANGE,FULLERTON,-117.91988372802734,33.860450744628906
84527771,2024,2025-01-07,3008,2024-11-21,1845,1387,NA,4,5,6,3008,0,0,0,NA,0,NA,ACACIA AVE,WILSHIRE AVE,13,S,N,A,-,N,NA,NA,NA,NA,NA,NA,NA,NA,NA,N,3,0,1,2,A,-,10,21950,A,N,G,B,B,A,H,-,C,A,0,Y,NA,NA,NA,Y,NA,A,01,0,1,0,0,1,0,0,0,0,-,-,NA,NA,ORANGE,FULLERTON,-117.89829254150392,33.87260437011719
84529169,2024,2025-01-08,3001,2024-12-18,759,A2367,NA,3,5,7,3001,0,0,0,NA,0,D-1,MAGNOLIA AVENUE,BROADWAY,0,NA,Y,A,-,N,NA,NA,NA,NA,NA,NA,NA,NA,NA,Y,4,0,1,2,A,-,12,21453,A,N,D,C,A,A,H,-,A,A,0,NA,NA,NA,NA,Y,NA,A,01,0,0,1,0,0,0,0,0,0,-,-,33.82868957519531,-117.97575378417967,ORANGE,ANAHEIM,-117.97595977783205,33.82857894897461
84531021,2024,2025-01-10,3008,2024-11-26,1335,1495,NA,2,5,6,3008,0,0,0,NA,0,NA,BASTANCHURY RD,ASSOCIATED RD,65,W,N,B,-,N,NA,NA,NA,NA,NA,NA,NA,NA,NA,Y,4,0,2,3,A,-,03,22350,NA,N,C,C,A,A,H,-,A,A,0,NA,NA,NA,NA,Y,NA,A,07,0,0,2,0,0,0,0,0,0,-,-,33.892120361328125,-117.88497924804688,ORANGE,FULLERTON,-117.88584136962892,33.893367767333984
8453364,2017,2017-09-22,3010,2017-08-03,1430,1176,423,4,5,6,3010,0,0,0,NA,0,003,YORKTOWN,COLDWATER,25,E,N,A,-,N,NA,NA,NA,NA,NA,NA,NA,NA,NA,Y,3,0,3,2,A,-,09,21802,A,N,D,C,A,A,H,-,A,D,0,NA,NA,NA,NA,Y,NA,A,01,0,1,2,0,0,0,0,0,0,-,-,NA,NA,ORANGE,HUNTINGTON BEACH,-117.98254802,33.67946096
84533931,2025,2025-01-13,3019,2025-01-06,1426,3716,NA,1,5,7,3019,0,0,0,NA,0,002,1ST STREET,ELK LANE,0,NA,Y,A,-,N,NA,NA,NA,NA,NA,NA,NA,NA,NA,N,4,0,1,2,A,-,12,21453,A,N,D,C,A,A,H,-,A,A,0,NA,NA,NA,NA,Y,NA,A,07,0,0,1,0,0,0,0,0,0,-,-,33.74544906616211,-117.84400177001952,ORANGE,SANTA ANA,-117.84378814697266,33.74546432495117
8453407,2017,2017-12-07,3001,2017-08-27,0046,A2146,D3,7,5,7,3001,0,0,0,NA,0,032,WEST KATELLA AV,SOUTH  CLEMENTINE ST,0,NA,Y,A,-,N,NA,NA,NA,NA,NA,NA,NA,NA,NA,Y,4,0,3,2,A,-,01,23152,A,N,D,C,A,A,H,-,C,A,0,NA,NA,NA,NA,Y,Y,A,01,0,0,3,0,0,0,0,0,0,-,-,NA,NA,ORANGE,ANAHEIM,-117.91002004,33.80341006
84536389,2025,2025-01-14,3010,2025-01-11,1248,6105,NA,6,5,6,3010,0,0,0,NA,0,008,PACIFIC COAST HWY - SR1,ANDERSON ST,0,NA,Y,A,-,Y,ORA,NA,1,NA,NA,31.103,H,NA,R,N,3,0,1,2,A,-,09,21801,A,N,D,G,A,A,D,-,A,A,0,NA,Y,NA,NA,Y,NA,D,22,0,1,0,0,0,0,1,0,0,-,-,33.724609375,-118.0776596069336,ORANGE,HUNTINGTON BEACH,-118.07771301269533,33.72452163696289
84537900,2025,2025-01-15,3010,2025-01-09,1714,6063,NA,4,5,6,3010,0,0,0,NA,0,002,ATLANTA AVE,GREENFIELD LN,0,NA,Y,A,-,N,NA,NA,NA,NA,NA,NA,NA,NA,NA,Y,4,0,1,2,A,-,09,21801,A,N,D,C,A,A,H,-,B,A,0,NA,NA,NA,NA,Y,NA,A,07,0,0,1,0,0,0,0,0,0,-,-,33.657630920410156,-117.97666931152344,ORANGE,HUNTINGTON BEACH,-117.97671508789063,33.65769577026367
84543408,2025,2025-01-21,3014,2025-01-14,1205,1532,NA,2,5,5,3014,0,0,0,NA,0,A2,SR-1 (W COAST HWY),DOVER DR,802,W,N,A,-,Y,ORA,NA,1,NA,NA,18.597,H,NA,R,Y,3,0,1,3,A,-,03,22350,NA,N,C,C,A,A,H,-,A,D,0,NA,NA,NA,NA,Y,NA,D,22,0,1,0,0,0,0,0,0,0,-,-,33.61589813232422,-117.90998840332033,ORANGE,NEWPORT BEACH,-117.90999603271484,33.61606979370117
84543474,2024,2025-01-22,3008,2024-12-09,945,1582,NA,1,5,6,3008,0,0,0,NA,0,NA,MAGNOLIA AVE,BUCKINGHAM ST.,0,NA,Y,A,-,N,NA,NA,NA,NA,NA,NA,NA,NA,NA,Y,4,0,2,2,D,-,00,NA,NA,N,D,C,A,A,H,-,A,A,0,NA,NA,NA,NA,Y,NA,-,-,0,0,2,0,0,0,0,0,0,-,-,33.8565788269043,-117.97630310058594,ORANGE,FULLERTON,-117.9762725830078,33.85655975341797
84545218,2025,2025-01-22,3019,2025-01-14,1534,3967,NA,2,5,7,3019,0,0,0,NA,0,001,RAITT STREET,MYRTLE STREET,0,NA,Y,A,-,N,NA,NA,NA,NA,NA,NA,NA,NA,NA,N,4,0,2,3,A,-,03,22350,NA,N,C,C,A,A,H,-,A,A,0,NA,NA,NA,NA,Y,NA,A,08,0,0,2,0,0,0,0,0,0,-,-,33.741600036621094,-117.89317321777344,ORANGE,SANTA ANA,-117.89312744140624,33.74171829223633
84546743,2025,2025-01-23,3019,2025-01-20,1141,3967,NA,1,5,7,3019,0,0,0,NA,0,003,RED HILL AVENUE,DYER ROAD,400,N,N,A,-,N,NA,NA,NA,NA,NA,NA,NA,NA,NA,N,4,0,1,2,A,-,05,21650,NA,N,D,C,A,A,H,-,A,D,0,NA,NA,NA,NA,Y,NA,A,01,0,0,1,0,0,0,0,0,0,-,-,33.70444869995117,-117.84417724609376,ORANGE,SANTA ANA,-117.84247589111328,33.706382751464844
8454745,2017,2017-10-06,3012,2017-09-11,1321,649,38,1,5,5,3012,0,0,0,NA,0,003,BEACH,WESTRIDGE PLAZA,114,N,N,A,-,N,NA,NA,NA,NA,NA,NA,NA,NA,NA,N,4,0,1,2,A,-,08,22107,NA,N,B,C,A,A,H,-,A,D,0,NA,NA,NA,NA,Y,NA,A,01,0,0,1,0,0,0,0,0,0,-,-,NA,NA,ORANGE,LA HABRA,-117.96895,33.915799
84549421,2025,2025-01-27,3019,2025-01-10,1534,3931,NA,5,5,7,3019,0,0,0,NA,0,003,LYON STREET,VILLA GRANDE MOBILE HOME PARK,0,NA,Y,A,-,N,NA,NA,NA,NA,NA,NA,NA,NA,NA,N,3,0,1,2,A,-,03,22350,NA,N,G,B,B,A,H,-,A,A,0,Y,NA,NA,NA,Y,NA,A,01,0,1,0,0,1,0,0,0,0,-,-,NA,NA,ORANGE,SANTA ANA,NA,NA
84549786,2024,2025-01-27,3001,2024-12-29,1648,A2576,NA,7,5,7,3001,0,0,0,NA,0,031,BROADWAY,MANCHESTER AVENUE,0,NA,Y,B,-,N,NA,NA,NA,NA,NA,NA,NA,NA,NA,Y,4,0,2,2,A,-,09,21801,A,N,A,C,A,A,H,-,A,A,0,NA,NA,NA,NA,Y,NA,A,01,0,0,2,0,0,0,0,0,0,-,-,NA,NA,ORANGE,ANAHEIM,-117.93007659912108,33.82943344116211
8455215,2017,2017-09-25,3006,2017-08-10,1540,315,5,4,5,3,3006,0,0,0,NA,0,001,WALKER ST,BRANSFORD DR,0,NA,Y,A,-,N,NA,NA,NA,NA,NA,NA,NA,NA,NA,Y,3,0,2,2,A,-,09,21802,A,N,D,C,A,A,H,-,A,D,0,NA,NA,NA,NA,Y,NA,A,01,0,1,1,0,0,0,0,0,0,-,-,NA,NA,ORANGE,LA PALMA,-118.03770007,33.85634012
8455338,2017,2017-10-09,3001,2017-09-08,1338,1410,NA,5,5,7,3001,0,0,0,NA,0,0D1,W LINCOLN AV,N MULLER ST,44,E,N,A,-,N,NA,NA,NA,NA,NA,NA,NA,NA,NA,N,4,0,1,2,A,-,03,22350,NA,N,C,C,A,A,H,-,A,A,0,NA,NA,NA,Y,Y,NA,G,25,0,0,1,0,0,0,0,0,0,-,-,NA,NA,ORANGE,ANAHEIM,-117.95001545,33.83257
84554118,2024,2025-01-29,3026,2024-10-11,1306,620,NA,5,5,6,3026,0,0,0,NA,0,001,ALTON PKWY,MURPHY AVE,0,NA,Y,A,-,N,NA,NA,NA,NA,NA,NA,NA,NA,NA,N,2,0,1,2,A,-,09,21801,B,N,D,C,A,A,H,-,A,A,0,NA,NA,Y,NA,Y,NA,C,03,1,0,0,0,0,0,0,0,1,-,-,33.68693923950195,-117.82953643798828,ORANGE,IRVINE,-117.83016967773438,33.68708038330078
8455424,2017,2018-05-29,3010,2017-08-21,1030,1059,451,1,5,6,3010,0,0,0,NA,0,004,6TH ST,RT 1,4,E,N,A,-,Y,ORA,12,1,-,-,24.851,I,6,N,N,4,0,1,2,A,-,10,21950,A,F,G,B,B,A,H,-,A,A,0,Y,NA,NA,NA,Y,NA,A,08,0,0,1,0,1,0,0,0,0,-,-,NA,NA,ORANGE,HUNTINGTON BEACH,-118.00362856,33.65836423
8455725,2017,2017-11-30,3001,2017-09-06,2011,415,D3,3,5,7,3001,0,0,0,NA,0,NA,WEST BALL RD,LEMON ST,0,NA,Y,A,-,N,NA,NA,NA,NA,NA,NA,NA,NA,NA,Y,4,0,1,2,A,-,12,21453,A,N,-,C,A,A,H,-,C,A,0,NA,NA,NA,NA,Y,NA,-,-,0,0,1,0,0,0,0,0,0,-,-,NA,NA,ORANGE,ANAHEIM,-117.91026002,33.81815005
84563598,2025,2025-02-04,3019,2025-01-10,1434,3897,NA,5,5,7,3019,0,0,0,NA,0,001,BRISTOL STREET,CIVIC CENTER DRIVE,25,N,N,A,-,N,NA,NA,NA,NA,NA,NA,NA,NA,NA,N,4,0,1,2,A,-,03,22350,NA,M,C,C,A,A,H,-,A,A,0,NA,NA,NA,NA,Y,NA,A,01,0,0,1,0,0,0,0,0,0,-,-,33.75149917602539,-117.88535308837892,ORANGE,SANTA ANA,-117.88510894775392,33.75156784057617
84566770,2025,2025-02-06,3026,2025-02-04,837,4779,NA,2,5,6,3026,0,0,0,NA,0,009,CHARACTER,CADENCE,8,N,N,B,-,N,NA,NA,NA,NA,NA,NA,NA,NA,NA,N,3,0,1,2,A,-,00,4,NA,N,H,G,A,A,H,-,A,A,0,NA,Y,NA,NA,Y,NA,M,91,0,1,0,0,0,0,1,0,0,-,-,33.681861877441406,-117.72589874267578,ORANGE,IRVINE,-117.72644805908205,33.68184280395508
84566773,2025,2025-02-06,3026,2025-02-03,1537,11846,NA,1,5,6,3026,0,0,0,NA,0,007,CULVER DR,SETTLERS,0,NA,Y,A,-,N,NA,NA,NA,NA,NA,NA,NA,NA,NA,N,2,0,1,2,A,-,09,21804,A,N,D,G,A,A,H,-,A,A,0,NA,Y,NA,NA,Y,NA,A,07,1,0,0,0,0,0,1,0,0,-,-,33.73740005493164,-117.75775909423828,ORANGE,IRVINE,-117.75811767578124,33.737525939941406
8457037,2017,2017-09-29,3019,2017-08-26,1039,9018,SOUTH,6,5,7,3019,0,0,0,NA,0,004,EUCLID ST,1ST ST,15,S,N,A,-,N,NA,NA,NA,NA,NA,NA,NA,NA,NA,N,3,0,1,1,A,-,08,22107,NA,N,E,I,A,A,H,-,A,A,0,NA,Y,NA,NA,Y,NA,L,04,0,1,0,0,0,0,1,0,0,-,-,NA,NA,ORANGE,SANTA ANA,-117.93748,33.74505
84570529,2025,2025-02-10,3001,2025-02-02,1500,A2657,NA,7,5,7,3001,0,0,0,NA,0,NA,BEACH BOULEVARD,BALL ROAD,46,N,N,A,-,N,NA,NA,NA,NA,NA,NA,NA,NA,NA,N,4,0,1,2,A,-,03,22350,NA,N,C,C,A,A,H,-,A,D,0,NA,NA,NA,NA,Y,NA,A,01,0,0,1,0,0,0,0,0,0,-,-,33.817291259765625,-117.99349975585938,ORANGE,ANAHEIM,-117.9931640625,33.81755447387695
8457135,2017,2017-10-04,3019,2017-08-25,1522,3438,NE,5,5,7,3019,0,0,0,NA,0,002,17TH ST,WILLIAMS ST,471,E,N,A,-,N,NA,NA,NA,NA,NA,NA,NA,NA,NA,Y,4,0,2,4,A,-,03,22350,NA,M,C,C,A,A,H,-,A,A,0,NA,NA,NA,NA,Y,NA,A,01,0,0,2,0,0,0,0,0,0,-,-,33.75975,-117.83905,ORANGE,SANTA ANA,-117.83747418,33.75996434
8457209,2017,2017-10-04,3019,2017-09-01,1347,3295,NE,5,5,7,3019,0,0,0,NA,0,001,BROADWAY,CIVIC CENTER DR,0,NA,Y,A,-,N,NA,NA,NA,NA,NA,NA,NA,NA,NA,N,4,0,1,2,A,-,12,21453,A,N,D,C,A,A,H,-,A,A,0,NA,NA,NA,NA,Y,NA,D,22,0,0,1,0,0,0,0,0,0,-,-,33.7515,-117.86987,ORANGE,SANTA ANA,-117.86970007,33.75124006
84573103,2024,2025-02-11,3008,2024-12-23,1017,1582,NA,1,5,6,3008,0,0,0,NA,0,NA,BASTANCHURY RD,HARBOR BLVD,0,NA,Y,A,-,N,NA,NA,NA,NA,NA,NA,NA,NA,NA,Y,3,0,2,2,A,-,09,21453,C,N,A,C,A,A,H,-,A,A,0,NA,NA,NA,NA,Y,NA,A,01,0,1,1,0,0,0,0,0,0,-,-,33.895870208740234,-117.92900848388672,ORANGE,FULLERTON,-117.92890167236328,33.8956184387207
84577404,2025,2025-02-14,3001,2025-02-09,1553,A2576,NA,7,5,7,3001,0,0,0,NA,0,012,ORANGE AVENUE,BEL AIR STREET,0,NA,Y,A,-,N,NA,NA,NA,NA,NA,NA,NA,NA,NA,Y,4,0,2,2,A,-,09,21801,A,N,D,C,A,A,H,-,A,D,0,NA,NA,NA,NA,Y,NA,A,01,0,0,2,0,0,0,0,0,0,-,-,NA,NA,ORANGE,ANAHEIM,-117.98854064941406,33.824790954589844
84579210,2025,2025-02-14,3001,2025-01-20,1134,A2303,NA,1,5,7,3001,0,0,0,NA,0,D-2,CHIPPEWA AVENUE,GLENCREST AVENUE,0,NA,Y,A,G,N,NA,NA,NA,NA,NA,NA,NA,NA,NA,N,3,0,2,3,A,-,09,21801,A,N,A,C,A,A,H,-,A,A,0,NA,NA,NA,NA,Y,NA,D,22,0,1,1,0,0,0,0,0,0,-,-,NA,NA,ORANGE,ANAHEIM,-117.94731903076172,33.84035110473633
84579224,2025,2025-03-18,3001,2025-01-13,1907,A2832,NA,1,5,7,3001,0,0,0,NA,0,032,HARBOR BOULEVARD,BALL ROAD,0,NA,Y,A,-,N,NA,NA,NA,NA,NA,NA,NA,NA,NA,Y,4,0,2,2,A,-,12,21453,A,N,D,C,A,A,H,-,C,A,0,NA,NA,NA,NA,Y,NA,A,01,0,0,2,0,0,0,0,0,0,-,-,33.817840576171875,-117.91510009765624,ORANGE,ANAHEIM,-117.91549682617188,33.818031311035156
84579319,2025,2025-02-14,3010,2025-02-08,1631,6136,NA,6,5,6,3010,0,0,0,NA,0,004,PACIFIC COAST HWY - SR1,ECOLOGICAL RESERVE,160,S,N,B,-,Y,NA,NA,NA,NA,NA,NA,NA,NA,NA,Y,3,0,1,1,A,-,01,23152,A,N,E,I,A,A,H,-,A,A,0,NA,NA,NA,NA,Y,Y,A,01,0,1,0,0,0,0,0,0,0,-,-,33.70206832885742,-118.05377960205078,ORANGE,HUNTINGTON BEACH,NA,NA
84579340,2025,2025-02-14,3019,2025-01-26,1812,3965,NA,7,5,7,3019,0,0,0,NA,0,002,GRAND AVENUE,17TH STREET,5,N,N,B,-,N,NA,NA,NA,NA,NA,NA,NA,NA,NA,N,4,0,1,2,A,-,03,22350,NA,F,C,C,A,B,H,-,C,A,0,NA,NA,NA,NA,Y,NA,A,01,0,0,1,0,0,0,0,0,0,-,-,33.75992965698242,-117.85192108154295,ORANGE,SANTA ANA,-117.85192108154295,33.75993347167969
8457943,2017,2018-05-18,3004,2017-09-03,0801,P541,35,7,5,6,3004,0,0,0,NA,0,002,NEWPORT BL,DEL MAR,150,N,N,B,-,N,NA,NA,55,NA,NA,NA,NA,NA,NA,N,4,0,2,2,A,-,03,22350,NA,N,C,C,A,A,H,-,A,A,0,NA,NA,NA,NA,Y,NA,-,NA,0,0,2,0,0,0,0,0,0,-,-,33.6633,-117.8964,ORANGE,COSTA MESA,-117.89693523,33.66383111
84580585,2025,2025-02-17,3001,2025-02-14,838,A2461,NA,5,5,7,3001,0,0,0,NA,0,D-1,BROOKHURST STREET,ORANGE AVENUE,36,S,N,B,-,Y,NA,NA,NA,NA,NA,NA,NA,NA,NA,N,4,0,1,2,A,-,03,22350,NA,N,C,C,A,B,H,-,A,A,0,NA,NA,Y,NA,Y,NA,A,08,0,0,1,0,0,0,0,0,1,-,-,NA,NA,ORANGE,ANAHEIM,-117.9589385986328,33.82493209838867
84580721,2025,2025-02-17,3019,2025-02-09,540,3756,NA,7,5,7,3019,0,0,0,NA,0,004,FAIRVIEW STREET,DAHL LANE,100,S,N,A,-,N,NA,NA,NA,NA,NA,NA,NA,NA,NA,Y,4,0,2,2,A,-,08,22107,NA,N,B,C,A,A,H,-,C,D,0,NA,NA,NA,NA,Y,NA,A,01,0,0,2,0,0,0,0,0,0,-,-,33.731529235839844,-117.90634155273438,ORANGE,SANTA ANA,-117.90642547607422,33.731224060058594
84581051,2025,2025-02-17,3010,2025-02-07,1436,2151,NA,5,5,6,3010,0,0,0,NA,0,009,EDINGER AVE,SPRINGDALE ST,93,W,N,A,-,N,NA,NA,NA,NA,NA,NA,NA,NA,NA,N,3,0,1,2,A,-,11,21955,NA,N,G,B,D,A,H,-,A,A,0,Y,NA,NA,NA,Y,NA,N,60,0,1,0,0,1,0,0,0,0,-,-,33.72969055175781,-118.0244598388672,ORANGE,HUNTINGTON BEACH,-118.0244369506836,33.72996520996094
84583479,2025,2025-02-19,3010,2025-02-11,1643,1107,NA,2,5,6,3010,0,0,0,NA,0,005,BEACH BL - SR39 BLVD,ELLIS AVE,328,S,N,A,-,Y,ORA,NA,39,NA,NA,3.068,H,NA,L,N,4,0,1,2,A,-,09,21804,A,N,D,C,A,A,H,-,A,D,0,NA,NA,Y,NA,Y,NA,A,01,0,0,1,0,0,0,0,0,1,-,-,33.69306182861328,-117.98918151855467,ORANGE,HUNTINGTON BEACH,-117.98895263671876,33.69306182861328
84586785,2025,2025-02-24,3019,2025-02-15,827,3983,NA,6,5,7,3019,0,0,0,NA,0,001,GARFIELD STREET,2ND STREET,0,NA,Y,A,-,N,NA,NA,NA,NA,NA,NA,NA,NA,NA,N,4,0,1,2,A,-,08,22100,5,N,D,C,A,A,H,-,A,D,0,NA,NA,NA,NA,Y,NA,A,01,0,0,1,0,0,0,0,0,0,-,-,33.746421813964844,-117.8592529296875,ORANGE,SANTA ANA,-117.85903167724608,33.74628448486328