CASE_ID,ACCIDENT_YEAR,PROC_DATE,JURIS,COLLISION_DATE,COLLISION_TIME,OFFICER_ID,REPORTING_DISTRICT,DAY_OF_WEEK,CHP_SHIFT,POPULATION,CNTY_CITY_LOC,SPECIAL_COND,BEAT_TYPE,CHP_BEAT_TYPE,CITY_DIVISION_LAPD,CHP_BEAT_CLASS,BEAT_NUMBER,PRIMARY_RD,SECONDARY_RD,DISTANCE,DIRECTION,INTERSECTION,WEATHER_1,WEATHER_2,STATE_HWY_IND,CALTRANS_COUNTY,CALTRANS_DISTRICT,STATE_ROUTE,ROUTE_SUFFIX,POSTMILE_PREFIX,POSTMILE,LOCATION_TYPE,RAMP_INTERSECTION,SIDE_OF_HWY,TOW_AWAY,COLLISION_SEVERITY,NUMBER_KILLED,NUMBER_INJURED,PARTY_COUNT,PRIMARY_COLL_FACTOR,PCF_CODE_OF_VIOL,PCF_VIOL_CATEGORY,PCF_VIOLATION,PCF_VIOL_SUBSECTION,HIT_AND_RUN,TYPE_OF_COLLISION,MVIW,PED_ACTION,ROAD_SURFACE,ROAD_COND_1,ROAD_COND_2,LIGHTING,CONTROL_DEVICE,CHP_ROAD_TYPE,PEDESTRIAN_ACCIDENT,BICYCLE_ACCIDENT,MOTORCYCLE_ACCIDENT,TRUCK_ACCIDENT,NOT_PRIVATE_PROPERTY,ALCOHOL_INVOLVED,STWD_VEHTYPE_AT_FAULT,CHP_VEHTYPE_AT_FAULT,COUNT_SEVERE_INJ,COUNT_VISIBLE_INJ,COUNT_COMPLAINT_PAIN,COUNT_PED_KILLED,COUNT_PED_INJURED,COUNT_BICYCLIST_KILLED,COUNT_BICYCLIST_INJURED,COUNT_MC_KILLED,COUNT_MC_INJURED,PRIMARY_RAMP,SECONDARY_RAMP,LATITUDE,LONGITUDE,COUNTY,CITY,POINT_X,POINT_Y
84777465,2025,2025-07-25,3014,2025-07-22,903,1532,NA,2,5,5,3014,0,0,0,NA,0,A2,SANTIAGO DR,ASHFORD LN,44,S,N,B,-,N,NA,NA,NA,NA,NA,NA,NA,NA,NA,N,4,0,1,2,A,-,03,22350,NA,N,H,E,A,B,H,-,A,D,0,NA,Y,NA,Y,Y,NA,L,04,0,0,1,0,0,0,1,0,0,-,-,33.633399963378906,-117.89389801025392,ORANGE,NEWPORT BEACH,-117.89407348632813,33.63344192504883
84778219,2025,2025-07-28,3016,2025-06-13,135,1303,NA,5,5,5,3016,0,0,0,NA,0,002,CHAPMAN AVENUE,MURRAY STREET,233,E,N,A,-,N,NA,NA,NA,NA,NA,NA,NA,NA,NA,Y,3,0,2,4,A,-,08,22107,NA,N,B,E,A,A,H,-,C,D,0,NA,NA,NA,Y,Y,NA,A,01,0,2,0,0,0,0,0,0,0,-,-,33.873069763183594,-117.87467193603516,ORANGE,PLACENTIA,-117.87396240234376,33.87290954589844
84778351,2025,2025-07-28,3008,2025-06-15,2342,1688,NA,7,5,6,3008,0,0,0,NA,0,NA,VALENCIA DR,HIGHLAND AVE,200,E,N,A,-,N,NA,NA,NA,NA,NA,NA,NA,NA,NA,Y,3,0,1,4,A,-,01,23153,A,N,C,E,A,A,H,-,C,D,0,NA,NA,NA,NA,Y,Y,A,01,0,1,0,0,0,0,0,0,0,-,-,33.865509033203125,-117.92852783203124,ORANGE,FULLERTON,-117.9280242919922,33.86615753173828
8478018,2017,2017-11-06,3001,2017-10-14,0007,415,NA,6,5,7,3001,0,0,0,NA,0,0D1,WEST BROOKHURST ST,WEST LINCOLN AV,125,N,N,A,-,N,NA,NA,NA,NA,NA,NA,NA,NA,NA,Y,4,0,1,3,A,-,03,22350,NA,M,C,C,A,A,H,-,C,A,0,NA,NA,NA,NA,Y,NA,D,22,0,0,1,0,0,0,0,0,0,-,-,NA,NA,ORANGE,ANAHEIM,-117.95897544,33.83293268
84781776,2025,2025-07-29,3026,2025-07-27,1257,11846,NA,7,5,6,3026,0,0,0,NA,0,005,CULVER DR,MAIN ST,464,N,N,A,-,N,NA,NA,NA,NA,NA,NA,NA,NA,NA,N,4,0,1,2,A,-,03,22350,NA,N,C,C,A,A,H,-,A,D,0,NA,NA,NA,NA,Y,NA,A,07,0,0,1,0,0,0,0,0,0,-,-,33.67565155029297,-117.81593322753906,ORANGE,IRVINE,-117.81546020507813,33.67695999145508
84783722,2025,2025-07-31,3019,2025-07-01,730,3781,NA,2,5,7,3019,0,0,0,NA,0,004,1ST STREET,TOWNSEND STREET,0,NA,Y,A,-,N,NA,NA,NA,NA,NA,NA,NA,NA,NA,N,4,0,1,2,D,-,00,NA,NA,N,C,C,A,A,H,-,A,A,0,NA,NA,NA,NA,Y,NA,-,-,0,0,1,0,0,0,0,0,0,-,-,33.744930267333984,-117.89613342285156,ORANGE,SANTA ANA,-117.89598846435548,33.745384216308594
84783768,2025,2025-07-31,3010,2025-07-23,1446,1107,NA,3,5,6,3010,0,0,0,NA,0,007,BEACH BL - SR39 BLVD,TERRY DR,77,S,N,A,-,N,NA,NA,NA,NA,NA,NA,NA,NA,NA,N,4,0,1,2,A,-,03,22350,NA,M,C,C,A,A,H,-,A,D,0,NA,NA,NA,NA,Y,NA,-,99,0,0,1,0,0,0,0,0,0,-,-,33.71908950805664,-117.98931884765624,ORANGE,HUNTINGTON BEACH,-117.98904418945313,33.71915817260742
84783845,2025,2025-07-31,3010,2025-07-28,1049,2151,NA,1,5,6,3010,0,0,0,NA,0,004,11TH ST,CREST AVE,110,S,N,A,-,N,NA,NA,NA,NA,NA,NA,NA,NA,NA,N,3,0,1,1,A,-,03,22350,NA,N,F,A,A,A,-,-,A,D,0,NA,Y,NA,NA,Y,NA,M,91,0,1,0,0,0,0,1,0,0,-,-,33.667049407958984,-118.00157165527344,ORANGE,HUNTINGTON BEACH,-118.00177764892578,33.666954040527344
84783946,2025,2025-07-31,3002,2025-07-04,909,1447,NA,5,5,4,3002,0,0,0,NA,0,001,IMPERIAL HY,AROVISTA AV,98,W,N,A,-,Y,ORA,NA,90,NA,NA,3.78,H,NA,R,Y,4,0,2,2,A,-,03,22350,NA,N,C,C,A,A,H,-,A,A,0,NA,NA,NA,NA,Y,NA,A,01,0,0,2,0,0,0,0,0,0,-,-,33.91733169555664,-117.910888671875,ORANGE,BREA,-117.910888671875,33.91730499267578
8478404,2017,2018-06-26,3002,2017-10-11,1540,1382,528Y,3,5,4,3002,0,0,0,NA,0,013,IMPERIAL HWY,RT 57,0,NA,Y,A,-,Y,ORA,12,90,-,R,5.545,I,5,W,Y,4,0,1,2,D,-,00,NA,NA,N,D,C,A,A,H,-,A,A,0,NA,NA,NA,NA,Y,NA,-,-,0,0,1,0,0,0,0,0,0,-,-,NA,NA,ORANGE,BREA,-117.88190675,33.9108161
84785411,2025,2025-08-01,3019,2025-07-04,2058,3735,NA,5,5,7,3019,0,0,0,NA,0,001,BRISTOL STREET,CIVIC CENTER DRIVE,75,S,N,A,-,N,NA,NA,NA,NA,NA,NA,NA,NA,NA,N,3,0,3,2,A,-,03,22350,NA,N,C,C,A,A,C,-,C,A,0,NA,NA,NA,NA,Y,NA,A,07,0,2,1,0,0,0,0,0,0,-,-,33.75149917602539,-117.88535308837892,ORANGE,SANTA ANA,-117.88510894775392,33.75129318237305
84785413,2025,2025-08-01,3019,2025-07-05,452,3783,NA,6,5,7,3019,0,0,0,NA,0,001,MCFADDEN AVENUE,HARBOR BOULEVARD,0,NA,Y,A,-,N,NA,NA,NA,NA,NA,NA,NA,NA,NA,Y,3,0,1,1,D,-,00,NA,NA,N,E,I,A,A,H,-,C,A,0,NA,NA,NA,NA,Y,NA,-,-,0,1,0,0,0,0,0,0,0,-,-,33.738529205322266,-117.92012786865234,ORANGE,SANTA ANA,-117.92010498046876,33.73826217651367
84785441,2025,2025-08-01,3019,2025-07-10,2329,3991,NA,4,5,7,3019,0,0,0,NA,0,001,HARBOR BOULEVARD,MCFADDEN AVENUE,96,S,N,A,-,N,NA,NA,NA,NA,NA,NA,NA,NA,NA,Y,3,0,2,2,A,-,03,22350,NA,N,C,C,A,A,H,-,C,A,0,NA,NA,NA,NA,Y,NA,A,01,0,1,1,0,0,0,0,0,0,-,-,33.738529205322266,-117.92012786865234,ORANGE,SANTA ANA,-117.92009735107422,33.73799514770508
84789273,2025,2025-08-05,3019,2025-07-11,1834,3424,NA,5,5,7,3019,0,0,0,NA,0,002,5TH STREET,FRENCH STREET,0,NA,Y,A,-,N,NA,NA,NA,NA,NA,NA,NA,NA,NA,Y,4,0,1,2,A,-,09,21802,A,N,D,C,A,A,H,-,A,D,0,NA,NA,NA,NA,Y,NA,A,07,0,0,1,0,0,0,0,0,0,-,-,33.749061584472656,-117.86473846435548,ORANGE,SANTA ANA,-117.86454010009766,33.7489128112793
84791033,2025,2025-08-06,3008,2025-06-22,1227,1676,NA,7,5,6,3008,0,0,0,NA,0,NA,BREA BLVD,BARBARA BLVD,0,NA,Y,A,-,N,NA,NA,NA,NA,NA,NA,NA,NA,NA,N,3,0,1,2,A,-,09,21802,B,N,D,C,A,A,H,-,A,A,0,NA,NA,NA,NA,Y,NA,M,94,0,1,0,0,0,0,0,0,0,-,-,33.890838623046875,-117.91828918457033,ORANGE,FULLERTON,-117.91807556152344,33.89093017578125
84792662,2025,2025-08-07,3010,2025-07-01,1948,2240,NA,2,5,6,3010,0,0,0,NA,0,002,ATLANTA AVE,ADMIRAL LN,200,W,N,A,-,N,NA,NA,NA,NA,NA,NA,NA,NA,NA,N,4,0,1,2,A,-,03,22350,NA,M,C,C,A,A,H,-,B,D,0,NA,NA,Y,NA,Y,NA,C,02,0,0,1,0,0,0,0,0,1,-,-,33.65776062011719,-117.99141693115234,ORANGE,HUNTINGTON BEACH,-117.99142456054688,33.65761947631836
84792692,2025,2025-08-07,3019,2025-07-10,1107,3737,NA,4,5,7,3019,0,0,0,NA,0,004,FLOWER STREET,EDINGER AVENUE,40,N,N,A,-,N,NA,NA,NA,NA,NA,NA,NA,NA,NA,N,4,0,1,2,A,-,03,22350,NA,M,C,C,A,A,H,-,A,A,0,NA,NA,NA,NA,Y,NA,D,22,0,0,1,0,0,0,0,0,0,-,-,33.72657012939453,-117.87705993652344,ORANGE,SANTA ANA,-117.87656402587892,33.727317810058594
84792762,2025,2025-08-07,3010,2025-07-30,1648,3042,NA,3,5,6,3010,0,0,0,NA,0,006,SLATER AVE,BEACH BL - SR39 BLVD,156,W,N,A,-,Y,ORA,NA,39,NA,NA,4.044,H,NA,L,N,4,0,1,2,A,-,05,21650,1,N,H,G,A,A,H,-,A,D,0,NA,Y,NA,NA,Y,NA,M,91,0,0,1,0,0,0,1,0,0,-,-,33.70724868774414,-117.98932647705078,ORANGE,HUNTINGTON BEACH,-117.98934173583984,33.70724868774414
8479312,2017,2017-10-31,3001,2017-10-10,1756,1851,P4,2,5,7,3001,0,0,0,NA,0,0D4,WEIR CANYON RD,MONTE VISTA RD,0,NA,Y,A,-,N,NA,NA,NA,NA,NA,NA,NA,NA,NA,N,4,0,1,2,A,-,03,22350,NA,N,C,C,A,A,H,-,A,A,0,NA,NA,NA,NA,Y,NA,A,01,0,0,1,0,0,0,0,0,0,-,-,NA,NA,ORANGE,ANAHEIM,-117.74005003,33.86403007
84794351,2025,2025-08-11,3001,2025-06-16,2100,A2540,NA,1,5,7,3001,0,0,0,NA,0,D-3,HARBOR BOULEVARD,KATELLA AVENUE,58,N,N,A,-,N,NA,NA,NA,NA,NA,NA,NA,NA,NA,N,4,0,8,1,C,-,18,NA,NA,N,H,A,A,A,H,-,C,A,0,NA,NA,NA,NA,Y,NA,-,-,0,0,8,0,0,0,0,0,0,-,-,33.80213165283203,-117.91575622558594,ORANGE,ANAHEIM,-117.91541290283205,33.803409576416016
84795760,2025,2025-08-11,3001,2025-06-22,2058,A2406,NA,7,5,7,3001,0,0,0,NA,0,D-3,HARBOR BOULEVARD,VERMONT AVENUE,85,S,N,A,-,N,NA,NA,NA,NA,NA,NA,NA,NA,NA,Y,4,0,3,2,A,-,03,22350,NA,N,C,C,A,A,H,-,C,A,0,NA,NA,NA,NA,Y,NA,A,01,0,0,3,0,0,0,0,0,0,-,-,33.82170104980469,-117.915771484375,ORANGE,ANAHEIM,-117.91541290283205,33.821617126464844
8479876,2017,2017-12-04,3007,2017-10-09,1448,1134,62,1,5,5,3007,0,0,0,NA,0,003,TALBERT,SANTA CECILIA CIR,0,NA,Y,A,-,N,NA,NA,NA,NA,NA,NA,NA,NA,NA,Y,4,0,3,3,A,-,03,22350,NA,N,C,C,A,A,H,-,A,D,0,NA,NA,NA,NA,Y,NA,A,01,0,0,3,0,0,0,0,0,0,-,-,NA,NA,ORANGE,FOUNTAIN VALLEY,-117.97500009,33.70134007
8479996,2017,2017-11-01,3010,2017-10-06,1810,1118,426,5,5,6,3010,0,0,0,NA,0,003,KIPAHULU,GARFIELD,0,NA,Y,A,-,N,NA,NA,NA,NA,NA,NA,NA,NA,NA,Y,2,0,4,3,A,-,09,21804,A,N,D,C,A,A,H,-,A,A,0,NA,NA,NA,NA,Y,NA,A,01,1,1,2,0,0,0,0,0,0,-,-,NA,NA,ORANGE,HUNTINGTON BEACH,-117.95185001,33.68686012
8480602,2017,2017-11-13,3007,2017-10-19,1438,304,75,4,5,5,3007,0,0,0,NA,0,003,GARFIELD,BROOKHURST,360,E,N,A,-,N,NA,NA,NA,NA,NA,NA,NA,NA,NA,Y,4,0,2,2,A,-,09,21801,A,N,D,C,A,A,H,-,A,D,0,NA,NA,NA,NA,Y,NA,A,01,0,0,2,0,0,0,0,0,0,-,-,NA,NA,ORANGE,FOUNTAIN VALLEY,-117.95296939,33.68687
8480774,2017,2017-11-09,3001,2017-09-30,1332,2231,D2,6,5,7,3001,0,0,0,NA,0,NA,NORTH EAST ST,WILHELMINA ST,0,NA,Y,A,-,N,NA,NA,NA,NA,NA,NA,NA,NA,NA,Y,4,0,5,3,A,-,08,22107,NA,N,C,C,A,A,H,-,A,D,0,NA,NA,NA,NA,Y,NA,A,01,0,0,5,0,0,0,0,0,0,-,-,NA,NA,ORANGE,ANAHEIM,-117.90497004,33.84514
84809629,2025,2025-08-20,3026,2025-08-18,1125,4779,NA,1,5,6,3026,0,0,0,NA,0,006,IRVINE CENTER DR,BARRANCA PKWY,0,NA,Y,A,-,N,NA,NA,NA,NA,NA,NA,NA,NA,NA,Y,2,0,2,2,A,-,12,21453,A,N,D,C,A,A,H,-,A,A,0,NA,NA,NA,NA,Y,NA,A,07,1,0,1,0,0,0,0,0,0,-,-,33.659061431884766,-117.75012969970705,ORANGE,IRVINE,-117.75032043457033,33.659271240234375
84811709,2025,2025-08-21,3019,2025-08-02,2308,3982,NA,6,5,7,3019,0,0,0,NA,0,001,MCFADDEN AVENUE,RIVER VIEW MARKET PLACE,0,NA,Y,A,-,N,NA,NA,NA,NA,NA,NA,NA,NA,NA,N,3,0,2,2,A,-,09,21801,A,N,A,C,A,A,H,-,C,A,0,NA,NA,NA,NA,Y,NA,A,01,0,1,1,0,0,0,0,0,0,-,-,33.73849868774414,-117.91797637939452,ORANGE,SANTA ANA,NA,NA
84811732,2025,2025-08-21,3019,2025-08-10,1440,3730,NA,7,5,7,3019,0,0,0,NA,0,003,MCFADDEN AVENUE,BIRCH STREET,40,E,N,A,-,N,NA,NA,NA,NA,NA,NA,NA,NA,NA,N,4,0,1,2,A,-,03,22350,NA,N,C,C,A,A,H,-,A,D,0,NA,NA,NA,NA,Y,NA,A,01,0,0,1,0,0,0,0,0,0,-,-,33.73442840576172,-117.87098693847656,ORANGE,SANTA ANA,-117.8708953857422,33.734519958496094
8481316,2017,2017-11-09,3006,2017-09-27,1700,316,9,3,5,3,3006,0,0,0,NA,0,001,HOUSTON,INDIGO,0,NA,Y,A,-,N,NA,NA,NA,NA,NA,NA,NA,NA,NA,Y,4,0,1,2,A,-,09,21801,A,N,A,C,A,A,H,-,A,D,0,NA,NA,NA,NA,Y,NA,A,01,0,0,1,0,0,0,0,0,0,-,-,NA,NA,ORANGE,LA PALMA,-118.04456013,33.85365003
84813499,2025,2025-08-22,3019,2025-08-19,1150,2676,NA,2,5,7,3019,0,0,0,NA,0,004,CENTRAL AVENUE,PARK DRIVE,0,NA,Y,A,-,N,NA,NA,NA,NA,NA,NA,NA,NA,NA,N,4,0,1,2,A,-,09,21801,A,N,D,C,A,A,H,-,A,D,0,NA,NA,NA,NA,Y,NA,A,01,0,0,1,0,0,0,0,0,0,-,-,33.712459564208984,-117.88050079345705,ORANGE,SANTA ANA,-117.88079833984376,33.7125244140625
84813509,2025,2025-08-22,3019,2025-08-19,1705,3414,NA,2,5,7,3019,0,0,0,NA,0,002,MAIN STREET,1ST STREET,5,N,N,A,-,N,NA,NA,NA,NA,NA,NA,NA,NA,NA,N,3,0,1,2,A,-,12,21453,A,N,D,G,A,A,H,-,A,A,0,NA,Y,NA,NA,Y,NA,L,04,0,1,0,0,0,0,1,0,0,-,-,33.7453498840332,-117.867431640625,ORANGE,SANTA ANA,-117.8676528930664,33.745418548583984
8481357,2017,2017-12-01,3019,2017-10-11,1320,3324,SE,3,5,7,3019,0,0,0,NA,0,001,ROSS,CHESTNUT,30,S,N,A,-,N,NA,NA,NA,NA,NA,NA,NA,NA,NA,N,4,0,1,2,A,-,08,22107,NA,N,D,G,A,A,H,-,A,D,0,NA,Y,NA,NA,Y,NA,A,07,0,0,1,0,0,0,1,0,0,-,-,NA,NA,ORANGE,SANTA ANA,-117.87214951,33.74233776
84815137,2025,2025-08-25,3001,2025-07-14,725,A2576,NA,1,5,7,3001,0,0,0,NA,0,031,MANCHESTER AVENUE,BROADWAY,0,NA,Y,A,B,N,NA,NA,NA,NA,NA,NA,NA,NA,NA,Y,3,0,2,2,A,-,09,21801,A,N,A,C,A,A,H,-,A,A,0,NA,NA,NA,NA,Y,NA,A,08,0,1,1,0,0,0,0,0,0,-,-,33.8294792175293,-117.93023681640624,ORANGE,ANAHEIM,-117.93007659912108,33.82943344116211
8481552,2017,2017-11-17,3014,2017-10-16,1115,1046,RD25,1,5,5,3014,0,0,0,NA,0,0A2,CLAY ST,CATALINA DR,0,NA,Y,A,-,N,NA,NA,NA,NA,NA,NA,NA,NA,NA,Y,4,0,1,2,A,-,09,21802,A,N,D,C,A,A,H,-,A,A,0,NA,NA,NA,NA,Y,NA,A,07,0,0,1,0,0,0,0,0,0,-,-,33.6266,-117.9231,ORANGE,NEWPORT BEACH,-117.92317001,33.62667007
84816629,2025,2025-08-25,3014,2025-08-14,840,1462,NA,4,5,5,3014,0,0,0,NA,0,A4,BONITA CANYON RD,RESIDENCIA,37,E,N,A,-,N,NA,NA,NA,NA,NA,NA,NA,NA,NA,Y,3,0,3,5,A,-,09,21801,A,N,D,C,A,A,H,-,A,D,0,NA,NA,NA,NA,Y,NA,A,07,0,3,0,0,0,0,0,0,0,-,-,33.62950134277344,-117.86068725585938,ORANGE,NEWPORT BEACH,-117.86051177978516,33.62948226928711
84817620,2025,2025-08-26,3019,2025-08-19,2045,3575,NA,2,5,7,3019,0,0,0,NA,0,001,BRISTOL STREET,SANTA ANA BOULEVARD,33,S,N,A,-,N,NA,NA,NA,NA,NA,NA,NA,NA,NA,N,4,0,1,2,A,-,03,22350,NA,M,C,C,A,A,H,-,C,A,0,NA,NA,NA,NA,Y,NA,A,07,0,0,1,0,0,0,0,0,0,-,-,33.74774169921875,-117.88510131835938,ORANGE,SANTA ANA,-117.88516998291016,33.74784851074219
84819159,2025,2025-08-27,3001,2025-07-16,1220,A2367,NA,3,5,7,3001,0,0,0,NA,0,022,HARBOR BOULEVARD,LINCOLN AVENUE,0,NA,Y,A,-,N,NA,NA,NA,NA,NA,NA,NA,NA,NA,Y,4,0,1,2,D,-,00,NA,NA,N,D,C,A,A,H,-,A,A,0,NA,NA,NA,NA,Y,NA,-,-,0,0,1,0,0,0,0,0,0,-,-,33.83409881591797,-117.91957092285156,ORANGE,ANAHEIM,-117.91961669921876,33.83417510986328
84820742,2025,2025-08-27,3014,2025-08-05,1754,1665,NA,2,5,5,3014,0,0,0,NA,0,A2,WEST COAST HWY,W C/L OF WALNUT ST,156,W,N,A,-,N,NA,NA,NA,NA,NA,NA,NA,NA,NA,N,3,0,1,2,A,-,03,22350,NA,N,H,G,A,A,H,-,A,D,0,NA,NA,NA,NA,Y,NA,M,91,0,1,0,0,0,0,0,0,0,-,-,NA,NA,ORANGE,NEWPORT BEACH,-117.95108795166016,33.627540588378906
84822345,2025,2025-08-28,3014,2025-08-20,757,1532,NA,3,5,5,3014,0,0,0,NA,0,A3,JAMBOREE RD,SR-1 (E COAST HWY),0,NA,N,A,-,Y,NA,NA,NA,NA,NA,NA,NA,NA,NA,Y,3,0,2,3,A,-,07,21658,NA,N,B,C,A,A,H,-,A,A,0,NA,NA,NA,Y,Y,NA,A,07,0,2,0,0,0,0,0,0,0,-,-,NA,NA,ORANGE,NEWPORT BEACH,-117.89073181152344,33.6126594543457
84822371,2025,2025-08-28,3014,2025-08-27,1708,1605,NA,3,5,5,3014,0,0,0,NA,0,A4,SAN JOAQUIN HILLS RD,SPYGLASS HILL RD,160,W,N,A,-,N,NA,NA,NA,NA,NA,NA,NA,NA,NA,Y,4,0,1,2,A,-,03,22350,NA,N,C,C,A,A,H,-,A,A,0,NA,NA,Y,NA,Y,NA,A,08,0,0,1,0,0,0,0,0,0,-,-,33.6072998046875,-117.85138702392578,ORANGE,NEWPORT BEACH,-117.85121154785156,33.60742950439453
84827615,2025,2025-09-03,3019,2025-08-27,1130,3884,NA,3,5,7,3019,0,0,0,NA,0,004,HARBOR BOULEVARD,SEGERSTROM AVENUE,130,S,N,A,-,N,NA,NA,NA,NA,NA,NA,NA,NA,NA,Y,4,0,2,2,A,-,03,22350,NA,N,C,C,A,A,H,-,A,A,0,NA,NA,NA,NA,Y,NA,A,07,0,0,2,0,0,0,0,0,0,-,-,33.70886993408203,-117.92003631591795,ORANGE,SANTA ANA,-117.91973876953124,33.70829391479492
84830936,2025,2025-09-05,3001,2025-08-04,1054,A2382,NA,1,5,7,3001,0,0,0,NA,0,D-2,ROMNEYA DRIVE,EUCLID STREET,464,W,N,A,-,N,NA,NA,NA,NA,NA,NA,NA,NA,NA,N,4,0,2,2,A,-,03,22350,NA,N,C,C,A,A,H,-,A,D,0,NA,NA,NA,NA,Y,NA,A,01,0,0,2,0,0,0,0,0,0,-,-,NA,NA,ORANGE,ANAHEIM,-117.94330596923828,33.85065841674805
84831166,2025,2025-09-05,3019,2025-08-08,211,3658,NA,5,5,7,3019,0,0,0,NA,0,002,4TH STREET,GARFIELD STREET,0,NA,Y,A,-,N,NA,NA,NA,NA,NA,NA,NA,NA,NA,Y,3,0,3,2,A,-,08,22107,NA,N,B,C,A,A,H,-,C,D,0,NA,NA,NA,NA,Y,NA,A,01,0,1,2,0,0,0,0,0,0,-,-,33.74811935424805,-117.85930633544922,ORANGE,SANTA ANA,-117.859130859375,33.74801254272461
84833424,2025,2025-09-08,3016,2025-08-11,1442,2214,NA,1,5,5,3016,0,0,0,NA,0,002,MELROSE AVENUE,LA JOLLA ST.,411,S,N,A,-,N,NA,NA,NA,NA,NA,NA,NA,NA,NA,N,4,0,2,2,A,-,08,22107,NA,N,D,D,A,A,H,-,A,D,0,NA,NA,NA,NA,Y,NA,A,01,0,0,2,0,0,0,0,0,0,-,-,NA,NA,ORANGE,PLACENTIA,-117.87315368652344,33.857330322265625
84833546,2025,2025-09-08,3010,2025-09-04,711,0147,NA,4,5,6,3010,0,0,0,NA,0,002,BROOKHURST ST,INDIANAPOLIS AVE,0,NA,Y,A,-,N,NA,NA,NA,NA,NA,NA,NA,NA,NA,Y,3,0,3,2,A,-,12,21453,A,N,D,C,A,A,H,-,A,A,0,NA,NA,NA,NA,Y,NA,D,22,0,1,2,0,0,0,0,0,0,-,-,33.66510009765625,-117.95391845703124,ORANGE,HUNTINGTON BEACH,-117.95382690429688,33.665103912353516
84836280,2025,2025-09-09,3026,2025-08-30,1353,14173,NA,6,5,6,3026,0,0,0,NA,0,008,NEW HAVEN,BRIDGEPORT,154,N,N,A,-,N,NA,NA,NA,NA,NA,NA,NA,NA,NA,Y,3,0,1,3,A,-,08,22107,NA,N,B,E,A,A,H,-,A,D,0,NA,NA,NA,NA,Y,NA,A,01,0,1,0,0,0,0,0,0,0,-,-,33.70478057861328,-117.77308654785156,ORANGE,IRVINE,-117.7737045288086,33.705963134765625
84836281,2025,2025-09-09,3026,2025-08-31,2005,767,NA,7,5,6,3026,0,0,0,NA,0,005,ALTON PKWY,CREEK,0,NA,Y,A,-,N,NA,NA,NA,NA,NA,NA,NA,NA,NA,N,3,0,1,2,A,-,12,21453,A,N,D,G,A,A,H,-,C,A,0,NA,Y,NA,NA,Y,NA,M,91,0,1,0,0,0,0,1,0,0,-,-,33.673309326171875,-117.80020141601563,ORANGE,IRVINE,-117.80032348632813,33.67312240600586
84841657,2025,2025-09-15,3001,2025-08-19,1226,A2494,NA,2,5,7,3001,0,0,0,NA,0,D-2,EAST STREET,SYCAMORE STREET,134,N,N,A,-,N,NA,NA,NA,NA,NA,NA,NA,NA,NA,Y,4,0,1,3,A,-,09,21801,A,N,D,C,A,A,H,-,A,A,0,NA,NA,NA,NA,Y,NA,A,07,0,0,1,0,0,0,0,0,0,-,-,33.841121673583984,-117.90377044677734,ORANGE,ANAHEIM,-117.90422821044922,33.8427848815918
84841660,2025,2025-09-15,3001,2025-08-19,2135,A2373,NA,2,5,7,3001,0,0,0,NA,0,D-4,FRONTERA STREET,ARMANDO AVENUE,309,W,N,A,-,N,NA,NA,NA,NA,NA,NA,NA,NA,NA,Y,3,0,2,1,C,-,18,NA,NA,N,E,I,A,A,H,-,C,D,0,NA,NA,NA,NA,Y,NA,-,-,0,2,0,0,0,0,0,0,0,-,-,33.84661865234375,-117.85955810546876,ORANGE,ANAHEIM,-117.86025238037108,33.846256256103516
84841857,2025,2025-09-12,3019,2025-09-08,1442,3653,NA,1,5,7,3019,0,0,0,NA,0,003,MCFADDEN AVENUE,ORANGE AVENUE,0,NA,Y,A,-,N,NA,NA,NA,NA,NA,NA,NA,NA,NA,Y,3,0,3,2,A,-,12,21453,A,N,D,C,A,A,H,-,A,A,0,NA,NA,NA,NA,Y,NA,A,01,0,1,2,0,0,0,0,0,0,-,-,33.73345184326172,-117.86512756347656,ORANGE,SANTA ANA,-117.86515045166016,33.73368453979492
84841880,2025,2025-09-12,3019,2025-09-10,1700,3414,NA,3,5,7,3019,0,0,0,NA,0,001,WESTMINSTER AVENUE,NEWHOPE STREET,50,W,N,A,-,N,NA,NA,NA,NA,NA,NA,NA,NA,NA,N,4,0,1,2,A,-,03,22350,NA,N,C,C,A,A,H,-,A,A,0,NA,NA,NA,NA,Y,NA,A,01,0,0,1,0,0,0,0,0,0,-,-,33.759708404541016,-117.92881011962892,ORANGE,SANTA ANA,-117.9290771484375,33.75965881347656