CASE_ID,ACCIDENT_YEAR,PROC_DATE,JURIS,COLLISION_DATE,COLLISION_TIME,OFFICER_ID,REPORTING_DISTRICT,DAY_OF_WEEK,CHP_SHIFT,POPULATION,CNTY_CITY_LOC,SPECIAL_COND,BEAT_TYPE,CHP_BEAT_TYPE,CITY_DIVISION_LAPD,CHP_BEAT_CLASS,BEAT_NUMBER,PRIMARY_RD,SECONDARY_RD,DISTANCE,DIRECTION,INTERSECTION,WEATHER_1,WEATHER_2,STATE_HWY_IND,CALTRANS_COUNTY,CALTRANS_DISTRICT,STATE_ROUTE,ROUTE_SUFFIX,POSTMILE_PREFIX,POSTMILE,LOCATION_TYPE,RAMP_INTERSECTION,SIDE_OF_HWY,TOW_AWAY,COLLISION_SEVERITY,NUMBER_KILLED,NUMBER_INJURED,PARTY_COUNT,PRIMARY_COLL_FACTOR,PCF_CODE_OF_VIOL,PCF_VIOL_CATEGORY,PCF_VIOLATION,PCF_VIOL_SUBSECTION,HIT_AND_RUN,TYPE_OF_COLLISION,MVIW,PED_ACTION,ROAD_SURFACE,ROAD_COND_1,ROAD_COND_2,LIGHTING,CONTROL_DEVICE,CHP_ROAD_TYPE,PEDESTRIAN_ACCIDENT,BICYCLE_ACCIDENT,MOTORCYCLE_ACCIDENT,TRUCK_ACCIDENT,NOT_PRIVATE_PROPERTY,ALCOHOL_INVOLVED,STWD_VEHTYPE_AT_FAULT,CHP_VEHTYPE_AT_FAULT,COUNT_SEVERE_INJ,COUNT_VISIBLE_INJ,COUNT_COMPLAINT_PAIN,COUNT_PED_KILLED,COUNT_PED_INJURED,COUNT_BICYCLIST_KILLED,COUNT_BICYCLIST_INJURED,COUNT_MC_KILLED,COUNT_MC_INJURED,PRIMARY_RAMP,SECONDARY_RAMP,LATITUDE,LONGITUDE,COUNTY,CITY,POINT_X,POINT_Y
8484189,2017,2017-11-13,3001,2017-10-16,1508,2187,NA,1,5,7,3001,0,0,0,NA,0,D 1,SOUTH EUCLID ST,W PAMPAS LN,0,NA,Y,A,-,N,NA,NA,NA,NA,NA,NA,NA,NA,NA,Y,3,0,4,3,A,-,09,21801,A,N,D,C,A,A,H,-,A,A,0,NA,NA,NA,NA,Y,NA,A,07,0,1,3,0,0,0,0,0,0,-,-,NA,NA,ORANGE,ANAHEIM,-117.94151004,33.830700039999996
84844020,2025,2025-09-23,3001,2025-08-22,1727,A2348,NA,5,5,7,3001,0,0,0,NA,0,D-1,BEACH BOULEVARD,ORANGE AVENUE,0,NA,Y,A,-,Y,NA,NA,NA,NA,NA,NA,NA,NA,NA,Y,3,0,2,3,A,-,12,21453,A,N,D,C,A,A,H,-,A,A,0,NA,NA,NA,NA,Y,NA,A,01,0,1,1,0,0,0,0,0,0,-,-,NA,NA,ORANGE,ANAHEIM,-117.99324798583984,33.824764251708984
8484464,2017,2017-12-05,3019,2017-10-15,2003,3409,WE,7,5,7,3019,0,0,0,NA,0,002,EUCLID ST,MCFADDEN AV,200,N,N,A,-,N,NA,NA,NA,NA,NA,NA,NA,NA,NA,N,4,0,1,2,A,-,07,21658,A,N,C,C,A,A,H,-,C,A,0,NA,NA,NA,NA,Y,NA,A,01,0,0,1,0,0,0,0,0,0,-,-,33.73828,-117.93767,ORANGE,SANTA ANA,-117.9374001,33.73869826
8484836,2017,2017-12-05,3019,2017-10-18,1734,3198,SE,3,5,7,3019,0,0,0,NA,0,003,STANDARD AV,1ST ST,0,NA,Y,A,-,N,NA,NA,NA,NA,NA,NA,NA,NA,NA,Y,3,0,1,2,A,-,09,21801,A,N,A,C,A,A,H,-,A,A,0,NA,NA,NA,NA,Y,NA,A,01,0,1,0,0,0,0,0,0,0,-,-,33.74559,-117.85726,ORANGE,SANTA ANA,-117.85698012,33.74552011
8484876,2017,2017-12-05,3019,2017-10-04,1802,2797,NE,3,5,7,3019,0,0,0,NA,0,001,BROADWAY,15TH ST,20,N,N,A,-,N,NA,NA,NA,NA,NA,NA,NA,NA,NA,N,3,0,2,3,A,-,08,22107,NA,N,D,C,A,A,H,-,A,A,0,NA,NA,NA,NA,Y,NA,A,07,0,1,1,0,0,0,0,0,0,-,-,33.75809,-117.86971,ORANGE,SANTA ANA,-117.86965897,33.75789482
84850627,2025,2025-09-19,3001,2025-09-13,531,A2576,NA,6,5,7,3001,0,0,0,NA,0,014,MAGNOLIA AVENUE,CRESCENT AVENUE,49,S,N,A,-,N,NA,NA,NA,NA,NA,NA,NA,NA,NA,Y,4,0,1,2,A,-,01,23152,A,N,C,C,A,A,H,-,C,A,0,NA,NA,NA,NA,Y,Y,A,01,0,0,1,0,0,0,0,0,0,-,-,NA,NA,ORANGE,ANAHEIM,-117.97606658935548,33.83941650390625
84853587,2025,2025-09-22,3026,2025-09-14,1451,11846,NA,7,5,6,3026,0,0,0,NA,0,004,BARRANCA PKWY,CULVER DR,0,NA,Y,A,-,N,NA,NA,NA,NA,NA,NA,NA,NA,NA,Y,2,0,2,2,A,-,09,21453,C,N,D,C,A,A,H,-,A,A,0,NA,NA,NA,NA,Y,NA,A,01,1,1,0,0,0,0,0,0,0,-,-,33.68362045288086,-117.80774688720705,ORANGE,IRVINE,-117.80841827392578,33.68410110473633
8485545,2017,2018-06-01,3012,2017-09-27,0707,586,12,3,5,5,3012,0,0,0,NA,0,001,WHITTIER BL,IDAHO ST,0,NA,Y,A,-,Y,ORA,12,39,-,-,21.215,I,5,N,Y,4,0,2,3,A,-,12,21453,A,N,-,D,A,A,H,-,A,A,0,NA,NA,NA,NA,Y,NA,A,01,0,0,2,0,0,0,0,0,0,-,-,NA,NA,ORANGE,LA HABRA,-117.95921754,33.93902607
84858970,2025,2025-09-25,3001,2025-09-15,1505,A1373,NA,1,5,7,3001,0,0,0,NA,0,D-4,SANTA ANA CANYON RD,SOLOMON DR,40,W,N,A,-,N,NA,NA,NA,NA,NA,NA,NA,NA,NA,Y,4,0,2,4,A,-,03,22350,NA,N,C,C,A,A,H,-,A,D,0,NA,NA,NA,NA,Y,NA,D,22,0,0,2,0,0,0,0,0,0,-,-,33.852909088134766,-117.78402709960938,ORANGE,ANAHEIM,-117.78399658203124,33.852500915527344
84858984,2025,2025-09-26,3001,2025-09-19,1833,A2348,NA,5,5,7,3001,0,0,0,NA,0,D-2,LA PALMA AVENUE,WEST STREET (E),0,NA,Y,A,-,N,NA,NA,NA,NA,NA,NA,NA,NA,NA,Y,4,0,2,2,A,-,09,21801,A,N,D,C,A,A,H,-,A,A,0,NA,NA,NA,NA,Y,NA,D,22,0,0,2,0,0,0,0,0,0,-,-,NA,NA,ORANGE,ANAHEIM,-117.93220520019533,33.847164154052734
84858993,2025,2025-09-25,3001,2025-09-22,1315,A3044,NA,1,5,7,3001,0,0,0,NA,0,D-1,MAGNOLIA AVE,WOODLAND DR,440,S,N,A,-,N,NA,NA,NA,NA,NA,NA,NA,NA,NA,Y,3,0,1,3,A,-,03,22350,NA,N,C,C,A,A,H,-,A,D,0,NA,NA,NA,NA,Y,NA,A,01,0,1,0,0,0,0,0,0,0,-,-,33.84933090209961,-117.9760971069336,ORANGE,ANAHEIM,-117.97615051269533,33.84812545776367
84860351,2025,2025-09-25,3014,2025-09-23,950,1418,NA,2,5,5,3014,0,0,0,NA,0,A4,SR-1 (COAST HWY E),LARKSPUR AVE,118,W,N,A,-,Y,NA,NA,NA,NA,NA,NA,NA,NA,NA,Y,4,0,2,3,A,-,01,23152,NA,N,C,C,A,A,H,-,A,D,0,NA,NA,NA,NA,Y,Y,A,07,0,0,2,0,0,0,0,0,0,-,-,33.597591400146484,-117.87159729003906,ORANGE,NEWPORT BEACH,NA,NA
84862545,2025,2025-09-29,3019,2025-09-23,1720,3737,NA,2,5,7,3019,0,0,0,NA,0,004,MACARTHUR BOULEVARD,TWILIGHT,70,W,N,A,-,N,NA,NA,NA,NA,NA,NA,NA,NA,NA,Y,2,0,1,1,A,-,08,22107,NA,N,E,I,A,A,H,-,A,D,0,NA,NA,NA,NA,Y,NA,D,22,1,0,0,0,0,0,0,0,0,-,-,33.700111389160156,-117.89488220214844,ORANGE,SANTA ANA,-117.89509582519533,33.69995880126953
84863655,2025,2025-09-29,3010,2025-09-25,733,3042,NA,4,5,6,3010,0,0,0,NA,0,003,ADAMS AVE,BROOKHURST ST,166,E,N,B,-,N,NA,NA,NA,NA,NA,NA,NA,NA,NA,N,3,0,1,2,A,-,08,22107,NA,F,H,G,A,A,H,-,A,A,0,NA,Y,NA,NA,Y,NA,-,99,0,1,0,0,0,0,1,0,0,-,-,33.67237854003906,-117.95387268066406,ORANGE,HUNTINGTON BEACH,-117.95342254638672,33.67231369018555
84865540,2025,2025-09-30,3010,2025-09-29,801,2083,NA,1,5,6,3010,0,0,0,NA,0,004,FLORIDA ST,JAY CIR,0,NA,Y,A,-,N,NA,NA,NA,NA,NA,NA,NA,NA,NA,N,4,0,1,4,A,-,09,21801,A,N,D,C,A,A,H,-,A,D,0,NA,NA,NA,NA,Y,NA,A,01,0,0,1,0,0,0,0,0,0,-,-,33.67702102661133,-117.9909210205078,ORANGE,HUNTINGTON BEACH,-117.99088287353516,33.6771354675293
8486621,2017,2018-07-10,3024,2017-10-28,1717,422,P32,6,5,5,3024,0,0,0,NA,0,EAST,RT 39,BISHOP AV,121,S,N,A,-,Y,ORA,12,39,-,-,6.34,H,-,N,Y,4,0,1,4,A,-,08,22107,NA,N,B,C,A,A,H,-,A,A,0,NA,NA,NA,NA,Y,NA,A,01,0,0,1,0,0,0,0,0,0,-,-,33.74107,-117.9895,ORANGE,WESTMINSTER,-117.98935648,33.74035026
84867189,2025,2025-10-01,3026,2025-09-19,819,691,NA,5,5,6,3026,0,0,0,NA,0,007,WHISPERING TRAIL,PORTOLA,0,NA,Y,A,-,N,NA,NA,NA,NA,NA,NA,NA,NA,NA,N,4,0,1,2,B,-,22,NA,NA,N,D,G,A,A,H,-,A,D,0,NA,Y,NA,NA,Y,NA,L,04,0,0,1,0,0,0,1,0,0,-,-,NA,NA,ORANGE,IRVINE,-117.76467895507813,33.73764419555664
8486763,2017,2017-11-20,3024,2017-11-02,1047,432,P40,4,5,5,3024,0,0,0,NA,0,EAST,MCFADDEN AV,BROOKHURST ST,125,E,N,C,-,N,NA,NA,NA,NA,NA,NA,NA,NA,NA,Y,4,0,1,3,A,-,03,22350,NA,N,C,C,A,B,G,-,A,D,0,NA,NA,NA,NA,Y,NA,A,01,0,0,1,0,0,0,0,0,0,-,-,33.73769,-117.95475,ORANGE,WESTMINSTER,-117.95443991,33.73768622
84872903,2025,2025-10-06,3001,2025-09-06,1711,A2814,NA,6,5,7,3001,0,0,0,NA,0,D-3,SUNKIST STREET,WAGNER AVENUE,0,NA,Y,A,-,N,NA,NA,NA,NA,NA,NA,NA,NA,NA,Y,3,0,3,2,A,-,09,21801,A,N,A,C,A,A,H,-,A,A,0,NA,NA,NA,NA,Y,NA,A,01,0,1,2,0,0,0,0,0,0,-,-,NA,NA,ORANGE,ANAHEIM,-117.88053894042967,33.825401306152344
84873021,2025,2025-10-06,3010,2025-09-25,1102,1022,NA,4,5,6,3010,0,0,0,NA,0,009,OXFORD DR,YORKSHIRE LN,0,NA,Y,A,-,N,NA,NA,NA,NA,NA,NA,NA,NA,NA,Y,4,0,1,2,A,-,09,21801,A,N,D,C,A,A,H,-,A,A,0,NA,NA,NA,NA,Y,NA,A,08,0,0,1,0,0,0,0,0,0,-,-,33.74148941040039,-118.00827026367188,ORANGE,HUNTINGTON BEACH,-118.0087661743164,33.74238586425781
84875411,2025,2025-10-07,3010,2025-10-03,1816,4094,NA,5,5,6,3010,0,0,0,NA,0,003,MAGNOLIA ST,ADAMS AVE,98,N,N,A,-,N,NA,NA,NA,NA,NA,NA,NA,NA,NA,N,3,0,2,2,A,-,08,22107,NA,N,H,G,A,A,H,-,A,D,0,NA,Y,NA,NA,Y,NA,A,01,0,2,0,0,0,0,1,0,0,-,-,33.672760009765625,-117.97122955322266,ORANGE,HUNTINGTON BEACH,-117.97120666503906,33.672210693359375
84877244,2025,2025-10-08,3019,2025-09-29,1318,3653,NA,1,5,7,3019,0,0,0,NA,0,004,BRISTOL STREET,CENTRAL AVENUE,169,S,N,A,-,N,NA,NA,NA,NA,NA,NA,NA,NA,NA,Y,4,0,3,3,A,-,03,22350,NA,N,C,C,A,A,H,-,A,A,0,NA,NA,NA,NA,Y,NA,A,01,0,0,3,0,0,0,0,0,0,-,-,33.71257019042969,-117.8851318359375,ORANGE,SANTA ANA,-117.88539886474608,33.712135314941406
8487890,2017,2017-11-17,3019,2017-09-29,2154,3390,SC,5,5,7,3019,0,0,0,NA,0,001,BRISTOL ST,BRISTOL PLZ,0,NA,Y,A,-,N,NA,NA,NA,NA,NA,NA,NA,NA,NA,N,4,0,2,2,D,-,00,NA,NA,N,A,C,A,A,H,-,C,A,0,NA,NA,NA,NA,Y,NA,-,-,0,0,2,0,0,0,0,0,0,-,-,33.70204,-117.88547,ORANGE,SANTA ANA,-117.88481005,33.77669007
8488038,2017,2017-11-16,3003,2017-09-27,1255,1056,NA,3,5,5,3003,0,0,0,NA,0,NA,LINCOLN AV,VALLEY VIEW ST,590,E,N,A,-,N,NA,NA,NA,NA,NA,NA,NA,NA,NA,N,4,0,1,2,A,-,09,21804,A,N,D,C,A,A,H,-,A,D,0,NA,Y,NA,NA,Y,NA,L,04,0,0,1,0,0,0,1,0,0,-,-,33.4954,-118.0134,ORANGE,BUENA PARK,-118.02655175,33.83182669
84884880,2025,2025-10-14,3019,2025-09-30,1539,3737,NA,2,5,7,3019,0,0,0,NA,0,004,SEGERSTROM AVENUE,SHELTON STREET,397,E,N,A,-,N,NA,NA,NA,NA,NA,NA,NA,NA,NA,N,4,0,1,2,A,-,03,22350,NA,N,C,C,A,A,H,-,A,D,0,NA,NA,NA,NA,Y,NA,D,22,0,0,1,0,0,0,0,0,0,-,-,33.70875930786133,-117.88149261474608,ORANGE,SANTA ANA,-117.88045501708984,33.70939254760742
84884911,2025,2025-10-14,3010,2025-10-11,200,2169,NA,6,5,6,3010,0,0,0,NA,0,002,NEWLAND ST,PACIFIC COAST HWY - SR1,5,N,N,A,-,N,NA,NA,NA,NA,NA,NA,NA,NA,NA,Y,4,0,2,2,A,-,08,22107,NA,F,A,C,A,A,H,-,C,A,0,NA,NA,NA,NA,Y,Y,A,01,0,0,2,0,0,0,0,0,0,-,-,33.64434814453125,-117.98110198974608,ORANGE,HUNTINGTON BEACH,-117.981201171875,33.644283294677734
84888592,2025,2025-10-16,3019,2025-10-09,2250,3736,NA,4,5,7,3019,0,0,0,NA,0,002,1ST STREET,FLOWER STREET,0,NA,Y,A,-,N,NA,NA,NA,NA,NA,NA,NA,NA,NA,Y,4,0,2,2,A,-,12,21453,A,N,D,C,A,A,H,-,C,A,0,NA,NA,NA,NA,Y,NA,D,22,0,0,2,0,0,0,0,0,0,-,-,33.74544143676758,-117.87622833251952,ORANGE,SANTA ANA,-117.8764190673828,33.745418548583984
84892669,2025,2025-10-20,3008,2025-09-02,1940,1685,NA,2,5,6,3008,0,0,0,NA,0,NA,BROOKHURST RD,SOUTHGATE AVE,0,NA,Y,A,-,N,NA,NA,NA,NA,NA,NA,NA,NA,NA,N,4,0,1,2,A,-,09,21801,A,M,D,C,A,A,H,-,B,D,0,NA,NA,NA,NA,Y,NA,-,99,0,0,1,0,0,0,0,0,0,-,-,33.86103057861328,-117.95928955078124,ORANGE,FULLERTON,-117.95932769775392,33.86127471923828
8489776,2017,2017-12-01,3015,2017-10-10,0730,1574,46,2,5,6,3015,0,0,0,NA,0,213,KATELLA AV,HARDING ST,0,NA,Y,A,-,N,NA,NA,NA,NA,NA,NA,NA,NA,NA,Y,3,0,1,2,A,-,03,22350,NA,N,D,C,A,A,A,-,A,D,0,NA,NA,NA,NA,Y,NA,A,01,0,1,0,0,0,0,0,0,0,-,-,NA,NA,ORANGE,ORANGE,-117.82330011,33.81042005
84901821,2025,2025-10-27,3014,2025-10-20,1700,1532,NA,1,5,5,3014,0,0,0,NA,0,A4,POINSETTIA AVE,SECOND AVE,0,NA,Y,A,-,N,NA,NA,NA,NA,NA,NA,NA,NA,NA,Y,3,0,2,2,A,-,09,21802,NA,N,D,C,A,A,H,-,A,A,0,NA,NA,NA,NA,Y,NA,A,07,0,2,0,0,0,0,0,0,0,-,-,33.59518814086914,-117.86679077148438,ORANGE,NEWPORT BEACH,-117.86685180664063,33.595191955566406
8490378,2017,2017-11-29,3003,2017-10-05,1314,1056,NA,4,5,5,3003,0,0,0,NA,0,NA,ORANGETHORPE AV,BEACH BL,265,E,N,A,-,N,NA,NA,NA,NA,NA,NA,NA,NA,NA,Y,4,0,1,2,A,-,09,21801,A,N,D,C,A,A,H,-,A,D,0,NA,NA,NA,NA,Y,NA,-,NA,0,0,1,0,0,0,0,0,0,-,-,33.8589,-117.997,ORANGE,BUENA PARK,-117.9973091,33.85899021
84904945,2025,2025-10-28,3019,2025-10-15,1845,3491,NA,3,5,7,3019,0,0,0,NA,0,004,SEGERSTROM AVENUE,FLOWER STREET,0,NA,Y,A,-,N,NA,NA,NA,NA,NA,NA,NA,NA,NA,Y,3,0,2,2,A,-,09,21801,A,N,D,C,A,A,H,-,B,A,0,NA,NA,NA,NA,Y,NA,A,01,0,1,1,0,0,0,0,0,0,-,-,33.70951843261719,-117.87661743164063,ORANGE,SANTA ANA,-117.87683868408205,33.709598541259766
84906665,2025,2025-10-29,3019,2025-09-21,1106,4023,NA,7,5,7,3019,0,0,0,NA,0,004,1ST STREET,DAISY AVENUE,0,S,Y,A,-,N,NA,NA,NA,NA,NA,NA,NA,NA,NA,N,4,0,1,2,D,-,00,NA,NA,N,D,G,A,A,H,-,A,D,0,NA,Y,NA,NA,Y,NA,-,-,0,0,1,0,0,0,1,0,0,-,-,33.74530029296875,-117.89481353759766,ORANGE,SANTA ANA,-117.89483642578124,33.745399475097656
84906772,2025,2025-10-29,3008,2025-09-10,1255,1616,NA,3,5,6,3008,0,0,0,NA,0,NA,ORANGETHORPE AVE,ACACIA AVE,0,NA,Y,A,-,N,NA,NA,NA,NA,NA,NA,NA,NA,NA,Y,3,0,2,2,A,-,01,23152,A,M,D,C,A,A,H,-,A,A,0,NA,NA,NA,NA,Y,Y,A,01,0,1,1,0,0,0,0,0,0,-,-,33.859519958496094,-117.89808654785156,ORANGE,FULLERTON,-117.8980712890625,33.85963821411133
8490782,2017,2017-11-30,3019,2017-10-23,2105,3414,NA,1,5,7,3019,0,0,0,NA,0,NA,MAIN ST,COLUMBINE AV,14,N,N,A,-,N,NA,NA,NA,NA,NA,NA,NA,NA,NA,N,4,0,1,2,A,-,12,21453,A,F,G,B,B,A,H,-,C,A,0,Y,NA,NA,NA,Y,NA,A,01,0,0,1,0,1,0,0,0,0,-,-,33.70303,-117.86801,ORANGE,SANTA ANA,-117.86817863,33.70266836
84914452,2025,2025-11-06,3019,2025-10-26,821,3931,NA,7,5,7,3019,0,0,0,NA,0,002,1ST STREET,MAIN STREET,0,NA,Y,A,-,N,NA,NA,NA,NA,NA,NA,NA,NA,NA,N,4,0,1,2,A,-,12,21453,A,N,D,C,A,A,H,-,A,D,0,NA,NA,NA,NA,Y,NA,A,07,0,0,1,0,0,0,0,0,0,-,-,33.744659423828125,-117.86779022216795,ORANGE,SANTA ANA,-117.8676528930664,33.745418548583984
84919316,2025,2025-11-11,3014,2025-10-23,1817,1668,NA,4,5,5,3014,0,0,0,NA,0,A3,JAMBOREE RD,HYATT REGENCY,0,NA,Y,A,-,N,NA,NA,NA,NA,NA,NA,NA,NA,NA,Y,3,0,7,2,A,-,03,22350,NA,N,C,C,A,A,H,-,A,A,0,NA,NA,NA,NA,Y,NA,A,07,0,3,4,0,0,0,0,0,0,-,-,33.61669921875,-117.88768768310548,ORANGE,NEWPORT BEACH,-117.88772583007813,33.61669158935547
8492291,2017,2017-11-22,3002,2017-07-27,0150,501.3,741C5,4,5,5,3025,0,0,0,NA,0,004,VIA LOMAS DE YORBA E,VIA ARRIBA LINDA,572,S,N,A,-,N,NA,NA,NA,NA,NA,NA,NA,NA,NA,Y,3,0,1,1,A,-,08,22107,NA,N,E,I,A,A,H,-,C,D,0,NA,NA,NA,NA,Y,NA,A,01,0,1,0,0,0,0,0,0,0,-,-,NA,NA,ORANGE,YORBA LINDA,-117.72266406,33.8735603
8492300,2017,2017-11-21,3000,2017-10-23,0735,2672,891J2,1,5,5,3050,0,0,0,NA,0,6M62,LAKE FOREST DR,TRABUCO RD,155,E,N,A,-,N,NA,NA,NA,NA,NA,NA,NA,NA,NA,N,3,0,1,2,A,-,09,21804,A,N,D,G,A,A,H,-,A,D,0,NA,Y,NA,NA,Y,NA,A,07,0,1,0,0,0,0,1,0,0,-,-,NA,NA,ORANGE,LAKE FOREST,-117.68562638,33.64718672
84924036,2025,2025-11-12,3001,2025-10-12,1557,A1264,NA,7,5,7,3001,0,0,0,NA,0,D-4,IMPERIAL HWY (SR-90),ORANGETHORPE AVE. (RAMP),44,N,N,A,-,Y,ORA,NA,90,NA,NA,12.239,H,NA,R,Y,3,0,2,2,A,-,03,22350,NA,N,C,C,A,A,H,-,A,A,0,NA,NA,NA,NA,Y,NA,A,01,0,1,1,0,0,0,0,0,0,-,-,33.86301040649414,-117.79039764404295,ORANGE,ANAHEIM,-117.79047393798828,33.86301040649414
8492430,2017,2017-11-21,3008,2017-08-03,1229,1117,NA,4,5,6,3008,0,0,0,NA,0,0Z3,CHAPMAN AV,ST COLLEGE BL,900,W,N,A,-,N,NA,NA,NA,NA,NA,NA,NA,NA,NA,Y,4,0,2,2,A,-,03,22350,NA,N,C,C,A,A,H,-,A,D,0,NA,NA,NA,NA,Y,NA,A,01,0,0,2,0,0,0,0,0,0,-,-,NA,NA,ORANGE,FULLERTON,-117.892597,33.874189
8492447,2017,2017-11-27,3002,2017-09-09,0015,5013,741C5,6,5,5,3025,0,0,0,NA,0,004,LA PALMA AV,VIA LOMAS DE YORBA WEST,1598,W,N,A,-,N,NA,NA,NA,NA,NA,NA,NA,NA,NA,Y,3,0,1,1,A,-,08,22107,NA,N,E,I,A,A,H,-,C,D,0,NA,NA,NA,NA,Y,NA,A,01,0,1,0,0,0,0,0,0,0,-,-,NA,NA,ORANGE,YORBA LINDA,-117.74047142,33.88239075
8492468,2017,2017-11-29,3000,2017-10-12,1311,9881,951H1,4,5,5,3040,0,0,0,NA,0,741,MOULTON PKWY,RANCHO NIGUEL RD,925,N,N,A,-,N,NA,NA,NA,NA,NA,NA,NA,NA,NA,Y,4,0,2,3,A,-,09,21801,A,N,D,C,A,A,H,-,A,D,0,NA,NA,NA,NA,Y,NA,A,07,0,0,2,0,0,0,0,0,0,-,-,NA,NA,ORANGE,LAGUNA NIGUEL,-117.69727549,33.55302422
84925143,2025,2025-11-12,3001,2025-10-20,2003,A2540,NA,1,5,7,3001,0,0,0,NA,0,NA,WALNUT STREET,CHESTNUT STREET,10,S,N,A,-,N,NA,NA,NA,NA,NA,NA,NA,NA,NA,N,3,0,1,2,A,-,08,22107,NA,N,C,E,A,A,H,-,C,D,0,NA,Y,NA,NA,Y,NA,L,04,0,1,0,0,0,0,1,0,0,-,-,NA,NA,ORANGE,ANAHEIM,-117.9284896850586,33.830902099609375
84925843,2025,2025-11-12,3014,2025-11-01,1324,1561,NA,6,5,5,3014,0,0,0,NA,0,A1,NEWPORT BLVD,23RD ST,0,NA,Y,A,-,N,NA,NA,NA,NA,NA,NA,NA,NA,NA,N,3,0,1,1,A,-,03,22350,NA,N,H,A,A,A,H,-,A,D,0,NA,NA,NA,NA,Y,NA,M,91,0,1,0,0,0,0,0,0,0,-,-,33.610389709472656,-117.92878723144533,ORANGE,NEWPORT BEACH,-117.92858123779295,33.61042022705078
84927029,2025,2025-11-13,3001,2025-10-21,1107,A2873,NA,2,5,7,3001,0,0,0,NA,0,D-2,LINCOLN AVENUE,SOUTHBOUND OFF RAMP 57 FREEWAY,48,E,N,A,-,Y,NA,NA,NA,NA,NA,NA,NA,NA,NA,Y,4,0,1,2,A,-,03,22350,NA,F,C,C,A,A,H,-,A,A,0,NA,NA,NA,NA,Y,NA,A,01,0,0,1,0,0,0,0,0,0,-,-,NA,NA,ORANGE,ANAHEIM,NA,NA
84927044,2025,2025-11-13,3001,2025-10-25,1750,A2912,NA,6,5,7,3001,0,0,0,NA,0,D-1,DALE AVE,LINCOLN AVE,324,S,N,A,-,N,NA,NA,NA,NA,NA,NA,NA,NA,NA,N,4,0,1,2,A,-,05,21650,1,N,D,G,A,A,H,-,A,A,0,NA,Y,NA,NA,Y,NA,L,04,0,0,1,0,0,0,1,0,0,-,-,33.8319206237793,-117.98458862304688,ORANGE,ANAHEIM,-117.9847412109375,33.832088470458984
84927215,2025,2025-11-13,3019,2025-10-28,1001,3653,NA,2,5,7,3019,0,0,0,NA,0,003,MACARTHUR BOULEVARD,PARTON STREET,10,E,N,A,-,N,NA,NA,NA,NA,NA,NA,NA,NA,NA,Y,3,0,1,2,A,-,09,21802,A,N,H,G,A,A,H,-,A,A,0,NA,Y,NA,NA,Y,NA,A,07,0,1,0,0,0,0,1,0,0,-,-,33.69984817504883,-117.87445831298828,ORANGE,SANTA ANA,-117.8744888305664,33.70008087158203
84928991,2025,2025-11-14,3001,2025-10-29,1639,A2832,NA,3,5,7,3001,0,0,0,NA,0,014,LA PALMA AVENUE,WOODLAND DRIVE,340,E,N,A,-,N,NA,NA,NA,NA,NA,NA,NA,NA,NA,Y,4,0,4,4,A,-,03,22350,NA,N,C,C,A,A,H,-,A,D,0,NA,NA,NA,NA,Y,NA,I,11,0,0,4,0,0,0,0,0,0,-,-,NA,NA,ORANGE,ANAHEIM,-117.97817230224608,33.84682846069336
84928997,2025,2025-11-14,3001,2025-10-30,1657,A2623,NA,4,5,7,3001,0,0,0,NA,0,D-1,BALL RD,WEBSTER AVE,52,W,N,A,-,N,NA,NA,NA,NA,NA,NA,NA,NA,NA,N,3,0,1,2,A,-,17,22517,NA,N,B,G,A,A,H,-,A,D,0,NA,Y,NA,NA,Y,NA,A,01,0,1,0,0,0,0,1,0,0,-,-,33.81768035888672,-117.97088623046876,ORANGE,ANAHEIM,-117.97106170654295,33.81766128540039
84929375,2025,2025-11-14,3010,2025-10-31,114,6069,NA,5,5,6,3010,0,0,0,NA,0,006,GOTHARD ST,BELVA DR,307,N,N,A,-,N,NA,NA,NA,NA,NA,NA,NA,NA,NA,N,4,0,1,2,A,-,08,22107,NA,M,B,G,A,A,H,-,C,D,0,NA,Y,NA,NA,Y,NA,-,99,0,0,1,0,0,0,1,0,0,-,-,33.705718994140625,-117.99994659423828,ORANGE,HUNTINGTON BEACH,-117.99993896484376,33.705570220947266
84934918,2025,2025-11-18,3010,2025-11-13,1542,2199,NA,4,5,6,3010,0,0,0,NA,0,003,GARFIELD AVE,NEWLAND ST,0,NA,Y,A,-,N,NA,NA,NA,NA,NA,NA,NA,NA,NA,Y,4,0,3,3,A,-,12,21453,A,N,D,C,A,A,H,-,A,A,0,NA,NA,NA,NA,Y,NA,A,01,0,0,3,0,0,0,0,0,0,-,-,33.68661117553711,-117.98052215576172,ORANGE,HUNTINGTON BEACH,-117.98011016845705,33.686729431152344
84936544,2025,2025-11-19,3014,2025-11-07,215,1640,NA,5,5,5,3014,0,0,0,NA,0,A3,VISTA CAUDAL,AVENIDA CAMPO,113,W,N,A,-,N,NA,NA,NA,NA,NA,NA,NA,NA,NA,N,3,0,1,1,A,-,01,23152,F,N,E,I,A,A,H,-,D,D,0,NA,NA,NA,NA,Y,NA,D,22,0,1,0,0,0,0,0,0,0,-,-,33.6338005065918,-117.88349151611328,ORANGE,NEWPORT BEACH,-117.88353729248048,33.63396072387695