CASE_ID,ACCIDENT_YEAR,PROC_DATE,JURIS,COLLISION_DATE,COLLISION_TIME,OFFICER_ID,REPORTING_DISTRICT,DAY_OF_WEEK,CHP_SHIFT,POPULATION,CNTY_CITY_LOC,SPECIAL_COND,BEAT_TYPE,CHP_BEAT_TYPE,CITY_DIVISION_LAPD,CHP_BEAT_CLASS,BEAT_NUMBER,PRIMARY_RD,SECONDARY_RD,DISTANCE,DIRECTION,INTERSECTION,WEATHER_1,WEATHER_2,STATE_HWY_IND,CALTRANS_COUNTY,CALTRANS_DISTRICT,STATE_ROUTE,ROUTE_SUFFIX,POSTMILE_PREFIX,POSTMILE,LOCATION_TYPE,RAMP_INTERSECTION,SIDE_OF_HWY,TOW_AWAY,COLLISION_SEVERITY,NUMBER_KILLED,NUMBER_INJURED,PARTY_COUNT,PRIMARY_COLL_FACTOR,PCF_CODE_OF_VIOL,PCF_VIOL_CATEGORY,PCF_VIOLATION,PCF_VIOL_SUBSECTION,HIT_AND_RUN,TYPE_OF_COLLISION,MVIW,PED_ACTION,ROAD_SURFACE,ROAD_COND_1,ROAD_COND_2,LIGHTING,CONTROL_DEVICE,CHP_ROAD_TYPE,PEDESTRIAN_ACCIDENT,BICYCLE_ACCIDENT,MOTORCYCLE_ACCIDENT,TRUCK_ACCIDENT,NOT_PRIVATE_PROPERTY,ALCOHOL_INVOLVED,STWD_VEHTYPE_AT_FAULT,CHP_VEHTYPE_AT_FAULT,COUNT_SEVERE_INJ,COUNT_VISIBLE_INJ,COUNT_COMPLAINT_PAIN,COUNT_PED_KILLED,COUNT_PED_INJURED,COUNT_BICYCLIST_KILLED,COUNT_BICYCLIST_INJURED,COUNT_MC_KILLED,COUNT_MC_INJURED,PRIMARY_RAMP,SECONDARY_RAMP,LATITUDE,LONGITUDE,COUNTY,CITY,POINT_X,POINT_Y
8502426,2017,2017-12-14,3000,2017-11-10,1505,1056,892D1,5,5,5,3028,0,0,0,NA,0,051,SANTA MARGARITA PKWY,LOS ALISOS BL,0,NA,Y,A,-,N,NA,NA,NA,NA,NA,NA,NA,NA,NA,Y,3,0,2,2,A,-,12,21453,A,N,D,C,A,A,H,-,A,A,0,NA,NA,NA,NA,Y,NA,A,01,0,2,0,0,0,0,0,0,0,-,-,33.65466,-117.64709,ORANGE,MISSION VIEJO,-117.64796008,33.65386009
8502774,2017,2017-12-20,3008,2017-11-12,1928,1470,NA,7,5,6,3008,0,0,0,NA,0,0Z1,MALVERN AV,CARHART AV,0,NA,Y,A,-,N,NA,NA,NA,NA,NA,NA,NA,NA,NA,Y,4,0,1,2,A,-,12,21453,A,N,D,C,A,A,H,-,C,A,0,NA,NA,NA,NA,Y,NA,D,22,0,0,1,0,0,0,0,0,0,-,-,NA,NA,ORANGE,FULLERTON,-117.95066,33.87567006
85038789,2025,2026-02-02,3026,2025-12-21,2118,745,NA,7,5,6,3026,0,0,0,NA,0,006,IRVINE CENTER DRIVE,SPECTRUM,0,NA,Y,A,-,N,NA,NA,NA,NA,NA,NA,NA,NA,NA,N,2,0,1,2,A,-,00,21461,NA,F,G,B,B,A,H,-,C,A,0,Y,NA,NA,NA,Y,NA,N,60,1,0,0,0,1,0,0,0,0,-,-,NA,NA,ORANGE,IRVINE,-117.7490005493164,33.653358459472656
8503963,2017,2018-07-09,3026,2017-11-16,1805,6352,NA,4,5,6,3026,0,0,0,NA,0,NA,CULVER DR,RT 5,46,S,N,A,-,Y,ORA,12,5,-,-,26.634,R,4,S,N,4,0,2,3,A,-,03,22350,NA,M,C,C,A,A,H,-,C,A,0,NA,NA,NA,NA,Y,NA,A,07,0,0,2,0,0,0,0,0,0,-,-,NA,NA,ORANGE,IRVINE,-117.7827591,33.71028685
8504242,2018,2018-08-09,3012,2018-01-05,1356,288,35,5,5,5,3012,0,0,0,NA,0,0SW,IMPERIAL HWY,BEACH BL,112,E,N,A,-,Y,ORA,12,90,-,-,0.52,H,-,W,Y,3,0,1,2,A,-,21,22106,NA,N,B,C,A,A,H,-,A,A,0,NA,NA,Y,NA,Y,NA,C,02,0,1,0,0,0,0,0,0,1,-,-,NA,NA,ORANGE,LA HABRA,-117.96759033203124,33.917423248291016
8504504,2017,2018-07-09,3002,2017-11-22,1132,1632,527W,3,5,4,3002,0,0,0,NA,0,013,IMPERIAL HWY,POPLAR AV,0,NA,Y,A,-,Y,ORA,12,90,-,-,4.851,I,5,W,N,4,0,1,2,A,-,09,21804,A,M,B,C,A,A,H,-,A,A,0,NA,NA,NA,NA,Y,NA,A,01,0,0,1,0,0,0,0,0,0,-,-,NA,NA,ORANGE,BREA,-117.89313712,33.91388726
85048147,2025,2026-02-24,3008,2025-12-14,2121,1612,NA,7,5,6,3008,0,0,0,NA,0,NA,HARBOR BLVD,HOUSTON AVE,0,NA,Y,A,-,N,NA,NA,NA,NA,NA,NA,NA,NA,NA,Y,4,0,2,3,A,-,12,21453,A,N,B,C,A,A,H,-,C,A,0,NA,NA,NA,NA,Y,NA,A,01,0,0,2,0,0,0,0,0,0,-,-,33.85470962524414,-117.9243621826172,ORANGE,FULLERTON,-117.92434692382813,33.85541534423828
8504888,2017,2018-06-08,3019,2017-11-06,2025,3425,WE,1,5,7,3019,0,0,0,NA,0,001,HARBOR BL,FIRST ST,25,N,N,A,-,N,NA,NA,NA,NA,NA,NA,NA,NA,NA,N,4,0,1,2,A,-,03,22350,NA,F,C,C,A,A,H,-,C,D,0,NA,NA,NA,NA,Y,Y,A,01,0,0,1,0,0,0,0,0,0,-,-,NA,NA,ORANGE,SANTA ANA,-117.92018093,33.74521854
8505489,2017,2018-07-10,3012,2017-11-18,1830,618,12,6,5,5,3012,0,0,0,NA,0,003,WHITTIER,WALNUT,82,W,N,A,-,Y,ORA,12,39,-,-,21.7,H,-,N,N,4,0,3,3,A,-,01,23152,B,N,C,A,A,A,H,-,C,A,0,NA,NA,NA,NA,Y,Y,A,01,0,0,3,0,0,0,0,0,0,-,-,NA,NA,ORANGE,LA HABRA,-117.95086265,33.93903495
8506118,2017,2017-12-07,3019,2017-10-09,1540,3487,SC,1,5,7,3019,0,0,0,NA,0,004,FLOWER ST,RICHLAND ST,0,NA,Y,A,-,N,NA,NA,NA,NA,NA,NA,NA,NA,NA,N,4,0,1,2,A,-,03,22350,NA,N,C,C,A,A,H,-,A,D,0,NA,NA,NA,NA,Y,NA,A,01,0,0,1,0,0,0,0,0,0,-,-,33.73834,-117.87634,ORANGE,SANTA ANA,-117.8764401,33.73835002
8506844,2017,2017-12-06,3004,2017-11-10,1920,P644,32,5,5,6,3004,0,0,0,NA,0,015,SUNFLOWER AV,BRISTOL ST,35,W,N,A,-,N,NA,NA,NA,NA,NA,NA,NA,NA,NA,N,3,0,1,2,A,-,08,22107,NA,N,E,B,D,A,H,-,B,A,0,Y,NA,NA,NA,Y,NA,A,07,0,1,0,0,1,0,0,0,0,-,-,33.69437,-117.88582,ORANGE,COSTA MESA,-117.88555,33.69429
85074614,2025,2026-02-27,3026,2025-10-21,805,468,NA,2,5,6,3026,0,0,0,NA,0,008,REGAL,KEYSTONE,0,NA,Y,A,-,N,NA,NA,NA,NA,NA,NA,NA,NA,NA,N,2,0,1,2,A,-,09,21800,A,N,D,G,A,A,H,-,A,A,0,NA,Y,NA,NA,Y,NA,A,07,1,0,0,0,0,0,1,0,0,-,-,33.692359924316406,-117.75029754638672,ORANGE,IRVINE,-117.75106048583984,33.69351577758789
85077564,2025,2026-03-02,3008,2025-12-28,1531,1726,NA,7,5,6,3008,0,0,0,NA,0,NA,PACIFIC DR,VALENCIA DR,0,NA,Y,B,-,N,NA,NA,NA,NA,NA,NA,NA,NA,NA,N,4,0,1,2,D,-,00,NA,NA,N,D,G,A,A,H,-,A,D,0,NA,Y,NA,NA,Y,NA,-,-,0,0,1,0,0,0,1,0,0,-,-,33.8667106628418,-117.95493316650392,ORANGE,FULLERTON,-117.95508575439452,33.86652374267578
85079630,2025,2026-03-03,3008,2025-12-07,1043,1547,NA,7,5,6,3008,0,0,0,NA,0,NA,ASSOCIATED RD,ROLLING HILLS DR,0,NA,Y,A,-,N,NA,NA,NA,NA,NA,NA,NA,NA,NA,Y,4,0,2,2,A,-,09,21801,A,N,A,C,A,A,H,-,A,A,0,NA,NA,NA,NA,Y,NA,A,01,0,0,2,0,0,0,0,0,0,-,-,33.903648376464844,-117.8833236694336,ORANGE,FULLERTON,-117.88330841064452,33.90348434448242
85083399,2025,2026-03-05,3026,2025-10-16,843,358,NA,4,5,6,3026,0,0,0,NA,0,007,YALE AVE,IRVINE BLVD,16,N,N,A,-,N,NA,NA,NA,NA,NA,NA,NA,NA,NA,N,4,0,1,2,A,-,08,22107,NA,N,H,G,A,A,H,-,A,A,0,NA,Y,NA,NA,Y,NA,M,91,0,0,1,0,0,0,1,0,0,-,-,33.71337127685547,-117.75988006591795,ORANGE,IRVINE,-117.7610321044922,33.714412689208984
8508651,2017,2017-12-16,3003,2017-11-24,2001,1160,1,5,5,5,3003,0,0,0,NA,0,NA,MALVERN AV,DALE ST,0,NA,Y,A,-,N,NA,NA,NA,NA,NA,NA,NA,NA,NA,Y,2,0,1,2,A,-,12,21453,A,N,D,C,A,A,H,-,C,A,0,NA,NA,Y,NA,Y,NA,A,01,1,0,0,0,0,0,0,0,1,-,-,33.87767,-117.98716,ORANGE,BUENA PARK,-117.98716011,33.87770008
8508834,2017,2017-12-13,3015,2017-10-31,1115,1558,45E,2,5,6,3015,0,0,0,NA,0,711M,WEST TAFT AV,NORTH NEVILLE ST,0,NA,Y,A,-,N,NA,NA,NA,NA,NA,NA,NA,NA,NA,Y,4,0,3,4,A,-,09,21802,A,N,D,B,E,A,H,-,A,D,0,Y,NA,NA,NA,Y,NA,A,01,0,0,3,0,1,0,0,0,0,-,-,NA,NA,ORANGE,ORANGE,-117.85738013,33.81571008
8509844,2017,2018-01-03,3019,2017-11-26,0738,3457,WE,7,5,7,3019,0,0,0,NA,0,001,MCFADDEN AV,MAXINE ST,0,NA,Y,A,-,N,NA,NA,NA,NA,NA,NA,NA,NA,NA,Y,4,0,2,2,A,-,09,21802,A,N,D,C,A,A,H,-,A,D,0,NA,NA,NA,NA,Y,NA,A,01,0,0,2,0,0,0,0,0,0,-,-,33.73823,-117.94026,ORANGE,SANTA ANA,-117.94000009,33.73807002
8510864,2017,2017-12-20,3019,2017-11-23,2005,3370,SC,4,5,7,3019,0,0,0,NA,0,002,TOWNER,WILSHIRE,0,NA,Y,A,-,N,NA,NA,NA,NA,NA,NA,NA,NA,NA,N,3,0,2,2,A,-,21,22106,NA,M,D,C,A,A,H,-,C,D,0,NA,NA,NA,NA,Y,NA,-,99,0,1,1,0,0,0,0,0,0,-,-,NA,NA,ORANGE,SANTA ANA,-117.87973001,33.73079011
8510979,2017,2017-12-20,3019,2017-11-26,0112,3412,NE,7,5,7,3019,0,0,0,NA,0,002,1ST ST,SPURGEON ST,20,E,N,A,-,N,NA,NA,NA,NA,NA,NA,NA,NA,NA,N,4,0,1,2,A,-,09,21802,A,N,B,C,A,A,H,-,C,D,0,NA,NA,NA,NA,Y,Y,A,07,0,0,1,0,0,0,0,0,0,-,-,NA,NA,ORANGE,SANTA ANA,-117.86552437,33.74555
8511225,2017,2017-12-22,3004,2017-12-11,1052,P429,07,1,5,6,3004,0,0,0,NA,0,015,E 20TH ST,NEWPORT BL,7,E,N,A,-,N,NA,NA,NA,NA,NA,NA,NA,NA,NA,N,4,0,1,2,A,-,05,21650,1,N,H,G,A,A,H,-,A,A,0,NA,Y,NA,NA,Y,NA,L,04,0,0,1,0,0,0,1,0,0,-,-,33.6461,-117.9135,ORANGE,COSTA MESA,-117.91371239,33.6460777
8512383,2017,2018-07-05,3010,2017-12-03,1517,205,472,7,5,6,3010,0,0,0,NA,0,005,RT 39,PACIFIC VIEW,0,NA,Y,A,-,Y,ORA,12,39,-,-,0.16,I,5,S,Y,4,0,1,2,A,-,12,21453,A,N,D,C,A,A,H,-,A,A,0,NA,NA,NA,NA,Y,NA,A,01,0,0,1,0,0,0,0,0,0,-,-,NA,NA,ORANGE,HUNTINGTON BEACH,-117.98837292,33.65095947
8516041,2017,2018-07-09,3014,2017-11-30,2158,1374,RD26,4,5,5,3014,0,0,0,NA,0,0A2,RT 1,DOVER DR,1250,W,N,A,-,Y,ORA,12,1,-,-,18.68,H,-,N,Y,2,0,1,3,A,-,07,21658,A,F,H,A,-,A,H,-,C,D,0,Y,NA,NA,NA,Y,NA,A,01,1,0,0,0,1,0,0,0,0,-,-,NA,NA,ORANGE,NEWPORT BEACH,-117.91134101,33.61601727
8516248,2017,2018-01-05,3024,2017-12-11,1934,149,P38,1,5,5,3024,0,0,0,NA,0,EAST,PLUMWOOD ST,CORDAWAY AV,25,N,N,A,-,N,NA,NA,NA,NA,NA,NA,NA,NA,NA,Y,4,0,1,3,A,-,03,22350,NA,N,B,E,A,A,H,-,C,D,0,NA,NA,NA,NA,Y,NA,A,07,0,0,1,0,0,0,0,0,0,-,-,33.73147,-117.97675,ORANGE,WESTMINSTER,-117.97686071,33.73159854
8517410,2017,2017-12-29,3019,2017-11-22,1535,3198,NE,3,5,7,3019,0,0,0,NA,0,002,17TH PL,LINCOLN AV,16,E,N,A,-,N,NA,NA,NA,NA,NA,NA,NA,NA,NA,Y,4,0,1,1,A,-,08,22107,NA,N,E,I,A,A,H,-,A,D,0,NA,NA,NA,NA,Y,NA,A,07,0,0,1,0,0,0,0,0,0,-,-,33.76001,-117.8562,ORANGE,SANTA ANA,-117.85612749,33.76001
8517931,2017,2017-12-26,3016,2017-11-08,0750,1241,24,3,5,5,3016,0,0,0,NA,0,002,ANGELINA DR,CHAPMAN AV,0,NA,Y,A,-,N,NA,NA,NA,NA,NA,NA,NA,NA,NA,N,3,0,1,2,A,-,10,21950,A,N,G,B,B,A,H,-,A,A,0,Y,NA,NA,NA,Y,NA,A,01,0,1,0,0,1,0,0,0,0,-,-,33.87135,-117.86476,ORANGE,PLACENTIA,-117.8661601,33.87143006
8518276,2017,2017-12-16,3008,2017-07-05,1653,1297,NA,3,5,6,3008,0,0,0,NA,0,002,ORANGETHORPE AV,HIGHLAND AV,63,E,N,A,-,N,NA,NA,NA,NA,NA,NA,NA,NA,NA,Y,4,0,1,3,A,-,03,22350,NA,N,C,C,A,A,H,-,A,A,0,NA,NA,NA,NA,Y,NA,A,01,0,0,1,0,0,0,0,0,0,-,-,NA,NA,ORANGE,FULLERTON,-117.92846302,33.85945376
8518299,2017,2017-12-19,3008,2017-10-25,0831,1520,NA,3,5,6,3008,0,0,0,NA,0,0Z2,LAGUNA RD,BASTANCHURY RD,0,NA,Y,A,-,N,NA,NA,NA,NA,NA,NA,NA,NA,NA,Y,4,0,1,2,A,-,12,21453,A,N,D,C,A,A,H,-,A,A,0,NA,NA,NA,NA,Y,NA,A,01,0,0,1,0,0,0,0,0,0,-,-,NA,NA,ORANGE,FULLERTON,-117.93058007,33.89470008
8519095,2017,2018-01-03,3015,2017-11-08,0328,1565,31,3,5,6,3015,0,0,0,NA,0,113,W EL RANCHO AV,S FONDREN ST,0,NA,Y,A,-,N,NA,NA,NA,NA,NA,NA,NA,NA,NA,Y,3,0,2,2,A,-,03,22350,NA,N,D,E,A,A,H,-,C,A,0,NA,NA,NA,NA,Y,NA,A,01,0,1,1,0,0,0,0,0,0,-,-,NA,NA,ORANGE,ORANGE,-117.89580999,33.77581008
8519492,2017,2018-01-05,3013,2017-12-05,0911,194,L04,2,5,3,3013,0,0,0,NA,0,004,CHESTNUT ST,CATALINA ST,8,N,N,A,-,N,NA,NA,NA,NA,NA,NA,NA,NA,NA,N,3,0,1,2,A,-,10,21950,A,N,G,B,B,A,H,-,A,A,0,Y,NA,NA,NA,Y,NA,A,07,0,1,0,0,1,0,0,0,0,-,-,NA,NA,ORANGE,LOS ALAMITOS,-118.07317,33.80675194
8519542,2017,2018-01-04,3003,2017-12-16,1644,1184,NA,6,5,5,3003,0,0,0,NA,0,NA,CRESCENT AV,WESTERN AV,0,NA,Y,A,-,N,NA,NA,NA,NA,NA,NA,NA,NA,NA,Y,4,0,2,2,A,-,12,21453,A,N,H,C,A,A,H,-,A,A,0,NA,NA,NA,NA,Y,Y,D,22,0,0,2,0,0,0,0,0,0,-,-,33.8394,-118.0027,ORANGE,BUENA PARK,-118.00232,33.83932009
8519571,2017,2018-01-05,3009,2017-12-05,1800,4156,122,2,5,6,3009,0,0,0,NA,0,2 1,CHAPMAN AV,9TH ST,0,NA,Y,A,G,N,NA,NA,NA,NA,NA,NA,NA,NA,NA,Y,4,0,1,2,A,-,09,21801,A,N,F,C,A,A,H,-,C,A,0,NA,NA,NA,NA,Y,NA,A,01,0,0,1,0,0,0,0,0,0,-,-,NA,NA,ORANGE,GARDEN GROVE,-117.93248004,33.78873001
8519931,2017,2018-01-03,3026,2017-12-01,1034,8929,CROSS,5,5,6,3026,0,0,0,NA,0,004,PASEO WESTPARK,SANTA CLARA,212,N,N,A,-,N,NA,NA,NA,NA,NA,NA,NA,NA,NA,Y,4,0,1,1,C,-,18,NA,NA,N,E,I,A,A,H,-,A,D,0,NA,NA,NA,NA,Y,NA,-,-,0,0,1,0,0,0,0,0,0,-,-,33.68824,-117.81322,ORANGE,IRVINE,-117.81258682,33.68841959
8520527,2017,2017-12-20,3007,2017-11-21,0737,283,37,2,5,5,3007,0,0,0,NA,0,009,HEIL,EUCLID,0,NA,Y,A,-,N,NA,NA,NA,NA,NA,NA,NA,NA,NA,N,3,0,1,2,A,-,09,21801,A,N,G,B,B,A,H,-,A,A,0,Y,NA,NA,NA,Y,NA,A,01,0,1,0,0,1,0,0,0,0,-,-,NA,NA,ORANGE,FOUNTAIN VALLEY,-117.9372601,33.72363004
8520878,2017,2018-01-04,3022,2017-12-05,0921,1154,NA,2,5,5,3022,0,0,0,NA,0,NA,WARNER AV,PARK AV,110,W,N,A,-,N,NA,NA,NA,NA,NA,NA,NA,NA,NA,N,3,0,1,2,A,-,03,22350,NA,N,C,C,A,A,H,-,A,A,0,NA,NA,NA,Y,Y,NA,A,01,0,1,0,0,0,0,0,0,0,-,-,33.69958,-117.82128,ORANGE,TUSTIN,-117.82120597,33.7000681
8521593,2017,2017-12-29,3015,2017-11-24,1738,1372,33,5,5,6,3015,0,0,0,NA,0,732M,EAST CHAPMAN AV,S LINCOLN ST,0,NA,Y,A,-,N,NA,NA,NA,NA,NA,NA,NA,NA,NA,N,2,0,1,2,A,-,09,21801,A,N,A,C,A,A,H,-,C,D,0,NA,Y,NA,NA,Y,Y,L,04,1,0,0,0,0,0,1,0,0,-,-,NA,NA,ORANGE,ORANGE,-117.83795008,33.78782007
8521658,2017,2018-01-05,3015,2017-12-05,0552,1372,21W,2,5,6,3015,0,0,0,NA,0,ZRE,SOUTH LEWIS ST,W METROPOLITAN AV,0,NA,Y,A,-,N,NA,NA,NA,NA,NA,NA,NA,NA,NA,Y,4,0,3,4,A,-,12,21453,A,N,D,C,A,A,H,-,A,A,0,NA,NA,NA,NA,Y,NA,A,01,0,0,3,0,0,0,0,0,0,-,-,NA,NA,ORANGE,ORANGE,-117.89746007,33.78171003
8522467,2017,2018-01-05,3010,2017-12-09,1522,1208,349,6,5,6,3010,0,0,0,NA,0,004,17TH ST,PALM,0,NA,Y,A,-,N,NA,NA,NA,NA,NA,NA,NA,NA,NA,N,3,0,1,2,A,-,12,21453,A,N,D,G,A,A,H,-,A,A,0,NA,Y,NA,NA,Y,NA,L,04,0,1,0,0,0,0,1,0,0,-,-,NA,NA,ORANGE,HUNTINGTON BEACH,-118.00719,33.66993007
8526605,2017,2018-01-09,3015,2017-11-12,0935,1580,25W,7,5,6,3015,0,0,0,NA,0,002,W COLLINS AV,N BATAVIA ST,0,NA,Y,A,-,N,NA,NA,NA,NA,NA,NA,NA,NA,NA,Y,3,0,1,2,A,-,12,21453,A,N,D,C,A,A,H,-,A,A,0,NA,NA,NA,NA,Y,NA,-,NA,0,1,0,0,0,0,0,0,0,-,-,NA,NA,ORANGE,ORANGE,-117.86179011,33.80241006
8526613,2017,2018-01-09,3015,2017-11-13,1858,1565,25E,1,5,6,3015,0,0,0,NA,0,113,N CYPRESS ST,COLLINS AV,1141,S,N,A,-,N,NA,NA,NA,NA,NA,NA,NA,NA,NA,Y,3,0,1,2,C,-,18,NA,NA,N,A,E,A,A,H,-,D,D,0,NA,NA,NA,NA,Y,NA,-,-,0,1,0,0,0,0,0,0,0,-,-,NA,NA,ORANGE,ORANGE,-117.8563643,33.79927209
8527861,2017,2018-01-12,3001,2017-12-01,1907,415,NA,5,5,7,3001,0,0,0,NA,0,0D2,LINCOLN AV,CLANA WY,0,NA,Y,A,-,N,NA,NA,NA,NA,NA,NA,NA,NA,NA,Y,4,0,1,2,A,-,09,21801,A,N,D,C,A,A,H,-,C,D,0,NA,NA,NA,NA,Y,NA,A,07,0,0,1,0,0,0,0,0,0,-,-,NA,NA,ORANGE,ANAHEIM,NA,NA
8527865,2017,2018-01-12,3001,2017-12-04,1817,2181,NA,1,5,7,3001,0,0,0,NA,0,0D2,SANTA ANA ST,ROSE ST,0,NA,Y,A,-,N,NA,NA,NA,NA,NA,NA,NA,NA,NA,Y,4,0,2,2,A,-,09,21802,A,N,D,C,A,A,H,-,C,A,0,NA,NA,NA,NA,Y,NA,A,01,0,0,2,0,0,0,0,0,0,-,-,NA,NA,ORANGE,ANAHEIM,-117.9024301,33.83344006
8529953,2017,2018-01-16,3010,2017-12-28,1819,1118,477,4,5,6,3010,0,0,0,NA,0,002,HAMILTON,BROOKHURST,300,W,N,A,-,N,NA,NA,NA,NA,NA,NA,NA,NA,NA,Y,4,0,1,2,A,-,09,21804,A,M,D,C,A,A,H,-,C,D,0,NA,NA,NA,NA,Y,NA,A,01,0,0,1,0,0,0,0,0,0,-,-,NA,NA,ORANGE,HUNTINGTON BEACH,-117.95467349,33.65059
8530410,2017,2018-01-19,3024,2017-12-18,2157,422,P11,1,5,5,3024,0,0,0,NA,0,WEST,GOLDENWEST ST,TRASK AV,0,NA,Y,A,-,N,NA,NA,NA,NA,NA,NA,NA,NA,NA,Y,4,0,1,3,A,-,08,22100,A,N,D,C,A,A,H,-,C,A,0,NA,NA,NA,NA,Y,NA,A,01,0,0,1,0,0,0,0,0,0,-,-,33.7664,-118.00714,ORANGE,WESTMINSTER,-118.00725,33.76637003
8530438,2017,2018-01-19,3024,2017-12-22,1506,408,P37,5,5,5,3024,0,0,0,NA,0,EAST,MCFADDEN AV,JACKSON ST,0,NA,Y,A,-,N,NA,NA,NA,NA,NA,NA,NA,NA,NA,N,4,0,1,2,A,-,09,21802,A,N,D,C,A,A,H,-,A,A,0,NA,NA,NA,NA,Y,NA,A,01,0,0,1,0,0,0,0,0,0,-,-,NA,NA,ORANGE,WESTMINSTER,-117.98739005,33.73748007
8530733,2017,2018-01-20,3001,2017-12-14,0720,1410,NA,4,5,7,3001,0,0,0,NA,0,0D2,E LINCOLN AV,NORTH EAST ST,10,E,N,A,-,N,NA,NA,NA,NA,NA,NA,NA,NA,NA,Y,4,0,1,3,A,-,03,22350,NA,N,C,C,A,A,H,-,A,A,0,NA,NA,NA,NA,Y,NA,D,22,0,0,1,0,0,0,0,0,0,-,-,NA,NA,ORANGE,ANAHEIM,-117.90266826,33.83809709
8531890,2017,2018-01-22,3019,2017-12-08,1439,2318,S C,5,5,7,3019,0,0,0,NA,0,004,SOUTH BRISTOL ST,GARRY AV,25,N,N,A,-,N,NA,NA,NA,NA,NA,NA,NA,NA,NA,N,4,0,3,3,A,-,03,22350,NA,N,C,C,A,A,H,-,A,A,0,NA,NA,NA,NA,Y,NA,D,22,0,0,3,0,0,0,0,0,0,-,-,NA,NA,ORANGE,SANTA ANA,-117.88551786,33.70544851
8532006,2017,2018-01-19,3019,2017-12-13,1324,3196,WE,3,5,7,3019,0,0,0,NA,0,001,MELISSA COMMON,5TH ST,3,S,N,A,-,N,NA,NA,NA,NA,NA,NA,NA,NA,NA,N,4,0,1,2,A,-,09,21804,A,N,H,G,A,A,H,-,A,D,0,NA,Y,NA,NA,Y,NA,L,04,0,0,1,0,0,0,1,0,0,-,-,33.74902,-117.91076,ORANGE,SANTA ANA,-117.91082954,33.74887178
8532441,2018,2018-01-30,3010,2018-01-13,1107,1030,451,6,5,6,3010,0,0,0,NA,0,004,MAIN ST,PECAN AV,36,N,N,A,-,N,NA,NA,NA,NA,NA,NA,NA,NA,NA,N,4,0,1,2,A,-,04,21703,NA,N,C,C,A,A,H,-,A,D,0,NA,NA,NA,NA,Y,NA,A,01,0,0,1,0,0,0,0,0,0,-,-,NA,NA,ORANGE,HUNTINGTON BEACH,-117.99892425537108,33.66294860839844
8532772,2017,2018-01-26,3024,2017-11-23,1444,167,P-36,4,5,5,3024,0,0,0,NA,0,EAST,BROOKHURST ST,MCFADDEN AV,186,N,N,A,-,N,NA,NA,NA,NA,NA,NA,NA,NA,NA,Y,3,0,1,2,A,-,07,21658,A,N,D,C,A,A,H,-,A,D,0,NA,NA,NA,NA,Y,NA,A,01,0,1,0,0,0,0,0,0,0,-,-,NA,NA,ORANGE,WESTMINSTER,-117.95486,33.73818987
8532829,2017,2018-01-13,3020,2017-12-05,2033,368,S22,2,5,4,3020,0,0,0,NA,0,NA,SEAL BEACH BL,GOLDEN RAIN RD,300,N,N,A,-,N,NA,NA,NA,NA,NA,NA,NA,NA,NA,Y,4,0,1,2,A,-,01,23152,A,M,C,C,A,A,H,-,C,D,0,NA,NA,NA,NA,Y,Y,A,01,0,0,1,0,0,0,0,0,0,-,-,NA,NA,ORANGE,SEAL BEACH,-118.07765909,33.76854256
8532869,2017,2018-01-13,3019,2017-12-08,1609,3532,SC,5,5,7,3019,0,0,0,NA,0,004,SUNFLOWER AV,RAITT ST,765,W,N,A,-,N,NA,NA,NA,NA,NA,NA,NA,NA,NA,N,4,0,1,2,A,-,09,21804,A,N,D,C,A,A,H,-,A,D,0,NA,NA,NA,NA,Y,NA,A,01,0,0,1,0,0,0,0,0,0,-,-,NA,NA,ORANGE,SANTA ANA,-117.9008088,33.69632178
8532946,2017,2018-01-12,3019,2017-11-28,1045,3295,SE,2,5,7,3019,0,0,0,NA,0,002,MCFADDEN AV,MAPLE ST,10,E,N,A,-,N,NA,NA,NA,NA,NA,NA,NA,NA,NA,N,4,0,1,2,A,-,09,21801,A,N,D,G,A,A,H,-,A,A,0,NA,Y,NA,NA,Y,NA,A,07,0,0,1,0,0,0,1,0,0,-,-,33.73333,-117.86347,ORANGE,SANTA ANA,-117.8639972,33.73353941
8535675,2017,2018-01-29,3019,2017-12-19,2230,3390,SE,2,5,7,3019,0,0,0,NA,0,001,WEST ORANGE AV,WALNUT ST,20,N,N,A,-,N,NA,NA,NA,NA,NA,NA,NA,NA,NA,N,2,0,1,2,A,-,03,22350,NA,F,G,B,F,A,H,-,C,D,0,Y,NA,NA,NA,Y,NA,-,NA,1,0,0,0,1,0,0,0,0,-,-,33.74427,-117.8654,ORANGE,SANTA ANA,-117.86507946,33.74445483
8535756,2018,2018-02-01,3009,2018-01-06,1830,4432,162,6,5,6,3009,0,0,0,NA,0,2-2,HASTER ST,SIRIUS AV,13,N,N,A,-,N,NA,NA,NA,NA,NA,NA,NA,NA,NA,N,3,0,1,2,A,-,11,21954,A,M,G,B,E,A,H,-,C,D,0,Y,NA,NA,NA,Y,Y,N,60,0,1,0,0,1,0,0,0,0,-,-,NA,NA,ORANGE,GARDEN GROVE,-117.9062728881836,33.79108428955078
8535757,2018,2018-01-29,3005,2018-01-10,1514,7770,C35,3,5,4,3005,0,0,0,NA,0,003,VALLEY VIEW ST,CORPORATE AV,0,NA,Y,C,-,N,NA,NA,NA,NA,NA,NA,NA,NA,NA,Y,4,0,2,3,A,-,03,22350,NA,N,C,C,A,B,H,-,A,D,0,NA,NA,NA,NA,Y,NA,A,07,0,0,2,0,0,0,0,0,0,-,-,NA,NA,ORANGE,CYPRESS,-118.02838897705078,33.807960510253906
8536266,2017,2018-01-22,3015,2017-12-23,1223,1515,065W,6,5,6,3015,0,0,0,NA,0,002,N GLASSELL ST,W WILSON AV,0,NA,Y,A,-,N,NA,NA,NA,NA,NA,NA,NA,NA,NA,Y,4,0,2,2,A,-,12,21453,A,M,A,C,A,A,H,-,C,A,0,NA,NA,NA,NA,Y,NA,A,01,0,0,2,0,0,0,0,0,0,-,-,NA,NA,ORANGE,ORANGE,-117.85308007,33.80650005