CASE_ID,ACCIDENT_YEAR,PROC_DATE,JURIS,COLLISION_DATE,COLLISION_TIME,OFFICER_ID,REPORTING_DISTRICT,DAY_OF_WEEK,CHP_SHIFT,POPULATION,CNTY_CITY_LOC,SPECIAL_COND,BEAT_TYPE,CHP_BEAT_TYPE,CITY_DIVISION_LAPD,CHP_BEAT_CLASS,BEAT_NUMBER,PRIMARY_RD,SECONDARY_RD,DISTANCE,DIRECTION,INTERSECTION,WEATHER_1,WEATHER_2,STATE_HWY_IND,CALTRANS_COUNTY,CALTRANS_DISTRICT,STATE_ROUTE,ROUTE_SUFFIX,POSTMILE_PREFIX,POSTMILE,LOCATION_TYPE,RAMP_INTERSECTION,SIDE_OF_HWY,TOW_AWAY,COLLISION_SEVERITY,NUMBER_KILLED,NUMBER_INJURED,PARTY_COUNT,PRIMARY_COLL_FACTOR,PCF_CODE_OF_VIOL,PCF_VIOL_CATEGORY,PCF_VIOLATION,PCF_VIOL_SUBSECTION,HIT_AND_RUN,TYPE_OF_COLLISION,MVIW,PED_ACTION,ROAD_SURFACE,ROAD_COND_1,ROAD_COND_2,LIGHTING,CONTROL_DEVICE,CHP_ROAD_TYPE,PEDESTRIAN_ACCIDENT,BICYCLE_ACCIDENT,MOTORCYCLE_ACCIDENT,TRUCK_ACCIDENT,NOT_PRIVATE_PROPERTY,ALCOHOL_INVOLVED,STWD_VEHTYPE_AT_FAULT,CHP_VEHTYPE_AT_FAULT,COUNT_SEVERE_INJ,COUNT_VISIBLE_INJ,COUNT_COMPLAINT_PAIN,COUNT_PED_KILLED,COUNT_PED_INJURED,COUNT_BICYCLIST_KILLED,COUNT_BICYCLIST_INJURED,COUNT_MC_KILLED,COUNT_MC_INJURED,PRIMARY_RAMP,SECONDARY_RAMP,LATITUDE,LONGITUDE,COUNTY,CITY,POINT_X,POINT_Y
8604722,2018,2018-05-10,3005,2018-04-24,0733,8202,C42,2,5,4,3005,0,0,0,NA,0,003,DANA WY,DARIN WY,0,NA,Y,B,-,N,NA,NA,NA,NA,NA,NA,NA,NA,NA,Y,4,0,1,2,A,-,08,22107,NA,N,A,C,A,A,H,-,A,D,0,NA,NA,NA,NA,Y,NA,A,01,0,0,1,0,0,0,0,0,0,-,-,NA,NA,ORANGE,CYPRESS,-118.01651763916016,33.80086135864258
8604750,2018,2018-05-10,3005,2018-04-06,2122,8095,C19,5,5,4,3005,0,0,0,NA,0,003,BLOOMFIELD ST,ORANGE AV,197,S,N,A,-,N,NA,NA,NA,NA,NA,NA,NA,NA,NA,N,4,0,1,2,A,-,08,22107,NA,N,B,E,A,A,H,-,C,D,0,NA,NA,NA,NA,Y,NA,A,01,0,0,1,0,0,0,0,0,0,-,-,NA,NA,ORANGE,CYPRESS,-118.06329345703124,33.82353973388672
8607126,2018,2018-05-16,3022,2018-04-24,1436,1154,NORTH,2,5,5,3022,0,0,0,NA,0,NA,EL CAMINO REAL,RED HILL AV,0,NA,Y,A,-,N,NA,NA,NA,NA,NA,NA,NA,NA,NA,N,3,0,1,2,A,-,00,21651,1,N,H,G,A,A,H,-,A,A,0,NA,Y,NA,NA,Y,NA,A,01,0,1,0,0,0,0,1,0,0,-,-,33.73421859741211,-117.81452941894533,ORANGE,TUSTIN,-117.81466674804688,33.73427200317383
8607146,2018,2018-05-18,3007,2018-04-18,0724,250,46,3,5,5,3007,0,0,0,NA,0,002,EUCLID,WARNER,0,NA,Y,A,-,N,NA,NA,NA,NA,NA,NA,NA,NA,NA,N,4,0,2,2,A,-,03,22350,NA,N,C,C,A,A,H,-,A,D,0,NA,NA,NA,NA,Y,NA,A,01,0,0,2,0,0,0,0,0,0,-,-,NA,NA,ORANGE,FOUNTAIN VALLEY,-117.93721771240234,33.716461181640625
8607692,2018,2018-05-17,3001,2018-05-02,0906,0963,NA,3,5,7,3001,0,0,0,NA,0,0D2,NORTH HARBOR BL,WEST ROMNEYA DR,41,S,N,B,-,N,NA,NA,NA,NA,NA,NA,NA,NA,NA,N,4,0,1,2,A,-,09,21804,A,N,D,C,A,A,H,-,A,D,0,NA,NA,NA,NA,Y,NA,D,22,0,0,1,0,0,0,0,0,0,-,-,NA,NA,ORANGE,ANAHEIM,-117.92420196533205,33.850677490234375
8610585,2018,2018-05-09,3003,2018-04-19,0950,1200,NA,4,5,5,3003,0,0,0,NA,0,004,KNOTT AV,HOUSTON ST,273,N,N,A,-,N,NA,NA,NA,NA,NA,NA,NA,NA,NA,N,4,0,1,2,A,-,03,22350,NA,N,C,C,A,B,H,-,A,A,0,NA,NA,NA,NA,Y,NA,A,07,0,0,1,0,0,0,0,0,0,-,-,33.857601165771484,-118.0106964111328,ORANGE,BUENA PARK,-118.0112762451172,33.85453796386719
8611783,2018,2018-04-24,3019,2018-04-10,1120,3547,SC,2,5,7,3019,0,0,0,NA,0,002,MACARTHUR BL,BRISTOL ST,200,E,N,A,-,N,NA,NA,NA,NA,NA,NA,NA,NA,NA,N,4,0,1,2,A,-,09,21801,A,N,D,C,A,A,H,-,A,D,0,NA,NA,NA,NA,Y,NA,A,01,0,0,1,0,0,0,0,0,0,-,-,33.699981689453125,-117.88549041748048,ORANGE,SANTA ANA,-117.88495635986328,33.7000732421875
8611889,2017,2018-04-24,3008,2017-08-13,1550,1497,ZONE,7,5,6,3008,0,0,0,NA,0,NA,BROOKHURST RD,VALENCIA DR,0,E,N,A,-,N,NA,NA,NA,NA,NA,NA,NA,NA,NA,Y,4,0,3,2,A,-,12,21453,A,N,D,E,A,A,H,-,A,A,0,NA,NA,NA,NA,Y,NA,A,01,0,0,3,0,0,0,0,0,0,-,-,NA,NA,ORANGE,FULLERTON,-117.9594001,33.86652005
8612107,2018,2018-04-25,3010,2018-04-15,2057,1035,436,7,5,6,3010,0,0,0,NA,0,003,BUSHARD ST,PETTSWOOD DR,42,N,N,A,-,N,NA,NA,NA,NA,NA,NA,NA,NA,NA,Y,2,0,2,2,A,-,01,23153,A,N,D,C,A,A,H,-,C,D,0,NA,NA,NA,NA,Y,Y,A,01,1,0,1,0,0,0,0,0,0,-,-,NA,NA,ORANGE,HUNTINGTON BEACH,-117.96256256103516,33.674896240234375
8612170,2018,2018-04-27,3000,2018-03-26,1457,7734,921J1,1,5,5,3028,0,0,0,NA,0,752,ALICIA PKWY,CHARLINDA DR,0,NA,Y,A,-,N,NA,NA,NA,NA,NA,NA,NA,NA,NA,Y,3,0,2,2,A,-,12,21453,A,N,D,C,A,A,H,-,A,A,0,NA,NA,NA,NA,Y,NA,A,07,0,1,1,0,0,0,0,0,0,-,-,NA,NA,ORANGE,MISSION VIEJO,-117.68921661376952,33.60786819458008
8612201,2018,2018-05-02,3000,2018-02-08,0726,1010,892J5,4,5,4,3048,0,0,0,NA,0,789,ANTONIO PKWY,ADELANTE,0,NA,Y,A,-,N,NA,NA,NA,NA,NA,NA,NA,NA,NA,N,2,0,1,2,A,-,09,21801,A,N,D,G,A,A,H,-,A,D,0,NA,Y,NA,NA,Y,NA,A,07,1,0,0,0,0,0,1,0,0,-,-,NA,NA,ORANGE,RANCHO SANTA MARGARITA,-117.60888671875,33.62302017211914
8612438,2018,2019-01-08,3015,2018-04-03,1522,1372,66,2,5,6,3015,0,0,0,NA,0,732,EAST CHAPMAN AV,RT 55,0,NA,Y,A,-,Y,ORA,12,55,-,-,13.555,R,4,N,Y,4,0,2,3,A,-,12,21453,A,N,A,C,A,A,H,-,A,A,0,NA,NA,NA,NA,Y,NA,A,07,0,0,2,0,0,0,0,0,0,-,NO,NA,NA,ORANGE,ORANGE,-117.83090209960938,33.78548812866211
8613124,2018,2018-05-14,3026,2018-04-12,0754,308,CROSS,4,5,6,3026,0,0,0,NA,0,004,JAMBOREE RD,WARNER,317,N,N,B,-,N,NA,NA,NA,NA,NA,NA,NA,NA,NA,Y,4,0,1,5,A,-,03,22350,NA,N,C,C,A,A,H,-,A,D,0,NA,NA,NA,NA,Y,NA,A,01,0,0,1,0,0,0,0,0,0,-,-,NA,NA,ORANGE,IRVINE,-117.81920623779295,33.69852066040039
8613148,2018,2018-05-14,3026,2018-04-04,0034,565,NA,3,5,6,3026,0,0,0,NA,0,00U,MICHELSON DR,PARKSIDE DR,0,NA,Y,A,-,N,NA,NA,NA,NA,NA,NA,NA,NA,NA,Y,4,0,1,2,A,-,12,21453,A,N,D,C,A,A,H,-,C,A,0,NA,NA,NA,NA,Y,NA,A,01,0,0,1,0,0,0,0,0,0,-,-,NA,NA,ORANGE,IRVINE,-117.82823944091795,33.667030334472656
8613172,2018,2018-05-14,3026,2018-04-13,1533,559,CROSS,5,5,6,3026,0,0,0,NA,0,006,IRVINE CENTER DR,ENTERTAINMENT WY,157,S,N,A,-,N,NA,NA,NA,NA,NA,NA,NA,NA,NA,N,4,0,1,3,A,-,03,22350,NA,N,C,C,A,A,H,-,A,A,0,NA,NA,NA,NA,Y,NA,A,01,0,0,1,0,0,0,0,0,0,-,-,33.64921951293945,-117.74755859375,ORANGE,IRVINE,-117.74735260009766,33.648521423339844
8614212,2018,2018-05-04,3026,2018-04-09,1413,4779,PORTO,1,5,6,3026,0,0,0,NA,0,007,LUCERO,ORANGE ARROW,8,N,N,A,-,N,NA,NA,NA,NA,NA,NA,NA,NA,NA,N,3,0,1,2,A,-,03,22350,NA,N,H,G,A,A,H,-,A,A,0,NA,Y,NA,NA,Y,NA,L,04,0,1,0,0,0,0,1,0,0,-,-,33.71595001220703,-117.75698852539063,ORANGE,IRVINE,-117.75686645507813,33.71610641479492
8614281,2018,2018-04-26,3005,2018-03-31,1627,8237,C16,6,5,4,3005,0,0,0,NA,0,002,ORANGE AV,GRAHAM ST,0,NA,Y,A,-,N,NA,NA,NA,NA,NA,NA,NA,NA,NA,Y,4,0,1,2,A,-,09,21802,A,M,D,C,A,A,H,-,A,D,0,NA,NA,NA,NA,Y,NA,A,08,0,0,1,0,0,0,0,0,0,-,-,NA,NA,ORANGE,CYPRESS,-118.03475952148438,33.82434844970703
8615656,2018,2018-06-28,3000,2018-03-21,2020,9680,971H6,3,5,4,3029,0,0,0,NA,0,737,PACIFIC COAST HWY,THE GOLDEN LANTERN,145,N,N,A,-,N,NA,NA,NA,NA,NA,NA,NA,NA,NA,N,3,0,1,2,A,-,11,21954,A,N,G,B,D,A,H,-,C,D,0,Y,NA,NA,NA,Y,NA,N,60,0,1,0,0,1,0,0,0,0,-,-,NA,NA,ORANGE,DANA POINT,-117.698019,33.467632
8615668,2018,2018-08-20,3011,2018-04-08,0022,31226,44,7,5,4,3011,0,0,0,NA,0,003,S COAST HWY,RUBY ST,64,N,N,A,-,Y,ORA,12,1,-,-,7.94,H,-,S,Y,3,0,1,2,A,-,01,23153,A,N,A,E,A,A,H,-,C,D,0,NA,NA,NA,NA,Y,Y,A,01,0,1,0,0,0,0,0,0,0,-,-,NA,NA,ORANGE,LAGUNA BEACH,-117.76896667480467,33.52678680419922
8617105,2018,2018-05-21,3015,2018-04-30,1327,1364,164,1,5,6,3015,0,0,0,NA,0,713,EAST CHAPMAN AV,N JAMBOREE RD,0,NA,Y,B,-,N,NA,NA,NA,NA,NA,NA,NA,NA,NA,Y,4,0,1,2,A,-,12,21453,A,N,D,C,A,A,H,-,A,A,0,NA,NA,NA,NA,Y,NA,D,22,0,0,1,0,0,0,0,0,0,-,-,NA,NA,ORANGE,ORANGE,-117.76143646240234,33.792240142822266
8617370,2018,2018-08-23,3010,2018-05-09,0939,3171,195,3,5,6,3010,0,0,0,NA,0,004,RT 1,BOLSA CHICA STATE BEACH ENT,105,N,N,A,-,Y,ORA,12,1,-,-,28.4,H,-,S,Y,3,0,3,4,A,-,03,22350,NA,N,C,C,A,A,H,-,A,A,0,NA,NA,NA,NA,Y,NA,A,01,0,2,1,0,0,0,0,0,0,-,-,NA,NA,ORANGE,HUNTINGTON BEACH,-118.04683685302734,33.69517517089844
8617941,2018,2018-05-25,3009,2018-05-15,0643,3073,124,2,5,6,3009,0,0,0,NA,0,2-1,EUCLID ST,GARDEN GROVE BL,38,N,N,A,-,N,NA,NA,NA,NA,NA,NA,NA,NA,NA,Y,4,0,1,2,A,-,00,21659,A,N,B,C,A,A,H,-,A,D,0,NA,NA,NA,NA,Y,NA,A,01,0,0,1,0,0,0,0,0,0,-,-,33.774131774902344,-117.9380111694336,ORANGE,GARDEN GROVE,-117.9380111694336,33.77439498901367
8618027,2018,2018-05-24,3004,2018-05-15,2310,P555,01,2,5,6,3004,0,0,0,NA,0,015,SUPERIOR AV,EAST 17TH ST,0,NA,Y,A,-,N,NA,NA,NA,NA,NA,NA,NA,NA,NA,Y,3,0,3,2,A,-,01,23152,A,N,A,C,A,A,H,-,C,A,0,NA,NA,NA,NA,Y,Y,A,01,0,2,1,0,0,0,0,0,0,-,-,33.63618087768555,-117.92346954345705,ORANGE,COSTA MESA,-117.92359161376952,33.636199951171875
8618433,2018,2018-05-29,3010,2018-05-12,1826,1118,421,6,5,6,3010,0,0,0,NA,0,005,GARFIELD,MAIN,0,NA,Y,A,-,N,NA,NA,NA,NA,NA,NA,NA,NA,NA,Y,3,0,2,3,A,-,12,21453,A,N,D,C,A,A,H,-,A,A,0,NA,NA,NA,NA,Y,NA,A,01,0,1,1,0,0,0,0,0,0,-,-,NA,NA,ORANGE,HUNTINGTON BEACH,-117.99794769287108,33.68656921386719
8618569,2018,2018-08-23,3010,2018-04-19,1754,1019,162,4,5,6,3010,0,0,0,NA,0,008,RT 1,10TH ST,0,NA,Y,A,-,Y,ORA,12,1,-,-,30.356,I,5,S,Y,4,0,2,2,A,-,09,21802,A,N,D,C,A,A,H,-,B,D,0,NA,NA,Y,NA,Y,NA,A,01,0,0,2,0,0,0,0,0,1,-,-,NA,NA,ORANGE,HUNTINGTON BEACH,-118.06874847412108,33.7164192199707
8619569,2018,2018-05-24,3005,2018-05-08,1747,1392,C10,2,5,4,3005,0,0,0,NA,0,001,WALKER ST,SPRAGUE AV,263,N,N,A,-,N,NA,NA,NA,NA,NA,NA,NA,NA,NA,N,4,0,1,2,A,-,03,22350,NA,F,C,C,A,A,H,-,A,A,0,NA,NA,NA,NA,Y,NA,A,01,0,0,1,0,0,0,0,0,0,-,-,NA,NA,ORANGE,CYPRESS,-118.0371322631836,33.83794021606445
8619727,2018,2018-05-24,3000,2018-04-27,0936,8926,971H6,5,5,4,3029,0,0,0,NA,0,734,DEL PRADO,STREET OF THE GOLDEN LANTERN,68,S,N,A,-,N,NA,NA,NA,NA,NA,NA,NA,NA,NA,N,4,0,1,2,A,-,08,22107,NA,N,H,G,A,A,H,-,A,A,0,NA,Y,NA,NA,Y,NA,L,04,0,0,1,0,0,0,1,0,0,-,-,NA,NA,ORANGE,DANA POINT,-117.69728,33.465486
8619851,2018,2018-05-23,3000,2018-05-01,1356,5377,922A7,2,5,5,3040,0,0,0,NA,0,741,CABOT RD,CROWN VALLEY PKWY,148,S,N,B,-,N,NA,NA,NA,NA,NA,NA,NA,NA,NA,N,4,0,1,2,A,-,21,22106,NA,N,C,C,A,A,H,-,A,A,0,NA,NA,NA,NA,Y,NA,A,01,0,0,1,0,0,0,0,0,0,-,-,NA,NA,ORANGE,LAGUNA NIGUEL,-117.67897033691406,33.55668258666992
8621574,2018,2018-06-01,3000,2018-03-28,0712,9115,WJC,3,5,4,3021,0,0,0,NA,0,2A21,CHAPMAN AV,SANTA PAULA ST,225,W,N,A,-,N,NA,NA,NA,NA,NA,NA,NA,NA,NA,N,4,0,1,2,A,-,10,21952,NA,F,G,G,A,A,H,-,A,D,0,NA,Y,NA,NA,Y,NA,D,22,0,0,1,0,0,0,1,0,0,-,-,NA,NA,ORANGE,STANTON,-117.99497985839844,33.788360595703125
8622761,2018,2018-06-01,3010,2018-05-03,2149,3024,475,4,5,6,3010,0,0,0,NA,0,002,HAMILTON,MAGNOLIA,200,W,N,A,-,N,NA,NA,NA,NA,NA,NA,NA,NA,NA,Y,3,0,1,2,A,-,06,21755,A,N,C,C,A,A,H,-,C,D,0,NA,NA,Y,NA,Y,NA,C,02,0,1,0,0,0,0,0,0,1,-,-,NA,NA,ORANGE,HUNTINGTON BEACH,-117.97157287597656,33.650489807128906
8623294,2018,2018-06-12,3002,2018-05-07,1720,3893,740D6,1,5,5,3025,0,0,0,NA,0,002,KELLOGG DR,GRANDVIEW AV,26,S,N,A,-,N,NA,NA,NA,NA,NA,NA,NA,NA,NA,Y,4,0,2,2,A,-,08,22107,NA,N,A,C,A,A,H,-,A,A,0,NA,NA,NA,NA,Y,NA,A,07,0,0,2,0,0,0,0,0,0,-,-,NA,NA,ORANGE,YORBA LINDA,-117.8025360107422,33.87434005737305
8623443,2018,2018-06-14,3007,2018-05-14,1221,289,67,1,5,5,3007,0,0,0,NA,0,003,EUCLID ST,RT 405,534,N,N,A,-,N,NA,NA,NA,NA,NA,NA,NA,NA,NA,N,2,0,1,2,A,-,09,21804,A,N,D,C,A,A,H,-,A,D,0,NA,NA,Y,NA,Y,NA,A,01,1,0,0,0,0,0,0,0,1,-,-,NA,NA,ORANGE,FOUNTAIN VALLEY,-117.93514251708984,33.695831298828125
8623958,2018,2018-07-27,3000,2018-04-26,1948,4601,971-H,4,5,4,3029,0,0,0,NA,0,638,PACIFIC COAST HWY,VIOLET LANTERN,0,NA,Y,A,-,N,NA,NA,NA,NA,NA,NA,NA,NA,NA,N,3,0,1,2,A,-,11,21456,B,N,G,C,D,A,H,-,C,A,0,Y,NA,NA,NA,Y,NA,N,60,0,1,0,0,1,0,0,0,0,-,-,NA,NA,ORANGE,DANA POINT,-117.70027923583984,33.4668083190918
8626385,2018,2018-06-14,3001,2018-04-12,2339,A2247,D2,4,5,7,3001,0,0,0,NA,0,023,EAST LA PALMA AV,N TOPEKA ST,0,NA,Y,A,-,N,NA,NA,NA,NA,NA,NA,NA,NA,NA,Y,4,0,1,2,A,-,09,21801,A,N,D,C,A,A,H,-,C,D,0,NA,NA,NA,NA,Y,NA,A,01,0,0,1,0,0,0,0,0,0,-,-,NA,NA,ORANGE,ANAHEIM,-117.91165924072266,33.8472785949707
8626632,2018,2018-06-06,3026,2018-04-15,1818,482,HJC,7,5,6,3026,0,0,0,NA,0,00U,CAMPUS,E PELTASON,40,W,N,A,-,N,NA,NA,NA,NA,NA,NA,NA,NA,NA,N,4,0,1,2,A,-,03,22350,NA,N,C,C,A,A,H,-,A,A,0,NA,NA,NA,NA,Y,NA,A,01,0,0,1,0,0,0,0,0,0,-,-,NA,NA,ORANGE,IRVINE,-117.83551788330078,33.647762298583984
8627531,2018,2018-06-05,3000,2018-05-11,0801,9330,892H5,5,5,4,3048,0,0,0,NA,0,6M68,ARROYO VISTA,AVENIDA DE LAS BANDERAS,84,W,N,B,-,N,NA,NA,NA,NA,NA,NA,NA,NA,NA,Y,4,0,1,2,A,-,09,21804,A,N,B,C,A,A,H,-,A,D,0,NA,NA,NA,NA,Y,NA,A,01,0,0,1,0,0,0,0,0,0,-,-,NA,NA,ORANGE,RANCHO SANTA MARGARITA,-117.61328125,33.623409271240234
8627543,2018,2018-06-05,3002,2018-05-03,1615,5013,740E4,4,5,5,3025,0,0,0,NA,0,001,YORBA LINDA BL,FAIRMONT BL,27,W,N,A,-,N,NA,NA,NA,NA,NA,NA,NA,NA,NA,N,4,0,1,2,A,-,03,22350,NA,N,C,C,A,A,H,-,A,A,0,NA,NA,NA,NA,Y,NA,A,01,0,0,1,0,0,0,0,0,0,-,-,NA,NA,ORANGE,YORBA LINDA,-117.79063415527344,33.88874816894531
8627665,2018,2018-06-05,3007,2018-04-21,1200,293,NA,6,5,5,3007,0,0,0,NA,0,001,EDINGER AV,LOS COCHES,0,E,N,A,-,N,NA,NA,NA,NA,NA,NA,NA,NA,NA,N,4,0,2,4,A,-,03,22350,NA,N,C,C,A,A,H,-,A,A,0,NA,NA,NA,NA,Y,NA,A,01,0,0,2,0,0,0,0,0,0,-,-,NA,NA,ORANGE,FOUNTAIN VALLEY,-117.95262145996094,33.73054122924805
8628403,2018,2018-08-27,3001,2018-05-21,1631,2187,NA,1,5,7,3001,0,0,0,NA,0,0D3,ANAHEIM BL,RT 5,0,NA,Y,B,-,Y,ORA,12,5,-,-,36.74,R,4,N,Y,3,0,2,2,A,-,12,21453,A,N,D,C,A,A,H,-,A,A,0,NA,NA,NA,NA,Y,NA,A,01,0,1,1,0,0,0,0,0,0,-,NO,NA,NA,ORANGE,ANAHEIM,-117.90782165527344,33.80843734741211
8628856,2018,2018-06-18,3019,2018-05-19,1611,3514,WE,6,5,7,3019,0,0,0,NA,0,001,HAWLEY ST,5TH ST,150,N,N,A,-,N,NA,NA,NA,NA,NA,NA,NA,NA,NA,Y,3,0,2,3,A,-,08,22107,NA,N,C,E,A,A,H,-,A,D,0,NA,NA,NA,NA,Y,NA,A,01,0,2,0,0,0,0,0,0,0,-,-,33.74869155883789,-117.8989715576172,ORANGE,SANTA ANA,-117.89904022216795,33.74911117553711
8628927,2018,2018-06-18,3015,2018-05-30,0742,1372,55E,3,5,6,3015,0,0,0,NA,0,732,NORTH TUSTIN ST,E CHESTNUT AV,0,NA,Y,B,-,N,NA,NA,NA,NA,NA,NA,NA,NA,NA,Y,4,0,2,2,A,-,07,21658,A,N,B,C,A,B,H,-,A,D,0,NA,NA,NA,NA,Y,NA,A,01,0,0,2,0,0,0,0,0,0,-,-,NA,NA,ORANGE,ORANGE,-117.83583831787108,33.81372833251953
8629253,2018,2018-06-19,3014,2018-05-12,0206,1488,RD15,6,5,5,3014,0,0,0,NA,0,0A1,NEWPORT BL,26TH ST,0,NA,Y,A,-,N,NA,NA,NA,NA,NA,NA,NA,NA,NA,Y,4,0,1,4,A,-,01,23152,A,N,E,I,A,A,H,-,A,D,0,NA,NA,NA,NA,Y,Y,A,01,0,0,1,0,0,0,0,0,0,-,-,33.611698150634766,-117.92929840087892,ORANGE,NEWPORT BEACH,-117.92929077148438,33.61174011230469
8629926,2018,2018-06-05,3005,2018-05-23,2220,8152,C17,3,5,4,3005,0,0,0,NA,0,002,LINCOLN AV,HOFFMAN ST,238,E,N,A,-,N,NA,NA,NA,NA,NA,NA,NA,NA,NA,Y,4,0,1,3,A,-,03,22350,NA,N,D,E,A,A,H,-,C,D,0,NA,NA,NA,NA,Y,NA,A,01,0,0,1,0,0,0,0,0,0,-,-,NA,NA,ORANGE,CYPRESS,-118.02431488037108,33.831851959228516
8629966,2018,2018-06-05,3024,2018-05-17,1609,329,P34,4,5,5,3024,0,0,0,NA,0,EAST,BUSHARD ST,BISHOP PL,0,NA,Y,A,-,N,NA,NA,NA,NA,NA,NA,NA,NA,NA,Y,4,0,5,3,A,-,12,21453,A,N,D,C,A,A,H,-,A,A,0,NA,NA,NA,NA,Y,NA,A,01,0,0,5,0,0,0,0,0,0,-,-,33.741390228271484,-117.96343231201172,ORANGE,WESTMINSTER,-117.96347045898438,33.741268157958984
8629997,2018,2018-06-06,3005,2018-05-15,1349,8202,C26,2,5,4,3005,0,0,0,NA,0,003,BALL RD,MOODY ST,0,NA,Y,A,-,N,NA,NA,NA,NA,NA,NA,NA,NA,NA,Y,3,0,3,2,A,-,12,21453,A,N,D,C,A,A,H,-,A,A,0,NA,NA,NA,NA,Y,NA,A,07,0,2,1,0,0,0,0,0,0,-,-,NA,NA,ORANGE,CYPRESS,-118.04563903808594,33.81697082519531
8631128,2018,2018-06-07,3019,2018-05-13,1937,3081,SE,7,5,7,3019,0,0,0,NA,0,003,HARWOOD,MAPLE,132,W,N,A,-,N,NA,NA,NA,NA,NA,NA,NA,NA,NA,N,3,0,1,2,A,-,09,21804,A,N,D,G,A,A,H,-,A,D,0,NA,Y,NA,NA,Y,NA,L,04,0,1,0,0,0,0,1,0,0,-,-,NA,NA,ORANGE,SANTA ANA,-117.86392211914063,33.734413146972656
8631136,2018,2018-06-07,3019,2018-05-07,0845,3369,SC,1,5,7,3019,0,0,0,NA,0,004,SEGERSTROM AV,BEAR ST,285,W,N,A,-,N,NA,NA,NA,NA,NA,NA,NA,NA,NA,N,3,0,1,2,A,-,03,22350,NA,N,C,C,A,A,H,-,A,D,0,NA,NA,NA,NA,Y,NA,A,01,0,1,0,0,0,0,0,0,0,-,-,33.707489013671875,-117.8921127319336,ORANGE,SANTA ANA,-117.89323425292967,33.70747375488281
8632023,2018,2018-08-21,3024,2018-05-12,2329,363,P-06,6,5,5,3024,0,0,0,NA,0,WEST,RT 39,TRASK AV,1450,N,N,A,-,Y,ORA,12,39,-,-,8.37,H,-,S,N,3,0,1,2,A,-,05,21650,1,N,A,G,A,A,H,-,C,A,0,NA,Y,NA,NA,Y,NA,L,04,0,1,0,0,0,0,1,0,0,-,-,33.76628875732422,-117.98989868164063,ORANGE,WESTMINSTER,-117.9917221069336,33.769561767578125
8632288,2018,2018-08-29,3010,2018-05-25,0151,1181,413,5,5,6,3010,0,0,0,NA,0,005,RT 39,MAIN ST,0,NA,Y,B,-,Y,ORA,12,39,-,-,3.12,I,5,S,Y,3,0,2,2,A,-,01,23153,B,N,D,C,A,A,H,-,C,A,0,NA,NA,NA,NA,Y,Y,A,01,0,2,0,0,0,0,0,0,0,-,-,NA,NA,ORANGE,HUNTINGTON BEACH,-117.98895263671876,33.693748474121094
8632326,2018,2018-06-13,3016,2018-05-12,0454,1271,41,6,5,5,3016,0,0,0,NA,0,002,MIRALOMA AV,VAN BUREN ST,0,NA,Y,B,-,N,NA,NA,NA,NA,NA,NA,NA,NA,NA,N,4,0,1,2,A,-,10,21950,A,N,G,B,D,A,H,-,E,A,0,Y,NA,NA,NA,Y,NA,D,22,0,0,1,0,1,0,0,0,0,-,-,33.8627815246582,-117.83136749267578,ORANGE,PLACENTIA,-117.83123779296876,33.86283874511719
8634909,2018,2018-06-15,3010,2018-05-26,1543,1118,251,6,5,6,3010,0,0,0,NA,0,007,EDINGER,GOTHARD,680,W,N,A,-,N,NA,NA,NA,NA,NA,NA,NA,NA,NA,Y,3,0,1,3,A,-,04,21703,NA,N,C,C,A,A,H,-,A,A,0,NA,NA,NA,NA,Y,NA,A,01,0,1,0,0,0,0,0,0,0,-,-,NA,NA,ORANGE,HUNTINGTON BEACH,-118.00251007080078,33.7301139831543
8634976,2018,2018-06-19,3019,2018-05-11,0845,3317,SC,5,5,7,3019,0,0,0,NA,0,004,RAITT ST,ADAMS ST,100,N,N,B,-,N,NA,NA,NA,NA,NA,NA,NA,NA,NA,N,4,0,1,2,A,-,03,22350,NA,N,C,C,A,A,H,-,A,D,0,NA,NA,NA,NA,Y,NA,A,01,0,0,1,0,0,0,0,0,0,-,-,33.712120056152344,-117.897216796875,ORANGE,SANTA ANA,-117.89736938476563,33.71228790283203
8635072,2018,2018-06-21,3010,2018-06-02,0911,1261,447,6,5,6,3010,0,0,0,NA,0,003,BROOKHURST,CRAILET DR,0,NA,Y,A,-,N,NA,NA,NA,NA,NA,NA,NA,NA,NA,Y,3,0,1,2,A,-,09,21802,A,N,D,C,A,A,H,-,A,A,0,NA,NA,NA,NA,Y,NA,A,01,0,1,0,0,0,0,0,0,0,-,-,NA,NA,ORANGE,HUNTINGTON BEACH,-117.95384979248048,33.66621017456055
8636049,2018,2018-06-19,3004,2018-05-10,1255,P631,28,4,5,6,3004,0,0,0,NA,0,015,PULLMAN ST,BRIGGS AV,357,S,N,A,-,N,NA,NA,NA,NA,NA,NA,NA,NA,NA,Y,3,0,1,2,A,-,08,22107,NA,N,D,C,A,A,H,-,A,D,0,NA,NA,NA,NA,Y,NA,A,01,0,1,0,0,0,0,0,0,0,-,-,33.67789840698242,-117.87989807128906,ORANGE,COSTA MESA,-117.87987518310548,33.677974700927734