CASE_ID,ACCIDENT_YEAR,PROC_DATE,JURIS,COLLISION_DATE,COLLISION_TIME,OFFICER_ID,REPORTING_DISTRICT,DAY_OF_WEEK,CHP_SHIFT,POPULATION,CNTY_CITY_LOC,SPECIAL_COND,BEAT_TYPE,CHP_BEAT_TYPE,CITY_DIVISION_LAPD,CHP_BEAT_CLASS,BEAT_NUMBER,PRIMARY_RD,SECONDARY_RD,DISTANCE,DIRECTION,INTERSECTION,WEATHER_1,WEATHER_2,STATE_HWY_IND,CALTRANS_COUNTY,CALTRANS_DISTRICT,STATE_ROUTE,ROUTE_SUFFIX,POSTMILE_PREFIX,POSTMILE,LOCATION_TYPE,RAMP_INTERSECTION,SIDE_OF_HWY,TOW_AWAY,COLLISION_SEVERITY,NUMBER_KILLED,NUMBER_INJURED,PARTY_COUNT,PRIMARY_COLL_FACTOR,PCF_CODE_OF_VIOL,PCF_VIOL_CATEGORY,PCF_VIOLATION,PCF_VIOL_SUBSECTION,HIT_AND_RUN,TYPE_OF_COLLISION,MVIW,PED_ACTION,ROAD_SURFACE,ROAD_COND_1,ROAD_COND_2,LIGHTING,CONTROL_DEVICE,CHP_ROAD_TYPE,PEDESTRIAN_ACCIDENT,BICYCLE_ACCIDENT,MOTORCYCLE_ACCIDENT,TRUCK_ACCIDENT,NOT_PRIVATE_PROPERTY,ALCOHOL_INVOLVED,STWD_VEHTYPE_AT_FAULT,CHP_VEHTYPE_AT_FAULT,COUNT_SEVERE_INJ,COUNT_VISIBLE_INJ,COUNT_COMPLAINT_PAIN,COUNT_PED_KILLED,COUNT_PED_INJURED,COUNT_BICYCLIST_KILLED,COUNT_BICYCLIST_INJURED,COUNT_MC_KILLED,COUNT_MC_INJURED,PRIMARY_RAMP,SECONDARY_RAMP,LATITUDE,LONGITUDE,COUNTY,CITY,POINT_X,POINT_Y
8703061,2018,2018-11-15,3010,2018-10-01,0852,1059,241,1,5,6,3010,0,0,0,NA,0,009,GOLDENWEST ST,MCFADDEN AV,56,S,N,A,-,N,NA,NA,NA,NA,NA,NA,NA,NA,NA,Y,3,0,1,2,A,-,07,21658,A,N,B,C,A,A,H,-,A,D,0,NA,NA,NA,Y,Y,NA,F,26,0,1,0,0,0,0,0,0,0,-,-,NA,NA,ORANGE,HUNTINGTON BEACH,-118.00690460205078,33.73721694946289
8703303,2018,2018-09-19,3024,2018-09-06,1901,453,P19,4,5,5,3024,0,0,0,NA,0,EAST,HAZARD AV,JEFFERSON ST,0,NA,Y,A,-,N,NA,NA,NA,NA,NA,NA,NA,NA,NA,Y,4,0,1,2,A,-,07,21658,A,N,D,C,A,A,H,-,A,D,0,NA,NA,NA,NA,Y,NA,A,01,0,0,1,0,0,0,0,0,0,-,-,33.751949310302734,-117.98410034179688,ORANGE,WESTMINSTER,-117.98428344726563,33.752071380615234
8704077,2018,2018-10-01,3000,2018-07-27,2235,7095,952B2,5,5,5,3040,0,0,0,NA,0,D43,CAMINO CAPISTRANO,AVERY PKWY,706,S,N,A,-,N,NA,NA,NA,NA,NA,NA,NA,NA,NA,Y,4,0,1,2,A,-,09,21801,A,N,D,D,A,A,H,-,C,D,0,NA,NA,Y,NA,Y,NA,A,01,0,0,1,0,0,0,0,0,1,-,-,NA,NA,ORANGE,LAGUNA NIGUEL,-117.67418670654295,33.545345306396484
8704117,2018,2018-10-10,3000,2018-08-09,1157,8926,971G5,4,5,4,3029,0,0,0,NA,0,903,SELVA RD,CHULA VISTA,16,W,N,A,-,N,NA,NA,NA,NA,NA,NA,NA,NA,NA,Y,3,0,3,2,A,-,03,22350,NA,N,C,C,A,A,H,-,A,D,0,NA,NA,NA,NA,Y,NA,A,01,0,2,1,0,0,0,0,0,0,-,-,NA,NA,ORANGE,DANA POINT,-117.706298828125,33.4727897644043
8704371,2018,2018-10-05,3000,2018-09-07,0830,9573,891F5,5,5,5,3050,0,0,0,NA,0,760,ROCKFIELD,MERCURY RD,34,N,N,A,-,N,NA,NA,NA,NA,NA,NA,NA,NA,NA,Y,4,0,1,2,A,-,08,22107,NA,N,D,C,A,A,H,-,A,D,0,NA,NA,NA,NA,Y,NA,A,07,0,0,1,0,0,0,0,0,0,-,-,NA,NA,ORANGE,LAKE FOREST,-117.71385955810548,33.62594223022461
8704842,2018,2018-10-12,3006,2018-09-11,0838,316,14,2,5,3,3006,0,0,0,NA,0,002,LA PALMA,BRAVO,89,E,N,A,-,N,NA,NA,NA,NA,NA,NA,NA,NA,NA,N,4,0,1,2,A,-,03,22350,NA,N,C,C,A,A,H,-,A,D,0,NA,NA,NA,NA,Y,NA,A,01,0,0,1,0,0,0,0,0,0,-,-,NA,NA,ORANGE,LA PALMA,-118.03271484375,33.8463249206543
8705135,2018,2018-10-10,3010,2018-09-15,2316,1243,261,6,5,6,3010,0,0,0,NA,0,007,GOLDENWEST,S LYDIA,425,S,N,A,-,N,NA,NA,NA,NA,NA,NA,NA,NA,NA,N,3,0,1,2,A,-,09,21804,A,N,D,G,A,A,H,-,C,D,0,NA,Y,NA,NA,Y,NA,L,04,0,1,0,0,0,0,1,0,0,-,-,NA,NA,ORANGE,HUNTINGTON BEACH,-118.00659942626952,33.717655181884766
8706083,2018,2018-10-05,3001,2018-07-25,1039,A1555,NA,3,5,7,3001,0,0,0,NA,0,0D3,WEST KATELLA AV,SOUTH EASY WY,0,NA,Y,A,-,N,NA,NA,NA,NA,NA,NA,NA,NA,NA,N,3,0,1,2,A,-,09,21802,A,M,D,C,A,A,H,-,A,A,0,NA,NA,NA,NA,Y,NA,A,01,0,1,0,0,0,0,0,0,0,-,-,NA,NA,ORANGE,ANAHEIM,-117.94788360595705,33.803199768066406
8710187,2018,2018-10-18,3001,2018-08-03,1215,1410,NA,5,5,7,3001,0,0,0,NA,0,0D2,N EUCLID ST,WEST CRESCENT AV,200,N,N,A,-,N,NA,NA,NA,NA,NA,NA,NA,NA,NA,N,4,0,1,2,B,-,22,NA,NA,N,D,G,A,A,H,-,A,D,0,NA,Y,NA,NA,Y,NA,L,04,0,0,1,0,0,0,1,0,0,-,-,NA,NA,ORANGE,ANAHEIM,-117.94159698486328,33.84034729003906
8710254,2018,2018-10-24,3026,2018-09-06,0845,369,UNIVE,4,5,6,3026,0,0,0,NA,0,002,VON KARMAN AV,ALTON PKWY,285,N,N,B,-,N,NA,NA,NA,NA,NA,NA,NA,NA,NA,Y,4,0,1,2,A,-,05,21651,A,N,D,C,A,A,H,-,A,A,0,NA,NA,NA,NA,Y,NA,A,01,0,0,1,0,0,0,0,0,0,-,-,33.69308090209961,-117.83867645263672,ORANGE,IRVINE,-117.83810424804688,33.693702697753906
8710587,2018,2018-10-23,3001,2018-08-04,0320,2377,2,6,5,7,3001,0,0,0,NA,0,022,LA PALMA AV,N HERMOSA DR,200,W,N,A,-,N,NA,NA,NA,NA,NA,NA,NA,NA,NA,Y,4,0,2,3,A,-,07,21658,A,N,C,C,A,A,H,-,C,D,0,NA,NA,NA,NA,Y,NA,A,01,0,0,2,0,0,0,0,0,0,-,-,NA,NA,ORANGE,ANAHEIM,-117.93711853027344,33.847129821777344
8710682,2018,2018-10-11,3014,2018-09-02,0857,1418,RD28,7,5,5,3014,0,0,0,NA,0,0A2,SHERINGTON PL,IRVINE AV,490,E,N,A,-,N,NA,NA,NA,NA,NA,NA,NA,NA,NA,N,3,0,1,2,A,-,08,22107,NA,N,D,C,A,A,H,-,A,D,0,NA,NA,Y,NA,Y,NA,M,91,0,1,0,0,0,0,0,0,0,-,-,33.62670135498047,-117.90799713134766,ORANGE,NEWPORT BEACH,-117.9081573486328,33.62678146362305
8712599,2018,2018-10-22,3014,2018-09-25,1156,1253,RD64,2,5,5,3014,0,0,0,NA,0,0A4,NEWPORT COAST DR,VISTA RIDGE RD,0,NA,Y,B,-,N,NA,NA,NA,NA,NA,NA,NA,NA,NA,Y,4,0,1,2,A,-,12,21453,A,N,D,C,A,A,H,-,A,A,0,NA,NA,NA,NA,Y,NA,A,01,0,0,1,0,0,0,0,0,0,-,-,33.60329818725586,-117.82949829101563,ORANGE,NEWPORT BEACH,-117.82951354980467,33.60335159301758
8712670,2018,2018-12-03,3000,2018-10-13,1005,2785,921D5,6,5,4,3049,0,0,0,NA,0,784,ALISO VIEJO PKWY,GRAND,0,NA,Y,C,-,N,NA,NA,NA,NA,NA,NA,NA,NA,NA,Y,3,0,3,2,A,-,12,21453,A,N,D,C,A,B,H,-,A,A,0,NA,NA,NA,NA,Y,NA,-,-,0,1,2,0,0,0,0,0,0,-,-,NA,NA,ORANGE,ALISO VIEJO,-117.73072814941406,33.576961517333984
8712769,2018,2018-12-05,3022,2018-10-09,1801,1279,NA,2,5,5,3022,0,0,0,NA,0,NA,IRVINE BL,B ST,0,NA,Y,A,-,N,NA,NA,NA,NA,NA,NA,NA,NA,NA,Y,3,0,1,2,A,-,12,21453,A,N,D,C,A,A,H,-,A,A,0,NA,NA,NA,NA,Y,NA,-,-,0,1,0,0,0,0,0,0,0,-,-,33.748321533203125,-117.8257064819336,ORANGE,TUSTIN,-117.82586669921876,33.748268127441406
8712773,2018,2018-11-19,3010,2018-10-08,0414,2007,168,1,5,6,3010,0,0,0,NA,0,008,WARNER AV,ALGONQUIN ST,174,E,N,A,-,N,NA,NA,NA,NA,NA,NA,NA,NA,NA,Y,4,0,1,1,A,-,03,22350,NA,M,D,I,A,A,H,-,C,A,0,NA,NA,NA,NA,Y,NA,A,01,0,0,1,0,0,0,0,0,0,-,-,NA,NA,ORANGE,HUNTINGTON BEACH,-118.04904174804688,33.71509552001953
8713055,2018,2018-10-26,3000,2018-09-21,1333,10165,921E3,5,5,4,3049,0,0,0,NA,0,784,ALISO CREEK RD,ALISO VIEJO PKWY,0,NA,Y,A,-,N,NA,NA,NA,NA,NA,NA,NA,NA,NA,Y,3,0,1,2,A,-,12,21453,A,N,D,C,A,A,H,-,A,A,0,NA,NA,Y,NA,Y,NA,C,03,0,1,0,0,0,0,0,0,1,-,-,NA,NA,ORANGE,ALISO VIEJO,-117.72512817382813,33.56428146362305
8713063,2018,2018-10-25,3000,2018-09-04,1720,05271,972F7,2,5,5,3017,0,0,0,NA,0,776,CAMINO DE LOS MARES,AVE VAQUERO,11118,N,N,B,-,N,NA,NA,NA,NA,NA,NA,NA,NA,NA,Y,4,0,1,1,C,-,18,NA,NA,N,E,I,A,A,H,-,A,D,0,NA,NA,NA,NA,Y,NA,-,-,0,0,1,0,0,0,0,0,0,-,-,NA,NA,ORANGE,SAN CLEMENTE,-117.6435317993164,33.4575309753418
8714839,2018,2018-11-05,3024,2018-10-16,0732,159,P38,2,5,5,3024,0,0,0,NA,0,EAST,MAGNOLIA ST,UNIVERSE AV,0,NA,Y,A,-,N,NA,NA,NA,NA,NA,NA,NA,NA,NA,Y,4,0,3,2,A,-,09,21801,A,N,D,C,A,A,H,-,A,D,0,NA,NA,NA,NA,Y,NA,A,01,0,0,3,0,0,0,0,0,0,-,-,33.7263298034668,-117.91793060302734,ORANGE,WESTMINSTER,-117.97200775146484,33.72631072998047
8714847,2018,2018-11-05,3024,2018-10-07,2118,174,P35,7,5,5,3024,0,0,0,NA,0,EAST,BUSHARD ST,BISHOP PL,0,NA,Y,A,-,N,NA,NA,NA,NA,NA,NA,NA,NA,NA,Y,3,0,2,3,A,-,12,21453,A,N,D,C,A,A,H,-,C,A,0,NA,NA,NA,NA,Y,NA,A,01,0,1,1,0,0,0,0,0,0,-,-,33.741390228271484,-117.96343231201172,ORANGE,WESTMINSTER,-117.96347045898438,33.741268157958984
8715606,2018,2018-11-15,3013,2018-10-08,2233,121,L01,1,5,3,3013,0,0,0,NA,0,004,BALL RD,BLOOMFIELD ST,0,NA,Y,A,-,N,NA,NA,NA,NA,NA,NA,NA,NA,NA,Y,4,0,1,2,A,-,09,21801,A,N,D,C,A,A,H,-,C,A,0,NA,NA,NA,NA,Y,NA,A,01,0,0,1,0,0,0,0,0,0,-,-,NA,NA,ORANGE,LOS ALAMITOS,-118.06313323974608,33.81760025024414
8716014,2018,2018-10-16,3008,2018-05-07,1733,1546,ZONE1,1,5,6,3008,0,0,0,NA,0,NA,STARBUCK ST,STERN GOODMAN ST,0,NA,Y,A,-,N,NA,NA,NA,NA,NA,NA,NA,NA,NA,N,4,0,1,2,D,-,00,NA,NA,N,D,C,A,A,H,-,A,D,0,NA,NA,NA,NA,Y,NA,-,-,0,0,1,0,0,0,0,0,0,-,-,NA,NA,ORANGE,FULLERTON,-117.96485137939452,33.878971099853516
8717316,2018,2018-10-23,3015,2018-09-11,1655,1589,55E,2,5,6,3015,0,0,0,NA,0,NORTH,NORTH TUSTIN ST,VILLA PARK RD,0,NA,Y,A,-,N,NA,NA,NA,NA,NA,NA,NA,NA,NA,Y,3,0,1,2,A,-,08,22107,NA,N,D,C,A,A,H,-,A,D,0,NA,NA,NA,NA,Y,NA,D,22,0,1,0,0,0,0,0,0,0,-,-,NA,NA,ORANGE,ORANGE,-117.83576965332033,33.8102912902832
8717360,2018,2018-10-23,3015,2018-09-25,1515,1602,32W,2,5,6,3015,0,0,0,NA,0,732,WEST CHAPMAN AV,N MAIN ST,118,E,N,A,-,N,NA,NA,NA,NA,NA,NA,NA,NA,NA,Y,4,0,1,3,A,-,03,22350,NA,N,C,C,A,A,H,-,A,A,0,NA,NA,NA,NA,Y,NA,A,01,0,0,1,0,0,0,0,0,0,-,-,NA,NA,ORANGE,ORANGE,-117.86691284179688,33.78789138793945
8717458,2018,2018-10-30,3010,2018-10-01,0905,O197,251,1,5,6,3010,0,0,0,NA,0,007,GOLDENWEST,EDINGER,0,NA,Y,A,-,N,NA,NA,NA,NA,NA,NA,NA,NA,NA,Y,3,0,1,2,A,-,12,21453,A,N,D,C,A,A,H,-,A,A,0,NA,NA,NA,NA,Y,NA,A,01,0,1,0,0,0,0,0,0,0,-,-,NA,NA,ORANGE,HUNTINGTON BEACH,-118.00676727294922,33.730098724365234
8717462,2018,2018-10-30,3010,2018-10-01,0833,1059,465,1,5,6,3010,0,0,0,NA,0,002,MAGNOLIA ST,ATLANTA AV,0,S,N,A,-,N,NA,NA,NA,NA,NA,NA,NA,NA,NA,N,4,0,1,2,A,-,21,22106,NA,N,C,C,A,A,-,-,A,A,0,NA,NA,NA,NA,Y,NA,A,07,0,0,1,0,0,0,0,0,0,-,-,NA,NA,ORANGE,HUNTINGTON BEACH,-117.97104644775392,33.65773010253906
8718303,2018,2018-11-05,3008,2018-04-21,1226,1511,NA,6,5,6,3008,0,0,0,NA,0,003,E NUTWOOD AV,RT 57,0,NA,Y,A,-,Y,ORA,12,57,-,-,17.741,R,4,S,Y,3,0,4,2,A,-,12,21453,A,N,D,C,A,A,H,-,A,A,0,NA,NA,NA,NA,Y,NA,A,01,0,2,2,0,0,0,0,0,0,-,SF,NA,NA,ORANGE,FULLERTON,-117.88056182861328,33.880279541015625
8718684,2018,2018-11-27,3026,2018-09-23,0631,507,NA,7,5,6,3026,0,0,0,NA,0,00U,JAMBOREE,RT 405,23,S,N,A,-,Y,ORA,12,405,-,-,7.141,R,4,S,N,4,0,1,1,A,-,01,23152,A,N,A,I,A,A,H,-,B,A,0,NA,NA,NA,NA,Y,Y,A,01,0,0,1,0,0,0,0,0,0,-,SF,NA,NA,ORANGE,IRVINE,-117.84710693359376,33.67819595336914
8718742,2018,2019-01-03,3014,2018-09-26,1757,1146,RD26,3,5,5,3014,0,0,0,NA,0,0A2,RT 1,TUSTIN AV,632,E,N,A,-,Y,ORA,12,1,-,-,19.29,H,-,N,N,4,0,1,3,A,-,03,22350,NA,N,C,C,A,A,H,-,A,A,0,NA,NA,NA,NA,Y,NA,A,01,0,0,1,0,0,0,0,0,0,-,-,33.61880111694336,-117.92099761962892,ORANGE,NEWPORT BEACH,-117.92099761962892,33.61888122558594
8718810,2018,2018-11-13,3003,2018-10-08,1228,1184,NA,1,5,5,3003,0,0,0,NA,0,NA,BEACH BL,LA PALMA AV,570,N,N,A,-,N,NA,NA,NA,NA,NA,NA,NA,NA,NA,N,4,0,1,2,D,-,00,NA,NA,N,G,B,D,A,H,-,A,D,0,Y,NA,NA,NA,Y,NA,-,-,0,0,1,0,1,0,0,0,0,-,-,33.84000015258789,-117.9980010986328,ORANGE,BUENA PARK,-117.9980239868164,33.84821319580078
8719509,2018,2018-11-15,3014,2018-10-16,1630,1146,RD51,2,5,5,3014,0,0,0,NA,0,0A4,MACARTHUR BL,BONITA CANYON DR,120,S,N,A,-,N,NA,NA,NA,NA,NA,NA,NA,NA,NA,Y,4,0,2,3,A,-,03,22350,NA,M,C,C,A,A,H,-,A,A,0,NA,NA,NA,NA,Y,NA,A,01,0,0,2,0,0,0,0,0,0,-,-,NA,NA,ORANGE,NEWPORT BEACH,-117.86237335205078,33.62909698486328
8719837,2018,2018-10-26,3003,2018-10-14,1854,665,23,7,5,5,3003,0,0,0,NA,0,008,KNOTT AV,SANTA MARTA CIR,60,N,N,A,-,N,NA,NA,NA,NA,NA,NA,NA,NA,NA,Y,4,0,1,2,A,-,07,21658,A,N,B,C,A,A,H,-,B,A,0,NA,NA,NA,NA,Y,NA,D,22,0,0,1,0,0,0,0,0,0,-,-,33.841400146484375,-118.01139831542967,ORANGE,BUENA PARK,-118.01113128662108,33.84134292602539
8719938,2018,2018-11-20,3009,2018-10-03,0753,3927,142,3,5,6,3009,0,0,0,NA,0,002,BUARO ST,CHAPMAN AV,0,NA,Y,B,-,N,NA,NA,NA,NA,NA,NA,NA,NA,NA,N,3,0,1,2,A,-,10,21950,A,N,G,B,B,A,H,-,A,A,0,Y,NA,NA,NA,Y,NA,A,01,0,1,0,0,1,0,0,0,0,-,-,33.788780212402344,-117.91925811767578,ORANGE,GARDEN GROVE,-117.91925811767578,33.78889083862305
8719960,2018,2018-10-31,3003,2018-10-13,1106,847,NA,6,5,5,3003,0,0,0,NA,0,NA,MALVERN AV,COUNTRY CLUB DR,0,NA,Y,B,-,N,NA,NA,NA,NA,NA,NA,NA,NA,NA,Y,3,0,2,2,A,-,12,21453,A,N,D,C,A,B,H,-,A,A,0,NA,NA,NA,NA,Y,NA,-,NA,0,1,1,0,0,0,0,0,0,-,-,33.88159942626953,-117.99250030517578,ORANGE,BUENA PARK,-117.9926528930664,33.881771087646484
8720763,2018,2018-11-13,3003,2018-10-15,1623,1184,NA,1,5,5,3003,0,0,0,NA,0,001,DALE ST,COMMONWEALTH AV,0,NA,Y,A,-,N,NA,NA,NA,NA,NA,NA,NA,NA,NA,N,4,0,1,2,A,-,12,21453,A,M,D,C,A,A,H,-,A,A,0,NA,NA,NA,NA,Y,NA,A,01,0,0,1,0,0,0,0,0,0,-,-,NA,NA,ORANGE,BUENA PARK,-117.98509216308594,33.86996841430664
8720989,2018,2018-11-13,3000,2018-10-09,0750,2182,972D7,2,5,5,3017,0,0,0,NA,0,M73,CAMINO DE LOS MARES,CALLE AGUA,342,E,N,A,-,N,NA,NA,NA,NA,NA,NA,NA,NA,NA,Y,4,0,2,2,A,-,12,21453,A,N,A,C,A,A,H,-,A,A,0,NA,NA,NA,NA,Y,NA,D,22,0,0,2,0,0,0,0,0,0,-,-,NA,NA,ORANGE,SAN CLEMENTE,-117.65103912353516,33.45869827270508
8721033,2018,2018-11-07,3004,2018-09-14,0825,P631,12,5,5,6,3004,0,0,0,NA,0,015,ORANGE AV,SANTA ISABEL AV,396,N,N,A,-,N,NA,NA,NA,NA,NA,NA,NA,NA,NA,N,3,0,1,2,A,-,09,21804,A,N,D,C,A,A,H,-,A,D,0,NA,NA,Y,NA,Y,NA,D,22,0,1,0,0,0,0,0,0,1,-,-,33.655799865722656,-117.89839935302734,ORANGE,COSTA MESA,-117.89844512939452,33.6557731628418
8721454,2018,2018-11-09,3024,2018-10-05,2221,412,P29,5,5,5,3024,0,0,0,NA,0,EAST,WARD ST,HAZARD AV,96,S,N,A,-,N,NA,NA,NA,NA,NA,NA,NA,NA,NA,Y,3,0,1,1,A,-,08,22107,NA,N,E,I,A,A,H,-,C,A,0,NA,NA,NA,NA,Y,Y,A,01,0,1,0,0,0,0,0,0,0,-,-,33.752281188964844,-117.94596862792967,ORANGE,WESTMINSTER,-117.94613647460938,33.75206756591797
8723115,2018,2018-11-01,3009,2018-10-11,0840,1098,99,4,5,6,3009,0,0,0,NA,0,731,W TRASK AV,SOUTH GILBERT ST,0,NA,Y,B,-,N,NA,NA,NA,NA,NA,NA,NA,NA,NA,N,3,0,2,2,A,-,09,21802,A,N,D,C,A,A,H,-,A,A,0,NA,NA,NA,NA,Y,NA,A,07,0,1,1,0,0,0,0,0,0,-,-,NA,NA,ORANGE,GARDEN GROVE,-117.96759033203124,33.76668930053711
8723119,2018,2019-01-10,3015,2018-10-05,1752,1554,21E,5,5,6,3015,0,0,0,NA,0,311,WEST CHAPMAN AV,RT 5,0,NA,Y,A,-,Y,ORA,12,5,-,-,34.887,R,4,S,Y,3,0,3,2,A,-,09,21453,C,N,D,C,A,A,H,-,B,A,0,NA,NA,Y,NA,Y,NA,C,06,0,3,0,0,0,0,0,0,1,-,SO,NA,NA,ORANGE,ORANGE,-117.88653564453124,33.78817367553711
8723534,2018,2018-11-26,3008,2018-05-22,1908,1466,NJC,2,5,6,3008,0,0,0,NA,0,001,COMMONWEALTH AV,ORANGE AV,18,W,N,A,-,N,NA,NA,NA,NA,NA,NA,NA,NA,NA,N,4,0,1,2,A,-,08,22107,NA,N,B,C,A,A,H,-,C,D,0,NA,NA,NA,NA,Y,NA,D,22,0,0,1,0,0,0,0,0,0,-,-,NA,NA,ORANGE,FULLERTON,-117.94309997558594,33.870208740234375
8724122,2018,2019-01-10,3001,2018-11-06,1726,A1410,NA,2,5,7,3001,0,0,0,NA,0,0D4,MONTE VISTA RD,OLD SPRINGS RD,106,E,N,A,-,N,NA,NA,NA,NA,NA,NA,NA,NA,NA,Y,3,0,2,2,A,-,08,22102,NA,N,D,C,A,A,H,-,C,D,0,NA,NA,NA,NA,Y,NA,D,22,0,2,0,0,0,0,0,0,0,-,-,NA,NA,ORANGE,ANAHEIM,-117.74163055419922,33.86345291137695
8724467,2018,2018-11-28,3026,2018-09-26,0755,468,CROSS,3,5,6,3026,0,0,0,NA,0,NA,PASEO WESTPARK,ALTON PKWY,0,NA,Y,B,-,N,NA,NA,NA,NA,NA,NA,NA,NA,NA,N,3,0,1,2,A,-,21,22106,NA,N,H,G,A,A,H,-,A,A,0,NA,Y,NA,NA,Y,NA,A,01,0,1,0,0,0,0,1,0,0,-,-,33.68199920654297,-117.81700134277344,ORANGE,IRVINE,-117.81768035888672,33.68254089355469
8726810,2018,2018-11-29,3003,2018-10-23,1920,725,NA,2,5,5,3003,0,0,0,NA,0,NA,WESTERN AV,CRESCENT AV,208,S,N,A,-,N,NA,NA,NA,NA,NA,NA,NA,NA,NA,Y,4,0,1,2,A,-,03,22350,NA,N,C,C,A,A,H,-,C,D,0,NA,NA,NA,NA,Y,Y,A,01,0,0,1,0,0,0,0,0,0,-,-,33.838199615478516,-118.00240325927734,ORANGE,BUENA PARK,-118.00231170654295,33.838748931884766
8726991,2018,2018-11-08,3000,2018-08-12,0020,3331,1023-,7,5,5,3017,0,0,0,NA,0,017,CAMINO DE LOS MARES,CAMINO DEL RIO,67,S,N,A,-,N,NA,NA,NA,NA,NA,NA,NA,NA,NA,Y,3,0,1,1,A,-,03,22350,NA,N,F,A,A,A,H,-,C,D,0,NA,NA,Y,NA,Y,NA,C,02,0,1,0,0,0,0,0,0,1,-,-,NA,NA,ORANGE,SAN CLEMENTE,-117.6288604736328,33.47340774536133
8727090,2018,2019-01-28,3011,2018-10-13,1517,31456,23,6,5,4,3011,0,0,0,NA,0,001,RT 1,VIEJO ST,50,N,N,B,C,Y,ORA,12,1,-,-,10.42,H,-,S,Y,4,0,2,4,A,-,01,23153,A,N,C,C,A,B,H,-,A,A,0,NA,NA,NA,NA,Y,Y,A,07,0,0,2,0,0,0,0,0,0,-,-,NA,NA,ORANGE,LAGUNA BEACH,-117.80123138427734,33.548709869384766
8727148,2018,2019-01-22,3010,2018-10-19,1733,3042,242,5,5,6,3010,0,0,0,NA,0,009,RT 39,EDINGER,0,NA,Y,A,-,Y,ORA,12,39,-,-,5.641,I,5,N,Y,4,0,1,2,A,-,12,21453,A,N,D,D,A,A,H,-,A,B,0,NA,NA,NA,NA,Y,NA,A,07,0,0,1,0,0,0,0,0,0,-,-,NA,NA,ORANGE,HUNTINGTON BEACH,-117.98922729492188,33.73024368286133
8727181,2018,2018-12-14,3000,2018-09-17,0717,2731,797J3,1,5,4,3021,0,0,0,NA,0,024,ORANGEWOOD AV,BEACH BL,0,NA,Y,A,-,Y,ORA,12,39,-,-,10.171,I,5,N,Y,4,0,1,3,A,-,09,21801,A,N,D,D,A,A,H,-,A,A,0,NA,NA,NA,NA,Y,NA,A,07,0,0,1,0,0,0,0,0,0,-,-,NA,NA,ORANGE,STANTON,-117.99291229248048,33.79557418823242
8727209,2018,2019-01-09,3024,2018-10-11,1644,422,P-18,4,5,5,3024,0,0,0,NA,0,WEST,RT 39,15TH ST,0,NA,Y,A,-,Y,ORA,12,39,-,-,7.511,I,5,S,Y,4,0,2,2,A,-,09,21801,A,N,D,C,A,A,H,-,A,D,0,NA,NA,NA,NA,Y,NA,D,22,0,0,2,0,0,0,0,0,0,-,-,NA,NA,ORANGE,WESTMINSTER,-117.98976135253906,33.757450103759766
8727358,2018,2019-01-09,3024,2018-10-18,0916,146,P12,4,5,5,3024,0,0,0,NA,0,WEST,RT 39,19TH ST,0,NA,Y,A,-,Y,ORA,12,39,-,-,7.761,I,5,S,Y,4,0,7,3,A,-,09,21801,A,N,D,C,A,A,H,-,A,D,0,NA,NA,NA,Y,Y,NA,A,08,0,0,7,0,0,0,0,0,0,-,-,33.760841369628906,-117.98963928222656,ORANGE,WESTMINSTER,-117.98979949951172,33.76110076904297
8728359,2018,2018-11-07,3004,2018-09-25,2001,R103,01,2,5,6,3004,0,0,0,NA,0,015,MONROVIA AV,NEWHALL ST,43,N,N,A,-,N,NA,NA,NA,NA,NA,NA,NA,NA,NA,Y,3,0,1,4,A,-,01,23152,A,N,B,E,A,A,H,-,C,D,0,NA,NA,NA,NA,Y,Y,A,07,0,1,0,0,0,0,0,0,0,-,-,33.63444900512695,-117.93618011474608,ORANGE,COSTA MESA,-117.93624877929688,33.634368896484375
8728558,2018,2018-12-18,3003,2018-10-20,1320,847,NA,6,5,5,3003,0,0,0,NA,0,NA,ORANGETHORPE AV,VALLEY VIEW ST,0,NA,Y,A,-,N,NA,NA,NA,NA,NA,NA,NA,NA,NA,Y,4,0,1,2,A,-,12,21453,A,N,D,C,A,A,H,-,A,A,0,NA,NA,NA,NA,Y,NA,A,01,0,0,1,0,0,0,0,0,0,-,-,33.858699798583984,-118.02850341796876,ORANGE,BUENA PARK,-118.0287628173828,33.85887908935547
8730106,2018,2018-11-21,3010,2018-11-04,1242,1019,466,7,5,6,3010,0,0,0,NA,0,002,BUSHARD,ATLANTA,32,N,N,A,-,N,NA,NA,NA,NA,NA,NA,NA,NA,NA,Y,4,0,2,3,A,-,03,22350,NA,N,C,C,A,A,H,-,A,A,0,NA,NA,NA,NA,Y,NA,A,07,0,0,2,0,0,0,0,0,0,-,-,NA,NA,ORANGE,HUNTINGTON BEACH,-117.96234130859376,33.65787887573242
8730110,2018,2018-11-21,3010,2018-11-02,1845,1208,272,5,5,6,3010,0,0,0,NA,0,00G,WARNER,ASH,305,E,N,A,-,N,NA,NA,NA,NA,NA,NA,NA,NA,NA,Y,4,0,1,2,A,-,09,21801,A,N,D,C,A,A,H,-,C,D,0,NA,NA,NA,NA,Y,NA,A,01,0,0,1,0,0,0,0,0,0,-,-,NA,NA,ORANGE,HUNTINGTON BEACH,-117.99108123779295,33.715660095214844