CASE_ID,ACCIDENT_YEAR,PROC_DATE,JURIS,COLLISION_DATE,COLLISION_TIME,OFFICER_ID,REPORTING_DISTRICT,DAY_OF_WEEK,CHP_SHIFT,POPULATION,CNTY_CITY_LOC,SPECIAL_COND,BEAT_TYPE,CHP_BEAT_TYPE,CITY_DIVISION_LAPD,CHP_BEAT_CLASS,BEAT_NUMBER,PRIMARY_RD,SECONDARY_RD,DISTANCE,DIRECTION,INTERSECTION,WEATHER_1,WEATHER_2,STATE_HWY_IND,CALTRANS_COUNTY,CALTRANS_DISTRICT,STATE_ROUTE,ROUTE_SUFFIX,POSTMILE_PREFIX,POSTMILE,LOCATION_TYPE,RAMP_INTERSECTION,SIDE_OF_HWY,TOW_AWAY,COLLISION_SEVERITY,NUMBER_KILLED,NUMBER_INJURED,PARTY_COUNT,PRIMARY_COLL_FACTOR,PCF_CODE_OF_VIOL,PCF_VIOL_CATEGORY,PCF_VIOLATION,PCF_VIOL_SUBSECTION,HIT_AND_RUN,TYPE_OF_COLLISION,MVIW,PED_ACTION,ROAD_SURFACE,ROAD_COND_1,ROAD_COND_2,LIGHTING,CONTROL_DEVICE,CHP_ROAD_TYPE,PEDESTRIAN_ACCIDENT,BICYCLE_ACCIDENT,MOTORCYCLE_ACCIDENT,TRUCK_ACCIDENT,NOT_PRIVATE_PROPERTY,ALCOHOL_INVOLVED,STWD_VEHTYPE_AT_FAULT,CHP_VEHTYPE_AT_FAULT,COUNT_SEVERE_INJ,COUNT_VISIBLE_INJ,COUNT_COMPLAINT_PAIN,COUNT_PED_KILLED,COUNT_PED_INJURED,COUNT_BICYCLIST_KILLED,COUNT_BICYCLIST_INJURED,COUNT_MC_KILLED,COUNT_MC_INJURED,PRIMARY_RAMP,SECONDARY_RAMP,LATITUDE,LONGITUDE,COUNTY,CITY,POINT_X,POINT_Y
8788699,2018,2019-01-28,3026,2018-11-30,1717,609 565,NA,5,5,6,3026,0,0,0,NA,0,00U,BISON AV,CALIFORNIA,810,S,N,A,-,N,NA,NA,NA,NA,NA,NA,NA,NA,NA,Y,4,0,1,2,A,-,03,22350,NA,N,C,C,A,A,H,-,C,A,0,NA,NA,NA,NA,Y,NA,A,01,0,0,1,0,0,0,0,0,0,-,-,NA,NA,ORANGE,IRVINE,-117.85488128662108,33.63855743408203
8789907,2019,2019-02-12,3001,2019-01-10,1634,471,NA,4,5,7,3001,0,0,0,NA,0,0D4,EAST LA PALMA AV,NORTH TUSTIN AV,0,NA,Y,A,-,N,NA,NA,NA,NA,NA,NA,NA,NA,NA,Y,4,0,2,2,D,-,00,NA,NA,N,A,C,A,A,H,-,B,A,0,NA,NA,NA,NA,Y,NA,-,-,0,0,2,0,0,0,0,0,0,-,-,NA,NA,ORANGE,ANAHEIM,-117.83740997314452,33.8555908203125
8790113,2019,2019-02-20,3026,2019-01-14,1358,313,NA,1,5,6,3026,0,0,0,NA,0,NA,JEFFREY,TRIOMPHE AV,100,S,N,C,-,N,NA,NA,NA,NA,NA,NA,NA,NA,NA,N,4,0,1,2,A,-,03,22350,NA,N,C,C,A,B,H,-,A,A,0,NA,NA,NA,NA,Y,NA,A,01,0,0,1,0,0,0,0,0,0,-,-,NA,NA,ORANGE,IRVINE,-117.77762603759766,33.6807861328125
8790220,2019,2019-02-12,3004,2019-01-15,1231,P459,12,2,5,6,3004,0,0,0,NA,0,015,SANTA ANA AV,MESA DR,786,S,N,B,-,N,NA,NA,NA,NA,NA,NA,NA,NA,NA,N,4,0,1,2,A,-,09,21804,A,N,D,C,A,B,H,-,A,D,0,NA,NA,NA,NA,Y,NA,A,01,0,0,1,0,0,0,0,0,0,-,-,33.659000396728516,-117.88899993896484,ORANGE,COSTA MESA,-117.8892822265625,33.65932083129883
8792336,2018,2019-02-25,3001,2018-12-18,0858,A1555,NA,2,5,7,3001,0,0,0,NA,0,004,NORTH LAKEVIEW AV,EAST LA PALMA AV,561,N,N,B,-,N,NA,NA,NA,NA,NA,NA,NA,NA,NA,N,3,0,1,1,A,-,03,22350,NA,N,F,-,A,A,H,-,A,D,0,NA,NA,Y,NA,Y,NA,C,02,0,1,0,0,0,0,0,0,1,-,-,NA,NA,ORANGE,ANAHEIM,-117.81844329833984,33.86105728149414
8792340,2018,2019-02-25,3001,2018-12-30,0027,415,D3,7,5,7,3001,0,0,0,NA,0,NA,SOUTH ANAHEIM BL,W WINSTON RD,93,N,N,A,-,N,NA,NA,NA,NA,NA,NA,NA,NA,NA,Y,3,0,1,1,A,-,08,22107,NA,N,F,A,A,A,H,-,C,D,0,NA,NA,NA,NA,Y,NA,A,01,0,1,0,0,0,0,0,0,0,-,-,NA,NA,ORANGE,ANAHEIM,-117.90699768066406,33.81514358520508
8793026,2019,2019-02-26,3010,2019-01-26,1732,3042,168,6,5,6,3010,0,0,0,NA,0,007,EDWARDS,WARNER,205,N,N,A,-,N,NA,NA,NA,NA,NA,NA,NA,NA,NA,Y,3,0,3,2,A,-,01,23152,A,N,C,C,A,A,H,-,C,A,0,NA,NA,NA,NA,Y,Y,A,07,0,2,1,0,0,0,0,0,0,-,-,NA,NA,ORANGE,HUNTINGTON BEACH,-118.01528167724608,33.71613311767578
8793375,2019,2019-02-26,3024,2019-01-24,1837,411,P 05,4,5,5,3024,0,0,0,NA,0,WEST,GARDEN GROVE BL,EAGLE DR,77,W,N,A,-,N,NA,NA,NA,NA,NA,NA,NA,NA,NA,Y,3,0,1,4,A,-,03,22350,NA,N,C,C,A,A,H,-,C,A,0,NA,NA,NA,NA,Y,NA,A,01,0,1,0,0,0,0,0,0,0,-,-,33.77368927001953,-118.00460815429688,ORANGE,WESTMINSTER,-118.00478363037108,33.77370834350586
8793611,2019,2019-03-05,3001,2019-02-04,0212,A2303,NA,1,5,7,3001,0,0,0,NA,0,0D3,BALL RD,ANAHEIM BL,38,E,N,C,-,N,NA,NA,NA,NA,NA,NA,NA,NA,NA,Y,4,0,5,2,A,-,03,22350,NA,N,C,C,A,B,H,-,E,A,0,NA,NA,NA,NA,Y,NA,A,01,0,0,5,0,0,0,0,0,0,-,-,NA,NA,ORANGE,ANAHEIM,-117.90805816650392,33.81806945800781
8794665,2019,2019-05-08,3014,2019-01-20,1255,1395,RD17,7,5,5,3014,0,0,0,NA,0,0A2,RT 1,61ST ST,135,E,N,A,-,Y,ORA,12,1,-,-,20.95,H,-,N,N,3,0,1,2,A,-,07,21658,A,N,B,C,A,A,H,-,A,D,0,NA,NA,Y,NA,Y,NA,A,01,0,1,0,0,0,0,0,0,1,-,-,33.625701904296875,-117.947998046875,ORANGE,NEWPORT BEACH,-117.9480438232422,33.62579345703125
8794864,2019,2019-02-07,3001,2019-01-09,1022,1278,1,3,5,7,3001,0,0,0,NA,0,0D2,WEST CRESCENT AV,N EUCLID ST,335,E,N,A,-,N,NA,NA,NA,NA,NA,NA,NA,NA,NA,Y,3,0,2,2,A,-,09,21804,A,N,-,C,A,A,H,-,A,A,0,NA,NA,NA,NA,Y,NA,A,07,0,1,1,0,0,0,0,0,0,-,-,NA,NA,ORANGE,ANAHEIM,-117.94049835205078,33.83980178833008
8796110,2019,2020-01-21,3014,2019-01-04,0545,1462,OUT,5,5,5,3014,0,0,0,NA,0,NA,RT 91,GREEN RIVER,160,E,N,A,-,Y,RIV,8,91,-,R,1.06,R,4,W,N,4,0,1,2,B,-,22,NA,NA,N,C,C,A,A,H,-,B,D,0,NA,NA,NA,NA,Y,NA,J,48,0,0,1,0,0,0,0,0,0,-,-,33.868900299072266,-117.6750030517578,ORANGE,NEWPORT BEACH,-117.6574935913086,33.87883377075195
8796168,2018,2019-03-06,3000,2018-11-04,2359,6887,979J3,7,5,4,3021,0,0,0,NA,0,024,RT 39,KATELLA AV,0,NA,Y,A,-,Y,ORA,12,39,-,-,10.66,I,5,S,Y,3,0,1,2,B,-,22,NA,NA,N,D,C,A,A,H,-,C,A,0,NA,NA,NA,Y,Y,NA,J,48,0,1,0,0,0,0,0,0,0,-,-,33.80284118652344,-117.99315643310548,ORANGE,STANTON,-117.99327087402344,33.80266189575195
8796332,2019,2019-02-25,3026,2019-01-02,0850,4779,CROSS,3,5,6,3026,0,0,0,NA,0,004,HARVARD AV,PASEO WESTPARK,0,NA,Y,A,-,N,NA,NA,NA,NA,NA,NA,NA,NA,NA,Y,4,0,2,2,A,-,12,21453,A,N,D,C,A,A,H,-,A,A,0,NA,NA,NA,NA,Y,NA,A,01,0,0,2,0,0,0,0,0,0,-,-,33.69826126098633,-117.80525207519533,ORANGE,IRVINE,-117.8052978515625,33.698089599609375
8800320,2019,2019-03-08,3012,2019-02-04,1931,631,34,1,5,5,3012,0,0,0,NA,0,003,BEACH BL,IMPERIAL HWY,201,S,N,C,-,Y,ORA,12,39,-,-,19.13,H,-,N,N,3,0,1,2,A,-,05,21651,A,N,D,G,A,B,H,-,C,D,0,NA,Y,NA,NA,Y,NA,L,04,0,1,0,0,0,0,1,0,0,-,-,NA,NA,ORANGE,LA HABRA,-117.968505859375,33.91633605957031
8801680,2018,2019-03-01,3015,2018-12-22,1138,1329,54W,6,5,6,3015,0,0,0,NA,0,232,EAST CHAPMAN AV,PROSPECT ST,321,E,N,A,-,N,NA,NA,NA,NA,NA,NA,NA,NA,NA,Y,3,0,1,2,A,-,09,21804,A,N,D,C,A,A,H,-,A,D,0,NA,NA,NA,NA,Y,NA,A,01,0,1,0,0,0,0,0,0,0,-,-,NA,NA,ORANGE,ORANGE,-117.81734466552734,33.78779983520508
8803473,2018,2019-02-25,3000,2018-10-24,1013,10077,892B3,3,5,5,3050,0,0,0,NA,0,764,EL TORO RD,NORTHCREST DR,0,NA,Y,A,-,N,NA,NA,NA,NA,NA,NA,NA,NA,NA,Y,3,0,2,2,A,-,12,21453,A,N,D,C,A,A,H,-,A,A,0,NA,NA,NA,NA,Y,NA,A,01,0,1,1,0,0,0,0,0,0,-,-,NA,NA,ORANGE,LAKE FOREST,-117.66819763183594,33.64303970336914
8805215,2019,2019-02-27,3000,2019-01-15,0722,5377,952A2,2,5,5,3040,0,0,0,NA,0,741,PASEO DE COLINAS,STAR DR,54,W,N,C,-,N,NA,NA,NA,NA,NA,NA,NA,NA,NA,Y,4,0,1,1,A,-,08,22107,NA,N,E,I,A,B,H,-,A,A,0,NA,NA,NA,NA,Y,NA,A,07,0,0,1,0,0,0,0,0,0,-,-,NA,NA,ORANGE,LAGUNA NIGUEL,-117.67574310302734,33.54793930053711
8805390,2019,2019-02-28,3026,2019-02-06,1523,610,C,3,5,6,3026,0,0,0,NA,0,00C,JEFFREY RD,IRVINE VLY,437,S,N,A,-,N,NA,NA,NA,NA,NA,NA,NA,NA,NA,Y,3,0,2,3,A,-,03,22350,NA,N,C,C,A,A,H,-,A,A,0,NA,NA,NA,NA,Y,NA,A,01,0,1,1,0,0,0,0,0,0,-,-,NA,NA,ORANGE,IRVINE,-117.75201416015624,33.706478118896484
8805474,2018,2019-02-28,3000,2018-12-25,0310,9704,922C4,2,5,5,3028,0,0,0,NA,0,754,MARGUERITE PKWY,MESILLA,225,N,N,B,C,N,NA,NA,NA,NA,NA,NA,NA,NA,NA,Y,2,0,2,1,A,-,08,22107,NA,N,E,I,A,B,H,-,C,D,0,NA,NA,NA,NA,Y,NA,D,22,1,1,0,0,0,0,0,0,0,-,-,NA,NA,ORANGE,MISSION VIEJO,-117.65811157226563,33.57795333862305
8807073,2019,2019-03-06,3022,2019-02-15,1847,1296,NA,5,5,5,3022,0,0,0,NA,0,NA,RED HILL AV,EL CAMINO REAL,124,N,N,C,-,N,NA,NA,NA,NA,NA,NA,NA,NA,NA,N,3,0,1,2,A,-,09,21804,A,N,C,C,A,B,H,-,C,D,0,NA,NA,Y,NA,Y,NA,A,01,0,1,0,0,0,0,0,0,1,-,-,33.73421859741211,-117.81452941894533,ORANGE,TUSTIN,-117.8144073486328,33.73453140258789
8807405,2018,2019-04-08,3001,2018-09-27,1052,A1740,NA,4,5,7,3001,0,0,0,NA,0,0D3,EAST BALL RD,PHOENIX CLUB DR,0,NA,Y,A,-,N,NA,NA,NA,NA,NA,NA,NA,NA,NA,N,3,0,3,2,A,-,12,21453,A,N,D,C,A,A,H,-,A,A,0,NA,NA,NA,NA,Y,NA,A,08,0,3,0,0,0,0,0,0,0,-,-,NA,NA,ORANGE,ANAHEIM,-117.87217712402344,33.817569732666016
8807539,2019,2019-06-20,3010,2019-02-07,1042,1019,151,4,5,6,3010,0,0,0,NA,0,008,RT 1,25TH ST,25,S,N,A,-,Y,ORA,12,1,-,-,31.021,I,5,S,Y,4,0,2,2,A,-,09,21801,A,N,D,C,A,A,H,-,A,D,0,NA,NA,NA,NA,Y,NA,A,01,0,0,2,0,0,0,0,0,0,-,-,NA,NA,ORANGE,HUNTINGTON BEACH,-118.07666015625,33.72364807128906
8808080,2018,2020-05-26,3012,2018-12-13,0207,288,36,4,5,5,3012,0,0,0,NA,0,003,IMPERIAL HWY,POLE# 4024050E,153,W,N,A,-,Y,ORA,12,90,-,-,1.12,H,-,W,N,1,1,1,2,A,-,03,22350,NA,N,C,C,A,A,H,-,C,D,0,NA,NA,NA,NA,Y,Y,D,22,0,1,0,0,0,0,0,0,0,-,-,NA,NA,ORANGE,LA HABRA,-117.95709991455078,33.91738510131836
8808133,2018,2019-05-08,3000,2018-10-08,1350,6887,798B1,1,5,4,3021,0,0,0,NA,0,022,CERRITOS AV,MAGNOLIA AV,755,E,N,A,-,N,NA,NA,NA,NA,NA,NA,NA,NA,NA,N,1,1,0,2,A,-,07,21658,A,N,H,G,A,A,H,-,A,D,0,NA,Y,NA,NA,Y,NA,L,04,0,0,0,0,0,1,0,0,0,-,-,33.81037902832031,-117.9730987548828,ORANGE,STANTON,-117.97328186035156,33.81037139892578
8808511,2019,2019-09-17,3004,2019-06-28,0942,P648,07,5,5,6,3004,0,0,0,NA,0,002,NEWPORT BL,E BAY ST,0,NA,Y,A,-,N,NA,NA,55,NA,NA,NA,NA,NA,NA,Y,1,1,1,3,A,-,12,21453,A,N,D,C,A,A,H,-,A,A,0,NA,NA,NA,NA,Y,NA,D,22,0,0,1,0,0,0,0,0,0,-,-,33.647300720214844,-117.9123992919922,ORANGE,COSTA MESA,-117.91275787353516,33.64767074584961
8811457,2019,2019-03-19,3001,2019-02-22,1230,1032,NA,5,5,7,3001,0,0,0,NA,0,0D4,YORBA LINDA BL,LA PALMA AV,0,NA,Y,A,-,N,NA,NA,NA,NA,NA,NA,NA,NA,NA,Y,4,0,1,2,A,-,12,21453,A,N,D,C,A,A,H,-,A,A,0,NA,NA,NA,NA,Y,NA,A,01,0,0,1,0,0,0,0,0,0,-,-,NA,NA,ORANGE,ANAHEIM,-117.75096893310548,33.875
8811536,2019,2019-03-25,3010,2019-03-01,2153,1203,251,5,5,6,3010,0,0,0,NA,0,007,GOLDENWEST,EDINGER,24,S,N,A,-,N,NA,NA,NA,NA,NA,NA,NA,NA,NA,Y,3,0,1,1,A,-,01,23152,A,M,E,I,A,A,H,-,C,A,0,NA,NA,NA,NA,Y,Y,A,01,0,1,0,0,0,0,0,0,0,-,-,NA,NA,ORANGE,HUNTINGTON BEACH,-118.00676727294922,33.73003387451172
8812033,2019,2019-03-01,3010,2019-02-15,0034,1160,446,5,5,6,3010,0,0,0,NA,0,003,ADAMS AV,DERBYSHIRE,33,W,N,A,-,N,NA,NA,NA,NA,NA,NA,NA,NA,NA,Y,3,0,1,5,A,-,01,23152,A,N,C,E,A,B,H,-,C,D,0,NA,NA,NA,NA,Y,Y,A,01,0,1,0,0,0,0,0,0,0,-,-,NA,NA,ORANGE,HUNTINGTON BEACH,-117.95997619628906,33.67253875732422
8812051,2019,2019-03-04,3010,2019-02-11,1328,2108,136,1,5,6,3010,0,0,0,NA,0,009,BOLSA CHICA,BOLSA,0,NA,Y,A,-,N,NA,NA,NA,NA,NA,NA,NA,NA,NA,Y,3,0,1,2,A,-,12,21453,A,N,D,C,A,A,H,-,A,A,0,NA,NA,NA,NA,Y,NA,A,01,0,1,0,0,0,0,0,0,0,-,-,NA,NA,ORANGE,HUNTINGTON BEACH,-118.04168701171876,33.74441909790039
8812753,2019,2019-03-14,3000,2019-02-08,1450,2621,891E7,5,5,3,3051,0,0,0,NA,0,080,EL TORO RD,MOULTON PKWY,0,NA,Y,A,-,N,NA,NA,NA,NA,NA,NA,NA,NA,NA,Y,3,0,1,3,A,-,12,21453,A,N,D,C,A,A,H,-,A,A,0,NA,NA,NA,NA,Y,NA,A,08,0,1,0,0,0,0,0,0,0,-,-,NA,NA,ORANGE,LAGUNA WOODS,-117.72531127929688,33.61014175415039
8812756,2019,2019-03-12,3000,2019-01-05,0925,1056,922-D,6,5,5,3028,0,0,0,NA,0,051,MARGUERITE PKWY,JERONIMO RD,0,NA,Y,B,-,N,NA,NA,NA,NA,NA,NA,NA,NA,NA,Y,3,0,5,2,A,-,12,21453,A,N,D,C,A,A,H,-,A,A,0,NA,NA,NA,NA,Y,NA,A,01,0,4,1,0,0,0,0,0,0,-,-,33.60689163208008,-117.65592193603516,ORANGE,MISSION VIEJO,-117.65543365478516,33.60710144042969
8812772,2019,2019-03-12,3000,2019-01-22,1825,5805,891J5,2,5,5,3050,0,0,0,NA,0,765,JERONIMO RD,LAURELWOOD ST,41,W,N,A,-,N,NA,NA,NA,NA,NA,NA,NA,NA,NA,N,2,0,1,2,A,-,01,21200,5,N,D,G,A,A,H,-,C,A,0,NA,Y,NA,NA,Y,Y,L,04,1,0,0,0,0,0,1,0,0,-,-,NA,NA,ORANGE,LAKE FOREST,-117.68661499023438,33.62447738647461
8812775,2019,2019-05-06,3000,2019-01-29,1425,10779,992J2,2,5,5,3017,0,0,0,NA,0,776,AVENIDA PICO,CALLE DEL CERRO,577,NA,N,A,-,N,NA,NA,NA,NA,NA,NA,NA,NA,NA,Y,4,0,1,1,C,-,18,NA,NA,N,E,J,A,A,H,-,A,D,0,NA,NA,NA,NA,Y,NA,-,-,0,0,1,0,0,0,0,0,0,-,-,NA,NA,ORANGE,SAN CLEMENTE,-117.61367797851563,33.44451141357422
8813451,2019,2019-03-11,3010,2019-02-24,1929,2045,283,7,5,6,3010,0,0,0,NA,0,006,SLATER AV,NEWLAND ST,0,NA,Y,A,-,N,NA,NA,NA,NA,NA,NA,NA,NA,NA,Y,4,0,1,2,A,-,09,21801,A,N,A,C,A,A,H,-,C,A,0,NA,NA,NA,NA,Y,NA,A,01,0,0,1,0,0,0,0,0,0,-,-,NA,NA,ORANGE,HUNTINGTON BEACH,-117.98046112060548,33.70846176147461
8813491,2019,2019-03-11,3010,2019-02-22,1708,3060,261,5,5,6,3010,0,0,0,NA,0,007,HEIL AV,RHONE LN,175,W,N,A,-,N,NA,NA,NA,NA,NA,NA,NA,NA,NA,N,2,0,1,2,A,-,11,21954,A,N,G,B,D,A,H,-,A,D,0,Y,NA,NA,NA,Y,Y,N,60,1,0,0,0,1,0,0,0,0,-,-,NA,NA,ORANGE,HUNTINGTON BEACH,-117.998046875,33.722869873046875
8813495,2019,2019-04-02,3010,2019-02-22,0821,3060,431,5,5,6,3010,0,0,0,NA,0,004,MAIN ST,UTICA AV,0,NA,Y,A,-,N,NA,NA,NA,NA,NA,NA,NA,NA,NA,Y,4,0,1,2,A,-,12,21453,A,N,A,C,A,A,H,-,A,A,0,NA,NA,NA,NA,Y,NA,-,-,0,0,1,0,0,0,0,0,0,-,-,NA,NA,ORANGE,HUNTINGTON BEACH,-118.0017318725586,33.6756706237793
8813738,2019,2019-05-08,3010,2019-02-15,1512,3060,292,5,5,6,3010,0,0,0,NA,0,005,BEACH BL,TALBERT,375,S,N,B,-,Y,ORA,12,39,-,-,3.54,H,-,N,N,4,0,1,2,A,-,07,21658,A,N,B,C,A,A,H,-,A,D,0,NA,NA,NA,NA,Y,NA,A,07,0,0,1,0,0,0,0,0,0,-,-,NA,NA,ORANGE,HUNTINGTON BEACH,-117.9890365600586,33.69987487792969
8814649,2019,2019-03-04,3009,2019-01-30,0840,3927,055,3,5,6,3009,0,0,0,NA,0,1-1,GARDEN GROVE BL,BEACH BL,60,W,N,A,-,N,NA,NA,NA,NA,NA,NA,NA,NA,NA,Y,4,0,1,3,A,-,03,22350,NA,N,C,C,A,A,H,-,A,A,0,NA,NA,NA,NA,Y,NA,A,07,0,0,1,0,0,0,0,0,0,-,-,33.77373123168945,-117.99268341064452,ORANGE,GARDEN GROVE,-117.99309539794922,33.77384948730469
8814783,2019,2019-03-08,3014,2019-02-28,1512,1146,RD51,4,5,5,3014,0,0,0,NA,0,0A4,SAN JOAQUIN HILLS RD,MACARTHUR BL,38,E,N,A,-,N,NA,NA,NA,NA,NA,NA,NA,NA,NA,N,4,0,1,3,A,-,03,22350,NA,N,C,C,A,A,H,-,A,A,0,NA,NA,NA,NA,Y,NA,A,01,0,0,1,0,0,0,0,0,0,-,-,33.61452865600586,-117.86669921875,ORANGE,NEWPORT BEACH,-117.86700439453124,33.61458206176758
8817572,2019,2019-03-15,3015,2019-02-24,1430,1507,23W,7,5,6,3015,0,0,0,NA,0,721,EAST CHAPMAN AV,N ORANGE ST,115,E,N,A,-,N,NA,NA,NA,NA,NA,NA,NA,NA,NA,N,4,0,4,2,A,-,03,22350,NA,N,C,C,A,A,H,-,A,D,0,NA,NA,NA,NA,Y,NA,A,01,0,0,4,0,0,0,0,0,0,-,-,NA,NA,ORANGE,ORANGE,-117.85163116455078,33.787879943847656
8817656,2019,2019-03-21,3007,2019-02-25,1437,1139,75,1,5,5,3007,0,0,0,NA,0,003,ELLIS,MONTECITO,18,E,N,A,-,N,NA,NA,NA,NA,NA,NA,NA,NA,NA,Y,4,0,2,2,A,-,03,22350,NA,N,C,C,A,A,H,-,A,A,0,NA,NA,NA,NA,Y,NA,D,22,0,0,2,0,0,0,0,0,0,-,-,NA,NA,ORANGE,FOUNTAIN VALLEY,-117.94853973388672,33.69417953491211
8817680,2019,2019-03-22,3014,2019-03-01,0816,1146,RD61,5,5,5,3014,0,0,0,NA,0,0A4,NEWPORT COAST DR,SAGE HILL,18,N,N,A,-,N,NA,NA,NA,NA,NA,NA,NA,NA,NA,Y,4,0,1,2,A,-,03,22350,NA,N,C,C,A,A,H,-,A,A,0,NA,NA,NA,NA,Y,NA,D,22,0,0,1,0,0,0,0,0,0,-,-,33.617008209228516,-117.82611083984376,ORANGE,NEWPORT BEACH,-117.82610321044922,33.61695098876953
8818293,2019,2019-03-21,3007,2019-02-25,1343,1125,64,1,5,5,3007,0,0,0,NA,0,003,BROOKHURST ST,ADOBE RIVER AV,0,NA,Y,A,-,N,NA,NA,NA,NA,NA,NA,NA,NA,NA,Y,4,0,1,2,A,-,09,21804,A,N,D,C,A,A,H,-,A,A,0,NA,NA,NA,NA,Y,NA,A,07,0,0,1,0,0,0,0,0,0,-,-,NA,NA,ORANGE,FOUNTAIN VALLEY,-117.95433807373048,33.69860076904297
8818343,2019,2019-03-25,3001,2019-02-22,1801,1264,NA,5,5,7,3001,0,0,0,NA,0,EAST,EAST SANTA ANA CANYON RD,N SOLOMON DR,410,E,N,A,-,N,NA,NA,NA,NA,NA,NA,NA,NA,NA,Y,4,0,2,3,A,-,03,22350,NA,N,C,C,A,A,H,-,D,A,0,NA,NA,NA,NA,Y,NA,A,07,0,0,2,0,0,0,0,0,0,-,-,NA,NA,ORANGE,ANAHEIM,-117.78263854980467,33.8530158996582
8818359,2019,2019-03-25,3001,2019-02-20,1644,2227,NA,3,5,7,3001,0,0,0,NA,0,0D2,LA PALMA AV,MIRALOMA AV,0,NA,Y,B,-,N,NA,NA,NA,NA,NA,NA,NA,NA,NA,Y,3,0,1,3,A,-,09,21801,A,N,A,C,A,A,H,-,A,A,0,NA,NA,NA,NA,Y,NA,A,01,0,1,0,0,0,0,0,0,0,-,-,NA,NA,ORANGE,ANAHEIM,-117.88044738769533,33.84727096557617
8819522,2019,2019-05-08,3024,2019-02-25,1834,465,P12,1,5,5,3024,0,0,0,NA,0,WEST,RT 39,23RD ST,100,N,N,A,-,Y,ORA,12,39,-,-,8.03,H,-,S,N,4,0,1,2,A,-,03,22350,NA,N,C,C,A,A,H,-,C,D,0,NA,NA,NA,NA,Y,NA,A,01,0,0,1,0,0,0,0,0,0,-,-,33.764488220214844,-117.98960113525392,ORANGE,WESTMINSTER,-117.98986053466795,33.7650260925293
8819709,2019,2019-03-14,3009,2019-02-08,1939,3965,076,5,5,6,3009,0,0,0,NA,0,013,MAGNOLIA ST,WESTMINSTER AV,437,N,N,A,-,N,NA,NA,NA,NA,NA,NA,NA,NA,NA,Y,3,0,3,5,A,-,01,23152,A,N,C,C,A,A,H,-,C,A,0,NA,NA,NA,NA,Y,Y,A,01,0,1,2,0,0,0,0,0,0,-,-,NA,NA,ORANGE,GARDEN GROVE,-117.97251892089844,33.76060104370117
8820912,2019,2019-04-29,3008,2019-01-02,0651,1378,NA,3,5,6,3008,0,0,0,NA,0,0Z2,LEMON ST,ORANGETHORPE AV,0,NA,Y,A,-,N,NA,NA,NA,NA,NA,NA,NA,NA,NA,Y,3,0,1,2,D,-,00,NA,NA,N,D,C,A,A,H,-,A,A,0,NA,NA,NA,Y,Y,NA,-,-,0,1,0,0,0,0,0,0,0,-,-,NA,NA,ORANGE,FULLERTON,-117.91986846923828,33.8595085144043
8822164,2019,2019-04-16,3000,2019-03-01,1835,4601,971-F,5,5,4,3029,0,0,0,NA,0,638,PACIFIC COAST HWY,NIGUEL RD,32,S,N,A,-,N,NA,NA,NA,NA,NA,NA,NA,NA,NA,N,4,0,1,2,A,-,03,22350,NA,N,C,C,A,A,H,-,C,A,0,NA,NA,NA,NA,Y,NA,A,01,0,0,1,0,0,0,0,0,0,-,-,NA,NA,ORANGE,DANA POINT,-117.71658325195313,33.475852966308594
8823376,2019,2019-03-21,3015,2019-02-14,2300,1538,36N,4,5,6,3015,0,0,0,NA,0,121,NORTH TUSTIN ST,E MEATS AV,60,S,N,C,-,N,NA,NA,NA,NA,NA,NA,NA,NA,NA,Y,4,0,2,3,A,-,01,23152,A,N,C,C,A,B,H,-,C,A,0,NA,NA,NA,NA,Y,Y,A,01,0,0,2,0,0,0,0,0,0,-,-,NA,NA,ORANGE,ORANGE,-117.83602905273438,33.82274627685547
8824118,2019,2019-03-20,3007,2019-02-08,1800,1140,16,5,5,5,3007,0,0,0,NA,0,002,EDINGER,WARD,0,NA,Y,A,-,N,NA,NA,NA,NA,NA,NA,NA,NA,NA,Y,4,0,3,4,A,-,03,22350,NA,N,C,C,A,A,H,-,C,A,0,NA,NA,NA,NA,Y,NA,A,07,0,0,3,0,0,0,0,0,0,-,-,NA,NA,ORANGE,FOUNTAIN VALLEY,-117.9459991455078,33.73072052001953
8824426,2019,2019-03-25,3009,2019-03-09,1049,4739,032,6,5,6,3009,0,0,0,NA,0,1   1,CHAPMAN AV,KNOTT ST,0,NA,Y,A,-,N,NA,NA,NA,NA,NA,NA,NA,NA,NA,Y,3,0,2,4,A,-,12,21453,A,N,D,C,A,A,H,-,A,A,0,NA,NA,NA,NA,Y,NA,A,07,0,1,1,0,0,0,0,0,0,-,-,NA,NA,ORANGE,GARDEN GROVE,-118.01113128662108,33.788299560546875
8827402,2019,2019-04-03,3013,2019-02-20,1855,211,NA,3,5,3,3013,0,0,0,NA,0,004,KATELLA AV,LOS ALAMITOS BL,38,E,N,B,C,N,NA,NA,NA,NA,NA,NA,NA,NA,NA,N,4,0,1,2,A,-,03,22350,NA,F,C,C,A,B,H,-,C,A,0,NA,NA,NA,NA,Y,NA,-,99,0,0,1,0,0,0,0,0,0,-,-,NA,NA,ORANGE,LOS ALAMITOS,-118.07180786132813,33.80302810668945