CASE_ID,ACCIDENT_YEAR,PROC_DATE,JURIS,COLLISION_DATE,COLLISION_TIME,OFFICER_ID,REPORTING_DISTRICT,DAY_OF_WEEK,CHP_SHIFT,POPULATION,CNTY_CITY_LOC,SPECIAL_COND,BEAT_TYPE,CHP_BEAT_TYPE,CITY_DIVISION_LAPD,CHP_BEAT_CLASS,BEAT_NUMBER,PRIMARY_RD,SECONDARY_RD,DISTANCE,DIRECTION,INTERSECTION,WEATHER_1,WEATHER_2,STATE_HWY_IND,CALTRANS_COUNTY,CALTRANS_DISTRICT,STATE_ROUTE,ROUTE_SUFFIX,POSTMILE_PREFIX,POSTMILE,LOCATION_TYPE,RAMP_INTERSECTION,SIDE_OF_HWY,TOW_AWAY,COLLISION_SEVERITY,NUMBER_KILLED,NUMBER_INJURED,PARTY_COUNT,PRIMARY_COLL_FACTOR,PCF_CODE_OF_VIOL,PCF_VIOL_CATEGORY,PCF_VIOLATION,PCF_VIOL_SUBSECTION,HIT_AND_RUN,TYPE_OF_COLLISION,MVIW,PED_ACTION,ROAD_SURFACE,ROAD_COND_1,ROAD_COND_2,LIGHTING,CONTROL_DEVICE,CHP_ROAD_TYPE,PEDESTRIAN_ACCIDENT,BICYCLE_ACCIDENT,MOTORCYCLE_ACCIDENT,TRUCK_ACCIDENT,NOT_PRIVATE_PROPERTY,ALCOHOL_INVOLVED,STWD_VEHTYPE_AT_FAULT,CHP_VEHTYPE_AT_FAULT,COUNT_SEVERE_INJ,COUNT_VISIBLE_INJ,COUNT_COMPLAINT_PAIN,COUNT_PED_KILLED,COUNT_PED_INJURED,COUNT_BICYCLIST_KILLED,COUNT_BICYCLIST_INJURED,COUNT_MC_KILLED,COUNT_MC_INJURED,PRIMARY_RAMP,SECONDARY_RAMP,LATITUDE,LONGITUDE,COUNTY,CITY,POINT_X,POINT_Y
8866514,2019,2019-05-24,3001,2019-03-29,1633,2227,NA,5,5,7,3001,0,0,0,NA,0,0D3,SOUTH STATE COLLEGE BL,EAST BALL RD,40,N,N,A,-,N,NA,NA,NA,NA,NA,NA,NA,NA,NA,N,3,0,1,2,A,-,09,21804,A,N,G,G,A,A,H,-,A,A,0,NA,Y,NA,NA,Y,NA,L,04,0,1,0,0,0,0,1,0,0,-,-,NA,NA,ORANGE,ANAHEIM,-117.88938903808594,33.818199157714844
8866518,2019,2019-05-24,3001,2019-03-26,1252,2545,NA,2,5,7,3001,0,0,0,NA,0,0D1,W WOODLAND DR,NORTH MAGNOLIA AV,0,NA,N,A,-,N,NA,NA,NA,NA,NA,NA,NA,NA,NA,Y,3,0,1,2,A,-,09,21801,A,N,F,A,A,A,H,-,A,D,0,NA,NA,Y,NA,Y,NA,-,-,0,1,0,0,0,0,0,0,1,-,-,NA,NA,ORANGE,ANAHEIM,-117.97617340087892,33.84933090209961
8866550,2019,2019-05-24,3001,2019-03-21,1227,2115,NA,4,5,7,3001,0,0,0,NA,0,0D3,WEST BALL RD,SOUTH HARBOR BL,57,W,N,C,-,N,NA,NA,NA,NA,NA,NA,NA,NA,NA,Y,3,0,2,2,A,-,03,22350,NA,N,D,C,A,B,H,-,A,A,0,NA,NA,NA,NA,Y,NA,A,07,0,1,1,0,0,0,0,0,0,-,-,NA,NA,ORANGE,ANAHEIM,-117.91568756103516,33.818031311035156
8868004,2019,2019-05-29,3026,2019-04-29,2158,580,NA,1,5,6,3026,0,0,0,NA,0,00C,HARVARD,IRVINE CENTER DR,0,NA,Y,A,-,N,NA,NA,NA,NA,NA,NA,NA,NA,NA,Y,4,0,1,2,A,-,12,21453,A,N,D,C,A,A,H,-,C,A,0,NA,NA,NA,NA,Y,NA,A,01,0,0,1,0,0,0,0,0,0,-,-,NA,NA,ORANGE,IRVINE,-117.80256652832033,33.70085906982422
8869239,2019,2019-06-04,3022,2019-05-22,0350,1355,NORTH,3,5,5,3022,0,0,0,NA,0,NA,TUSTIN AV,1ST AV,0,NA,Y,A,-,N,NA,NA,NA,NA,NA,NA,NA,NA,NA,Y,4,0,1,1,A,-,01,23152,A,N,A,I,A,A,H,-,C,A,0,NA,NA,NA,NA,Y,NA,A,01,0,0,1,0,0,0,0,0,0,-,-,NA,NA,ORANGE,TUSTIN,-117.83412933349608,33.74571990966797
8869691,2019,2019-06-13,3010,2019-06-01,1938,4094,476,6,5,6,3010,0,0,0,NA,0,002,BROOKHURST,BUSHARD,308,S,N,A,-,N,NA,NA,NA,NA,NA,NA,NA,NA,NA,N,3,0,1,2,A,-,07,21658,A,N,B,G,A,A,H,-,A,A,0,NA,Y,NA,NA,Y,NA,L,04,0,1,0,0,0,0,1,0,0,-,-,NA,NA,ORANGE,HUNTINGTON BEACH,-117.96224212646484,33.63731002807617
8869771,2019,2019-05-30,3015,2019-04-26,1715,1574,66,5,5,6,3015,0,0,0,NA,0,231,EAST CHAPMAN AV,RT 55,277,W,N,A,-,N,NA,NA,NA,NA,NA,NA,NA,NA,NA,Y,4,0,4,4,A,-,01,23152,A,N,C,C,A,A,H,-,A,D,0,NA,NA,NA,NA,Y,Y,A,08,0,0,4,0,0,0,0,0,0,-,NO,NA,NA,ORANGE,ORANGE,-117.83203887939452,33.7878303527832
8870549,2019,2019-06-06,3009,2019-05-14,1711,3965,112,2,5,6,3009,0,0,0,NA,0,2-1,MEDINA DR,POINDEXTER AV,68,S,N,A,-,N,NA,NA,NA,NA,NA,NA,NA,NA,NA,Y,2,0,1,2,A,-,03,22350,NA,N,C,C,A,A,H,-,A,D,0,NA,NA,Y,NA,Y,NA,C,02,1,0,0,0,0,0,0,0,1,-,-,NA,NA,ORANGE,GARDEN GROVE,-117.94601440429688,33.7914924621582
8871217,2019,2019-06-13,3005,2019-06-01,1558,8095,C42,6,5,4,3005,0,0,0,NA,0,003,ORANGEWOOD AV,HOLDER ST,0,NA,Y,A,-,N,NA,NA,NA,NA,NA,NA,NA,NA,NA,Y,3,0,2,2,A,-,17,21451,A,N,D,C,A,A,H,-,A,A,0,NA,NA,NA,NA,Y,NA,A,07,0,1,1,0,0,0,0,0,0,-,-,NA,NA,ORANGE,CYPRESS,-118.01976776123048,33.79566192626953
8871879,2019,2019-06-25,3000,2019-05-17,0945,5013,952A1,5,5,5,3040,0,0,0,NA,0,741,CROWN VALLEY PKWY,CABOT RD,25,W,N,A,-,N,NA,NA,NA,NA,NA,NA,NA,NA,NA,Y,4,0,1,2,A,-,03,22350,NA,N,C,C,A,A,E,-,A,A,0,NA,NA,NA,NA,Y,NA,A,01,0,0,1,0,0,0,0,0,0,-,-,NA,NA,ORANGE,LAGUNA NIGUEL,-117.6791534423828,33.557064056396484
8872574,2019,2019-06-14,3000,2019-05-22,0835,5013,971F2,3,5,5,3040,0,0,0,NA,0,741,CAMINO DEL AVION,CROWN VALLEY PKWY,16,E,N,B,-,N,NA,NA,NA,NA,NA,NA,NA,NA,NA,N,4,0,1,2,A,-,03,22350,NA,F,C,C,A,A,H,-,A,A,0,NA,NA,NA,NA,Y,NA,D,22,0,0,1,0,0,0,0,0,0,-,-,NA,NA,ORANGE,LAGUNA NIGUEL,-117.72012329101563,33.494876861572266
8872913,2019,2019-06-10,3012,2019-04-29,1747,647,44,1,5,5,3012,0,0,0,NA,0,004,SOUTH WALNUT ST,LAMBERT RD,0,NA,Y,A,-,N,NA,NA,NA,NA,NA,NA,NA,NA,NA,Y,4,0,1,2,A,-,12,21453,A,M,D,C,A,A,H,-,A,A,0,NA,NA,NA,NA,Y,NA,A,01,0,0,1,0,0,0,0,0,0,-,-,NA,NA,ORANGE,LA HABRA,-117.95047760009766,33.924659729003906
8873017,2019,2019-06-13,3007,2019-05-21,1550,280,27,2,5,5,3007,0,0,0,NA,0,002,NEWHOPE,PRIMROSE,15,N,N,A,-,N,NA,NA,NA,NA,NA,NA,NA,NA,NA,N,3,0,2,3,A,-,03,22350,NA,N,C,C,A,A,H,-,-,D,0,NA,NA,NA,NA,Y,NA,D,22,0,1,1,0,0,0,0,0,0,-,-,NA,NA,ORANGE,FOUNTAIN VALLEY,-117.92852783203124,33.72738265991211
8874205,2019,2019-06-20,3010,2019-05-16,0222,1160,462,4,5,6,3010,0,0,0,NA,0,002,ATLANTA AV,HUNTINGTON ST,189,W,N,A,-,N,NA,NA,NA,NA,NA,NA,NA,NA,NA,Y,3,0,1,3,A,-,08,22107,NA,N,A,E,A,A,H,-,C,D,0,NA,NA,NA,NA,Y,Y,D,22,0,1,0,0,0,0,0,0,0,-,-,NA,NA,ORANGE,HUNTINGTON BEACH,-117.9955825805664,33.65761947631836
8875337,2019,2019-08-29,3010,2019-06-09,0134,1080,292,7,5,6,3010,0,0,0,NA,0,005,RT 39,TALBERT,41,S,N,B,-,Y,ORA,12,39,-,-,3.6,H,-,N,Y,2,0,2,3,A,-,01,23153,A,N,C,C,A,A,H,-,C,A,0,NA,NA,NA,NA,Y,Y,A,07,1,1,0,0,0,0,0,0,0,-,-,NA,NA,ORANGE,HUNTINGTON BEACH,-117.98905181884766,33.70075225830078
8875451,2019,2019-08-29,3011,2019-05-21,1138,31407,41,2,5,4,3011,0,0,0,NA,0,002,RT 1,SLEEPY HOLLOW LN,161,S,N,A,-,Y,ORA,12,1,-,-,9.02,H,-,S,Y,4,0,1,4,A,-,07,21658,A,N,C,E,A,A,H,-,A,D,0,NA,NA,NA,NA,Y,NA,A,01,0,0,1,0,0,0,0,0,0,-,-,NA,NA,ORANGE,LAGUNA BEACH,-117.78054809570313,33.53885269165039
8875799,2019,2019-11-04,3000,2019-05-20,0640,9680,971F5,1,5,4,3029,0,0,0,NA,0,736,PACIFIC COAST HWY,SELVA RD,145,S,N,A,-,N,NA,NA,NA,NA,NA,NA,NA,NA,NA,Y,3,0,1,2,A,-,01,23152,B,N,C,C,A,A,H,-,A,D,0,NA,NA,NA,NA,Y,Y,A,01,0,1,0,0,0,0,0,0,0,-,-,NA,NA,ORANGE,DANA POINT,-117.71302795410156,33.470333099365234
8876037,2019,2019-06-11,3024,2019-05-26,1642,465,P11,7,5,5,3024,0,0,0,NA,0,WEST,WESTMINSTER BL,LOCUST ST,213,W,N,B,-,N,NA,NA,NA,NA,NA,NA,NA,NA,NA,N,3,0,1,2,A,-,05,21650,1,N,E,G,A,A,H,-,A,D,0,NA,Y,NA,NA,Y,NA,L,04,0,1,0,0,0,0,1,0,0,-,-,NA,NA,ORANGE,WESTMINSTER,-118.00592041015624,33.75912857055664
8878884,2019,2019-06-20,3001,2019-05-08,2022,1851,NA,3,5,7,3001,0,0,0,NA,0,0D2,LINCOLN AV,STATE COLLEGE BL,14,E,N,A,-,N,NA,NA,NA,NA,NA,NA,NA,NA,NA,N,2,0,1,2,A,-,11,21453,D,N,G,B,B,A,H,-,C,A,0,Y,NA,NA,NA,Y,NA,N,60,1,0,0,0,1,0,0,0,0,-,-,NA,NA,ORANGE,ANAHEIM,-117.8892822265625,33.84001159667969
8879577,2019,2020-01-30,3010,2019-07-20,1611,1015,472,6,5,6,3010,0,0,0,NA,0,002,RT 1,RT 39,1063,N,N,A,-,Y,ORA,12,1,-,-,23.94,H,-,N,N,3,0,1,2,A,-,07,21658,A,N,B,C,A,A,H,-,A,D,0,NA,NA,Y,NA,Y,NA,A,01,0,1,0,0,0,0,0,0,1,-,-,NA,NA,ORANGE,HUNTINGTON BEACH,-117.9909896850586,33.650421142578125
8879822,2019,2019-06-18,3024,2019-05-28,1516,418,P-41,2,5,5,3024,0,0,0,NA,0,EAST,MCFADDEN AV,HORTENSE DR,571,E,N,A,-,N,NA,NA,NA,NA,NA,NA,NA,NA,NA,Y,3,0,2,2,D,-,00,NA,NA,N,A,-,A,A,H,-,A,D,0,NA,NA,NA,NA,Y,NA,-,-,0,1,1,0,0,0,0,0,0,-,-,33.737709045410156,-117.95304107666016,ORANGE,WESTMINSTER,-117.95121002197266,33.73777389526367
8880629,2019,2019-06-21,3002,2019-05-31,0142,3893,739J4,5,5,5,3025,0,0,0,NA,0,001,YORBA LINDA BL,VAN BUREN ST,12,W,N,A,-,N,NA,NA,NA,NA,NA,NA,NA,NA,NA,Y,2,0,1,1,A,-,01,23152,A,N,E,I,A,A,H,-,C,A,0,NA,NA,NA,NA,Y,Y,A,08,1,0,0,0,0,0,0,0,0,-,-,NA,NA,ORANGE,YORBA LINDA,-117.83161926269533,33.888511657714844
8883545,2019,2019-07-25,3022,2019-06-07,1559,1305,NA,5,5,5,3022,0,0,0,NA,0,NA,RED HILL AV,SERVICE RD,41,S,N,A,-,N,NA,NA,NA,NA,NA,NA,NA,NA,NA,Y,3,0,1,2,A,-,03,22350,NA,N,C,C,A,A,H,-,A,A,0,NA,NA,NA,NA,Y,NA,A,01,0,1,0,0,0,0,0,0,0,-,-,33.72370147705078,-117.82536315917967,ORANGE,TUSTIN,-117.82544708251952,33.723575592041016
8883990,2019,2019-08-07,3008,2019-01-24,0948,1147,ZONE2,4,5,6,3008,0,0,0,NA,0,NA,ORANGETHORPE AV,RICHMAN AV,0,NA,Y,A,-,N,NA,NA,NA,NA,NA,NA,NA,NA,NA,N,4,0,1,2,A,-,12,21453,A,N,D,C,A,A,H,-,A,A,0,NA,NA,NA,Y,Y,NA,F,55,0,0,1,0,0,0,0,0,0,-,-,NA,NA,ORANGE,FULLERTON,-117.93306732177734,33.859580993652344
8884236,2019,2019-06-24,3008,2019-04-18,1708,1467,NA,4,5,6,3008,0,0,0,NA,0,002,HARBOR BL,VALLEY VIEW DR,0,NA,Y,A,-,N,NA,NA,NA,NA,NA,NA,NA,NA,NA,N,3,0,1,2,A,-,09,21804,A,N,D,C,A,A,H,-,A,A,0,NA,NA,NA,NA,Y,NA,A,01,0,1,0,0,0,0,0,0,0,-,-,NA,NA,ORANGE,FULLERTON,-117.92485809326172,33.88302993774414
8884258,2019,2019-06-25,3001,2019-05-23,1645,2187,NA,4,5,7,3001,0,0,0,NA,0,0D4,EAST LA PALMA AV,SHEPARD ST,36,W,N,B,-,N,NA,NA,NA,NA,NA,NA,NA,NA,NA,N,4,0,1,2,A,-,03,22350,NA,N,C,C,A,A,H,-,A,D,0,NA,NA,NA,NA,Y,NA,A,01,0,0,1,0,0,0,0,0,0,-,-,NA,NA,ORANGE,ANAHEIM,-117.85314178466795,33.85218048095703
8885464,2019,2019-07-11,3026,2019-05-29,1334,4779,C,3,5,6,3026,0,0,0,NA,0,00C,MERIDIAN,PACIFICA,40,N,N,A,-,N,NA,NA,NA,NA,NA,NA,NA,NA,NA,Y,3,0,1,1,A,-,08,22107,NA,N,E,I,A,A,H,-,A,A,0,NA,NA,NA,NA,Y,NA,A,01,0,1,0,0,0,0,0,0,0,-,-,NA,NA,ORANGE,IRVINE,-117.7524642944336,33.65121078491211
8885883,2019,2019-07-18,3026,2019-06-26,1545,7094,NA,3,5,6,3026,0,0,0,NA,0,00U,FAIRCHILD RD,MACARTHUR BLVD,354,E,N,A,-,N,NA,NA,NA,NA,NA,NA,NA,NA,NA,Y,3,0,1,2,A,-,09,21804,A,N,D,C,A,A,H,-,A,D,0,NA,NA,NA,NA,Y,NA,A,01,0,1,0,0,0,0,0,0,0,-,-,NA,NA,ORANGE,IRVINE,-117.86044311523438,33.65444564819336
8886320,2019,2019-07-25,3001,2019-06-01,1037,A2367,D2,6,5,7,3001,0,0,0,NA,0,026,EAST SYCAMORE ST,EVERGREEN ST,235,E,N,B,-,N,NA,NA,NA,NA,NA,NA,NA,NA,NA,N,3,0,1,2,A,-,13,22515,A,N,G,B,A,A,H,-,A,D,0,NA,NA,NA,NA,Y,NA,A,07,0,1,0,0,0,0,0,0,0,-,-,NA,NA,ORANGE,ANAHEIM,-117.89508819580078,33.84453201293945
8886366,2019,2019-08-01,3001,2019-06-12,1730,1278,NA,3,5,7,3001,0,0,0,NA,0,0D1,WEST BALL RD,BROOKHURST ST,149,E,N,A,-,N,NA,NA,NA,NA,NA,NA,NA,NA,NA,Y,4,0,2,4,A,-,03,22350,NA,N,C,C,A,A,H,-,A,A,0,NA,NA,NA,NA,Y,NA,A,07,0,0,2,0,0,0,0,0,0,-,-,NA,NA,ORANGE,ANAHEIM,-117.9584503173828,33.817779541015625
8886599,2019,2019-07-26,3004,2019-06-14,2102,P655,35,5,5,6,3004,0,0,0,NA,0,002,NEWPORT BL,FAIR DR,0,NA,Y,A,-,N,NA,NA,55,NA,NA,NA,NA,NA,NA,N,3,0,1,1,A,-,08,22107,NA,N,H,A,A,A,H,-,C,A,0,NA,NA,Y,NA,Y,Y,C,02,0,1,0,0,0,0,0,0,1,-,-,33.66360092163086,-117.89788055419922,ORANGE,COSTA MESA,-117.89751434326172,33.66324234008789
8889008,2019,2019-07-09,3009,2019-06-13,1854,3758,152,4,5,6,3009,0,0,0,NA,0,2-2,HASTER ST,CHAPMAN AV,312,N,N,A,-,N,NA,NA,NA,NA,NA,NA,NA,NA,NA,N,4,0,1,4,A,-,03,22350,NA,N,C,C,A,A,H,-,A,A,0,NA,NA,NA,NA,Y,NA,A,01,0,0,1,0,0,0,0,0,0,-,-,NA,NA,ORANGE,GARDEN GROVE,-117.9062271118164,33.789794921875
8889019,2019,2019-07-09,3012,2019-06-07,1749,623,35,5,5,5,3012,0,0,0,NA,0,003,LAMBERT RD,WHITEBOOK DR,126,W,N,A,-,N,NA,NA,NA,NA,NA,NA,NA,NA,NA,N,4,0,1,2,A,-,03,22350,NA,N,C,C,A,A,H,-,A,D,0,NA,NA,NA,NA,Y,NA,A,01,0,0,1,0,0,0,0,0,0,-,-,NA,NA,ORANGE,LA HABRA,-117.96292114257813,33.924652099609375
8889329,2019,2019-07-10,3008,2019-02-13,2142,1582,Z2,3,5,6,3008,0,0,0,NA,0,NA,WILSHIRE AV,LEMON ST,0,NA,Y,C,-,N,NA,NA,NA,NA,NA,NA,NA,NA,NA,N,3,0,1,2,A,-,10,21950,A,N,G,B,B,B,H,-,C,A,0,Y,NA,NA,NA,Y,NA,A,01,0,1,0,0,1,0,0,0,0,-,-,NA,NA,ORANGE,FULLERTON,-117.91983795166016,33.872398376464844
8889581,2019,2019-07-11,3008,2019-02-21,1944,1508,NA,4,5,6,3008,0,0,0,NA,0,001,ROSECRANS AV,CAMINO CENTROLOMA,0,NA,Y,A,-,N,NA,NA,NA,NA,NA,NA,NA,NA,NA,Y,4,0,1,2,A,-,03,22350,NA,N,C,C,A,A,H,-,C,A,0,NA,NA,NA,NA,Y,NA,A,01,0,0,1,0,0,0,0,0,0,-,-,NA,NA,ORANGE,FULLERTON,-117.95735168457033,33.893341064453125
8889947,2019,2019-07-09,3022,2019-05-21,1123,1193,NORTH,2,5,5,3022,0,0,0,NA,0,NA,MYRTLE AV,1ST ST,156,N,N,A,-,N,NA,NA,NA,NA,NA,NA,NA,NA,NA,N,3,0,1,2,A,-,09,21804,A,N,D,C,A,A,H,-,A,A,0,NA,NA,NA,NA,Y,NA,A,01,0,1,0,0,0,0,0,0,0,-,-,33.74576187133789,-117.83145141601563,ORANGE,TUSTIN,-117.83154296875,33.746177673339844
8890197,2018,2019-07-09,3008,2018-10-11,1532,1476,NA,4,5,6,3008,0,0,0,NA,0,022,COMMONWEALTH AV,CORNELL AV,0,NA,Y,A,-,N,NA,NA,NA,NA,NA,NA,NA,NA,NA,N,3,0,1,2,D,-,00,NA,NA,N,G,G,A,A,H,-,A,D,0,NA,Y,NA,NA,Y,NA,-,-,0,1,0,0,0,0,1,0,0,-,-,NA,NA,ORANGE,FULLERTON,-117.90972900390624,33.870460510253906
8890201,2018,2019-07-09,3008,2018-12-19,1921,1476,NA,3,5,6,3008,0,0,0,NA,0,021,MAGNOLIA AV,THOMPSON AV,10,W,N,A,-,N,NA,NA,NA,NA,NA,NA,NA,NA,NA,N,3,0,1,2,A,-,08,22107,A,N,G,G,A,A,H,-,C,D,0,NA,Y,NA,NA,Y,Y,L,04,0,1,0,0,0,0,1,0,0,-,-,NA,NA,ORANGE,FULLERTON,NA,NA
8890712,2019,2019-10-30,3026,2019-04-18,1632,531,CROSS,4,5,6,3026,0,0,0,NA,0,006,LAGUNA CANYON RD,PAVONA,1056,S,N,A,-,Y,ORA,12,133,-,-,7.61,H,-,N,N,4,0,1,2,A,-,03,22350,NA,N,C,C,A,A,H,-,A,A,0,NA,NA,NA,NA,Y,NA,A,01,0,0,1,0,0,0,0,0,0,-,-,33.6428108215332,-117.76217651367188,ORANGE,IRVINE,-117.76078033447266,33.6406364440918
8890763,2019,2019-10-30,3011,2019-06-30,1453,31504,NA,7,5,4,3011,0,0,0,NA,0,NA,RT 18,RT 73,0,NA,Y,A,-,Y,ORA,12,73,-,-,16.832,R,4,S,Y,3,0,1,2,A,-,08,22107,NA,N,B,C,A,A,H,-,A,A,0,NA,NA,Y,NA,Y,NA,A,01,0,1,0,0,0,0,0,0,1,-,-,NA,NA,ORANGE,LAGUNA BEACH,-117.75962829589844,33.59220886230469
8891062,2019,2019-07-12,3003,2019-06-25,0800,1093,NA,2,5,5,3003,0,0,0,NA,0,NA,ARTESIA BL,FULLERTON AV,2,E,N,B,-,N,NA,NA,NA,NA,NA,NA,NA,NA,NA,Y,3,0,1,2,A,-,10,21950,A,N,G,B,B,A,H,-,A,D,0,Y,NA,NA,NA,Y,NA,-,NA,0,1,0,0,1,0,0,0,0,-,-,33.873600006103516,-117.99970245361328,ORANGE,BUENA PARK,-117.99977111816406,33.87350082397461
8893479,2019,2019-08-14,3001,2019-07-07,1508,1278,NA,7,5,7,3001,0,0,0,NA,0,0D4,SANTA ANA CANYON RD,EUCALYPTUS DR,66,W,N,A,-,N,NA,NA,NA,NA,NA,NA,NA,NA,NA,Y,3,0,3,2,C,-,18,NA,NA,N,C,C,A,A,H,-,A,D,0,NA,NA,NA,NA,Y,NA,-,-,0,1,2,0,0,0,0,0,0,-,-,NA,NA,ORANGE,ANAHEIM,-117.76314544677734,33.86497116088867
8894734,2019,2019-08-14,3009,2019-07-01,1755,4747,043,1,5,6,3009,0,0,0,NA,0,1-1,KNOTT ST,LAMPSON AV,23,S,N,A,-,N,NA,NA,NA,NA,NA,NA,NA,NA,NA,Y,4,0,1,2,A,-,12,21453,A,N,D,C,A,A,H,-,A,A,0,NA,NA,NA,NA,Y,NA,A,01,0,0,1,0,0,0,0,0,0,-,-,NA,NA,ORANGE,GARDEN GROVE,-118.01116943359376,33.780948638916016
8895694,2019,2019-07-16,3001,2019-06-18,1803,1278,NA,2,5,7,3001,0,0,0,NA,0,0D2,N BROOKHURST ST,WEST CRESCENT AV,87,N,N,A,-,N,NA,NA,NA,NA,NA,NA,NA,NA,NA,N,4,0,1,2,A,-,03,22350,NA,N,C,C,A,A,H,-,A,A,0,NA,NA,NA,NA,Y,NA,A,01,0,0,1,0,0,0,0,0,0,-,-,NA,NA,ORANGE,ANAHEIM,-117.95905303955078,33.840057373046875
8895980,2019,2019-07-22,3000,2019-06-18,1104,5036,922D3,2,5,5,3028,0,0,0,NA,0,1104,OSO PKWY,PACIFIC HILLS DR,0,NA,Y,B,-,N,NA,NA,NA,NA,NA,NA,NA,NA,NA,Y,4,0,2,2,A,-,12,21453,A,N,D,C,A,A,D,-,A,A,0,NA,NA,NA,NA,Y,NA,D,22,0,0,2,0,0,0,0,0,0,-,-,NA,NA,ORANGE,MISSION VIEJO,-117.6548080444336,33.58578109741211
8896043,2019,2019-08-06,3000,2019-05-07,1645,5805,891E5,2,5,5,3050,0,0,0,NA,0,765,ROCKFIELD BL,LAKE FOREST DR,24,W,N,A,-,N,NA,NA,NA,NA,NA,NA,NA,NA,NA,Y,3,0,2,2,A,-,09,21453,C,N,D,C,A,A,H,-,A,A,0,NA,NA,NA,NA,Y,NA,A,01,0,1,1,0,0,0,0,0,0,-,-,NA,NA,ORANGE,LAKE FOREST,-117.71695709228516,33.629302978515625
8896504,2019,2019-12-02,3010,2019-07-01,1226,1019,NA,1,5,6,3010,0,0,0,NA,0,NA,ADAMS AV,RT 39,128,W,N,A,-,Y,ORA,12,39,-,-,1.63,I,6,S,NA,4,0,2,2,A,-,21,22106,NA,N,C,C,A,A,H,-,A,A,0,NA,NA,NA,NA,Y,NA,A,01,0,0,2,0,0,0,0,0,0,-,-,NA,NA,ORANGE,HUNTINGTON BEACH,-117.98867034912108,33.672088623046875
8899580,2019,2019-07-30,3010,2019-07-13,0933,1243,421,6,5,6,3010,0,0,0,NA,0,005,MAIN ST,YORKTOWN,380,N,N,B,-,N,NA,NA,NA,NA,NA,NA,NA,NA,NA,Y,3,0,2,3,A,-,09,21801,A,N,F,C,A,A,H,-,A,D,0,NA,NA,Y,NA,Y,NA,A,01,0,1,1,0,0,0,0,0,2,-,-,NA,NA,ORANGE,HUNTINGTON BEACH,-118.00176239013672,33.68035888671875
8899903,2019,2019-07-26,3008,2019-03-05,1942,1546,NA,2,5,6,3008,0,0,0,NA,0,002,BREA BL,ASHBURN TER,0,NA,Y,A,-,N,NA,NA,NA,NA,NA,NA,NA,NA,NA,Y,4,0,2,2,A,-,12,21453,A,N,D,C,A,A,H,-,C,A,0,NA,NA,NA,NA,Y,NA,A,01,0,0,2,0,0,0,0,0,0,-,-,NA,NA,ORANGE,FULLERTON,-117.91220855712892,33.8962516784668
8900176,2019,2019-08-07,3024,2019-07-07,1112,422,P27,7,5,5,3024,0,0,0,NA,0,EAST,BUSHARD ST,READING AV,39,N,N,A,-,N,NA,NA,NA,NA,NA,NA,NA,NA,NA,N,2,0,1,2,A,-,11,21954,A,N,G,B,D,A,H,-,A,D,0,Y,NA,NA,NA,Y,NA,N,60,1,0,0,0,1,0,0,0,0,-,-,33.75693130493164,-117.96338653564452,ORANGE,WESTMINSTER,-117.963623046875,33.75715637207031
8901423,2019,2019-07-30,3009,2019-07-05,2058,1657,156,5,5,6,3009,0,0,0,NA,0,023,ROXEY DR,SALINAZ DR,0,NA,Y,A,-,N,NA,NA,NA,NA,NA,NA,NA,NA,NA,Y,4,0,1,2,A,-,09,21802,A,N,A,C,A,-,H,-,C,A,0,NA,NA,NA,NA,Y,NA,A,01,0,0,1,0,0,0,0,0,0,-,-,NA,NA,ORANGE,GARDEN GROVE,-117.90901947021484,33.76464080810547
8901509,2019,2019-07-30,3009,2019-06-29,1801,4087,124,6,5,6,3009,0,0,0,NA,0,2 1,9TH,STANFORD AV,0,NA,Y,A,-,N,NA,NA,NA,NA,NA,NA,NA,NA,NA,Y,3,0,1,2,A,-,09,21802,A,N,A,C,A,A,H,-,A,A,0,NA,NA,Y,NA,Y,NA,A,01,0,1,0,0,0,0,0,0,0,-,-,NA,NA,ORANGE,GARDEN GROVE,-117.93231964111328,33.77788162231445
8902276,2019,2019-07-29,3000,2019-06-24,2010,9883,893B2,1,5,4,3048,0,0,0,NA,0,168,BUENA SUERTE,AVENIDA DE LAS FLORES,0,NA,Y,A,-,N,NA,NA,NA,NA,NA,NA,NA,NA,NA,N,4,0,1,2,A,-,09,21802,A,N,D,C,A,A,H,-,A,D,0,NA,NA,NA,NA,Y,NA,D,22,0,0,1,0,0,0,0,0,0,-,-,NA,NA,ORANGE,RANCHO SANTA MARGARITA,-117.59467315673828,33.64809036254883
8902372,2019,2019-07-30,3000,2019-07-04,2235,6717,892A1,4,5,5,3050,0,0,0,NA,0,18760,LAKE FOREST DR,CANADA RD,0,NA,Y,A,-,N,NA,NA,NA,NA,NA,NA,NA,NA,NA,Y,4,0,1,2,A,-,12,21453,A,N,D,C,A,A,H,-,C,A,0,NA,NA,NA,NA,Y,NA,A,07,0,0,1,0,0,0,0,0,0,-,-,33.38534927368164,-117.40553283691406,ORANGE,LAKE FOREST,-117.68199920654295,33.648170471191406
8902872,2019,2019-07-29,3012,2019-07-04,1707,668,44,4,5,5,3012,0,0,0,NA,0,0SE,LAMBERT RD,PALM ST,0,NA,Y,A,-,N,NA,NA,NA,NA,NA,NA,NA,NA,NA,Y,4,0,1,3,A,-,12,21453,A,N,D,C,A,A,H,-,A,A,0,NA,NA,NA,NA,Y,NA,A,07,0,0,1,0,0,0,0,0,0,-,-,NA,NA,ORANGE,LA HABRA,-117.92439270019533,33.92462158203125