CASE_ID,ACCIDENT_YEAR,PROC_DATE,JURIS,COLLISION_DATE,COLLISION_TIME,OFFICER_ID,REPORTING_DISTRICT,DAY_OF_WEEK,CHP_SHIFT,POPULATION,CNTY_CITY_LOC,SPECIAL_COND,BEAT_TYPE,CHP_BEAT_TYPE,CITY_DIVISION_LAPD,CHP_BEAT_CLASS,BEAT_NUMBER,PRIMARY_RD,SECONDARY_RD,DISTANCE,DIRECTION,INTERSECTION,WEATHER_1,WEATHER_2,STATE_HWY_IND,CALTRANS_COUNTY,CALTRANS_DISTRICT,STATE_ROUTE,ROUTE_SUFFIX,POSTMILE_PREFIX,POSTMILE,LOCATION_TYPE,RAMP_INTERSECTION,SIDE_OF_HWY,TOW_AWAY,COLLISION_SEVERITY,NUMBER_KILLED,NUMBER_INJURED,PARTY_COUNT,PRIMARY_COLL_FACTOR,PCF_CODE_OF_VIOL,PCF_VIOL_CATEGORY,PCF_VIOLATION,PCF_VIOL_SUBSECTION,HIT_AND_RUN,TYPE_OF_COLLISION,MVIW,PED_ACTION,ROAD_SURFACE,ROAD_COND_1,ROAD_COND_2,LIGHTING,CONTROL_DEVICE,CHP_ROAD_TYPE,PEDESTRIAN_ACCIDENT,BICYCLE_ACCIDENT,MOTORCYCLE_ACCIDENT,TRUCK_ACCIDENT,NOT_PRIVATE_PROPERTY,ALCOHOL_INVOLVED,STWD_VEHTYPE_AT_FAULT,CHP_VEHTYPE_AT_FAULT,COUNT_SEVERE_INJ,COUNT_VISIBLE_INJ,COUNT_COMPLAINT_PAIN,COUNT_PED_KILLED,COUNT_PED_INJURED,COUNT_BICYCLIST_KILLED,COUNT_BICYCLIST_INJURED,COUNT_MC_KILLED,COUNT_MC_INJURED,PRIMARY_RAMP,SECONDARY_RAMP,LATITUDE,LONGITUDE,COUNTY,CITY,POINT_X,POINT_Y
90035481,2015,2015-10-21,9670,2015-10-07,0745,016199,NA,3,1,6,3010,1,4,S,NA,2,901,ELLSWORTH DR. (9100 BLOCK),ELIZABETH LN,87,E,N,A,-,N,NA,NA,NA,NA,NA,NA,NA,NA,NA,Y,2,0,1,2,A,-,01,23152,E,N,B,C,A,A,H,-,A,D,0,NA,NA,NA,NA,Y,NA,A,01,1,0,0,0,0,0,0,0,0,-,-,33.66314,-117.96859,ORANGE,HUNTINGTON BEACH,-117.96862477,33.6632734
90036258,2015,2015-10-22,9690,2015-10-19,1050,015713,NA,1,1,5,3028,0,1,1,NA,2,056,I-5 N/B (SAN DIEGO FRWY),CROWN VALLEY PKWY,330,S,N,A,-,Y,NA,NA,5,NA,NA,NA,NA,NA,N,Y,4,0,3,4,A,-,03,22350,NA,N,C,C,A,A,H,-,A,D,0,NA,NA,NA,NA,Y,NA,A,01,0,0,3,0,0,0,0,0,0,-,-,33.55788,-117.67259,ORANGE,MISSION VIEJO,-117.67285392,33.55786902
90036799,2015,2015-10-22,9675,2015-10-13,0705,012857,NA,2,1,6,3004,0,1,3,NA,2,553,SR-55 NORTHBOUND,BAKER ST,150,N,N,A,-,Y,NA,NA,NA,NA,NA,NA,NA,NA,NA,Y,4,0,1,3,A,-,03,22350,NA,N,C,C,A,A,H,-,A,D,0,NA,NA,NA,NA,Y,NA,A,01,0,0,1,0,0,0,0,0,0,-,-,33.60129,-117.07776,ORANGE,COSTA MESA,-117.87890923,33.68021869
90037192,2015,2015-10-23,9675,2015-10-20,1015,015914,NA,2,1,5,3016,0,1,3,NA,2,571,SR-57 SOUTHBOUND,LA JOLLA ST,10,S,N,A,-,Y,NA,NA,57,NA,NA,NA,NA,NA,S,Y,4,0,1,2,A,-,03,22350,NA,N,C,C,A,A,H,-,A,D,0,NA,NA,NA,NA,Y,NA,A,01,0,0,1,0,0,0,0,0,0,-,-,33.85593,-117.87604,ORANGE,PLACENTIA,-117.87588309,33.85594534
9003728,2020,2020-02-07,3002,2020-01-04,1541,1447,NA,6,5,4,3002,0,0,0,NA,0,012,VALENCIA AV,SANDPIPER WY,755,N,N,A,-,N,NA,NA,NA,NA,NA,NA,NA,NA,NA,Y,3,0,2,1,A,-,08,22107,NA,F,E,I,A,A,H,-,A,D,0,NA,NA,NA,NA,Y,NA,A,07,0,2,0,0,0,0,0,0,0,-,-,33.930259704589844,-117.84810638427734,ORANGE,BREA,-117.84837341308594,33.93227005004883
90041562,2015,2015-10-30,9670,2015-10-24,1645,019808,NA,6,2,6,3008,0,1,3,NA,2,094,SR-91 E/B,EUCLID ST,1056,E,N,A,-,Y,NA,NA,91,NA,NA,NA,NA,NA,E,Y,3,0,4,1,A,-,08,22107,NA,N,F,A,A,A,H,-,A,D,0,NA,NA,NA,NA,Y,NA,A,07,0,4,0,0,0,0,0,0,0,-,-,33.85403,-117.93718,ORANGE,FULLERTON,-117.93718022,33.85409316
90041766,2015,2015-10-30,9670,2015-10-26,0810,018180,NA,1,1,5,3003,0,1,3,NA,2,091,SR-91 W/B (RIVERSIDE FREEWAY),VALLEY VIEW ST.,248,W,N,A,-,Y,NA,NA,91,NA,NA,NA,NA,NA,W,N,4,0,1,2,A,-,03,22350,NA,F,C,C,A,A,H,-,A,D,0,NA,NA,NA,NA,Y,NA,-,99,0,0,1,0,0,0,0,0,0,-,-,33.85707,-118.02934,ORANGE,BUENA PARK,-118.0293375,33.85707734
90043677,2015,2015-11-03,9675,2015-10-30,1520,018834,NA,5,2,7,3001,0,1,3,NA,2,094,SR-91 EASTBOUND,LAKEVIEW AVE,100,E,N,A,-,Y,NA,NA,91,NA,NA,NA,NA,NA,E,Y,4,0,3,2,A,-,03,22350,NA,N,C,C,A,A,H,-,A,D,0,NA,NA,NA,NA,Y,NA,A,07,0,0,3,0,0,0,0,0,0,-,-,33.85148,-117.81318,ORANGE,ANAHEIM,-117.81328478,33.85160079
90045061,2015,2015-11-05,9690,2015-10-28,1733,014849,NA,3,2,9,3000,0,2,4,NA,2,035,OSO PKWY EASTBOUND,MEANDERING TRAIL,430,E,N,A,-,N,NA,NA,NA,NA,NA,NA,NA,NA,NA,Y,2,0,1,2,A,-,07,21658,A,N,B,C,A,A,H,-,A,D,0,NA,NA,NA,NA,Y,NA,A,07,1,0,0,0,0,0,0,0,0,-,-,33.5868,-117.62329,ORANGE,UNINCORPORATED,-117.62234881,33.5872703
90046744,2015,2015-11-09,9670,2015-11-03,1705,019690,NA,2,2,7,3001,0,1,1,NA,2,503,I-5 S/B,BALL RD,504,S,N,B,-,Y,NA,NA,5,NA,NA,NA,NA,NA,S,Y,3,0,2,2,A,-,07,21658,A,N,B,C,A,A,H,-,B,D,0,NA,NA,NA,NA,Y,NA,A,01,0,1,1,0,0,0,0,0,0,-,-,33.81666,-117.91707,ORANGE,ANAHEIM,-117.91699336,33.8167392
90046749,2015,2017-08-31,9690,2015-10-25,1041,018840,NA,7,1,5,3017,0,1,1,NA,2,059,I-5 N/B (SAN DIEGO FRWY),AVENIDA PICO,950,N,N,B,-,Y,NA,NA,5,NA,NA,NA,NA,NA,N,N,4,0,1,2,A,-,03,22350,NA,N,C,C,A,A,H,-,A,D,0,NA,NA,NA,NA,Y,NA,A,07,0,0,1,0,0,0,0,0,0,-,-,33.44181,-117.62682,ORANGE,SAN CLEMENTE,-117.62688869,33.4417256
90050027,2015,2015-11-12,9690,2015-11-07,1425,020446,NA,6,2,5,3017,0,1,1,NA,2,059,I-5 N/B (SAN DIEGO FRWY),AVENIDA PALIZADA,50,N,N,A,-,Y,NA,NA,5,NA,NA,NA,NA,NA,N,N,4,0,1,3,A,-,03,22350,NA,N,C,C,A,A,D,-,A,D,0,NA,NA,NA,NA,Y,NA,A,01,0,0,1,0,0,0,0,0,0,-,-,33.43129,-117.61444,ORANGE,SAN CLEMENTE,-117.61450322,33.43122536
9005116,2019,2020-02-14,3015,2019-12-27,1539,1419,44S,5,5,6,3015,0,0,0,NA,0,722M,HEWES ST,WASHINGTON AV,40,S,N,A,-,N,NA,NA,NA,NA,NA,NA,NA,NA,NA,Y,4,0,2,2,A,-,08,22107,NA,N,D,C,A,A,H,-,A,D,0,NA,NA,NA,NA,Y,NA,I,09,0,0,2,0,0,0,0,0,0,-,-,33.785179138183594,-117.80574798583984,ORANGE,ORANGE,-117.80572509765624,33.786231994628906
9005280,2019,2020-02-12,3015,2019-12-05,1054,1419,NA,4,5,6,3015,0,0,0,NA,0,722M,NEWPORT BL,LIVE OAK DR,0,NA,Y,A,-,N,NA,NA,NA,NA,NA,NA,NA,NA,NA,Y,3,0,2,2,A,-,09,21804,B,N,D,C,A,A,H,-,A,D,0,NA,NA,NA,NA,Y,NA,A,01,0,1,1,0,0,0,0,0,0,-,-,NA,NA,ORANGE,ORANGE,-117.7724609375,33.79391098022461
90055915,2015,2015-11-20,9675,2015-11-12,1820,019437,NA,4,2,6,3015,0,1,1,NA,2,502,I-5 SOUTHBOUND,CHAPMAN AVE,8,S,N,A,-,Y,NA,NA,NA,NA,NA,NA,NA,NA,NA,N,3,0,1,2,A,-,10,21950,A,F,G,B,B,A,H,-,B,A,0,Y,NA,NA,NA,Y,NA,A,01,0,1,0,0,1,0,0,0,0,-,-,33.78923,-117.88333,ORANGE,ORANGE,-117.88785228,33.78946381
90061068,2015,2015-11-30,9675,2015-11-11,0850,015914,NA,3,1,5,3022,0,1,1,NA,2,503,I-5 SOUTHBOUND,NEWPORT AVE,100,S,N,A,-,Y,NA,NA,5,NA,NA,NA,NA,NA,S,N,4,0,2,3,A,-,03,22350,NA,N,C,C,A,A,H,-,A,D,0,NA,NA,NA,NA,Y,NA,A,01,0,0,2,0,0,0,0,0,0,-,-,33.73671,-117.8224,ORANGE,TUSTIN,-117.82239723000001,33.73671846
90061534,2015,2015-11-30,9675,2015-11-19,1500,017993,NA,4,2,7,3001,0,1,3,NA,2,093,SR-91 WESTBOUND,LA PALMA AVE,500,W,N,A,-,Y,NA,NA,91,NA,NA,NA,NA,NA,W,Y,4,0,1,3,A,-,03,22350,NA,N,C,C,A,A,H,-,A,D,0,NA,NA,NA,NA,Y,NA,A,01,0,0,1,0,0,0,0,0,0,-,-,33.84842,-117.87245,ORANGE,ANAHEIM,-117.87246755,33.84838106
9006187,2019,2020-02-14,3012,2019-12-16,0758,677,48,1,5,5,3012,0,0,0,NA,0,004,SOUTH EUCLID ST,EUCLID,34,E,N,A,-,N,NA,NA,NA,NA,NA,NA,NA,NA,NA,N,4,0,1,2,A,-,09,21804,A,N,D,C,A,A,H,-,A,D,0,NA,NA,NA,NA,Y,NA,A,07,0,0,1,0,0,0,0,0,0,-,-,NA,NA,ORANGE,LA HABRA,-117.94820404052734,33.90958786010742
90062478,2015,2015-12-01,9670,2015-11-14,1845,019925,NA,6,2,7,3001,0,1,3,NA,2,093,SR-91 W/B,BROOKHURST ST,50,W,N,A,-,Y,NA,NA,91,NA,NA,NA,NA,NA,W,N,4,0,2,2,A,-,03,22350,NA,N,C,C,A,A,H,-,C,D,0,NA,NA,NA,NA,Y,NA,A,01,0,0,2,0,0,0,0,0,0,-,-,33.85402,-117.96298,ORANGE,ANAHEIM,-117.96297898,33.85392252
90062878,2015,2015-12-01,9675,2015-11-24,1720,017504,NA,2,2,7,3001,0,1,3,NA,2,093,SR-91 EASTBOUND,STATE COLLEGE BLVD,10,E,N,B,-,Y,NA,NA,91,NA,NA,NA,NA,NA,E,N,4,0,1,2,A,-,03,22350,NA,N,C,C,A,A,H,-,C,D,0,NA,NA,NA,NA,Y,NA,A,01,0,0,1,0,0,0,0,0,0,-,-,33.85167,-117.8807,ORANGE,ANAHEIM,-117.88067285,33.85173157
90063009,2015,2015-12-01,9675,2015-11-25,1620,017773,NA,3,2,6,3026,0,1,1,NA,2,047,I-405 N/B,SAND CANYON AVE,60,S,N,A,-,Y,NA,NA,405,NA,NA,NA,NA,NA,N,Y,3,0,2,2,A,-,03,22350,NA,N,C,C,A,A,H,-,A,D,0,NA,NA,NA,NA,Y,NA,A,01,0,2,0,0,0,0,0,0,0,-,-,33.6576,-117.77767,ORANGE,IRVINE,-117.777624,33.65768022
90066781,2015,2015-12-07,9690,2015-12-04,0540,020446,NA,5,3,9,3000,0,1,3,NA,1,074,SR 74 W/B (ORTEGA HWY),NICHOLS INSTITUTE RD.,210,E,N,A,-,Y,NA,NA,74,NA,NA,NA,NA,NA,W,Y,4,0,1,2,A,-,03,22350,NA,N,C,C,A,A,H,-,C,A,0,NA,NA,NA,NA,Y,NA,D,22,0,0,1,0,0,0,0,0,0,-,-,33.56359,-117.54623,ORANGE,UNINCORPORATED,-117.54614992,33.56356483
90067691,2015,2015-12-08,9675,2015-11-30,1950,017192,NA,1,2,7,3019,0,1,1,NA,2,502,I-5 N/B (SANTA ANA FREEWAY),MAIN ST,200,S,N,A,-,Y,NA,NA,5,NA,NA,NA,NA,NA,N,N,4,0,2,2,A,-,03,22350,NA,N,C,C,A,A,H,-,C,D,0,NA,NA,NA,NA,Y,NA,A,01,0,0,2,0,0,0,0,0,0,-,-,33.7492,-117.84327,ORANGE,SANTA ANA,-117.84347934,33.74910825
9006833,2019,2020-02-15,3007,2019-12-17,1043,250,63,2,5,5,3007,0,0,0,NA,0,003,TALBERT,MAGNOLIA,0,NA,Y,A,-,N,NA,NA,NA,NA,NA,NA,NA,NA,NA,Y,4,0,1,2,A,-,08,22107,NA,N,D,C,A,A,D,E,A,A,0,NA,NA,NA,NA,Y,NA,A,01,0,0,1,0,0,0,0,0,0,-,-,NA,NA,ORANGE,FOUNTAIN VALLEY,-117.97174835205078,33.701358795166016
90069260,2015,2015-12-10,9675,2015-11-20,0225,018187,NA,5,3,6,3004,0,1,3,NA,2,553,SR-55 S/B TO VICTORIA ST/22ND ST,WILSON ST,200,S,N,B,-,Y,NA,NA,55,NA,NA,NA,R,NA,S,Y,3,0,1,1,A,-,01,23152,A,N,E,I,A,A,H,-,C,D,0,NA,NA,NA,NA,Y,Y,A,01,0,1,0,0,0,0,0,0,0,-,-,33.6554,-117.90562,ORANGE,COSTA MESA,-117.90562,33.6554
90071104,2015,2015-12-11,9675,2015-12-04,1540,018539,NA,5,2,7,3001,0,1,3,NA,2,094,SR-91 W/B,IMPERIAL HIGHWAY,550,W,N,A,-,Y,NA,NA,91,NA,NA,NA,NA,NA,W,Y,4,0,2,3,A,-,03,22350,NA,N,C,C,A,A,H,-,A,D,0,NA,NA,NA,NA,Y,NA,A,01,0,0,2,0,0,0,0,0,0,-,-,33.85461,-117.79719,ORANGE,ANAHEIM,-117.79719378,33.85445153
90071388,2015,2015-12-11,9675,2015-12-07,1440,017773,NA,1,2,7,3019,0,1,3,NA,2,052,SR-55 N/B,MACARTHUR BLVD,1056,N,N,A,-,Y,NA,NA,55,NA,NA,NA,NA,NA,N,N,4,0,1,2,A,-,03,22350,NA,N,C,C,A,A,H,-,A,D,0,NA,NA,NA,NA,Y,NA,A,01,0,0,1,0,0,0,0,0,0,-,-,33.70314,-117.85689,ORANGE,SANTA ANA,-117.85703729,33.7032864
90071974,2015,2015-12-14,9670,2015-11-28,1715,019808,NA,6,2,4,3020,0,1,1,NA,2,045,I-405 S/B,SEAL BEACH BLVD,4224,S,N,A,-,Y,NA,NA,405,NA,NA,NA,NA,NA,S,N,4,0,1,2,A,-,07,21658,A,N,B,C,A,A,H,-,C,D,0,NA,NA,NA,NA,Y,NA,-,-,0,0,1,0,0,0,0,0,0,-,-,33.77404,-118.06049,ORANGE,SEAL BEACH,-118.06049264,33.77425929
90072779,2015,2015-12-14,9690,2015-12-04,1123,020588,NA,5,1,4,3018,0,1,1,NA,2,057,I-5 S/B (SAN DIEGO FRWY),SR-74 (ORTEGA HWY),1007,S,N,A,-,Y,NA,NA,5,NA,NA,NA,NA,NA,S,Y,3,0,1,2,A,-,03,22350,NA,N,C,C,A,A,H,-,A,D,0,NA,NA,Y,NA,Y,NA,C,02,0,1,0,0,0,0,0,0,1,-,-,33.49943,-117.65869000000001,ORANGE,SAN JUAN CAPISTRANO,-117.65857029,33.49942398
90078035,2015,2015-12-18,9675,2015-12-15,1810,013300,NA,2,2,6,3004,0,1,3,NA,2,553,SR-55 SOUTHBOUND,PAULARINO AVE,1000,N,N,A,-,Y,NA,NA,NA,NA,NA,NA,NA,NA,NA,Y,4,0,1,3,A,-,03,22350,NA,N,C,C,A,A,H,-,C,C,0,NA,NA,NA,NA,Y,NA,A,07,0,0,1,0,0,0,0,0,0,-,-,33.33417,-117.76223,ORANGE,COSTA MESA,-117.87534543,33.68417982
90078900,2015,2015-12-21,9690,2015-12-15,0845,014919,NA,2,1,5,3017,0,1,1,NA,2,059,I-5 S/B TO AVE. VISTA HERMOSA,AVENIDA VISTA HERMOSA,1917,N,N,A,-,Y,NA,NA,5,NA,NA,NA,R,NA,S,Y,4,0,2,2,A,-,03,22350,NA,N,C,C,A,A,D,-,A,D,0,NA,NA,NA,NA,Y,NA,A,07,0,0,2,0,0,0,0,0,0,-,-,33.44795,-117.63667,ORANGE,SAN CLEMENTE,-117.63667,33.44795
90079443,2015,2015-12-21,9690,2015-12-13,0030,020469,NA,7,3,4,3018,0,1,1,NA,2,057,I-5 N/B (SAN DIEGO FRWY),SR 74 E/B (ORTEGA HWY),150,S,N,A,-,Y,NA,NA,5,NA,NA,NA,NA,NA,N,Y,4,0,1,2,A,-,01,23152,A,N,B,C,A,A,H,-,C,D,0,NA,NA,NA,Y,Y,Y,A,07,0,0,1,0,0,0,0,0,0,-,-,33.49997,-117.65811,ORANGE,SAN JUAN CAPISTRANO,-117.65825889,33.49997
90081163,2015,2015-12-23,9670,2015-12-16,0650,020597,NA,3,1,6,3010,0,1,1,NA,2,043,I-405 S/B,MCFADDEN AVE,60,N,N,A,-,Y,NA,NA,405,NA,NA,NA,NA,NA,S,Y,4,0,1,3,A,-,03,22350,NA,F,C,C,A,A,H,-,A,D,0,NA,NA,NA,NA,Y,NA,A,01,0,0,1,0,0,0,0,0,0,-,-,33.73676,-117.99549,ORANGE,HUNTINGTON BEACH,-117.99544177,33.73682449
90081956,2015,2015-12-24,9670,2015-12-19,0227,020809,NA,6,3,6,3009,0,1,3,NA,2,023,SR-22 W/B (GARDEN GROVE FREEWAY),MAGNOLIA ST,2640,E,N,A,-,Y,NA,NA,22,NA,NA,NA,NA,NA,W,Y,4,0,3,2,A,-,03,22350,NA,N,C,C,A,A,H,-,C,D,0,NA,NA,NA,NA,Y,NA,A,07,0,0,3,0,0,0,0,0,0,-,-,33.76596,-117.96414,ORANGE,GARDEN GROVE,-117.96414003,33.76596442
90082918,2015,2015-12-28,9675,2015-12-24,1300,015914,NA,4,1,5,3022,0,1,1,NA,2,503,I-5 NORTHBOUND,TUSTIN RANCH RD,200,S,N,A,-,Y,NA,NA,5,NA,NA,NA,NA,NA,N,Y,3,0,2,4,A,-,01,23152,A,N,C,C,A,A,H,-,A,D,0,NA,NA,NA,NA,Y,Y,D,22,0,1,1,0,0,0,0,0,0,-,-,33.72567,-117.80328,ORANGE,TUSTIN,-117.80340703,33.72547619
9008379,2019,2020-01-03,3000,2019-10-24,1405,11256,922C2,4,5,5,3028,0,0,0,NA,0,7A54,MARGUERITE PKWY,LA PAZ RD,2723,S,N,A,-,N,NA,NA,NA,NA,NA,NA,NA,NA,NA,N,4,0,1,2,A,-,03,22350,NA,N,C,C,A,A,H,-,A,A,0,NA,NA,NA,NA,Y,NA,D,22,0,0,1,0,0,0,0,0,0,-,-,NA,NA,ORANGE,MISSION VIEJO,-117.6598892211914,33.58970260620117
9008531,2019,2020-03-16,3000,2019-11-22,2350,1920,971F3,5,5,5,3040,0,0,0,NA,0,743,NIGUEL RD,CAMINO DEL AVION,0,NA,Y,A,-,N,NA,NA,NA,NA,NA,NA,NA,NA,NA,Y,3,0,2,2,A,-,12,21453,A,N,D,C,A,A,H,-,C,A,0,NA,NA,NA,NA,Y,NA,-,-,0,1,1,0,0,0,0,0,0,-,-,NA,NA,ORANGE,LAGUNA NIGUEL,-117.71127319335938,33.489768981933594
90087245,2015,2016-02-18,9675,2015-12-19,1939,018733,NA,6,2,6,3015,0,1,3,NA,2,572,SR-57 NORTHBOUND,ORANGEWOOD AVE,200,S,N,B,-,Y,NA,NA,57,NA,NA,NA,NA,NA,N,Y,4,0,1,4,A,-,03,22350,NA,N,D,C,A,B,H,-,C,D,0,NA,NA,NA,NA,Y,NA,D,22,0,0,1,0,0,0,0,0,0,-,-,33.79615,-117.87757,ORANGE,ORANGE,-117.877664,33.79617735
90088023,2015,2016-01-05,9690,2015-12-28,1812,018526,NA,1,2,9,3000,0,3,5,NA,2,004,MAYWOOD DRIVE,O'NEILL DRIVE,15,E,N,B,-,N,NA,NA,NA,NA,NA,NA,NA,NA,NA,N,4,0,1,2,A,-,10,21950,A,N,G,B,D,A,H,-,C,D,0,Y,NA,NA,NA,Y,NA,A,01,0,0,1,0,1,0,0,0,0,-,-,33.56702,-117.64395,ORANGE,UNINCORPORATED,-117.64392139,33.56685583
90088491,2015,2016-01-05,9670,2015-12-06,0010,020809,NA,7,3,6,3010,0,1,1,NA,2,040,I-405 N/B,NEWLAND ST,386,N,N,A,-,Y,NA,NA,405,NA,NA,NA,NA,NA,N,Y,3,0,2,2,C,-,18,NA,NA,N,C,C,A,A,H,-,D,D,0,NA,NA,NA,NA,Y,Y,-,-,0,2,0,0,0,0,0,0,0,-,-,33.72698,-117.981,ORANGE,HUNTINGTON BEACH,-117.98096829,33.72702421
90088854,2016,2016-01-05,9675,2016-01-03,1704,020766,NA,7,2,5,3022,0,1,1,NA,2,503,I-5 S/B TO RED HILL AVE,RED HILL AVE,75,N,N,A,-,Y,NA,NA,5,NA,NA,NA,R,NA,S,N,4,0,1,2,A,-,03,22350,NA,N,C,C,A,A,H,-,B,D,0,NA,NA,NA,NA,Y,NA,A,07,0,0,1,0,0,0,0,0,0,-,-,33.73378,-117.81631,ORANGE,TUSTIN,-117.81631,33.73378
9008886,2019,2020-03-12,3002,2019-10-24,1600,9675,740A3,4,5,5,3025,0,0,0,NA,0,001,BASTANCHURY RD,VALLEY VIEW AV,24,E,N,A,-,N,NA,NA,NA,NA,NA,NA,NA,NA,NA,Y,4,0,2,2,D,-,00,NA,NA,N,F,C,A,A,H,-,A,A,0,NA,NA,NA,NA,Y,NA,-,-,0,0,2,0,0,0,0,0,0,-,-,NA,NA,ORANGE,YORBA LINDA,-117.82861328125,33.89936065673828
90089060,2015,2016-01-06,9670,2015-12-22,0230,018867,NA,2,3,5,3007,0,1,1,NA,2,040,I-405 N/B,SANTA ANA RIVER,50,N,N,C,-,Y,NA,NA,405,NA,NA,NA,NA,NA,N,Y,3,0,1,1,A,-,01,23152,A,N,E,I,A,B,H,-,D,D,0,NA,NA,NA,NA,Y,Y,A,01,0,1,0,0,0,0,0,0,0,-,-,33.69598,-117.93585,ORANGE,FOUNTAIN VALLEY,-117.93580262,33.69608935
90091371,2016,2016-01-08,9670,2016-01-07,0010,017788,NA,4,3,4,3020,0,1,3,NA,2,020,SR-22 E/B (GARDEN GROVE FREEWAY),I-405 S/B TO I-605 N/B O/C,36,S,N,C,-,Y,NA,NA,NA,NA,NA,NA,NA,NA,NA,Y,3,0,1,1,A,-,03,22350,NA,N,F,A,A,B,H,-,C,D,0,NA,NA,NA,NA,Y,NA,A,07,0,1,0,0,0,0,0,0,0,-,-,33.78501,-118.09276,ORANGE,SEAL BEACH,NA,NA
90096530,2016,2016-01-15,9690,2016-01-09,1931,020125,NA,6,2,5,3017,0,1,1,NA,2,059,I-5 N/B (SAN DIEGO FRWY),AVENIDA PICO,528,N,N,B,-,Y,NA,NA,NA,NA,NA,NA,NA,NA,NA,Y,4,0,1,2,A,-,03,22350,NA,N,C,C,A,B,D,-,D,D,0,NA,NA,NA,NA,Y,NA,A,08,0,0,1,0,0,0,0,0,0,-,-,33.26235,-117.37264,ORANGE,SAN CLEMENTE,-117.6236818,33.43974554
9009922,2019,2020-01-02,3009,2019-11-19,2000,4655,074,2,5,6,3009,0,0,0,NA,0,013,GARDEN GROVE BL,YOCKEY ST,12,E,N,A,-,N,NA,NA,NA,NA,NA,NA,NA,NA,NA,N,4,0,1,2,A,-,08,22107,NA,M,D,C,A,A,H,-,C,D,0,NA,NA,NA,NA,Y,NA,A,01,0,0,1,0,0,0,0,0,0,-,-,NA,NA,ORANGE,GARDEN GROVE,-117.97682189941406,33.77397155761719
90099339,2016,2016-01-21,9675,2016-01-04,0915,013308,NA,1,1,9,3000,0,2,4,NA,2,034,SANTIAGO CANYON RD,SILVERADO CANYON RD,5280,S,N,A,-,Y,NA,NA,NA,NA,NA,NA,NA,NA,NA,Y,3,0,1,1,A,-,08,22107,NA,N,E,I,A,A,H,-,A,D,0,NA,NA,NA,NA,Y,NA,A,07,0,1,0,0,0,0,0,0,0,-,-,33.73989,-117.66247,ORANGE,UNINCORPORATED,-117.687622,33.7526245
90099680,2016,2016-01-21,9690,2016-01-13,1920,016986,NA,3,2,9,3000,0,1,3,NA,1,074,SR-74 (ORTEGA HWY),LA PATA AVE.,3960,E,N,A,-,Y,NA,NA,74,NA,NA,NA,NA,NA,NA,Y,3,0,1,1,A,-,01,23152,A,N,E,I,A,A,H,-,D,D,0,NA,NA,NA,NA,Y,Y,D,22,0,1,0,0,0,0,0,0,0,-,-,33.52192,-117.60892,ORANGE,UNINCORPORATED,-117.60896641,33.52205459
9010457,2019,2020-01-02,3010,2019-11-12,0437,2223,426,2,5,6,3010,0,0,0,NA,0,003,BROOKHURST ST,GARFIELD AV,547,S,N,B,E,N,NA,NA,NA,NA,NA,NA,NA,NA,NA,N,4,0,1,1,C,-,18,NA,NA,N,F,I,A,B,G,-,C,A,0,NA,NA,Y,NA,Y,NA,-,-,0,0,1,0,0,0,0,0,1,-,-,NA,NA,ORANGE,HUNTINGTON BEACH,-117.9541244506836,33.68537902832031
9010631,2019,2019-12-27,3001,2019-09-17,2047,1278,NA,2,5,7,3001,0,0,0,NA,0,0D2,ANAHEIM BL,SANTA ANA ST,0,NA,Y,A,-,N,NA,NA,NA,NA,NA,NA,NA,NA,NA,Y,3,0,2,2,A,-,09,21801,A,N,D,C,A,A,H,-,B,A,0,NA,NA,NA,NA,Y,NA,A,01,0,1,1,0,0,0,0,0,0,-,-,NA,NA,ORANGE,ANAHEIM,-117.91242218017578,33.831119537353516
9010635,2019,2019-12-27,3001,2019-09-23,1811,1278,NA,1,5,7,3001,0,0,0,NA,0,0D3,SUNKIST ST,HILDA ST,200,N,N,A,-,N,NA,NA,NA,NA,NA,NA,NA,NA,NA,N,4,0,1,2,A,-,09,21804,A,N,D,C,A,A,H,-,A,D,0,NA,NA,NA,NA,Y,NA,-,NA,0,0,1,0,0,0,0,0,0,-,-,NA,NA,ORANGE,ANAHEIM,-117.88054656982422,33.81979751586914
90109346,2016,2016-02-24,9675,2016-02-02,1835,021225,NA,2,2,6,3004,0,1,3,NA,2,553,SR-55 S/B,I-405 NORTHBOUND,1056,N,N,A,-,Y,NA,NA,55,NA,NA,NA,NA,NA,S,Y,4,0,1,3,A,-,03,22350,NA,F,C,C,A,A,H,-,C,D,0,NA,NA,NA,NA,Y,NA,D,22,0,0,1,0,0,0,0,0,0,-,-,33.69422,-117.86624,ORANGE,COSTA MESA,-117.86596289,33.693958190000004
90109845,2016,2016-02-05,9670,2016-02-04,1830,019925,NA,4,2,7,3001,0,1,3,NA,2,093,SR-91 W/B,LEMON ST.,600,E,N,A,-,Y,NA,NA,91,NA,NA,NA,NA,NA,W,N,4,0,1,1,A,-,08,22107,NA,N,F,A,A,A,H,-,C,D,0,NA,NA,NA,NA,Y,NA,A,07,0,0,1,0,0,0,0,0,0,-,-,33.85389,-117.91281,ORANGE,ANAHEIM,-117.91281014,33.85390038
9011294,2019,2020-02-18,3000,2019-12-17,1758,8779,921E6,2,5,4,3049,0,0,0,NA,0,483,ALISO CREEK RD,JOURNEY,0,NA,Y,A,-,N,NA,NA,NA,NA,NA,NA,NA,NA,NA,N,4,0,1,2,A,-,12,21453,NA,N,D,C,A,A,H,-,C,A,0,NA,NA,NA,NA,Y,NA,A,01,0,0,1,0,0,0,0,0,0,-,-,NA,NA,ORANGE,ALISO VIEJO,-117.7236328125,33.56703186035156