CASE_ID,ACCIDENT_YEAR,PROC_DATE,JURIS,COLLISION_DATE,COLLISION_TIME,OFFICER_ID,REPORTING_DISTRICT,DAY_OF_WEEK,CHP_SHIFT,POPULATION,CNTY_CITY_LOC,SPECIAL_COND,BEAT_TYPE,CHP_BEAT_TYPE,CITY_DIVISION_LAPD,CHP_BEAT_CLASS,BEAT_NUMBER,PRIMARY_RD,SECONDARY_RD,DISTANCE,DIRECTION,INTERSECTION,WEATHER_1,WEATHER_2,STATE_HWY_IND,CALTRANS_COUNTY,CALTRANS_DISTRICT,STATE_ROUTE,ROUTE_SUFFIX,POSTMILE_PREFIX,POSTMILE,LOCATION_TYPE,RAMP_INTERSECTION,SIDE_OF_HWY,TOW_AWAY,COLLISION_SEVERITY,NUMBER_KILLED,NUMBER_INJURED,PARTY_COUNT,PRIMARY_COLL_FACTOR,PCF_CODE_OF_VIOL,PCF_VIOL_CATEGORY,PCF_VIOLATION,PCF_VIOL_SUBSECTION,HIT_AND_RUN,TYPE_OF_COLLISION,MVIW,PED_ACTION,ROAD_SURFACE,ROAD_COND_1,ROAD_COND_2,LIGHTING,CONTROL_DEVICE,CHP_ROAD_TYPE,PEDESTRIAN_ACCIDENT,BICYCLE_ACCIDENT,MOTORCYCLE_ACCIDENT,TRUCK_ACCIDENT,NOT_PRIVATE_PROPERTY,ALCOHOL_INVOLVED,STWD_VEHTYPE_AT_FAULT,CHP_VEHTYPE_AT_FAULT,COUNT_SEVERE_INJ,COUNT_VISIBLE_INJ,COUNT_COMPLAINT_PAIN,COUNT_PED_KILLED,COUNT_PED_INJURED,COUNT_BICYCLIST_KILLED,COUNT_BICYCLIST_INJURED,COUNT_MC_KILLED,COUNT_MC_INJURED,PRIMARY_RAMP,SECONDARY_RAMP,LATITUDE,LONGITUDE,COUNTY,CITY,POINT_X,POINT_Y
9051363,2019,2020-02-25,3001,2019-09-13,1450,A1466,D4,5,5,7,3001,0,0,0,NA,0,0D4,NOHL RANCH RD,ANAHEIM HILLS RD,163,W,N,A,-,N,NA,NA,NA,NA,NA,NA,NA,NA,NA,NA,4,0,2,4,A,-,01,23152,A,N,C,C,A,A,H,-,A,A,0,NA,NA,NA,NA,Y,Y,A,01,0,0,2,0,0,0,0,0,0,-,-,33.84458923339844,-117.77777099609376,ORANGE,ANAHEIM,-117.77803802490234,33.844566345214844
90515012,2017,2017-08-02,9690,2017-07-29,1020,020537,NA,6,1,4,3045,0,1,1,NA,2,055,I-5 N/B (SAN DIEGO FRWY),LAKE FOREST DRIVE,1584,S,N,A,-,Y,NA,NA,5,NA,NA,NA,NA,NA,N,N,3,0,4,3,A,-,03,22350,NA,N,C,C,A,A,H,-,A,D,0,NA,NA,NA,NA,Y,NA,A,01,0,1,3,0,0,0,0,0,0,-,-,33.62211,-117.71448,ORANGE,LAGUNA HILLS,-117.71449884,33.62209247
90515434,2017,2017-08-03,9675,2017-07-20,1830,021397,NA,4,2,7,3001,0,1,3,NA,2,571,SR-57 SOUTHBOUND,LINCOLN AVE,300,N,N,A,-,Y,NA,NA,57,NA,NA,NA,NA,NA,S,Y,4,0,2,4,A,-,03,22350,NA,N,C,C,A,A,H,-,A,D,0,NA,NA,NA,NA,Y,NA,A,01,0,0,2,0,0,0,0,0,0,-,-,33.83851,-117.87614,ORANGE,ANAHEIM,-117.87623159,33.83851058
9051685,2019,2020-03-11,3001,2019-11-17,1915,A1047,NA,7,5,7,3001,0,0,0,NA,0,D-1,KNOTT AV,BALL RD,0,NA,Y,A,-,N,NA,NA,NA,NA,NA,NA,NA,NA,NA,Y,3,0,1,2,A,-,09,21801,A,N,D,C,A,A,H,-,C,A,0,NA,NA,Y,NA,Y,NA,A,07,0,1,0,0,0,0,0,0,1,-,-,33.8173713684082,-118.01094818115234,ORANGE,ANAHEIM,-118.01080322265624,33.8172492980957
90517471,2017,2017-08-07,9670,2017-07-30,1450,021670,NA,7,2,4,3020,0,1,1,NA,2,045,I-405 S/B,SR-22 W/B,30,N,N,A,-,Y,NA,NA,405,NA,NA,NA,NA,NA,S,N,4,0,1,2,A,-,03,22350,NA,N,C,C,A,A,H,-,A,D,0,NA,NA,NA,NA,Y,NA,A,01,0,0,1,0,0,0,0,0,0,-,-,33.77462,-118.08648,ORANGE,SEAL BEACH,-118.08637918,33.77484913
9051838,2020,2020-03-10,3009,2020-01-11,1619,3967,NA,6,5,6,3009,0,0,0,NA,0,NA,HARBOR BL,LAMPSON,175,N,N,A,-,N,NA,NA,NA,NA,NA,NA,NA,NA,NA,Y,3,0,1,1,A,-,03,22350,NA,N,E,I,A,A,H,-,A,D,0,NA,NA,NA,NA,Y,Y,D,22,0,1,0,0,0,0,0,0,0,-,-,NA,NA,ORANGE,GARDEN GROVE,-117.91495513916016,33.78213119506836
90520423,2017,2017-08-10,9670,2017-08-08,1804,021242,NA,2,2,5,3003,0,1,3,NA,2,092,SR-91 E/B,VALLEY VIEW ST,1056,E,N,A,-,Y,NA,NA,91,NA,NA,NA,NA,NA,E,N,4,0,2,2,A,-,03,22350,NA,N,C,C,A,A,H,-,A,D,0,NA,NA,NA,NA,Y,NA,A,01,0,0,2,0,0,0,0,0,0,-,-,33.85586,-118.0251,ORANGE,BUENA PARK,-118.02509711,33.85590452
90521902,2017,2017-08-11,9690,2017-08-10,1202,018840,NA,4,1,5,3017,0,1,1,NA,2,059,I-5 N/B (SAN DIEGO FRWY),AVENIDA MENDOCINO,450,S,N,A,-,Y,NA,NA,5,NA,NA,NA,NA,NA,N,Y,3,0,2,2,A,-,03,22350,NA,N,B,C,A,A,H,-,A,D,0,NA,NA,NA,NA,Y,NA,A,07,0,2,0,0,0,0,0,0,0,-,-,33.4103,-117.60065,ORANGE,SAN CLEMENTE,-117.60063035,33.41031005
90522624,2017,2017-08-14,9675,2017-08-13,1505,020582,NA,7,2,7,3001,0,1,3,NA,2,095,SR-91 E/B,GYPSUM CYN ROAD,200,E,N,A,-,Y,NA,NA,91,NA,NA,NA,NA,NA,E,Y,4,0,2,3,A,-,03,22350,NA,N,C,C,A,A,H,-,A,D,0,NA,NA,NA,NA,Y,NA,A,01,0,0,2,0,0,0,0,0,0,-,-,33.86896,-117.70622,ORANGE,ANAHEIM,-117.70627374,33.86907551
90522741,2017,2017-08-14,9690,2017-08-06,1735,020629,NA,7,2,9,3000,0,3,5,NA,2,003,LIVE OAK CANYON ROAD,CANYON CREEK,290,N,N,A,-,N,NA,NA,NA,NA,NA,NA,NA,NA,NA,Y,2,0,1,1,A,-,01,23152,A,N,E,I,A,A,H,-,A,D,0,NA,NA,NA,NA,Y,Y,A,07,1,0,0,0,0,0,0,0,0,-,-,33.676,-117.6024,ORANGE,UNINCORPORATED,-117.60226803,33.67600511
90523239,2017,2017-08-15,9675,2017-08-05,1610,021447,NA,6,2,7,3019,0,1,3,NA,2,551,SR-55 SOUTHBOUND TO SR-22 WESTBOUND,LA VETA AVE,500,S,N,A,-,Y,NA,NA,NA,NA,NA,NA,NA,NA,NA,Y,3,0,1,1,A,-,01,23152,A,N,E,I,A,A,H,-,A,D,0,NA,NA,NA,NA,Y,Y,A,01,0,1,0,0,0,0,0,0,0,-,-,33.77795,-117.83376,ORANGE,SANTA ANA,NA,NA
90526217,2017,2017-08-18,9670,2017-08-14,1734,020134,NA,1,2,5,3007,0,1,1,NA,2,040,I-405 N/B,SLATER AVE,50,N,N,A,-,Y,NA,NA,405,NA,NA,NA,NA,NA,N,N,4,0,1,2,D,-,00,NA,NA,N,B,C,A,A,H,-,A,D,0,NA,NA,NA,NA,Y,NA,-,-,0,0,1,0,0,0,0,0,0,-,-,33.70903,-117.9586,ORANGE,FOUNTAIN VALLEY,-117.95860386,33.70902547
90526301,2017,2017-08-18,9675,2017-08-11,1540,021388,NA,5,2,6,3026,0,1,1,NA,2,504,I-5 SOUTHBOUND FROM SAND CANYON AVE.,SAND CANYON AVE.,600,S,N,A,-,Y,NA,NA,5,NA,NA,NA,R,NA,S,Y,4,0,1,2,A,-,03,22350,NA,N,C,C,A,A,H,-,A,A,0,NA,NA,NA,NA,Y,NA,A,07,0,0,1,0,0,0,0,0,0,-,-,33.67578,-117.75725,ORANGE,IRVINE,-117.75725,33.67578
9052906,2020,2020-11-20,3001,2020-01-25,2009,A1047,NA,6,5,7,3001,0,0,0,NA,0,D 3,ANAHEIM BL,DISNEY WY,0,NA,Y,B,-,Y,ORA,12,5,-,-,36.347,R,4,S,Y,3,0,4,2,A,-,12,21453,A,N,D,C,A,A,H,-,C,A,0,NA,NA,NA,NA,Y,NA,A,01,0,1,3,0,0,0,0,0,0,-,-,33.80440902709961,-117.90677642822266,ORANGE,ANAHEIM,-117.90346527099608,33.80400466918945
90530232,2017,2017-08-24,9670,2017-06-16,0755,018516,NA,5,1,9,3000,0,3,5,NA,2,005,JACKSON ST (8100 BLOCK),BISHOP AVE,700,S,N,A,-,N,NA,NA,NA,NA,NA,NA,NA,NA,NA,Y,4,0,1,3,A,-,08,22107,NA,F,G,B,E,A,H,-,A,D,0,Y,NA,NA,NA,Y,NA,A,07,0,0,1,0,1,0,0,0,0,-,-,33.73916,-117.98732,ORANGE,UNINCORPORATED,-117.98738297,33.73919089
9053057,2019,2020-03-04,3022,2019-10-21,1517,1193,NORTH,1,5,5,3022,0,0,0,NA,0,NA,BROWNING AV,PARKVIEW WY,15,N,N,A,-,N,NA,NA,NA,NA,NA,NA,NA,NA,NA,N,2,0,1,2,A,-,09,21802,A,N,D,G,A,A,H,-,A,A,0,NA,Y,NA,NA,Y,NA,L,04,1,0,0,0,0,0,1,0,0,-,-,33.73310852050781,-117.80461120605467,ORANGE,TUSTIN,-117.80455780029295,33.73308181762695
90534059,2017,2017-08-25,9675,2017-08-10,0800,021633,NA,4,1,9,3000,0,2,4,NA,2,031,PORTOLA PKWY,SR-241 S/B,0,NA,Y,A,-,N,NA,NA,NA,NA,NA,NA,NA,NA,NA,Y,4,0,1,2,A,-,12,22450,A,N,D,C,A,A,H,-,A,D,0,NA,NA,NA,Y,Y,NA,A,01,0,0,1,0,0,0,0,0,0,-,-,33.69535,-117.69359,ORANGE,UNINCORPORATED,-117.65151,33.666758
90534460,2017,2017-08-28,9675,2017-08-17,1504,020694,NA,4,2,7,3019,0,1,1,NA,2,520,I-5 NORTHBOUND,SR-22 EASTBOUND,900,S,N,A,-,Y,NA,NA,5,NA,NA,NA,NA,NA,N,N,3,0,1,2,A,-,03,22350,NA,N,C,C,A,A,H,-,A,D,0,NA,NA,NA,NA,Y,NA,A,01,0,1,0,0,0,0,0,0,0,-,-,33.77643,-117.87413,ORANGE,SANTA ANA,-117.87402719,33.77650877
90537548,2017,2017-08-30,9675,2017-08-28,1600,018834,NA,1,2,6,3026,0,1,1,NA,2,047,I-405 NORTHBOUND,SAND CANYON AVE,900,N,N,A,-,Y,NA,NA,405,NA,NA,NA,NA,NA,N,Y,4,0,7,3,A,-,03,22350,NA,N,C,C,A,A,H,-,A,D,0,NA,NA,NA,NA,Y,NA,A,01,0,0,7,0,0,0,0,0,0,-,-,33.65858,-117.77928,ORANGE,IRVINE,-117.77925958,33.65861571
90537603,2017,2017-08-31,9675,2017-08-20,0040,019018,NA,7,3,7,3001,0,1,3,NA,2,093,SR-91 EASTBOUND TO LAKEVIEW AVE.,SANTA ANA CANYON,70,N,N,A,-,Y,NA,NA,91,NA,NA,NA,R,NA,E,Y,4,0,2,1,A,-,03,22350,NA,N,E,I,A,A,H,-,C,A,0,NA,NA,NA,NA,Y,NA,A,01,0,0,2,0,0,0,0,0,0,-,-,33.84929,-117.81509,ORANGE,ANAHEIM,-117.81509,33.84929
90547991,2017,2017-09-14,9670,2017-09-08,1550,013414,NA,5,2,9,3000,0,2,S,NA,2,001,MACARTHUR BOULEVARD (4500 BLOCK),SANTA ANA RIVER,20,W,N,A,-,N,NA,NA,NA,NA,NA,NA,NA,NA,NA,Y,4,0,1,4,A,-,03,22350,NA,N,C,C,A,A,H,-,A,D,0,NA,NA,NA,NA,Y,NA,A,07,0,0,1,0,0,0,0,0,0,-,-,33.702,-117.9299,ORANGE,UNINCORPORATED,-117.9298256,33.70191
90548555,2017,2017-09-15,9675,2017-09-13,1745,015208,NA,3,2,7,3001,0,1,3,NA,2,240,SR-241 NORTHBOUND,SR-91 EASTBOUND,2500,S,N,A,-,Y,NA,NA,241,NA,NA,NA,NA,NA,N,Y,4,0,1,6,A,-,03,22350,NA,N,C,C,A,A,H,-,A,D,0,NA,NA,NA,NA,Y,NA,A,01,0,0,1,0,0,0,0,0,0,-,-,33.8529,-117.7168,ORANGE,ANAHEIM,-117.71677694,33.8529
90555088,2017,2017-09-25,9675,2017-09-15,1140,019348,NA,5,1,7,3001,0,1,3,NA,2,195,SR-91 EASTBOUND,WEIR CYN RD,600,E,N,A,-,Y,NA,NA,NA,NA,NA,NA,NA,NA,NA,Y,3,0,3,2,A,-,07,21658,A,N,E,I,A,A,H,-,A,D,0,NA,NA,NA,NA,Y,NA,A,07,0,3,0,0,0,0,0,0,0,-,-,33.46061,-117.50284,ORANGE,ANAHEIM,-117.74267763,33.8706519
90556185,2017,2017-09-26,9675,2017-09-19,1858,019407,NA,2,2,6,3026,0,1,1,NA,2,503,I-5 NORTHBOUND,JAMBOREE RD,150,S,N,A,-,Y,NA,NA,NA,NA,NA,NA,NA,NA,NA,Y,4,0,1,2,A,-,07,21658,A,N,B,C,A,A,H,-,C,D,0,NA,NA,Y,NA,Y,NA,A,07,0,0,1,0,0,0,0,0,1,-,-,33.46063,-117.5029,ORANGE,IRVINE,-117.79491,33.71964
90557780,2017,2017-09-28,9690,2017-09-27,0943,015927,NA,3,1,5,3028,0,1,1,NA,2,056,I-5 N/B (SAN DIEGO FRWY),OSO PKWY,300,N,N,A,-,Y,NA,NA,5,NA,NA,NA,NA,NA,N,Y,4,0,1,4,A,-,03,22350,NA,N,C,C,A,A,H,-,A,D,0,NA,NA,NA,NA,Y,NA,A,01,0,0,1,0,0,0,0,0,0,-,-,33.58047,-117.67165,ORANGE,MISSION VIEJO,-117.67161504,33.58046944
90564783,2017,2017-10-11,9675,2017-08-22,1517,020627,NA,2,2,6,3026,0,1,3,NA,2,130,STATE ROUTE 133 NORTHBOUND,TRABUCO ROAD,1300,S,N,A,-,Y,NA,NA,133,NA,NA,NA,NA,NA,N,Y,1,1,0,2,A,-,07,21658,A,N,B,C,A,A,H,-,A,D,0,NA,NA,Y,NA,Y,NA,D,22,0,0,0,0,0,0,0,1,0,-,-,33.68244,-117.74752,ORANGE,IRVINE,-117.74757109,33.68247998
90564799,2017,2017-10-06,9675,2017-09-27,1945,021690,NA,3,2,7,3001,0,1,3,NA,2,570,SR-57 N/B,CHAPMAN AVE,1000,S,N,A,-,Y,NA,NA,NA,NA,NA,NA,NA,NA,NA,Y,4,0,1,2,A,-,03,22350,NA,N,C,C,A,A,H,-,C,D,0,NA,NA,NA,NA,Y,NA,A,01,0,0,1,0,0,0,0,0,0,-,-,33.87062,-117.87971,ORANGE,ANAHEIM,-117.8803,33.87408
90564993,2017,2017-10-06,9675,2017-09-28,1840,019979,NA,4,2,6,3004,0,1,3,NA,2,553,SR-55 NORTHBOUND,MACARTHUR BLVD,1000,S,N,A,-,Y,NA,NA,55,NA,NA,NA,NA,NA,N,Y,4,0,1,2,A,-,07,21658,A,N,B,C,A,A,H,-,A,D,0,NA,NA,NA,Y,Y,NA,A,01,0,0,1,0,0,0,0,0,0,-,-,33.69392,-117.86566,ORANGE,COSTA MESA,-117.86583911,33.69408922
90566141,2017,2017-10-09,9675,2017-09-28,1727,021690,NA,4,2,6,3026,0,1,1,NA,2,503,I-5 SOUTHBOUND,ALTON PKWY,500,N,N,A,-,Y,NA,NA,5,NA,NA,NA,NA,NA,S,Y,4,0,1,3,A,-,03,22350,NA,N,B,C,A,A,H,-,A,D,0,NA,NA,NA,NA,Y,NA,A,01,0,0,1,0,0,0,0,0,0,-,-,33.65751,-117.74574,ORANGE,IRVINE,-117.74565474,33.65757839
9056615,2020,2020-03-24,3010,2020-03-02,1223,1059,451,1,5,6,3010,0,0,0,NA,0,004,7TH ST,ORANGE AV,0,NA,Y,A,-,N,NA,NA,NA,NA,NA,NA,NA,NA,NA,Y,4,0,2,2,A,-,09,21802,A,N,D,C,A,A,H,-,A,A,0,NA,NA,NA,NA,Y,NA,A,07,0,0,2,0,0,0,0,0,0,-,-,NA,NA,ORANGE,HUNTINGTON BEACH,-118.00174713134766,33.66147994995117
9056655,2020,2020-03-19,3007,2020-02-24,1836,283,46,1,5,5,3007,0,0,0,NA,0,002,EUCLID,SLATER,0,NA,Y,A,-,N,NA,NA,NA,NA,NA,NA,NA,NA,NA,Y,4,0,1,2,A,-,09,21801,NA,N,D,C,A,A,H,-,C,A,0,NA,NA,NA,NA,Y,NA,A,07,0,0,1,0,0,0,0,0,0,-,-,NA,NA,ORANGE,FOUNTAIN VALLEY,-117.93711853027344,33.70912170410156
90566872,2017,2017-10-10,9675,2017-10-02,0457,019804,NA,1,3,5,3022,0,1,1,NA,2,503,I-5 NORTHBOUND,SR-55,150,N,N,A,-,Y,NA,NA,5,NA,NA,NA,NA,NA,N,Y,3,0,1,1,A,-,08,22107,NA,N,A,I,A,A,H,-,D,D,0,NA,NA,NA,NA,Y,NA,A,07,0,1,0,0,0,0,0,0,0,-,-,33.74123,-117.8347,ORANGE,TUSTIN,-117.8347402,33.74111587
90571399,2017,2017-10-16,9675,2017-10-09,1228,021801,NA,1,1,7,3001,0,1,3,NA,2,572,SR-57 N/B,BALL RD,100,N,N,B,-,Y,NA,NA,57,NA,NA,NA,NA,NA,N,N,4,0,1,2,A,-,03,22350,NA,N,C,C,A,A,H,-,A,D,0,NA,NA,NA,NA,Y,NA,A,01,0,0,1,0,0,0,0,0,0,-,-,33.81886,-117.87616,ORANGE,ANAHEIM,-117.87609394,33.8188515
90573763,2017,2017-10-19,9675,2017-10-01,2323,021752,NA,7,3,6,3026,0,1,1,NA,2,406,I-405 NORTHBOUND,CULVER DR,300,S,N,A,-,Y,NA,NA,NA,NA,NA,NA,NA,NA,NA,Y,4,0,1,1,A,-,01,23152,A,M,E,I,A,A,H,-,C,D,0,NA,NA,NA,NA,Y,Y,A,01,0,0,1,0,0,0,0,0,0,-,-,33.70441,-117.77759,ORANGE,IRVINE,-117.82175803,33.66926199
90576554,2017,2017-10-23,9690,2017-10-17,1720,020695,NA,2,2,9,3000,0,2,4,NA,2,030,SANTIAGO CANYON ROAD,RIDGELINE RD.,0,NA,Y,A,-,N,NA,NA,NA,NA,NA,NA,NA,NA,NA,Y,3,0,1,2,A,-,09,21802,A,N,D,C,A,A,H,-,A,A,0,NA,NA,NA,NA,Y,NA,A,01,0,1,0,0,0,0,0,0,0,-,-,33.6906,-117.62639,ORANGE,UNINCORPORATED,-117.62633005000001,33.69061007
90576818,2017,2017-10-24,9675,2017-10-16,0540,013680,NA,1,3,7,3001,0,1,3,NA,2,195,SR-91 WESTBOUND,SR-241 SOUTHBOUND,500,W,N,A,-,Y,NA,NA,NA,NA,NA,NA,NA,NA,NA,Y,4,0,1,2,A,-,03,22350,NA,N,C,C,A,A,H,-,D,D,0,NA,NA,NA,NA,Y,NA,A,01,0,0,1,0,0,0,0,0,0,-,-,33.85968,-117.71735,ORANGE,ANAHEIM,NA,NA
90577283,2017,2017-10-24,9670,2017-10-20,0800,012956,NA,5,1,5,3003,0,1,3,NA,2,091,SR-91 WESTBOUND,VALLEY VIEW STREET,20,W,N,A,-,Y,NA,NA,91,NA,NA,NA,NA,NA,W,Y,4,0,1,2,A,-,03,22350,NA,N,C,C,A,A,H,-,A,D,0,NA,NA,Y,NA,Y,NA,C,02,0,0,1,0,0,0,0,0,1,-,-,33.856700000000004,-118.02853,ORANGE,BUENA PARK,-118.02850573,33.85679404
90577926,2017,2017-10-25,9670,2017-10-21,1200,021910,NA,6,1,6,3009,0,1,3,NA,2,023,SR-22 W/B FROM BEACH BLVD S/B,GARDEN GROVE BLVD.,255,S,N,A,-,Y,NA,NA,22,NA,NA,NA,R,NA,W,Y,3,0,1,3,A,-,03,22350,NA,N,C,C,C,A,H,-,A,D,0,Y,NA,NA,NA,Y,NA,A,01,0,1,0,0,1,0,0,0,0,-,-,33.77269,-117.993,ORANGE,GARDEN GROVE,-117.993,33.77269
90578894,2017,2017-10-26,9675,2017-10-15,1510,016199,NA,7,2,6,3015,0,1,3,NA,2,222,SR-22 EASTBOUND,THE CITY DRIVE,100,E,N,A,-,Y,NA,NA,22,NA,NA,NA,NA,NA,E,N,4,0,2,2,A,-,03,22350,NA,N,C,C,A,A,H,-,A,D,0,NA,NA,NA,NA,Y,NA,A,01,0,0,2,0,0,0,0,0,0,-,-,33.77873,-117.88838,ORANGE,ORANGE,-117.88838115,33.77895065
90584599,2017,2017-11-01,9690,2017-10-27,1510,020463,NA,5,2,9,3000,0,3,5,NA,2,004,SELLAS NORTH,SNAPDRAGON,40,S,N,A,-,N,NA,NA,NA,NA,NA,NA,NA,NA,NA,N,3,0,1,2,A,-,11,21954,A,N,G,B,D,A,H,-,A,D,0,Y,NA,NA,NA,Y,NA,N,60,0,1,0,0,1,0,0,0,0,-,-,33.553960000000004,-117.63512,ORANGE,UNINCORPORATED,-117.63533115,33.55404811
90585359,2017,2017-11-02,9675,2017-09-27,0751,015914,NA,3,1,6,3004,0,1,1,NA,2,405,I-405 SOUTHBOUND,RED HILL AVE,100,S,N,A,-,Y,NA,NA,405,NA,NA,NA,NA,NA,S,N,4,0,1,2,A,-,07,21658,A,F,B,C,A,A,H,-,A,D,0,NA,NA,NA,NA,Y,NA,A,01,0,0,1,0,0,0,0,0,0,-,-,33.6869,-117.868,ORANGE,COSTA MESA,-117.86800143,33.68689353
90587512,2017,2017-11-06,9675,2017-10-29,1438,021377,NA,7,2,6,3026,0,1,3,NA,2,074,SR-73 NORTHBOUND,BISON AVE,485,N,N,B,-,Y,NA,NA,73,NA,NA,NA,NA,NA,N,Y,2,0,1,1,A,-,03,22350,NA,N,E,I,A,A,H,-,A,D,0,NA,NA,NA,NA,Y,NA,A,01,1,0,0,0,0,0,0,0,0,-,-,33.6391,-117.85729,ORANGE,IRVINE,-117.85737134,33.63902092
90588583,2017,2017-11-07,9670,2017-11-02,1600,021821,NA,4,2,4,3020,0,1,1,NA,2,044,I-405 N/B,SEAL BEACH BLVD,500,N,N,B,-,Y,NA,NA,405,NA,NA,NA,NA,NA,N,Y,4,0,3,3,A,-,03,22350,NA,N,C,C,A,A,H,-,A,D,0,NA,NA,NA,NA,Y,NA,A,07,0,0,3,0,0,0,0,0,0,-,-,33.77472,-118.0785,ORANGE,SEAL BEACH,-118.07850164,33.77453352
90590682,2017,2017-11-08,9675,2017-11-01,1832,021377,NA,3,2,5,3022,0,1,3,NA,2,551,SR-55 NORTHBOUND,SANTA CLARA AVE,400,N,N,B,-,Y,NA,NA,55,NA,NA,NA,NA,NA,N,Y,4,0,1,2,A,-,03,22350,NA,N,C,C,A,A,H,-,C,D,0,NA,NA,NA,NA,Y,NA,A,01,0,0,1,0,0,0,0,0,0,-,-,33.76872,-117.83068,ORANGE,TUSTIN,-117.83082533,33.7687197
90591027,2017,2017-11-09,9690,2017-10-31,1828,018526,NA,2,2,9,3000,0,2,4,NA,2,034,ANTONIO PKWY,O'NEILL DRIVE,841,S,N,A,-,N,NA,NA,NA,NA,NA,NA,NA,NA,NA,Y,4,0,4,4,A,-,03,22350,NA,N,C,C,A,A,H,-,C,A,0,NA,NA,NA,NA,Y,NA,D,22,0,0,4,0,0,0,0,0,0,-,-,33.54296,-117.62836,ORANGE,UNINCORPORATED,-117.62825989,33.54316976
90592571,2017,2017-11-13,9675,2017-11-12,0303,021297,NA,7,3,7,3019,0,1,1,NA,2,502,I-5 NORTHBOUND,17TH STREET,222,N,N,A,-,Y,NA,NA,5,NA,NA,NA,NA,NA,N,Y,2,0,1,1,A,-,01,23152,A,N,E,I,A,A,H,-,C,D,0,NA,NA,NA,NA,Y,Y,A,01,1,0,0,0,0,0,0,0,0,-,-,33.76122,-117.86336,ORANGE,SANTA ANA,-117.86329934,33.76127376
90593045,2017,2017-11-13,9675,2017-10-26,0337,018087,NA,4,3,7,3019,0,1,1,NA,2,503,I-5 S/B (SANTA ANA FREEWAY),SR-55,270,N,N,A,-,Y,NA,NA,NA,NA,NA,NA,NA,NA,NA,Y,4,0,1,3,C,-,18,NA,NA,N,D,C,A,A,H,-,C,D,0,NA,NA,NA,NA,Y,NA,-,-,0,0,1,0,0,0,0,0,0,-,-,33.4433,-117.5022,ORANGE,SANTA ANA,NA,NA
90593228,2017,2018-03-21,9670,2017-11-03,1505,017951,NA,5,2,6,3009,0,1,3,NA,2,025,SR-22 WESTBOUND (GARDEN GROVE FREEWAY),HARBOR BOULEVARD,1500,E,N,A,-,Y,NA,NA,22,NA,NA,NA,NA,NA,W,N,4,0,3,2,A,-,03,22350,NA,F,C,C,A,A,H,-,A,D,0,NA,NA,NA,NA,Y,NA,A,07,0,0,3,0,0,0,0,0,0,-,-,33.76961,-117.91571,ORANGE,GARDEN GROVE,-117.91567901,33.76952853
90594862,2017,2017-11-15,9675,2017-11-07,1745,017993,NA,2,2,7,3001,0,1,3,NA,2,093,SR-91 WESTBOUND,PLACENTIA AVE,300,E,N,A,-,Y,NA,NA,91,NA,NA,NA,NA,NA,W,Y,4,0,2,2,A,-,03,22350,NA,N,C,C,A,A,H,-,A,D,0,NA,NA,NA,NA,Y,NA,A,07,0,0,2,0,0,0,0,0,0,-,-,33.85237,-117.8809,ORANGE,ANAHEIM,-117.88094435,33.85226597
90596633,2017,2017-11-17,9690,2017-11-11,1345,018479,NA,6,1,9,3000,0,2,4,NA,2,037,TRABUCO CANYON ROAD,30892 TRABUCO CYN. RD. ENTRANCE,200,S,N,A,B,N,NA,NA,NA,NA,NA,NA,NA,NA,NA,Y,4,0,1,1,A,-,08,22107,NA,N,F,A,A,A,B,-,A,D,0,NA,NA,Y,NA,Y,NA,C,02,0,0,1,0,0,0,0,0,1,-,-,33.65293,-117.59934,ORANGE,UNINCORPORATED,NA,NA
90600046,2017,2017-11-22,9675,2017-11-21,2123,018102,NA,2,2,7,3019,0,1,3,NA,2,552,SR-55 NORTHBOUND,MACARTHUR BOULEVARD,1000,N,N,A,-,Y,NA,NA,55,NA,NA,NA,NA,NA,N,Y,4,0,1,1,A,-,01,23152,A,N,E,I,A,A,H,-,C,D,0,NA,NA,NA,NA,Y,Y,A,01,0,0,1,0,0,0,0,0,0,-,-,33.70106,-117.85881,ORANGE,SANTA ANA,-117.85899098,33.70122972
90600705,2017,2017-11-22,9675,2017-11-10,1635,020147,NA,5,2,6,3026,0,1,1,NA,2,406,I-405 SOUTHBOUND,JAMBOREE RD,600,N,N,A,-,Y,NA,NA,NA,NA,NA,NA,NA,NA,NA,Y,4,0,1,3,A,-,03,22350,NA,N,C,C,A,A,H,-,B,D,0,NA,NA,NA,NA,Y,NA,A,01,0,0,1,0,0,0,0,0,0,-,-,33.4041,-117.5046,ORANGE,IRVINE,-117.84541142,33.67745491
90601106,2017,2017-11-22,9670,2017-11-13,0520,021733,NA,1,3,5,3003,0,1,3,NA,2,091,SR-91 W/B,VALLEY VIEW ST,2640,E,N,A,-,Y,NA,NA,91,NA,NA,NA,NA,NA,W,Y,3,0,1,2,A,-,07,21658,A,N,F,C,A,A,H,-,C,D,0,NA,NA,NA,Y,Y,NA,F,26,0,1,0,0,0,0,0,0,0,-,-,33.85604,-118.01961,ORANGE,BUENA PARK,-118.01960994,33.85602576
90602623,2017,2017-11-27,9675,2017-11-25,1010,021406,NA,6,1,6,3026,0,1,1,NA,2,407,I-405 S/B TO IRVINE CENTER DR.,IRVINE CENTER DR,20,N,N,A,-,Y,NA,NA,405,NA,NA,NA,R,NA,S,N,4,0,1,2,A,-,03,22350,NA,N,C,C,A,A,H,-,A,A,0,NA,NA,NA,NA,Y,NA,A,07,0,0,1,0,0,0,0,0,0,-,-,33.64676,-117.74664,ORANGE,IRVINE,-117.74664,33.64676