CASE_ID,ACCIDENT_YEAR,PROC_DATE,JURIS,COLLISION_DATE,COLLISION_TIME,OFFICER_ID,REPORTING_DISTRICT,DAY_OF_WEEK,CHP_SHIFT,POPULATION,CNTY_CITY_LOC,SPECIAL_COND,BEAT_TYPE,CHP_BEAT_TYPE,CITY_DIVISION_LAPD,CHP_BEAT_CLASS,BEAT_NUMBER,PRIMARY_RD,SECONDARY_RD,DISTANCE,DIRECTION,INTERSECTION,WEATHER_1,WEATHER_2,STATE_HWY_IND,CALTRANS_COUNTY,CALTRANS_DISTRICT,STATE_ROUTE,ROUTE_SUFFIX,POSTMILE_PREFIX,POSTMILE,LOCATION_TYPE,RAMP_INTERSECTION,SIDE_OF_HWY,TOW_AWAY,COLLISION_SEVERITY,NUMBER_KILLED,NUMBER_INJURED,PARTY_COUNT,PRIMARY_COLL_FACTOR,PCF_CODE_OF_VIOL,PCF_VIOL_CATEGORY,PCF_VIOLATION,PCF_VIOL_SUBSECTION,HIT_AND_RUN,TYPE_OF_COLLISION,MVIW,PED_ACTION,ROAD_SURFACE,ROAD_COND_1,ROAD_COND_2,LIGHTING,CONTROL_DEVICE,CHP_ROAD_TYPE,PEDESTRIAN_ACCIDENT,BICYCLE_ACCIDENT,MOTORCYCLE_ACCIDENT,TRUCK_ACCIDENT,NOT_PRIVATE_PROPERTY,ALCOHOL_INVOLVED,STWD_VEHTYPE_AT_FAULT,CHP_VEHTYPE_AT_FAULT,COUNT_SEVERE_INJ,COUNT_VISIBLE_INJ,COUNT_COMPLAINT_PAIN,COUNT_PED_KILLED,COUNT_PED_INJURED,COUNT_BICYCLIST_KILLED,COUNT_BICYCLIST_INJURED,COUNT_MC_KILLED,COUNT_MC_INJURED,PRIMARY_RAMP,SECONDARY_RAMP,LATITUDE,LONGITUDE,COUNTY,CITY,POINT_X,POINT_Y
90983397,2019,2019-05-07,9670,2019-05-03,0940,022081,NA,5,1,6,3009,0,1,3,NA,2,022,SR-22 E/B,HARBOR BOULEVARD,150,E,N,A,-,Y,NA,NA,NA,NA,NA,NA,NA,NA,NA,Y,4,0,1,2,A,-,03,22350,NA,N,C,C,A,A,H,-,A,D,0,NA,NA,NA,NA,Y,NA,A,01,0,0,1,0,0,0,0,0,0,-,-,33.76934051513672,-119.91533660888672,ORANGE,GARDEN GROVE,-117.91999053955078,33.76779556274414
90990368,2019,2019-05-16,9675,2019-05-10,1500,020240,NA,5,2,7,3001,0,1,3,NA,2,094,SR-91 WESTBOUND,LAKEVIEW AVE,2203,E,N,B,-,Y,NA,NA,91,NA,NA,NA,NA,NA,W,N,4,0,1,2,A,-,03,22350,NA,N,C,C,A,A,H,-,A,D,0,NA,NA,NA,NA,Y,NA,A,01,0,0,1,0,0,0,0,0,0,-,-,33.85459899902344,-117.80574798583984,ORANGE,ANAHEIM,-117.80574798583984,33.85466766357422
90990535,2019,2019-05-17,9675,2019-05-10,1724,021633,NA,5,2,7,3001,0,1,3,NA,2,071,SR-57 N/B,LA JOLLA ST,645,S,N,B,-,Y,NA,NA,57,NA,NA,NA,NA,NA,N,Y,3,0,1,2,A,-,03,22350,NA,N,C,C,A,A,H,-,A,D,0,NA,NA,Y,NA,Y,NA,C,02,0,1,0,0,0,0,0,0,1,-,-,33.855960845947266,-117.87564849853516,ORANGE,ANAHEIM,-117.87543487548828,33.855987548828125
90994848,2019,2019-05-23,9670,2019-05-08,2020,017951,NA,3,2,5,3007,0,1,1,NA,2,040,I-405 NORTHBOUND (SAN DIEGO FREEWAY),BROOKHURST STREET,1261,S,N,B,-,Y,NA,NA,405,NA,NA,NA,NA,NA,N,Y,2,0,2,3,A,-,03,22350,NA,N,C,C,A,A,D,E,C,D,0,NA,NA,NA,NA,Y,NA,A,01,1,0,1,0,0,0,0,0,0,-,-,33.70309066772461,-117.95120239257813,ORANGE,FOUNTAIN VALLEY,-117.95127105712892,33.70298767089844
91000674,2019,2019-08-23,9670,2019-05-23,0700,022075,NA,4,1,5,3024,0,1,1,NA,2,042,I-405 N/B,EDWARDS ST,1320,S,N,B,-,Y,NA,NA,405,NA,NA,NA,NA,NA,N,Y,3,0,2,3,A,-,08,22107,NA,N,E,I,A,A,D,-,A,D,0,NA,NA,NA,Y,Y,NA,A,01,0,2,0,0,0,0,0,0,0,-,-,33.75035095214844,-118.01133728027344,ORANGE,WESTMINSTER,-118.01138305664063,33.750301361083984
91000734,2019,2019-05-31,9675,2019-05-29,1858,018102,NA,3,2,7,3001,0,1,3,NA,2,194,SR-91 EASTBOUND,IMPERIAL HIGHWAY,200,E,N,A,-,Y,NA,NA,91,NA,NA,NA,NA,NA,E,Y,4,0,1,2,A,-,03,22350,NA,N,C,C,A,A,H,-,A,D,0,NA,NA,NA,NA,Y,NA,A,01,0,0,1,0,0,0,0,0,0,-,-,33.8561897277832,-117.78572845458984,ORANGE,ANAHEIM,-117.78568267822266,33.856101989746094
9100107,2020,2020-06-10,3026,2020-02-20,1830,8929,CROSS,4,5,6,3026,0,0,0,NA,0,005,BARRANCA PKWY,WEST YALE LOOP,734,E,N,A,-,N,NA,NA,NA,NA,NA,NA,NA,NA,NA,N,4,0,2,2,A,-,09,21804,A,N,D,C,A,A,H,-,A,D,0,NA,NA,NA,NA,Y,NA,A,01,0,0,2,0,0,0,0,0,0,-,-,NA,NA,ORANGE,IRVINE,-117.8040008544922,33.681251525878906
91001130,2019,2019-05-31,9690,2019-05-25,0120,020637,NA,6,3,9,3000,0,1,3,NA,1,074,SR 74 W/B (ORTEGA HWY),SAN JUAN CREEK BRIDGE EAST EDGE,3000,E,N,A,-,Y,NA,NA,74,NA,NA,NA,NA,NA,W,Y,3,0,1,1,A,-,08,22107,NA,N,E,I,A,A,H,-,D,A,0,NA,NA,NA,NA,Y,NA,A,01,0,1,0,0,0,0,0,0,0,-,-,33.5921516418457,-117.49288940429688,ORANGE,UNINCORPORATED,-117.4928741455078,33.592262268066406
91001250,2019,2019-05-31,9675,2019-05-24,1043,016748,NA,5,1,6,3008,0,1,3,NA,2,571,SR-57 SOUTHBOUND,NUTWOOD AVE,1800,N,N,A,-,Y,NA,NA,NA,NA,NA,NA,NA,NA,NA,N,4,0,1,3,A,-,03,22350,NA,M,C,C,A,A,H,-,A,D,0,NA,NA,NA,NA,Y,NA,D,22,0,0,1,0,0,0,0,0,0,-,-,33.52595138549805,-117.52501678466795,ORANGE,FULLERTON,-117.88060760498048,33.88314437866211
91001949,2019,2019-06-03,9670,2019-05-24,1205,019502,NA,5,1,5,3024,0,1,1,NA,2,043,I-405 S/B,BOLSA CHICA RD,600,S,N,A,-,Y,NA,NA,405,NA,NA,NA,NA,NA,S,Y,2,0,1,1,A,-,01,23152,F,N,H,J,A,A,D,-,A,D,0,NA,NA,NA,NA,Y,NA,A,01,1,0,0,0,0,0,0,0,0,-,-,33.77125930786133,-118.03707885742188,ORANGE,WESTMINSTER,-118.03697967529295,33.771385192871094
9100324,2020,2020-11-03,3000,2020-05-02,1212,7868,798B2,6,5,4,3021,0,0,0,NA,0,222,MAGNOLIA AV,PACIFIC AV,162,S,N,A,-,N,NA,NA,NA,NA,NA,NA,NA,NA,NA,Y,4,0,2,3,A,-,09,21804,A,N,D,C,A,A,H,-,A,D,0,NA,NA,NA,NA,Y,NA,D,22,0,0,2,0,0,0,0,0,0,-,-,NA,NA,ORANGE,STANTON,-117.9757080078125,33.80721664428711
91005502,2019,2019-06-07,9675,2019-05-31,2300,020550,NA,5,3,6,3015,0,1,3,NA,2,550,SR-55 SOUTHBOUND,KATELLA AVE,2640,S,N,A,-,Y,NA,NA,55,NA,NA,NA,NA,NA,S,Y,4,0,2,2,A,-,08,22107,NA,N,E,I,A,A,H,-,D,D,0,NA,NA,NA,NA,Y,NA,A,01,0,0,2,0,0,0,0,0,0,-,-,33.80216979980469,-117.8318099975586,ORANGE,ORANGE,-117.83174896240234,33.80217742919922
91007468,2019,2019-06-11,9675,2019-06-03,0708,021691,NA,1,1,9,3000,0,3,5,NA,2,002,SEVENTEENTH STREET,ESPLANADE AVE,0,NA,Y,B,-,N,NA,NA,NA,NA,NA,NA,NA,NA,NA,Y,3,0,2,2,A,-,12,21453,A,N,D,C,A,A,H,-,A,A,0,NA,NA,NA,NA,Y,NA,A,01,0,1,1,0,0,0,0,0,0,-,-,33.759849548339844,-117.81182098388672,ORANGE,UNINCORPORATED,-117.81186676025392,33.75981140136719
9100891,2020,2020-11-13,3001,2020-05-24,1108,A2406,D4,7,5,7,3001,0,0,0,NA,0,0D4,KRAEMER BL,CROWTHER AV,0,NA,Y,A,-,N,NA,NA,NA,NA,NA,NA,NA,NA,NA,Y,3,0,2,2,A,-,12,21453,A,N,D,C,A,A,H,-,A,A,0,NA,NA,NA,NA,Y,NA,D,22,0,2,0,0,0,0,0,0,0,-,-,33.86859130859375,-117.86296081542967,ORANGE,ANAHEIM,-117.86311340332033,33.86840057373047
91011373,2019,2019-06-17,9670,2019-06-08,1435,021585,NA,6,2,5,3024,0,1,1,NA,2,042,I-405 N/B,WESTMINSTER BLVD,528,S,N,A,-,Y,NA,NA,405,NA,NA,NA,NA,NA,N,N,4,0,1,4,A,-,03,22350,NA,M,C,C,A,A,D,-,A,D,0,NA,NA,NA,NA,Y,NA,A,08,0,0,1,0,0,0,0,0,0,-,-,33.758731842041016,-118.02143096923828,ORANGE,WESTMINSTER,-118.02144622802734,33.75871658325195
91013119,2019,2019-06-19,9670,2019-06-10,1059,021286,NA,1,1,5,3007,0,1,1,NA,2,045,I-405 NORTHBOUND (SAN DIEGO FWY),SLATER AVE,300,N,N,A,-,Y,NA,NA,405,NA,NA,NA,NA,NA,N,Y,4,0,1,1,A,-,08,22107,NA,N,E,I,A,A,D,E,A,D,0,NA,NA,NA,NA,Y,NA,A,07,0,0,1,0,0,0,0,0,0,-,-,33.709381103515625,-117.9589614868164,ORANGE,FOUNTAIN VALLEY,-117.958984375,33.7093505859375
91014431,2019,2019-06-20,9675,2019-06-12,1230,019979,NA,3,1,7,3019,0,1,1,NA,2,502,I-5 NORTHBOUND,MAIN ST,1300,N,N,A,-,Y,NA,NA,5,NA,NA,NA,NA,NA,N,Y,4,0,1,2,A,-,07,21658,A,N,B,C,A,A,H,-,A,D,0,NA,NA,NA,NA,Y,NA,A,01,0,0,1,0,0,0,0,0,0,-,-,33.77838134765625,-117.87547302246094,ORANGE,SANTA ANA,-117.8755111694336,33.77833938598633
91016593,2019,2019-06-24,9675,2019-06-15,1445,021834,NA,6,2,7,3001,0,1,3,NA,2,095,SR-91 EASTBOUND,COAL CYN RD,900,E,N,A,-,Y,NA,NA,91,NA,NA,NA,NA,NA,E,Y,2,0,1,2,A,-,08,22107,NA,N,C,C,A,A,H,-,A,D,0,NA,NA,Y,NA,Y,NA,A,01,1,0,0,0,0,0,0,0,1,-,-,33.87071990966797,-117.68441009521484,ORANGE,ANAHEIM,-117.68441772460938,33.870704650878906
91019228,2019,2019-06-27,9670,2019-06-19,1630,020809,NA,3,2,7,3001,0,1,3,NA,2,094,SR-91 E/B,BROOKHURST ST,400,W,N,A,-,Y,NA,NA,91,NA,NA,NA,NA,NA,E,Y,4,0,1,2,A,-,07,21658,A,N,C,C,A,A,H,-,A,D,0,NA,NA,NA,Y,Y,NA,G,25,0,0,1,0,0,0,0,0,0,-,-,33.85374069213867,-117.96083068847656,ORANGE,ANAHEIM,-117.96083068847656,33.85380172729492
91019467,2019,2019-06-27,9675,2019-06-26,1310,018039,NA,3,1,7,3001,0,1,3,NA,2,094,SR-91 WESTBOUND,IMPERIAL HIGHWAY,1150,E,N,A,-,Y,NA,NA,91,NA,NA,NA,NA,NA,W,Y,4,0,1,2,A,-,03,22350,NA,N,C,C,A,A,H,-,A,D,0,NA,NA,NA,NA,Y,NA,D,22,0,0,1,0,0,0,0,0,0,-,-,33.85660171508789,-117.78520965576172,ORANGE,ANAHEIM,-117.78522491455078,33.856624603271484
9102008,2020,2020-05-27,3015,2020-04-17,1402,1098,35E,5,5,6,3015,0,0,0,NA,0,731M,BATAVIA ST,COLLINS AV,0,NA,Y,A,-,N,NA,NA,NA,NA,NA,NA,NA,NA,NA,N,4,0,1,2,A,-,12,21453,A,N,D,C,A,A,H,-,A,A,0,NA,NA,NA,NA,Y,NA,J,48,0,0,1,0,0,0,0,0,0,-,-,33.802391052246094,-117.86165618896484,ORANGE,ORANGE,-117.8617935180664,33.80241012573242
91022679,2019,2019-07-02,9690,2019-06-29,1730,020086,NA,6,2,9,3000,0,3,5,NA,2,004,CROWN VALLEY PKWY,ANTONIO PKWY,0,NA,Y,A,-,N,NA,NA,NA,NA,NA,NA,NA,NA,NA,Y,4,0,1,2,A,-,12,21453,A,N,D,C,A,A,H,-,A,A,0,NA,NA,NA,NA,Y,NA,A,07,0,0,1,0,0,0,0,0,0,-,-,33.565338134765625,-117.6290283203125,ORANGE,UNINCORPORATED,-117.62899017333984,33.56549835205078
91024089,2019,2019-07-03,9670,2019-06-16,2148,021910,NA,7,2,7,3001,0,3,5,NA,2,004,"GILBERT STREET, 10200 BLOCK",GUINIDA LANE,5,N,N,B,-,N,NA,NA,NA,NA,NA,NA,NA,NA,NA,N,3,0,1,2,A,-,03,22350,NA,F,G,B,B,A,H,-,C,A,0,Y,NA,NA,NA,Y,NA,-,99,0,1,0,0,1,0,0,0,0,-,-,33.814510345458984,-117.96761322021484,ORANGE,ANAHEIM,-117.96762847900392,33.814453125
91025026,2019,2019-07-05,9675,2019-06-28,1020,020131,NA,5,1,7,3019,0,1,3,NA,2,552,SR-55 SOUTHBOUND,MACARTHUR BLVD,1000,N,N,A,-,Y,NA,NA,55,NA,NA,NA,NA,NA,S,Y,3,0,4,4,A,-,03,22350,NA,N,C,C,A,A,H,-,A,D,0,NA,NA,NA,Y,Y,NA,F,26,0,2,2,0,0,0,0,0,0,-,-,33.69960021972656,-117.86070251464844,ORANGE,SANTA ANA,-117.86063385009766,33.69953536987305
91025770,2019,2019-07-08,9675,2019-07-04,1804,021834,NA,4,2,7,3001,0,1,3,NA,2,094,SR-91 WESTBOUND,IMPERIAL HIGHWAY,2400,E,N,A,-,Y,NA,NA,91,NA,NA,NA,NA,NA,W,Y,2,0,1,1,A,-,01,23152,A,N,E,I,A,A,H,-,A,D,0,NA,NA,NA,NA,Y,Y,A,01,1,0,0,0,0,0,0,0,0,-,-,33.85757827758789,-117.7831573486328,ORANGE,ANAHEIM,-117.78318786621094,33.85763931274414
91026664,2019,2019-07-08,9675,2019-06-28,2126,021984,NA,5,2,6,3026,0,1,1,NA,2,407,I-405 SOUTHBOUND,SR-133,500,N,N,A,-,Y,NA,NA,405,NA,NA,NA,NA,NA,S,Y,3,0,1,1,A,-,01,23152,A,N,E,I,A,A,H,-,C,D,0,NA,NA,NA,NA,Y,Y,A,01,0,1,0,0,0,0,0,0,0,-,-,33.65167999267578,-117.76228332519533,ORANGE,IRVINE,-117.76226806640624,33.651763916015625
91026951,2019,2019-07-09,9690,2019-07-08,1455,014765,NA,1,2,5,3028,0,1,1,NA,2,056,I-5 N/B (SAN DIEGO FRWY),CROWN VALLEY PKWY,1700,N,N,A,-,Y,NA,NA,NA,NA,NA,NA,NA,NA,NA,Y,4,0,1,2,A,-,03,22350,NA,N,C,C,A,A,H,-,A,D,0,NA,NA,NA,NA,Y,NA,A,01,0,0,1,0,0,0,0,0,0,-,-,33.33518981933594,-117.40202331542967,ORANGE,MISSION VIEJO,-117.67241668701172,33.56398010253906
9102855,2020,2020-08-03,3011,2020-05-11,1458,31407,86,1,5,4,3011,0,0,0,NA,0,003,RT 1,VISTA DEL SOL,361,S,N,A,-,N,NA,NA,NA,NA,NA,NA,NA,NA,NA,Y,3,0,2,2,A,-,09,21804,A,N,D,C,A,A,H,-,A,D,0,NA,NA,NA,NA,Y,NA,A,01,0,2,0,0,0,0,0,0,0,-,-,NA,NA,ORANGE,LAGUNA BEACH,-117.73397064208984,33.49215316772461
91030984,2019,2019-07-15,9690,2019-07-07,2150,020038,NA,7,2,9,3000,0,3,5,NA,2,004,CROWN VALLEY PKWY,O'NEILL DRIVE,0,NA,Y,A,-,N,NA,NA,NA,NA,NA,NA,NA,NA,NA,Y,3,0,1,2,A,-,12,21453,A,N,D,C,A,A,H,-,C,A,0,NA,NA,NA,NA,Y,NA,A,01,0,1,0,0,0,0,0,0,0,-,-,33.565189361572266,-117.64351654052734,ORANGE,UNINCORPORATED,-117.64366912841795,33.56536865234375
91031668,2019,2019-07-16,9675,2019-07-09,0915,019348,NA,2,1,7,3019,0,1,1,NA,2,503,I-5 SOUTHBOUND,SR-55 NORTHBOUND,900,N,N,A,-,Y,NA,NA,5,NA,NA,NA,NA,NA,S,N,4,0,1,3,A,-,03,22350,NA,N,C,C,A,A,H,-,A,D,0,NA,NA,NA,NA,Y,NA,A,01,0,0,1,0,0,0,0,0,0,-,-,33.742061614990234,-117.83776092529295,ORANGE,SANTA ANA,-117.83779907226563,33.741943359375
91034026,2019,2019-07-19,9675,2019-07-12,1836,018272,NA,5,2,6,3026,0,1,3,NA,2,074,SR-73 S/B FROM JAMBOREE RD.,UNIVERSITY DR,2100,N,N,A,-,Y,NA,NA,73,NA,NA,NA,R,NA,S,Y,4,0,1,2,A,-,03,22350,NA,N,C,C,A,A,H,-,A,A,0,NA,NA,Y,NA,Y,NA,C,02,0,0,1,0,0,0,0,0,1,-,-,33.652889251708984,-117.86327362060548,ORANGE,IRVINE,-117.86327362060548,33.652889251708984
91035442,2019,2019-07-22,9675,2019-07-12,1804,021941,NA,5,2,9,3000,0,3,5,NA,2,002,RED HILL AVE.,MARDICK RD.,0,NA,Y,A,-,N,NA,NA,NA,NA,NA,NA,NA,NA,NA,Y,3,0,1,2,A,-,06,21750,NA,N,D,C,A,A,H,-,A,D,0,NA,NA,Y,NA,Y,NA,C,02,0,1,0,0,0,0,0,0,1,-,-,33.755950927734375,-117.79315185546876,ORANGE,UNINCORPORATED,-117.79319763183594,33.75579071044922
91036635,2019,2019-07-24,9675,2019-07-15,2230,018983,NA,1,3,6,3026,0,1,1,NA,2,046,I-405 N/B,VON KARMAN AVENUE,280,N,N,A,-,Y,NA,NA,405,NA,NA,NA,NA,NA,N,Y,2,0,3,2,A,-,11,21954,A,N,G,B,E,A,H,-,D,D,0,Y,NA,NA,NA,Y,NA,N,60,1,2,0,0,1,0,0,0,0,-,-,33.68054962158203,-117.85189819335938,ORANGE,IRVINE,-117.85186767578124,33.68061828613281
9103857,2020,2020-06-30,3001,2020-03-20,0827,1032,D,5,5,7,3001,0,0,0,NA,0,0-1,BALL RD,VELARE ST,262,W,N,B,-,N,NA,NA,NA,NA,NA,NA,NA,NA,NA,N,4,0,1,2,A,-,09,21804,A,N,D,C,A,A,H,-,A,D,0,NA,NA,NA,NA,Y,NA,A,01,0,0,1,0,0,0,0,0,0,-,-,33.817691802978516,-117.97344207763672,ORANGE,ANAHEIM,-117.97431182861328,33.81761169433594
91041674,2019,2019-07-30,9670,2019-07-25,1732,019138,NA,4,2,6,3009,0,1,3,NA,2,022,SR-22 EB (GARDEN GROVE FREEWAY),MAGNOLIA ST,500,E,N,A,-,Y,NA,NA,22,NA,NA,NA,NA,NA,E,Y,3,0,1,2,A,-,08,22107,NA,N,C,C,A,A,H,-,A,D,0,NA,NA,NA,NA,Y,NA,A,07,0,1,0,0,0,0,0,0,0,-,-,33.765628814697266,-117.97032928466795,ORANGE,GARDEN GROVE,-117.97032928466795,33.76576614379883
91043289,2019,2019-08-01,9675,2019-07-25,2215,019888,NA,4,3,7,3001,0,1,3,NA,2,571,SR-57 NORTHBOUND,LINCOLN AVE,900,N,N,A,-,Y,NA,NA,57,NA,NA,NA,NA,NA,N,Y,2,0,3,3,A,-,01,23152,A,N,C,C,A,A,H,-,C,D,0,NA,NA,NA,NA,Y,Y,A,01,1,0,2,0,0,0,0,0,0,-,-,33.84101104736328,-117.87574005126952,ORANGE,ANAHEIM,-117.87596893310548,33.841007232666016
91043806,2019,2019-08-01,9675,2019-07-25,1845,020923,NA,4,2,7,3019,0,1,3,NA,2,552,SR-55 S/B,MACARTHUR BLVD,750,N,N,A,-,Y,NA,NA,55,NA,NA,NA,NA,NA,S,Y,4,0,1,2,A,-,03,22350,NA,N,C,C,A,A,H,-,A,D,0,NA,NA,NA,NA,Y,NA,A,01,0,0,1,0,0,0,0,0,0,-,-,33.70024108886719,-117.86026763916016,ORANGE,SANTA ANA,-117.86009979248048,33.7000732421875
91043819,2019,2019-08-01,9675,2019-07-26,1555,020923,NA,5,2,6,3026,0,1,1,NA,2,406,I-405 N/B,VON KARMAN AVE,200,S,N,A,-,Y,NA,NA,NA,NA,NA,NA,NA,NA,NA,N,3,0,1,2,A,-,03,22350,NA,N,C,C,A,A,H,-,A,D,0,NA,NA,NA,NA,Y,NA,A,01,0,1,0,0,0,0,0,0,0,-,-,33.67591094970703,-117.85262298583984,ORANGE,IRVINE,-117.85032653808594,33.679927825927734
91044136,2019,2019-08-02,9675,2019-07-25,1230,019394,NA,4,1,7,3001,0,1,3,NA,2,092,SR-91 WESTBOUND,LA PALMA AVE,1150,E,N,B,-,Y,NA,NA,NA,NA,NA,NA,NA,NA,NA,Y,4,0,1,2,A,-,07,21658,A,N,C,C,A,A,H,-,A,D,0,NA,NA,NA,NA,Y,NA,A,01,0,0,1,0,0,0,0,0,0,-,-,33.504798889160156,-117.52279663085938,ORANGE,ANAHEIM,-117.86733245849608,33.846683502197266
9104577,2020,2020-10-28,3005,2020-05-27,2039,7920,C42,3,5,4,3005,0,0,0,NA,0,003,HOLDER ST,ORANGEWOOD AV,0,NA,Y,A,-,N,NA,NA,NA,NA,NA,NA,NA,NA,NA,N,3,0,1,2,A,-,10,21950,A,N,G,B,B,A,H,-,D,A,0,Y,NA,NA,NA,Y,NA,A,07,0,1,0,0,1,0,0,0,0,-,-,NA,NA,ORANGE,CYPRESS,-118.01976776123048,33.79566192626953
91046800,2019,2019-08-07,9670,2019-07-31,2358,021543,NA,3,3,6,3009,0,1,3,NA,2,020,SR-22 E/B,SPRINGDALE ST,1180,W,N,A,-,Y,NA,NA,22,NA,NA,NA,NA,NA,E,Y,3,0,1,1,A,-,01,23152,F,N,E,I,A,A,H,-,C,D,0,NA,NA,NA,NA,Y,NA,A,07,0,1,0,0,0,0,0,0,0,-,-,33.774078369140625,-118.02397918701172,ORANGE,GARDEN GROVE,-118.02397918701172,33.77422332763672
91048198,2019,2019-08-08,9690,2019-08-02,1505,020038,NA,5,2,9,3000,0,3,5,NA,2,003,CHIQUITA CANYON DRIVE,COW CAMP RD,45,N,N,A,-,N,NA,NA,NA,NA,NA,NA,NA,NA,NA,Y,4,0,1,2,A,-,03,22350,NA,N,C,C,A,A,H,-,A,A,0,NA,NA,NA,Y,Y,NA,A,07,0,0,1,0,0,0,0,0,0,-,-,33.529239654541016,-117.60585021972656,ORANGE,UNINCORPORATED,-117.6059112548828,33.52941131591797
91049775,2019,2019-08-12,9690,2019-08-03,0059,020472,NA,6,3,4,3029,0,1,1,NA,2,058,I-5 N/B (SAN DIEGO FRWY),VIA CALIFORNIA,220,S,N,A,-,Y,NA,NA,5,NA,NA,NA,NA,NA,N,Y,3,0,1,1,A,-,01,23152,A,N,E,I,A,A,H,-,C,D,0,NA,NA,NA,NA,Y,Y,A,01,0,1,0,0,0,0,0,0,0,-,-,33.46546173095703,-117.66674041748048,ORANGE,DANA POINT,-117.66682434082033,33.46533966064453
91050886,2019,2019-08-13,9675,2019-08-05,1550,019938,NA,1,2,6,3004,0,1,1,NA,2,405,I-405 N/B TO HARBOR BLVD & FAIRVIEW RD,BEAR ST,1296,N,N,A,-,Y,NA,NA,405,NA,NA,NA,R,NA,N,Y,4,0,1,4,A,-,03,22350,NA,N,C,C,A,A,H,-,A,D,0,NA,NA,NA,NA,Y,NA,A,01,0,0,1,0,0,0,0,0,0,-,-,33.68778991699219,-117.8965072631836,ORANGE,COSTA MESA,-117.8965072631836,33.68778991699219
91051981,2019,2019-09-04,9690,2019-08-12,1850,014953,NA,1,2,5,3017,0,1,1,NA,2,059,I-5 S/B (SAN DIEGO FRWY),AVENIDA SAN LUIS REY,888,S,N,A,-,Y,NA,NA,5,NA,NA,NA,NA,NA,S,Y,3,0,2,3,A,-,03,22350,NA,N,C,C,A,A,H,-,A,D,0,NA,NA,Y,NA,Y,NA,C,02,0,1,1,0,0,0,0,0,2,-,-,33.4026985168457,-117.59703063964844,ORANGE,SAN CLEMENTE,-117.59705352783205,33.40269088745117
91052787,2019,2019-08-15,9690,2019-08-14,1750,014953,NA,3,2,5,3017,0,1,1,NA,2,059,I-5 S/B (SAN DIEGO FRWY),AVENIDA VAQUERO,443,S,N,A,-,Y,NA,NA,5,NA,NA,NA,NA,NA,S,Y,4,0,1,1,A,-,08,22107,NA,N,E,I,A,A,H,-,A,D,0,NA,NA,NA,NA,Y,NA,A,01,0,0,1,0,0,0,0,0,0,-,-,33.45198059082031,-117.64240264892578,ORANGE,SAN CLEMENTE,-117.64244079589844,33.45191192626953
91053240,2019,2019-08-16,9675,2019-08-09,1615,021386,NA,5,2,5,3016,0,1,3,NA,2,571,STATE ROUTE 57 SOUTHBOUND,ORANGETHORPE AVENUE,1000,S,N,A,-,Y,NA,NA,57,NA,NA,NA,NA,NA,S,Y,4,0,2,2,A,-,03,22350,NA,N,C,C,A,A,H,-,A,D,0,NA,NA,NA,NA,Y,NA,A,07,0,0,2,0,0,0,0,0,0,-,-,33.85895919799805,-117.87657165527344,ORANGE,PLACENTIA,-117.87662506103516,33.85894012451172
91053601,2019,2019-08-16,9675,2019-08-10,1451,021809,NA,6,2,7,3019,0,1,1,NA,2,503,I-5 S/B,1ST ST,400,N,N,A,-,Y,NA,NA,5,NA,NA,NA,NA,NA,S,Y,4,0,1,2,A,-,03,22350,NA,N,C,C,A,A,H,-,A,D,0,NA,NA,NA,NA,Y,NA,A,01,0,0,1,0,0,0,0,0,0,-,-,33.746681213378906,-117.8430404663086,ORANGE,SANTA ANA,-117.84293365478516,33.74671936035156
91054351,2019,2019-08-19,9670,2019-08-17,1707,021585,NA,6,2,4,3020,0,1,1,NA,2,450,I-405 S/B,SEAL BEACH BLVD.,528,N,N,A,-,Y,NA,NA,405,NA,NA,NA,NA,NA,S,N,4,0,1,4,A,-,07,21658,NA,M,B,C,A,A,D,E,A,D,0,NA,NA,Y,NA,Y,NA,-,99,0,0,1,0,0,0,0,0,1,-,-,33.77431869506836,-118.07672119140624,ORANGE,SEAL BEACH,-118.07672119140624,33.77428436279297