CASE_ID,ACCIDENT_YEAR,PROC_DATE,JURIS,COLLISION_DATE,COLLISION_TIME,OFFICER_ID,REPORTING_DISTRICT,DAY_OF_WEEK,CHP_SHIFT,POPULATION,CNTY_CITY_LOC,SPECIAL_COND,BEAT_TYPE,CHP_BEAT_TYPE,CITY_DIVISION_LAPD,CHP_BEAT_CLASS,BEAT_NUMBER,PRIMARY_RD,SECONDARY_RD,DISTANCE,DIRECTION,INTERSECTION,WEATHER_1,WEATHER_2,STATE_HWY_IND,CALTRANS_COUNTY,CALTRANS_DISTRICT,STATE_ROUTE,ROUTE_SUFFIX,POSTMILE_PREFIX,POSTMILE,LOCATION_TYPE,RAMP_INTERSECTION,SIDE_OF_HWY,TOW_AWAY,COLLISION_SEVERITY,NUMBER_KILLED,NUMBER_INJURED,PARTY_COUNT,PRIMARY_COLL_FACTOR,PCF_CODE_OF_VIOL,PCF_VIOL_CATEGORY,PCF_VIOLATION,PCF_VIOL_SUBSECTION,HIT_AND_RUN,TYPE_OF_COLLISION,MVIW,PED_ACTION,ROAD_SURFACE,ROAD_COND_1,ROAD_COND_2,LIGHTING,CONTROL_DEVICE,CHP_ROAD_TYPE,PEDESTRIAN_ACCIDENT,BICYCLE_ACCIDENT,MOTORCYCLE_ACCIDENT,TRUCK_ACCIDENT,NOT_PRIVATE_PROPERTY,ALCOHOL_INVOLVED,STWD_VEHTYPE_AT_FAULT,CHP_VEHTYPE_AT_FAULT,COUNT_SEVERE_INJ,COUNT_VISIBLE_INJ,COUNT_COMPLAINT_PAIN,COUNT_PED_KILLED,COUNT_PED_INJURED,COUNT_BICYCLIST_KILLED,COUNT_BICYCLIST_INJURED,COUNT_MC_KILLED,COUNT_MC_INJURED,PRIMARY_RAMP,SECONDARY_RAMP,LATITUDE,LONGITUDE,COUNTY,CITY,POINT_X,POINT_Y
9253479,2021,2021-05-03,3008,2021-04-11,1024,1511,ZONE2,7,5,6,3008,0,0,0,NA,0,NA,LEMON ST,BERKELEY AV,387,S,N,A,-,N,NA,NA,NA,NA,NA,NA,NA,NA,NA,Y,3,0,1,1,A,-,01,23152,A,N,E,I,A,A,H,-,A,D,0,NA,NA,NA,NA,Y,Y,A,01,0,1,0,0,0,0,0,0,0,-,-,NA,NA,ORANGE,FULLERTON,-117.91983032226563,33.877708435058594
9253517,2021,2021-04-26,3005,2021-04-12,1956,7779,C28,1,5,4,3005,0,0,0,NA,0,003,VALLEY VIEW ST,BALL RD,25,S,N,A,-,N,NA,NA,NA,NA,NA,NA,NA,NA,NA,N,3,0,1,2,-,-,-,NA,NA,N,C,C,A,A,H,-,C,A,0,NA,NA,NA,NA,Y,NA,A,01,0,1,0,0,0,0,0,0,0,-,-,NA,NA,ORANGE,CYPRESS,-118.0283203125,33.81698226928711
9253901,2020,2021-04-26,3008,2020-12-22,0819,1511,ZONE2,2,5,6,3008,0,0,0,NA,0,NA,HARBOR BL,BASTANCHURY RD,1336,N,N,A,-,N,NA,NA,NA,NA,NA,NA,NA,NA,NA,Y,3,0,1,4,A,-,08,22107,NA,N,B,E,A,A,H,-,A,D,0,NA,NA,NA,NA,Y,NA,A,07,0,1,0,0,0,0,0,0,0,-,-,NA,NA,ORANGE,FULLERTON,-117.92928314208984,33.899261474609375
9255882,2020,2021-05-10,3008,2020-12-27,2200,1571,ZONE3,7,5,6,3008,0,0,0,NA,0,NA,STATE COLLEGE BL,YORBA LINDA BL,0,NA,Y,A,-,N,NA,NA,NA,NA,NA,NA,NA,NA,NA,Y,4,0,2,2,A,-,12,21453,A,N,D,C,A,A,H,-,C,A,0,NA,NA,NA,NA,Y,NA,A,01,0,0,2,0,0,0,0,0,0,-,-,NA,NA,ORANGE,FULLERTON,-117.89009857177734,33.88793182373047
9256315,2021,2023-06-17,3019,2021-01-05,0357,3652,SE,2,5,7,3019,0,0,0,NA,0,003,MAIN ST,ANAHURST PL,160,S,N,A,-,N,NA,NA,NA,NA,NA,NA,NA,NA,NA,N,1,1,0,2,A,-,11,21954,A,N,G,B,D,A,H,-,C,D,0,Y,NA,NA,NA,Y,Y,N,60,0,0,0,1,0,0,0,0,0,-,-,37.71807098388672,-117.8678970336914,ORANGE,SANTA ANA,-117.8678970336914,33.71742248535156
9256388,2020,2021-07-22,3000,2020-11-30,0700,1056,891J7,1,5,5,3028,0,0,0,NA,0,054,MUIRLANDS BL,TROY ST,349,S,N,A,-,N,NA,NA,NA,NA,NA,NA,NA,NA,NA,Y,1,1,0,1,A,-,08,22107,NA,N,E,I,A,A,H,-,A,D,0,NA,NA,NA,NA,Y,NA,D,22,0,0,0,0,0,0,0,0,0,-,-,33.60552978515625,-117.68054962158205,ORANGE,MISSION VIEJO,-117.68033599853516,33.60509490966797
9256852,2021,2021-06-01,3000,2021-03-15,1433,1520,798B1,1,5,4,3021,0,0,0,NA,0,222,CERRITOS AV,MAGNOLIA AV,124,E,N,A,-,N,NA,NA,NA,NA,NA,NA,NA,NA,NA,Y,3,0,2,2,A,-,09,21801,A,N,D,C,A,A,H,-,A,D,0,NA,NA,NA,NA,Y,NA,A,01,0,1,1,0,0,0,0,0,0,-,-,NA,NA,ORANGE,STANTON,-117.97534942626952,33.81037902832031
9257325,2021,2021-04-29,3000,2021-03-28,0308,11256,892D5,7,5,5,3028,0,0,0,NA,0,755,MARGUERITE PKWY,VIA GUADIX,206,S,N,A,-,N,NA,NA,NA,NA,NA,NA,NA,NA,NA,Y,4,0,1,1,A,-,01,23152,F,N,E,I,A,A,H,-,C,D,0,NA,NA,NA,NA,Y,NA,A,07,0,0,1,0,0,0,0,0,0,-,-,NA,NA,ORANGE,MISSION VIEJO,-117.65162658691406,33.625755310058594
9258697,2021,2021-05-13,3000,2021-03-11,1520,1916,891F7,4,5,4,3045,0,0,0,NA,0,745,EL TORO RD,AVENIDA DE LA CARLOTA,0,NA,Y,A,-,N,NA,NA,NA,NA,NA,NA,NA,NA,NA,Y,4,0,3,2,A,-,08,22101,D,N,D,C,A,A,H,-,A,A,0,NA,NA,NA,NA,Y,NA,A,01,0,0,3,0,0,0,0,0,0,-,-,NA,NA,ORANGE,LAGUNA HILLS,-117.70860290527344,33.6138916015625
9259259,2021,2021-05-18,3010,2021-05-01,2217,2056,455,6,5,6,3010,0,0,0,NA,0,002,MAGNOLIA ST,ELLSWORTH ST,0,NA,Y,B,-,N,NA,NA,NA,NA,NA,NA,NA,NA,NA,Y,2,0,1,2,A,-,11,21954,A,F,D,J,A,A,H,-,C,D,0,NA,NA,NA,NA,Y,Y,-,NA,1,0,0,0,0,0,0,0,0,-,-,NA,NA,ORANGE,HUNTINGTON BEACH,-117.97113800048828,33.66325759887695
9260270,2021,2021-06-22,3008,2021-05-22,0449,1574,ZONE2,6,5,6,3008,0,0,0,NA,0,NA,ORANGETHORPE,HARBOR BL,0,NA,Y,A,-,N,NA,NA,NA,NA,NA,NA,NA,NA,NA,Y,4,0,1,2,A,-,03,22350,NA,N,C,C,A,A,H,-,C,A,0,NA,NA,NA,NA,Y,NA,A,01,0,0,1,0,0,0,0,0,0,-,-,NA,NA,ORANGE,FULLERTON,-117.92436981201172,33.85950469970703
9263128,2021,2021-05-24,3009,2021-05-06,1622,3739,154,4,5,6,3009,0,0,0,NA,0,022,GARDEN GROVE BL,HASTER ST,0,NA,Y,A,-,Y,ORA,12,22,-,R,8.632,R,4,W,Y,4,0,2,2,A,-,09,21453,C,N,A,C,A,A,H,-,A,A,0,NA,NA,NA,NA,Y,NA,A,07,0,0,2,0,0,0,0,0,0,-,-,NA,NA,ORANGE,GARDEN GROVE,-117.90834808349608,33.77275848388672
9263875,2021,2021-05-25,3000,2021-04-08,1358,10853,993A6,4,5,5,3017,0,0,0,NA,0,775,SOUTH EL CAMINO REAL,AVENIDA JUNIPERO,180,N,N,A,-,N,NA,NA,NA,NA,NA,NA,NA,NA,NA,Y,3,0,2,2,A,-,03,22350,NA,N,C,C,A,A,H,-,A,A,0,NA,NA,NA,NA,Y,NA,A,01,0,1,1,0,0,0,0,0,0,-,-,NA,NA,ORANGE,SAN CLEMENTE,-117.60161590576172,33.41637420654297
9263896,2021,2021-05-26,3009,2021-04-24,0155,3607,093,6,5,6,3009,0,0,0,NA,0,1-2,BROOKHURST ST,CHAPMAN AV,30,N,N,A,-,N,NA,NA,NA,NA,NA,NA,NA,NA,NA,Y,4,0,1,2,A,-,01,23152,A,N,C,C,A,A,H,-,C,A,0,NA,NA,NA,NA,Y,Y,A,01,0,0,1,0,0,0,0,0,0,-,-,NA,NA,ORANGE,GARDEN GROVE,-117.95883178710938,33.788612365722656
9266212,2021,2021-06-03,3012,2021-04-15,1629,623,ZONE3,4,5,5,3012,0,0,0,NA,0,003,IDAHO ST,LAMBERT RD,512,S,N,A,-,N,NA,NA,NA,NA,NA,NA,NA,NA,NA,Y,4,0,1,3,A,-,01,23152,A,N,D,C,A,A,H,-,A,D,0,NA,NA,NA,NA,Y,Y,A,01,0,0,1,0,0,0,0,0,0,-,-,NA,NA,ORANGE,LA HABRA,-117.96189880371094,33.92316818237305
9266220,2021,2021-06-03,3004,2021-04-17,1357,P603,02,6,5,6,3004,0,0,0,NA,0,015,W 18TH ST,VIOLA PL E,17,W,N,A,-,N,NA,NA,NA,NA,NA,NA,NA,NA,NA,Y,3,0,1,2,A,-,09,21802,A,N,D,C,A,A,H,-,A,A,0,NA,NA,NA,NA,Y,NA,A,01,0,1,0,0,0,0,0,0,0,-,-,33.639808654785156,-117.92455291748048,ORANGE,COSTA MESA,-117.92463684082033,33.6397705078125
9266276,2021,2021-05-28,3008,2021-04-15,1150,1407,NA,4,5,6,3008,0,0,0,NA,0,0Z3,MAGNOLIA AV,ORANGETHORPE AV,0,NA,Y,A,-,N,NA,NA,NA,NA,NA,NA,NA,NA,NA,Y,4,0,1,2,A,-,17,21451,A,N,D,C,A,A,H,-,A,A,0,NA,NA,NA,NA,Y,NA,A,08,0,0,1,0,0,0,0,0,0,-,-,NA,NA,ORANGE,FULLERTON,-117.97628021240234,33.859107971191406
9267846,2021,2021-06-01,3000,2021-04-15,1250,7734,922-E,4,5,5,3028,0,0,0,NA,0,753,OSO PKWY,SAN RAFAEL,175,E,N,A,-,N,NA,NA,NA,NA,NA,NA,NA,NA,NA,N,4,0,2,2,A,-,03,22350,NA,N,C,C,A,A,H,-,A,D,0,NA,NA,NA,NA,Y,NA,D,22,0,0,2,0,0,0,0,0,0,-,-,NA,NA,ORANGE,MISSION VIEJO,-117.6427764892578,33.588409423828125
9268238,2021,2021-06-03,3004,2021-05-11,1506,P459,02,2,5,6,3004,0,0,0,NA,0,015,EAST 17TH ST,SUPERIOR AV,0,NA,Y,A,-,N,NA,NA,NA,NA,NA,NA,NA,NA,NA,N,3,0,1,2,A,-,05,21650,1,N,D,G,A,A,H,-,A,A,0,NA,NA,NA,NA,Y,NA,-,NA,0,1,0,0,0,0,0,0,0,-,-,33.6361198425293,-117.9235382080078,ORANGE,COSTA MESA,-117.92359161376952,33.63620376586914
9270371,2021,2021-06-09,3008,2021-05-12,0901,1629,2,3,5,6,3008,0,0,0,NA,0,NA,BASTANCHURY RD,LAGUNA RD,4,E,N,A,-,N,NA,NA,NA,NA,NA,NA,NA,NA,NA,Y,4,0,2,3,A,-,03,22350,NA,N,C,C,A,A,H,-,A,A,0,NA,NA,NA,NA,Y,NA,A,01,0,0,2,0,0,0,0,0,0,-,-,NA,NA,ORANGE,FULLERTON,-117.93057250976563,33.89470672607422
9271248,2021,2021-06-08,3000,2021-04-24,1129,7734,922F1,6,5,5,3028,0,0,0,NA,0,753,FELIPE RD,TAMARIND,618,N,N,B,-,N,NA,NA,NA,NA,NA,NA,NA,NA,NA,Y,3,0,3,4,A,-,09,21802,A,N,D,C,A,A,C,-,A,D,0,NA,NA,NA,NA,Y,NA,A,01,0,1,2,0,0,0,0,0,0,-,-,NA,NA,ORANGE,MISSION VIEJO,-117.63712310791016,33.600467681884766
9271518,2021,2021-06-18,3012,2021-05-07,1725,623,36,5,5,5,3012,0,0,0,NA,0,003,IMPERIAL HWY,WALNUT ST,584,W,N,A,-,Y,ORA,12,90,-,-,1.32,H,-,E,Y,4,0,1,2,A,-,09,21801,A,N,D,C,A,A,H,-,A,D,0,NA,NA,NA,NA,Y,NA,A,01,0,0,1,0,0,0,0,0,0,-,-,NA,NA,ORANGE,LA HABRA,-117.95362091064452,33.917259216308594
9274854,2021,2021-09-01,3026,2021-06-17,0804,4779,CROSS,4,5,6,3026,0,0,0,NA,0,005,ALTON PKWY,YALE LP E,10,E,N,B,-,N,NA,NA,NA,NA,NA,NA,NA,NA,NA,Y,3,0,1,2,A,-,12,21453,A,N,D,C,A,A,H,-,A,A,0,NA,NA,NA,NA,Y,NA,D,22,0,1,0,0,0,0,0,0,0,-,-,33.67137145996094,-117.79136657714844,ORANGE,IRVINE,-117.79150390625,33.67131805419922
9275376,2021,2021-07-15,3026,2021-06-17,0951,531,CROSS,4,5,6,3026,0,0,0,NA,0,004,WALNUT AV,WISTERIA,32,E,N,A,-,N,NA,NA,NA,NA,NA,NA,NA,NA,NA,Y,3,0,2,2,A,-,12,21453,A,N,D,C,A,B,H,-,A,A,0,NA,NA,NA,NA,Y,NA,A,01,0,1,1,0,0,0,0,0,0,-,-,33.6894416809082,-117.78011322021484,ORANGE,IRVINE,-117.77069091796876,33.689144134521484
9276546,2021,2021-09-30,3009,2021-09-09,0911,3965,096,4,5,6,3009,0,0,0,NA,0,1-3,BROOKHURST ST,TRASK AV,18,S,N,A,-,N,NA,NA,NA,NA,NA,NA,NA,NA,NA,N,3,0,1,2,B,-,22,NA,NA,N,B,G,A,A,H,-,A,A,0,NA,Y,NA,NA,Y,NA,A,07,0,1,0,0,0,0,1,0,0,-,-,NA,NA,ORANGE,GARDEN GROVE,-117.955078125,33.76673889160156
9277774,2021,2021-06-17,3026,2021-05-29,0806,352,NA,6,5,6,3026,0,0,0,NA,0,NA,JAMBOREE RD,BARRANCA PKWY,0,NA,Y,A,-,N,NA,NA,NA,NA,NA,NA,NA,NA,NA,Y,4,0,1,4,A,-,12,21453,A,N,D,C,A,A,H,-,A,A,0,NA,NA,NA,NA,Y,NA,A,01,0,0,1,0,0,0,0,0,0,-,-,33.69384002685547,-117.82601928710938,ORANGE,IRVINE,-117.82687377929688,33.69404602050781
9279897,2021,2021-07-01,3010,2021-05-07,0452,2173,283,5,5,6,3010,0,0,0,NA,0,006,NEWLAND ST,SLATER AV,0,NA,Y,A,-,N,NA,NA,NA,NA,NA,NA,NA,NA,NA,Y,2,0,2,3,A,-,12,21453,A,N,D,C,A,A,H,-,B,A,0,NA,NA,NA,NA,Y,NA,D,23,1,0,1,0,0,0,0,0,0,-,-,NA,NA,ORANGE,HUNTINGTON BEACH,-117.98046112060548,33.70845413208008
92800687,2024,2024-07-29,9670,2024-07-24,730,018278,NA,3,1,6,3009,0,1,3,NA,2,022,SR-22 E/B,BROOKHURST ST,1637,E,N,A,-,Y,ORA,NA,22,NA,R,6.145,H,NA,R,Y,3,0,1,5,A,-,08,22107,NA,N,B,G,A,A,H,-,A,D,0,NA,NA,NA,NA,Y,NA,D,22,0,1,0,0,0,0,0,0,0,-,-,33.76588821411133,-117.94944763183594,ORANGE,GARDEN GROVE,-117.94944763183594,33.7658576965332
9281114,2021,2021-07-27,3000,2021-05-20,1525,1916,921J2,4,5,4,3045,0,0,0,NA,0,745,LAS BOLSAS,TASMAN RD,56,S,N,A,-,N,NA,NA,NA,NA,NA,NA,NA,NA,NA,N,3,0,1,2,A,-,05,21650,NA,N,A,C,A,A,H,-,A,D,0,NA,NA,Y,NA,Y,NA,C,03,0,1,0,0,0,0,0,0,1,-,-,NA,NA,ORANGE,LAGUNA HILLS,-117.68902587890624,33.59861755371094
9281525,2021,2021-08-26,3004,2021-07-04,0237,P683,32,7,5,6,3004,0,0,0,NA,0,005,BRISTOL ST,SUNFLOWER AV,0,NA,Y,A,-,N,NA,NA,NA,NA,NA,NA,NA,NA,NA,N,4,0,1,2,A,-,01,23152,F,N,D,C,A,A,H,-,C,A,0,NA,NA,NA,NA,Y,NA,A,01,0,0,1,0,0,0,0,0,0,-,-,33.69416046142578,-117.88535308837892,ORANGE,COSTA MESA,-117.88555145263672,33.69411849975586
9284266,2021,2021-07-08,3009,2021-05-05,1850,4739,094,3,5,6,3009,0,0,0,NA,0,013,GARDEN GROVE BL,BROOKHURST WY,309,W,N,A,-,N,NA,NA,NA,NA,NA,NA,NA,NA,NA,N,3,0,1,2,A,-,08,22107,NA,M,B,G,A,A,H,-,A,B,0,NA,Y,NA,NA,Y,NA,L,04,0,1,0,0,0,0,1,0,0,-,-,33.77452850341797,-117.9610595703125,ORANGE,GARDEN GROVE,-117.95944213867188,33.77399826049805
9284979,2021,2021-06-23,3009,2021-05-13,0920,3965,103,4,5,6,3009,0,0,0,NA,0,1-2,LAMPSON AV,SHELLEY DR,179,E,N,B,-,N,NA,NA,NA,NA,NA,NA,NA,NA,NA,N,2,0,1,2,A,-,10,21950,A,N,G,B,C,A,H,-,A,A,0,Y,NA,NA,NA,Y,NA,A,01,1,0,0,0,1,0,0,0,0,-,-,NA,NA,ORANGE,GARDEN GROVE,-117.95352172851563,33.781375885009766
9286589,2021,2021-10-01,3012,2021-07-01,1340,629,11,4,5,5,3012,0,0,0,NA,0,001,WHITTIER BL,MACY ST,0,NA,Y,A,-,N,NA,NA,NA,NA,NA,NA,NA,NA,NA,N,4,0,1,2,A,-,08,22107,NA,N,D,C,A,A,H,-,A,A,0,NA,NA,NA,NA,Y,NA,A,08,0,0,1,0,0,0,0,0,0,-,-,NA,NA,ORANGE,LA HABRA,-117.97071075439452,33.9398193359375
9291627,2021,2021-08-27,3000,2021-07-02,1547,9573,891H7,5,5,5,3050,0,0,0,NA,0,760,LOS ALISOS BL,ROCKFIELD BL,474,E,N,A,-,N,NA,NA,NA,NA,NA,NA,NA,NA,NA,Y,4,0,1,3,A,-,03,22350,NA,N,C,C,A,A,H,-,A,A,0,NA,NA,NA,NA,Y,NA,D,22,0,0,1,0,0,0,0,0,0,-,-,NA,NA,ORANGE,LAKE FOREST,-117.69549560546876,33.613677978515625
9293947,2021,2021-07-27,3026,2021-05-09,0035,640,C,7,5,6,3026,0,0,0,NA,0,00U,CULVER DR,MAIN ST,0,NA,Y,A,-,N,NA,NA,NA,NA,NA,NA,NA,NA,NA,Y,3,0,1,2,A,-,01,23152,A,N,D,C,A,A,H,-,C,A,0,NA,NA,NA,NA,Y,Y,A,01,0,1,0,0,0,0,0,0,0,-,-,NA,NA,ORANGE,IRVINE,-117.81643676757813,33.675994873046875
9295353,2021,2021-08-06,3004,2021-06-25,0632,P673,11,5,5,6,3004,0,0,0,NA,0,003,HARBOR BL,VICTORIA ST,0,NA,Y,A,-,N,NA,NA,NA,NA,NA,NA,NA,NA,NA,N,3,0,1,4,A,-,12,21453,A,N,D,C,A,A,H,-,A,A,0,NA,NA,NA,NA,Y,NA,-,-,0,1,0,0,0,0,0,0,0,-,-,33.652618408203125,-117.91896057128906,ORANGE,COSTA MESA,-117.91908264160156,33.652530670166016
9295515,2021,2021-09-08,3003,2021-07-14,1000,1268,NA,3,5,5,3003,0,0,0,NA,0,NA,CRESCENT AV,WESTERN AV,0,NA,N,A,-,N,NA,NA,NA,NA,NA,NA,NA,NA,NA,N,4,0,1,2,A,-,09,21801,NA,N,D,C,A,A,H,-,A,D,0,NA,NA,NA,NA,Y,NA,A,01,0,0,1,0,0,0,0,0,0,-,-,33.83940124511719,-118.00090026855467,ORANGE,BUENA PARK,-118.0023193359375,33.839317321777344
9297105,2021,2021-10-13,3000,2021-08-10,0915,2849,891H5,2,5,5,3050,0,0,0,NA,0,764,EL TORO RD,MUIRLANDS BL,0,NA,Y,A,-,N,NA,NA,NA,NA,NA,NA,NA,NA,NA,Y,3,0,3,3,D,-,00,NA,NA,N,D,C,A,A,H,-,A,A,0,NA,NA,NA,NA,Y,NA,-,-,0,1,2,0,0,0,0,0,0,-,-,NA,NA,ORANGE,LAKE FOREST,-117.69715118408205,33.62313461303711
9297621,2021,2021-08-05,3000,2021-06-02,2122,1916,921F2,3,5,3,3051,0,0,0,NA,0,745,MOULTON PKWY,VIA IGLESIA,36,N,N,A,-,N,NA,NA,NA,NA,NA,NA,NA,NA,NA,Y,4,0,1,2,A,-,03,22350,NA,N,C,C,A,A,H,-,C,A,0,NA,NA,NA,NA,Y,NA,A,01,0,0,1,0,0,0,0,0,0,-,-,NA,NA,ORANGE,LAGUNA WOODS,-117.71703338623048,33.601139068603516
9303745,2021,2021-08-20,3026,2021-05-22,1402,8929,CROSS,6,5,6,3026,0,0,0,NA,0,006,BAKE PKWY,LAKE FOREST DR,0,NA,Y,A,-,N,NA,NA,NA,NA,NA,NA,NA,NA,NA,Y,2,0,3,2,A,-,01,23152,A,N,D,C,A,A,H,-,A,A,0,NA,NA,NA,NA,Y,Y,A,01,2,1,0,0,0,0,0,0,0,-,-,NA,NA,ORANGE,IRVINE,-117.74671936035156,33.633052825927734
9309711,2021,2021-08-24,3003,2021-06-28,0510,1240,NA,1,5,5,3003,0,0,0,NA,0,NA,KNOTT AV,ORANGETHORPE AV,1322,S,N,A,-,N,NA,NA,NA,NA,NA,NA,NA,NA,NA,Y,4,0,1,5,-,-,-,NA,A,N,B,C,A,A,H,-,B,A,0,NA,NA,NA,NA,Y,NA,A,01,0,0,1,0,0,0,0,0,0,-,-,33.18516159057617,-118.00398254394533,ORANGE,BUENA PARK,-118.01126861572266,33.85528564453125
9312392,2021,2021-09-17,3010,2021-07-11,2108,1253,273,7,5,6,3010,0,0,0,NA,0,006,BEACH BL,SLATER AV,44,N,N,A,-,Y,ORA,12,39,-,-,4.15,H,-,S,N,4,0,1,2,A,-,03,22350,NA,F,C,C,A,A,H,-,C,A,0,NA,NA,NA,NA,Y,NA,-,99,0,0,1,0,0,0,0,0,0,-,-,NA,NA,ORANGE,HUNTINGTON BEACH,-117.9892807006836,33.708770751953125
9312486,2021,2021-09-10,3009,2021-07-27,1148,4762,042,2,5,6,3009,0,0,0,NA,0,1-1,WESTERN AV,CHAPMAN AV,0,NA,Y,A,-,N,NA,NA,NA,NA,NA,NA,NA,NA,NA,Y,4,0,4,5,A,-,09,21800,D,N,C,C,A,A,H,-,A,B,0,NA,NA,NA,NA,Y,NA,A,01,0,0,4,0,0,0,0,0,0,-,-,NA,NA,ORANGE,GARDEN GROVE,-118.00152587890624,33.788330078125
9312518,2021,2021-09-15,3009,2021-07-21,1803,4498,145,3,5,6,3009,0,0,0,NA,0,2-3,PALM ST,GARDEN GROVE BL,1,N,N,A,-,N,NA,NA,NA,NA,NA,NA,NA,NA,NA,N,3,0,1,2,A,-,05,21650,1,N,D,G,A,A,H,-,A,D,0,NA,Y,NA,NA,Y,NA,L,04,0,1,0,0,0,0,1,0,0,-,-,NA,NA,ORANGE,GARDEN GROVE,-117.91561889648438,33.77412033081055
9314093,2021,2021-09-20,3004,2021-08-07,2332,P684,11,6,5,6,3004,0,0,0,NA,0,015,W BAY ST,PARSONS ST,255,E,N,A,-,N,NA,NA,NA,NA,NA,NA,NA,NA,NA,Y,2,0,4,3,A,-,01,23152,A,N,C,C,A,A,H,-,C,D,0,NA,NA,NA,NA,Y,Y,A,01,1,3,0,0,0,0,0,0,0,-,-,33.64897155761719,-117.91678619384766,ORANGE,COSTA MESA,-117.91682434082033,33.64894104003906
9314222,2021,2021-10-15,3000,2021-08-12,1335,6532,971H5,4,5,4,3029,0,0,0,NA,0,734,STONEHILL DR,CHELTAM WY,0,NA,Y,A,-,N,NA,NA,NA,NA,NA,NA,NA,NA,NA,Y,4,0,1,2,A,-,09,21801,A,N,D,C,A,A,H,-,A,A,0,NA,NA,NA,NA,Y,NA,A,01,0,0,1,0,0,0,0,0,0,-,-,NA,NA,ORANGE,DANA POINT,-117.69544219970705,33.4763298034668
9314285,2021,2021-09-11,3000,2021-07-12,1456,5036,922C5,1,5,5,3028,0,0,0,NA,0,750,MARGUERITE PKWY,LA SIERRA DR,0,NA,Y,A,-,N,NA,NA,NA,NA,NA,NA,NA,NA,NA,Y,3,0,2,2,A,-,09,21802,A,N,D,C,A,A,H,-,A,A,0,NA,NA,NA,NA,Y,NA,A,01,0,2,0,0,0,0,0,0,0,-,-,NA,NA,ORANGE,MISSION VIEJO,-117.65908813476563,33.57090759277344
9316349,2021,2021-09-22,3003,2021-08-21,0413,1253,NA,6,5,5,3003,0,0,0,NA,0,NA,VALLEY VIEW ST,ORANGETHORPE AV,225,S,N,A,-,N,NA,NA,NA,NA,NA,NA,NA,NA,NA,Y,3,0,1,1,A,-,03,22350,NA,N,H,J,A,A,H,-,C,A,0,NA,NA,NA,NA,Y,NA,A,01,0,1,0,0,0,0,0,0,0,-,-,NA,NA,ORANGE,BUENA PARK,-118.02874755859376,33.858123779296875
9316698,2021,2021-09-11,3000,2021-07-09,1229,7734,922D4,5,5,5,3028,0,0,0,NA,0,753,FELIPE RD,BUSCADOR,12,S,N,A,-,N,NA,NA,NA,NA,NA,NA,NA,NA,NA,N,2,0,1,2,D,-,00,NA,NA,N,G,B,B,A,H,-,A,A,0,Y,NA,NA,NA,Y,NA,-,-,1,0,0,0,1,0,0,0,0,-,-,NA,NA,ORANGE,MISSION VIEJO,-117.64904022216795,33.583106994628906
9316700,2021,2021-09-11,3000,2021-07-12,1921,4246,992H4,1,5,5,3017,0,0,0,NA,0,776,W EASCALONES,NORTH EL CAMINO REAL,121,W,N,A,-,N,NA,NA,NA,NA,NA,NA,NA,NA,NA,N,4,0,1,2,A,-,12,22450,A,N,H,G,A,A,H,-,A,A,0,NA,Y,NA,NA,Y,NA,-,NA,0,0,1,0,0,0,1,0,0,-,-,NA,NA,ORANGE,SAN CLEMENTE,-117.61894989013672,33.43001937866211
9316969,2021,2021-08-31,3000,2021-06-19,1345,5013,921G6,6,5,5,3040,0,0,0,NA,0,741,LA PAZ RD,AVENIDA BREVE,0,NA,Y,A,-,N,NA,NA,NA,NA,NA,NA,NA,NA,NA,Y,2,0,1,2,C,-,18,NA,NA,N,G,B,B,A,H,-,A,A,0,Y,NA,NA,NA,Y,NA,-,-,1,0,0,0,1,0,0,0,0,-,-,NA,NA,ORANGE,LAGUNA NIGUEL,-117.70761108398438,33.567100524902344
9317029,2021,2021-10-05,3026,2021-08-09,0808,337,NA,1,5,6,3026,0,0,0,NA,0,NA,IRVINE BL,MARKETPLACE,18,W,N,A,-,N,NA,NA,NA,NA,NA,NA,NA,NA,NA,Y,4,0,2,2,-,-,-,NA,A,N,D,C,A,A,H,-,A,A,0,NA,NA,NA,NA,Y,NA,A,07,0,0,2,0,0,0,0,0,0,-,-,33.7282600402832,-117.78314208984376,ORANGE,IRVINE,-117.78321075439452,33.72817611694336
9318462,2021,2021-10-01,3000,2021-08-12,1946,6717,891 G,4,5,5,3050,0,0,0,NA,0,18762,RIDGE ROUTE DR,MUIRLANDS BL,140,E,N,A,-,N,NA,NA,NA,NA,NA,NA,NA,NA,NA,N,4,0,1,2,A,-,17,21235,G,N,D,C,A,A,H,-,B,D,0,NA,NA,Y,NA,Y,NA,C,03,0,0,1,0,0,0,0,0,1,-,-,33.374000549316406,-117.42160034179688,ORANGE,LAKE FOREST,-117.70471954345705,33.628868103027344
9318591,2021,2021-09-24,3000,2021-08-10,1225,2849,892B1,2,5,5,3050,0,0,0,NA,0,764,MONTERRA,OSTERMAN RD,300,S,N,A,-,N,NA,NA,NA,NA,NA,NA,NA,NA,NA,Y,2,0,1,2,A,-,03,22350,NA,N,F,A,A,A,H,-,A,D,0,NA,NA,Y,NA,Y,NA,C,02,1,0,0,0,0,0,0,0,1,-,-,NA,NA,ORANGE,LAKE FOREST,-117.66838073730467,33.653343200683594