CASE_ID,ACCIDENT_YEAR,PROC_DATE,JURIS,COLLISION_DATE,COLLISION_TIME,OFFICER_ID,REPORTING_DISTRICT,DAY_OF_WEEK,CHP_SHIFT,POPULATION,CNTY_CITY_LOC,SPECIAL_COND,BEAT_TYPE,CHP_BEAT_TYPE,CITY_DIVISION_LAPD,CHP_BEAT_CLASS,BEAT_NUMBER,PRIMARY_RD,SECONDARY_RD,DISTANCE,DIRECTION,INTERSECTION,WEATHER_1,WEATHER_2,STATE_HWY_IND,CALTRANS_COUNTY,CALTRANS_DISTRICT,STATE_ROUTE,ROUTE_SUFFIX,POSTMILE_PREFIX,POSTMILE,LOCATION_TYPE,RAMP_INTERSECTION,SIDE_OF_HWY,TOW_AWAY,COLLISION_SEVERITY,NUMBER_KILLED,NUMBER_INJURED,PARTY_COUNT,PRIMARY_COLL_FACTOR,PCF_CODE_OF_VIOL,PCF_VIOL_CATEGORY,PCF_VIOLATION,PCF_VIOL_SUBSECTION,HIT_AND_RUN,TYPE_OF_COLLISION,MVIW,PED_ACTION,ROAD_SURFACE,ROAD_COND_1,ROAD_COND_2,LIGHTING,CONTROL_DEVICE,CHP_ROAD_TYPE,PEDESTRIAN_ACCIDENT,BICYCLE_ACCIDENT,MOTORCYCLE_ACCIDENT,TRUCK_ACCIDENT,NOT_PRIVATE_PROPERTY,ALCOHOL_INVOLVED,STWD_VEHTYPE_AT_FAULT,CHP_VEHTYPE_AT_FAULT,COUNT_SEVERE_INJ,COUNT_VISIBLE_INJ,COUNT_COMPLAINT_PAIN,COUNT_PED_KILLED,COUNT_PED_INJURED,COUNT_BICYCLIST_KILLED,COUNT_BICYCLIST_INJURED,COUNT_MC_KILLED,COUNT_MC_INJURED,PRIMARY_RAMP,SECONDARY_RAMP,LATITUDE,LONGITUDE,COUNTY,CITY,POINT_X,POINT_Y
94371406,2024,2024-08-27,9675,2024-08-16,1810,022866,NA,5,2,6,3004,0,1,3,NA,2,073,SR-73 NORTHBOUND TO SR-55 NORTHBOUND,SR-55,135,S,N,A,-,Y,NA,NA,NA,NA,NA,NA,NA,NA,NA,N,4,0,1,1,A,-,08,22107,NA,N,E,I,A,A,H,-,A,D,0,NA,NA,NA,NA,Y,NA,A,01,0,0,1,0,0,0,0,0,0,-,-,33.674110412597656,-117.8843002319336,ORANGE,COSTA MESA,-117.8864974975586,33.673973083496094
94372126,2024,2024-08-27,9690,2024-08-15,600,022263,NA,4,1,4,3045,0,1,1,NA,2,055,I-5 S/B (SAN DIEGO FRWY),EL TORO RD,1700,N,N,A,-,Y,ORA,NA,5,NA,NA,19.03,H,NA,L,Y,2,0,1,1,A,-,08,22107,NA,N,E,I,A,A,D,-,A,D,0,NA,NA,Y,NA,Y,NA,C,02,1,0,0,0,0,0,0,0,1,-,-,33.61840057373047,-117.71147918701172,ORANGE,LAGUNA HILLS,-117.71160888671876,33.618316650390625
94381314,2024,2024-09-04,9675,2024-08-28,301,022398,NA,3,3,6,3008,0,1,3,NA,2,570,SR-57 NORTHBOUND,IMPERIAL HWY,3115,S,N,A,-,Y,ORA,NA,57,NA,NA,19.263,H,NA,R,Y,2,0,2,2,A,-,01,23152,A,N,C,C,A,A,H,-,C,D,0,NA,NA,NA,Y,Y,Y,A,01,2,0,0,0,0,0,0,0,0,-,-,33.902320861816406,-117.88089752197266,ORANGE,FULLERTON,-117.88093566894533,33.90232467651367
94385890,2024,2024-09-09,9670,2024-09-02,2010,023139,NA,1,2,7,3001,0,3,5,NA,2,004,BALL RD (9000 BLOCK),GILBERT ST,350,E,N,A,-,N,NA,NA,NA,NA,NA,NA,NA,NA,NA,N,4,0,1,3,A,-,03,22350,NA,M,C,C,A,A,H,-,C,D,0,NA,NA,NA,NA,Y,NA,-,-,0,0,1,0,0,0,0,0,0,-,-,33.817779541015625,-117.96640014648438,ORANGE,ANAHEIM,-117.96649169921876,33.81770706176758
9438601,2022,2022-05-03,3000,2022-03-14,1525,10399,797J5,1,5,4,3021,0,0,0,NA,0,023,STEPPING STONE CIR,BEACH BL,0,NA,Y,A,-,Y,ORA,12,39,-,-,9.06,H,-,S,N,4,0,1,2,A,-,05,21650,1,N,H,G,A,A,H,-,A,D,0,NA,Y,NA,NA,Y,NA,L,04,0,0,1,0,0,0,1,0,0,-,-,NA,NA,ORANGE,STANTON,-117.99298095703124,33.779518127441406
94386216,2024,2024-09-09,9675,2024-09-03,820,023506,NA,2,1,7,3001,0,1,3,NA,2,194,SR-91 WESTBOUND FASTRAK,IMPERIAL HIGHWAY,3168,W,N,A,-,Y,ORA,NA,91,NA,R,10.963,H,NA,L,N,4,0,2,2,A,-,03,22350,NA,N,C,C,A,A,H,-,A,D,0,NA,NA,NA,NA,Y,NA,A,01,0,0,2,0,0,0,0,0,0,-,-,33.854408264160156,-117.80120849609376,ORANGE,ANAHEIM,-117.80120849609376,33.85454559326172
94388744,2024,2024-09-10,9675,2024-09-05,750,021305,NA,4,1,5,3022,0,1,1,NA,2,503,I-5 SOUTHBOUND,NEWPORT AVE,686,N,N,A,-,Y,ORA,NA,5,NA,NA,29.77,H,NA,L,N,4,0,3,3,A,-,03,22350,NA,N,C,C,A,A,H,-,A,D,0,NA,NA,NA,NA,Y,NA,A,08,0,0,3,0,0,0,0,0,0,-,-,33.7376594543457,-117.82565307617188,ORANGE,TUSTIN,-117.82560729980467,33.737754821777344
94389246,2024,2024-09-10,9675,2024-08-31,2003,023208,NA,6,2,6,3004,0,1,1,NA,2,405,I-405 N/B TO SR-55 N/B,MACARTHUR BLVD,3300,N,N,A,-,Y,NA,NA,NA,NA,NA,NA,NA,NA,NA,N,4,0,1,1,A,-,03,22350,NA,N,F,J,A,A,H,-,C,D,0,NA,NA,Y,NA,Y,NA,C,02,0,0,1,0,0,0,0,0,1,-,-,33.688289642333984,-117.86868286132813,ORANGE,COSTA MESA,-117.86676788330078,33.68694305419922
94397147,2024,2024-09-17,9690,2024-08-27,136,021875,NA,2,3,4,3018,0,1,1,NA,2,057,I-5 S/B (SAN DIEGO FRWY),SR-74 (ORTEGA HWY),2000,S,N,A,-,Y,ORA,NA,5,NA,NA,9.215,H,NA,L,Y,4,0,2,3,A,-,03,22350,NA,M,C,C,A,A,H,-,D,D,0,NA,NA,NA,Y,Y,NA,G,27,0,0,2,0,0,0,0,0,0,-,-,33.49681854248047,-117.6591796875,ORANGE,SAN JUAN CAPISTRANO,-117.65911865234376,33.49680709838867
9440329,2022,2022-05-02,3000,2022-03-08,1727,4246,992E1,2,5,5,3017,0,0,0,NA,0,776,CAMINO MIRA COSTA,PASEO GALLITA,0,NA,Y,A,-,N,NA,NA,NA,NA,NA,NA,NA,NA,NA,Y,4,0,1,2,A,-,09,21802,A,N,D,C,A,A,H,-,A,A,0,NA,NA,NA,NA,Y,NA,A,07,0,0,1,0,0,0,0,0,0,-,-,NA,NA,ORANGE,SAN CLEMENTE,-117.65210723876952,33.45058059692383
94405569,2024,2024-09-24,9670,2024-09-21,305,023099,NA,6,3,4,3020,0,1,1,NA,2,045,I-405 S/B,I-605,250,N,N,A,-,Y,ORA,NA,405,NA,NA,24.065,H,NA,L,Y,4,0,1,2,A,-,08,22107,NA,F,C,C,A,A,H,-,C,D,0,NA,NA,NA,NA,Y,NA,-,99,0,0,1,0,0,0,0,0,0,-,-,33.78456115722656,-118.09201049804688,ORANGE,SEAL BEACH,-118.09201049804688,33.78456115722656
94406120,2024,2024-09-24,9675,2024-09-17,1455,021633,NA,2,2,6,3026,0,1,1,NA,2,406,I-405 SOUTHBOUND,JEFFREY ROAD,1147,N,N,A,-,Y,ORA,NA,405,NA,NA,4.178,H,NA,L,N,4,0,1,3,A,-,03,22350,NA,N,C,C,A,A,H,-,A,D,0,NA,NA,NA,NA,Y,NA,A,07,0,0,1,0,0,0,0,0,0,-,-,33.66373825073242,-117.79901123046876,ORANGE,IRVINE,-117.79898834228516,33.66384506225586
94407385,2024,2024-10-07,9690,2024-09-03,1130,018200,NA,2,1,5,3028,0,1,1,NA,2,056,I-5 S/B (SAN DIEGO FRWY),OSO PARKWAY,1901,N,N,A,-,Y,ORA,NA,5,NA,NA,15.603,H,NA,L,Y,3,0,1,2,A,-,07,21658,A,N,C,C,A,A,H,-,A,D,0,NA,NA,NA,NA,Y,NA,A,07,0,1,0,0,0,0,0,0,0,-,-,33.58562088012695,-117.67183685302734,ORANGE,MISSION VIEJO,-117.6718292236328,33.58562088012695
94409384,2024,2024-09-26,9675,2024-09-21,310,022521,NA,6,3,5,3016,0,1,3,NA,2,571,SR-57 NORTHBOUND,ORANGETHORPE AVE,2640,S,N,A,-,Y,ORA,NA,57,NA,NA,16.008,H,NA,R,Y,4,0,1,2,A,-,07,21658,A,N,B,2,A,A,H,-,C,D,0,NA,NA,NA,NA,Y,NA,D,22,0,0,1,0,0,0,0,0,0,-,-,33.85580062866211,-117.87538146972656,ORANGE,PLACENTIA,-117.87541198730467,33.855796813964844
94410891,2024,2024-09-27,9670,2024-09-26,1908,021900,NA,4,2,5,3007,0,1,1,NA,2,040,I-405 N/B,BROOKHURST ST,600,N,N,A,-,Y,ORA,NA,405,NA,NA,13.949,H,NA,R,Y,4,0,1,3,A,-,03,22350,NA,N,C,C,A,A,H,-,C,D,0,NA,NA,NA,NA,Y,NA,A,07,0,0,1,0,0,0,0,0,0,-,-,33.70722961425781,-117.95622253417967,ORANGE,FOUNTAIN VALLEY,-117.9563446044922,33.70712661743164
94415189,2024,2024-10-01,9675,2024-09-26,1715,020923,NA,4,2,7,3001,0,1,3,NA,2,094,SR-91 W/B,WEIR CANYON RD,3000,W,N,A,-,N,NA,NA,NA,NA,NA,NA,NA,NA,NA,N,4,0,1,2,A,-,03,22350,NA,N,C,C,A,A,H,-,A,D,0,NA,NA,NA,NA,Y,NA,A,07,0,0,1,0,0,0,0,0,0,-,-,33.86928939819336,-117.75087738037108,ORANGE,ANAHEIM,-117.75456237792967,33.86934280395508
9442597,2022,2022-05-13,3000,2022-04-16,1514,4246,992E2,6,5,5,3017,0,0,0,NA,0,776,NORTH EL CAMINO REAL,CAMINO CAPISTRANO,336,S,N,A,-,N,NA,NA,NA,NA,NA,NA,NA,NA,NA,Y,3,0,2,1,A,-,03,22350,NA,N,F,I,A,A,H,-,A,D,0,NA,NA,NA,NA,Y,NA,A,07,0,1,1,0,0,0,0,0,0,-,-,NA,NA,ORANGE,SAN CLEMENTE,-117.6443099975586,33.44097900390625
9442683,2022,2022-05-16,3004,2022-04-14,0715,P676,33,4,5,6,3004,0,0,0,NA,0,005,BRISTOL ST,RT 405,0,NA,Y,A,-,Y,ORA,12,405,-,-,9.341,R,4,N,Y,3,0,1,2,A,-,12,21453,A,N,D,C,A,A,H,-,A,A,0,NA,NA,NA,NA,Y,NA,A,01,0,1,0,0,0,0,0,0,0,-,NF,33.6879997253418,-117.88500213623048,ORANGE,COSTA MESA,-117.88265991210938,33.68750762939453
9442684,2022,2022-05-10,3004,2022-04-13,0032,P701,22,3,5,6,3004,0,0,0,NA,0,010,W BAKER ST,ENTERPRISE ST,50,E,N,A,-,N,NA,NA,NA,NA,NA,NA,NA,NA,NA,Y,2,0,2,1,A,-,03,22350,NA,N,E,I,A,A,H,-,C,D,0,NA,NA,NA,NA,Y,NA,A,01,2,0,0,0,0,0,0,0,0,-,-,33.679988861083984,-117.88195037841795,ORANGE,COSTA MESA,-117.8822784423828,33.680110931396484
94427704,2024,2024-10-11,9675,2024-10-04,1432,023105,NA,5,2,6,3015,0,1,3,NA,2,222,SR-22 WESTBOUND,MAIN ST,420,E,N,A,-,Y,ORA,NA,22,NA,R,11.082,H,NA,L,N,4,0,1,2,A,-,03,22350,NA,N,C,C,A,A,H,-,A,D,0,NA,NA,NA,NA,Y,NA,A,01,0,0,1,0,0,0,0,0,0,-,-,33.778438568115234,-117.86576080322266,ORANGE,ORANGE,-117.86576080322266,33.778358459472656
94430999,2024,2024-10-15,9690,2024-09-29,355,022417,NA,7,3,5,3028,0,1,1,NA,2,056,I-5 NB (SAN DIEGO FREEWAY),CROWN VALLEY PARKWAY,100,N,N,A,-,Y,ORA,NA,5,NA,NA,13.809,H,NA,R,N,2,0,1,1,A,-,01,23152,NA,N,E,J,A,A,H,-,C,D,0,NA,NA,NA,NA,Y,Y,A,01,1,0,0,0,0,0,0,0,0,-,-,33.55971908569336,-117.67278289794922,ORANGE,MISSION VIEJO,-117.67286682128906,33.559722900390625
9443133,2022,2022-05-03,3004,2022-04-08,1506,P677,05,5,5,6,3004,0,0,0,NA,0,015,CABRILLO ST,FULLERTON AV,0,NA,Y,A,-,N,NA,NA,NA,NA,NA,NA,NA,NA,NA,Y,3,0,1,3,A,-,03,22350,NA,N,D,C,A,A,H,-,A,D,0,NA,NA,NA,NA,Y,NA,A,07,0,1,0,0,0,0,0,0,0,-,-,33.63719940185547,-117.9188995361328,ORANGE,COSTA MESA,-117.91898345947266,33.63734817504883
94433783,2024,2024-10-16,9675,2024-10-13,200,022866,NA,7,3,6,3015,0,1,3,NA,2,550,SR-55 NORTHBOUND,KATELLA AVE,1584,S,N,A,-,Y,ORA,NA,55,NA,NA,14.923,H,NA,R,Y,3,0,1,2,A,-,01,23152,A,N,B,C,A,A,H,-,C,D,0,NA,NA,NA,Y,Y,Y,A,01,0,1,0,0,0,0,0,0,0,-,-,33.80535888671875,-117.83164978027344,ORANGE,ORANGE,-117.83171844482422,33.80535888671875
9443618,2022,2022-05-13,3005,2022-04-17,2313,8160,C14,7,5,4,3005,0,0,0,NA,0,001,ORANGE AV,ARBOR LN,43,E,N,A,-,N,NA,NA,NA,NA,NA,NA,NA,NA,NA,Y,3,0,2,1,A,-,08,22107,NA,N,F,I,A,A,H,-,C,D,0,NA,NA,NA,NA,Y,NA,A,01,0,2,0,0,0,0,0,0,0,-,-,NA,NA,ORANGE,CYPRESS,-118.0465087890625,33.824249267578125
94439525,2024,2024-10-22,9670,2024-10-19,1455,018180,NA,6,2,7,3001,0,1,1,NA,2,503,I-5 N/B FROM DISNEYLAND DR.,BALL RD.,1848,N,N,A,-,Y,ORA,NA,5,NA,NA,38.031,H,NA,L,N,4,0,1,1,C,-,18,NA,NA,N,E,I,A,A,H,-,A,D,0,NA,NA,NA,NA,Y,NA,-,-,0,0,1,0,0,0,0,0,0,-,-,33.82215118408203,-117.92262268066406,ORANGE,ANAHEIM,-117.92261505126952,33.8221549987793
94440477,2024,2024-10-22,9670,2024-10-18,400,023139,NA,5,3,5,3007,0,1,1,NA,2,040,I-405 N/B,BEACH BLVD,800,S,N,A,-,Y,ORA,NA,405,NA,NA,16.375,H,NA,R,Y,4,0,1,1,A,-,08,22107,NA,N,E,I,A,A,H,-,D,D,0,NA,NA,NA,NA,Y,NA,A,07,0,0,1,0,0,0,0,0,0,-,-,33.73115921020508,-117.98695373535156,ORANGE,FOUNTAIN VALLEY,-117.98692321777344,33.7311897277832
94448224,2024,2024-10-29,9675,2024-10-17,2218,023160,NA,4,3,7,3001,0,1,3,NA,2,095,SR-91 EASTBOUND,GYPSUM CANYON RD,7392,W,N,A,-,Y,ORA,NA,91,NA,R,14.942,H,NA,R,Y,4,0,1,2,A,-,03,22350,NA,N,C,C,A,A,H,-,C,D,0,NA,NA,NA,NA,Y,NA,A,01,0,0,1,0,0,0,0,0,0,-,-,33.87057113647461,-117.7359619140625,ORANGE,ANAHEIM,-117.7359619140625,33.87056350708008
94450712,2024,2024-10-30,9675,2024-10-18,1352,021633,NA,5,1,7,3001,0,1,3,NA,2,095,SR-91 EASTBOUND,COAL CYN RD,2690,E,N,A,-,Y,ORA,NA,91,NA,R,18.483,H,NA,R,Y,2,0,1,4,A,-,08,22107,NA,N,B,C,A,A,H,-,A,D,0,NA,NA,NA,Y,Y,NA,A,01,1,0,0,0,0,0,0,0,0,-,-,33.868770599365234,-117.67903900146484,ORANGE,ANAHEIM,-117.67899322509766,33.868927001953125
94453451,2024,2024-11-01,9690,2024-10-19,1530,019394,NA,6,2,4,3018,0,1,1,NA,2,057,I-5 S/B (SAN DIEGO FRWY),SAN JUAN CREEK RD.,2080,S,N,A,-,Y,ORA,NA,5,NA,NA,8.222,H,NA,L,N,4,0,1,2,A,-,03,22350,NA,N,C,C,A,A,C,-,A,D,0,NA,NA,NA,NA,Y,NA,A,01,0,0,1,0,0,0,0,0,0,-,-,33.48440170288086,-117.6676025390625,ORANGE,SAN JUAN CAPISTRANO,-117.66761016845705,33.48440933227539
94455511,2024,2024-11-04,9675,2024-10-23,1647,017998,NA,3,2,6,3026,0,1,1,NA,2,407,I-405 NORTHBOUND,SAND CANYON AVE,528,N,N,A,-,Y,ORA,NA,405,NA,NA,3.132,H,NA,R,N,4,0,1,2,A,-,03,22350,NA,N,C,C,A,A,H,-,A,D,0,NA,NA,NA,NA,Y,NA,D,22,0,0,1,0,0,0,0,0,0,-,-,33.65993118286133,-117.78150939941406,ORANGE,IRVINE,-117.78152465820313,33.659912109375
94455525,2024,2024-11-04,9670,2024-11-01,1130,021459,NA,5,1,7,3001,0,1,3,NA,2,093,SR-91 W/B,BROOKHURST ST,528,E,N,A,-,Y,ORA,NA,91,NA,NA,1.378,H,NA,L,N,4,0,1,3,A,-,03,22350,NA,N,C,C,A,A,H,-,A,D,0,NA,NA,NA,NA,Y,NA,A,01,0,0,1,0,0,0,0,0,0,-,-,33.85411834716797,-117.95691680908205,ORANGE,ANAHEIM,-117.95691680908205,33.854034423828125
94457970,2024,2024-11-05,9670,2024-10-17,1730,020505,NA,4,2,4,3020,0,1,1,NA,2,045,I-405 S/B,SR-22 W/B FLYOVER,300,S,N,A,-,Y,ORA,NA,405,NA,NA,23.213,H,NA,L,Y,3,0,2,2,A,-,08,22107,NA,N,E,8,A,A,H,-,A,D,0,NA,NA,NA,NA,Y,NA,A,01,0,2,0,0,0,0,0,0,0,-,-,33.774471282958984,-118.08512115478516,ORANGE,SEAL BEACH,-118.08512115478516,33.77446365356445
9445853,2022,2022-05-24,3005,2022-03-24,1838,8236,C42,4,5,4,3005,0,0,0,NA,0,003,KATELLA AV,KATELLA AV  6820,0,NA,Y,A,-,N,NA,NA,NA,NA,NA,NA,NA,NA,NA,N,4,0,1,2,D,-,00,NA,NA,N,G,B,D,A,H,-,A,D,0,Y,NA,NA,NA,Y,NA,-,-,0,0,1,0,1,0,0,0,0,-,-,NA,NA,ORANGE,CYPRESS,-117.9589614868164,33.803245544433594
94460474,2024,2024-11-06,9690,2024-10-26,1655,019925,NA,6,2,5,3050,0,1,1,NA,2,055,I-5 N/B (SAN DIEGO FRWY),ALICIA PKWY.,1573,S,N,A,-,Y,ORA,NA,5,NA,NA,17.162,H,NA,R,N,4,0,6,2,A,-,03,22350,NA,N,C,C,A,A,H,-,A,D,0,NA,NA,NA,NA,Y,NA,A,07,0,0,6,0,0,0,0,0,0,-,-,33.6021614074707,-117.68598175048828,ORANGE,LAKE FOREST,-117.6859893798828,33.60213851928711
94460730,2024,2024-11-06,9675,2024-10-28,214,023523,NA,1,3,7,3001,0,1,3,NA,2,572,SR-57 NORTHBOUND,BALL ROAD,1660,N,N,B,-,Y,ORA,NA,57,NA,NA,13.736,H,NA,R,Y,4,0,1,2,A,-,01,23152,A,N,B,C,A,A,H,-,C,D,0,NA,NA,NA,NA,Y,Y,A,07,0,0,1,0,0,0,0,0,0,-,-,33.82276916503906,-117.8759765625,ORANGE,ANAHEIM,-117.87600708007813,33.82276916503906
94466717,2024,2024-11-12,9690,2024-11-08,1430,020086,NA,5,2,5,3028,0,1,1,NA,2,056,I-5 N/B (SAN DIEGO FRWY),OSO PKWY,2000,S,N,A,-,Y,ORA,NA,5,NA,NA,14.792,H,NA,R,Y,4,0,3,2,A,-,03,22350,NA,N,C,C,A,A,D,-,A,D,0,NA,NA,NA,NA,Y,NA,A,01,0,0,3,0,0,0,0,0,0,-,-,33.573909759521484,-117.67179870605467,ORANGE,MISSION VIEJO,-117.67170715332033,33.573909759521484
94469333,2024,2024-11-14,9690,2024-10-10,58,020472,NA,4,3,5,3017,0,1,1,NA,2,059,I-5 N/B (SAN DIEGO FRWY),AVENIDA VISTA HERMOSA,1320,N,N,B,-,Y,ORA,NA,5,NA,NA,4.34,H,NA,R,Y,4,0,1,1,A,-,01,23152,A,N,E,I,A,A,H,-,C,D,0,NA,NA,NA,NA,Y,Y,A,01,0,0,1,0,0,0,0,0,0,-,-,33.447261810302734,-117.63494873046876,ORANGE,SAN CLEMENTE,-117.6348876953125,33.44734191894531
94470203,2024,2024-11-14,9675,2024-11-05,1315,017582,NA,2,1,6,3004,0,1,3,NA,2,553,SR-55 NORTHBOUND,BRISTOL STREET,1000,S,N,A,-,Y,ORA,NA,55,NA,R,4.531,H,NA,R,Y,4,0,1,1,A,-,08,22107,NA,N,E,8,A,A,H,-,A,D,0,NA,NA,NA,NA,Y,NA,A,01,0,0,1,0,0,0,0,0,0,-,-,33.67121887207031,-117.88863372802734,ORANGE,COSTA MESA,-117.88874816894533,33.67132568359375
94477146,2024,2024-11-20,9670,2024-11-10,2249,022343,NA,7,3,5,3003,0,1,3,NA,2,092,SR-91 E/B,BEACH BLVD,80,E,N,A,-,Y,ORA,NA,91,NA,R,2.642,H,NA,R,Y,4,0,4,2,A,-,01,23152,A,N,B,C,A,A,H,-,C,D,0,NA,NA,NA,NA,Y,Y,A,01,0,0,4,0,0,0,0,0,0,-,-,33.85602951049805,-117.99754333496094,ORANGE,BUENA PARK,-117.9975357055664,33.85601043701172
94478618,2024,2024-11-21,9675,2024-11-13,1025,021305,NA,3,1,7,3019,0,1,3,NA,2,551,SR-55 SOUTHBOUND,4TH STREET,2006,N,N,A,-,Y,ORA,NA,55,NA,NA,11.364,H,NA,L,N,4,0,1,2,A,-,03,22350,NA,N,C,C,A,A,H,-,A,D,0,NA,NA,NA,NA,Y,NA,A,01,0,0,1,0,0,0,0,0,0,-,-,33.75373840332031,-117.83168792724608,ORANGE,SANTA ANA,-117.8317413330078,33.75374221801758
94478682,2024,2024-11-21,9675,2024-11-13,1725,017998,NA,3,2,6,3004,0,1,3,NA,2,553,SR-55 NORTHBOUND,PAULARINO AVE,528,N,N,A,-,Y,ORA,NA,55,NA,R,5.827,H,NA,R,Y,4,0,1,2,A,-,03,22350,NA,N,C,C,A,A,H,-,D,D,0,NA,NA,NA,NA,Y,NA,A,01,0,0,1,0,0,0,0,0,0,-,-,33.68540954589844,-117.87391662597656,ORANGE,COSTA MESA,-117.87396240234376,33.68544006347656
94480724,2024,2024-11-22,9675,2024-11-14,1748,017998,NA,4,2,6,3026,0,1,1,NA,2,407,I-405 NORTHBOUND,IRVINE CENTER DR,1056,S,N,A,-,Y,ORA,NA,405,NA,NA,0.785,H,NA,R,N,4,0,2,2,A,-,03,22350,NA,N,C,C,A,A,H,-,A,D,0,NA,NA,NA,NA,Y,NA,A,01,0,0,2,0,0,0,0,0,0,-,-,33.647430419921875,-117.74449920654295,ORANGE,IRVINE,-117.74448394775392,33.64746856689453
94481624,2024,2024-11-25,9670,2024-11-14,1935,022330,NA,4,2,7,3001,0,3,5,NA,2,004,CERRITOS AVE,GILBERT ST,0,NA,Y,A,-,N,NA,NA,NA,NA,NA,NA,NA,NA,NA,N,4,0,1,2,A,-,10,21950,A,F,G,B,B,A,H,-,C,D,0,Y,NA,NA,NA,Y,NA,D,22,0,0,1,0,1,0,0,0,0,-,-,33.810489654541016,-117.96746826171876,ORANGE,ANAHEIM,-117.96758270263672,33.81039810180664
94487117,2024,2024-11-28,9675,2024-11-21,1710,017998,NA,4,2,6,3026,0,1,1,NA,2,406,I-405 SOUTHBOUND,UNIVERSITY DR,2000,N,N,A,-,Y,ORA,NA,405,NA,NA,4.519,H,NA,L,Y,3,0,1,3,A,-,07,21658,A,N,B,C,A,A,H,-,A,D,0,NA,NA,Y,NA,Y,NA,-,-,0,1,0,0,0,0,0,0,1,-,-,33.66471862792969,-117.80484008789063,ORANGE,IRVINE,-117.80484771728516,33.664676666259766
94487222,2024,2024-11-28,9675,2024-11-27,1527,022631,NA,3,2,7,3019,0,1,1,NA,2,502,I-5 NORTHBOUND,17TH ST,500,S,N,A,-,Y,ORA,NA,5,NA,NA,32.197,H,NA,R,N,4,0,1,2,A,-,03,22350,NA,N,C,C,A,A,H,-,A,D,0,NA,NA,NA,NA,Y,NA,A,01,0,0,1,0,0,0,0,0,0,-,-,33.757869720458984,-117.85807800292967,ORANGE,SANTA ANA,-117.85807800292967,33.757869720458984
94491026,2023,2024-12-03,9690,2023-02-12,156,021894,NA,7,3,5,3017,0,1,1,NA,2,059,INTERSTATE 5 SOUTHBOUND (SAN DIEGO FREEWAY),CAMINO DE ESTRELLA,1056,S,N,A,-,Y,ORA,NA,5,NA,NA,5.583,H,NA,L,Y,2,0,4,3,A,-,01,23152,A,N,E,I,A,A,H,-,C,D,0,NA,NA,NA,NA,Y,Y,D,22,1,3,0,0,0,0,0,0,0,-,-,33.456939697265625,-117.65306854248048,ORANGE,SAN CLEMENTE,-117.65306854248048,33.45694351196289
9449106,2022,2022-06-17,3003,2022-05-30,1626,652,NA,1,5,5,3003,0,0,0,NA,0,004,PIERCE DR,SANTA ELENA DR,10,N,N,A,-,N,NA,NA,NA,NA,NA,NA,NA,NA,NA,Y,4,0,1,1,A,-,01,23152,A,N,E,I,A,A,H,-,A,A,0,NA,NA,NA,NA,Y,Y,A,08,0,0,1,0,0,0,0,0,0,-,-,33.502899169921875,-118.00229644775392,ORANGE,BUENA PARK,-118.00628662109376,33.84150695800781
94492527,2024,2024-12-04,9675,2024-11-20,720,019320,NA,3,1,6,3015,0,1,1,NA,2,502,I-5 NORTHBOUND FROM CHAPMAN AVE,CHAPMAN AVE.,5,S,N,A,-,Y,NA,NA,NA,NA,NA,NA,NA,NA,NA,N,4,0,1,2,A,-,10,21950,A,N,D,G,A,A,H,-,A,D,0,NA,Y,NA,NA,Y,NA,A,01,0,0,1,0,0,0,1,0,0,-,-,33.78926086425781,-117.8882064819336,ORANGE,ORANGE,-117.88722229003906,33.78947830200195
94496247,2024,2024-12-11,9670,2024-11-30,1030,021355,NA,6,1,9,3000,0,3,5,NA,2,005,NEWLAND ST,WASHINGTON AVE,0,NA,Y,A,-,N,NA,NA,NA,NA,NA,NA,NA,NA,NA,N,4,0,1,2,A,-,09,21804,A,N,D,C,A,A,H,-,A,D,0,NA,NA,NA,NA,Y,NA,A,01,0,0,1,0,0,0,0,0,0,-,-,33.746639251708984,-117.9809799194336,ORANGE,UNINCORPORATED,-117.98088073730467,33.74659729003906