CASE_ID,ACCIDENT_YEAR,PROC_DATE,JURIS,COLLISION_DATE,COLLISION_TIME,OFFICER_ID,REPORTING_DISTRICT,DAY_OF_WEEK,CHP_SHIFT,POPULATION,CNTY_CITY_LOC,SPECIAL_COND,BEAT_TYPE,CHP_BEAT_TYPE,CITY_DIVISION_LAPD,CHP_BEAT_CLASS,BEAT_NUMBER,PRIMARY_RD,SECONDARY_RD,DISTANCE,DIRECTION,INTERSECTION,WEATHER_1,WEATHER_2,STATE_HWY_IND,CALTRANS_COUNTY,CALTRANS_DISTRICT,STATE_ROUTE,ROUTE_SUFFIX,POSTMILE_PREFIX,POSTMILE,LOCATION_TYPE,RAMP_INTERSECTION,SIDE_OF_HWY,TOW_AWAY,COLLISION_SEVERITY,NUMBER_KILLED,NUMBER_INJURED,PARTY_COUNT,PRIMARY_COLL_FACTOR,PCF_CODE_OF_VIOL,PCF_VIOL_CATEGORY,PCF_VIOLATION,PCF_VIOL_SUBSECTION,HIT_AND_RUN,TYPE_OF_COLLISION,MVIW,PED_ACTION,ROAD_SURFACE,ROAD_COND_1,ROAD_COND_2,LIGHTING,CONTROL_DEVICE,CHP_ROAD_TYPE,PEDESTRIAN_ACCIDENT,BICYCLE_ACCIDENT,MOTORCYCLE_ACCIDENT,TRUCK_ACCIDENT,NOT_PRIVATE_PROPERTY,ALCOHOL_INVOLVED,STWD_VEHTYPE_AT_FAULT,CHP_VEHTYPE_AT_FAULT,COUNT_SEVERE_INJ,COUNT_VISIBLE_INJ,COUNT_COMPLAINT_PAIN,COUNT_PED_KILLED,COUNT_PED_INJURED,COUNT_BICYCLIST_KILLED,COUNT_BICYCLIST_INJURED,COUNT_MC_KILLED,COUNT_MC_INJURED,PRIMARY_RAMP,SECONDARY_RAMP,LATITUDE,LONGITUDE,COUNTY,CITY,POINT_X,POINT_Y
94689864,2025,2025-05-16,9675,2025-05-15,1340,018714,NA,4,1,7,3019,0,1,3,NA,2,552,SR-55 NORTHBOUND,EDINGER AVE,2587,S,N,A,-,Y,ORA,NA,55,NA,R,8.953,H,NA,R,N,4,0,1,2,A,-,03,22350,NA,N,C,C,A,A,H,-,A,D,0,NA,NA,NA,NA,Y,NA,D,22,0,0,1,0,0,0,0,0,0,-,-,33.720550537109375,-117.83960723876952,ORANGE,SANTA ANA,-117.83968353271484,33.72060012817383
94697658,2024,2025-05-22,9675,2024-07-12,2340,022639,NA,5,3,7,3019,0,1,1,NA,2,502,INTERSTATE 5 SOUTHBOUND,4TH STREET,2185.7,N,N,A,-,Y,ORA,NA,5,NA,NA,31.455,H,NA,L,N,1,1,0,2,A,-,11,21954,A,F,G,B,E,A,D,-,C,D,0,Y,NA,NA,NA,Y,Y,N,60,0,0,0,1,0,0,0,0,0,-,-,33.75217056274414,-117.84725952148438,ORANGE,SANTA ANA,-117.84722137451172,33.75221633911133
94700991,2025,2025-05-27,9670,2025-05-18,1348,021089,NA,7,1,7,3001,0,1,3,NA,2,093,SR-91 E/B TO BROOKHURST ST.,BROOKHURST ST.,300,W,N,A,-,Y,ORA,NA,91,NA,NA,1.107,H,NA,R,Y,2,0,1,1,A,-,08,22107,NA,N,E,I,A,A,H,-,A,D,0,NA,NA,NA,NA,Y,NA,A,07,1,0,0,0,0,0,0,0,0,-,-,33.853641510009766,-117.96163177490234,ORANGE,ANAHEIM,-117.96163177490234,33.85381317138672
94702440,2025,2025-05-27,9675,2025-05-18,1638,023105,NA,7,2,6,3015,0,1,1,NA,2,502,I-5 NORTHBOUND,CHAPMAN AVE,1056,S,N,A,-,Y,ORA,NA,5,NA,NA,34.73,H,NA,R,N,3,0,3,2,A,-,08,22107,NA,N,E,I,A,A,H,-,A,D,0,NA,NA,NA,NA,Y,NA,A,01,0,1,2,0,0,0,0,0,0,-,-,33.78656005859375,-117.88445281982422,ORANGE,ORANGE,-117.88459014892578,33.78647994995117
94704950,2025,2025-05-29,9675,2025-05-23,2120,022866,NA,5,2,6,3026,0,1,1,NA,2,503,I-5 NORTHBOUND,JAMBOREE RD,700,S,N,A,-,Y,ORA,NA,5,NA,R,27.28,H,NA,R,Y,4,0,1,3,A,-,03,22350,NA,N,C,C,A,A,H,-,C,D,0,NA,NA,NA,NA,Y,NA,A,01,0,0,1,0,0,0,0,0,0,-,-,33.71685028076172,-117.79083251953124,ORANGE,IRVINE,-117.79086303710938,33.71681213378906
94705873,2025,2025-05-29,9675,2025-05-28,1126,021633,NA,3,1,7,3001,0,1,3,NA,2,572,SR-57 SOUTHBOUND,BALL ROAD,1265,N,N,A,-,Y,ORA,NA,57,NA,NA,13.663,H,NA,L,Y,3,0,2,3,A,-,03,22350,NA,N,C,C,A,A,H,-,A,D,0,NA,NA,NA,NA,Y,NA,A,01,0,1,1,0,0,0,0,0,0,-,-,33.82168960571289,-117.876220703125,ORANGE,ANAHEIM,-117.87628936767578,33.82168960571289
9471450,2023,2023-12-12,3004,2023-10-09,1220,P720,20,1,5,6,3004,0,0,0,NA,0,008,DORSET LN,FAIRVIEW RD,15,W,N,A,-,N,NA,NA,NA,NA,NA,NA,NA,NA,NA,N,3,0,1,2,A,-,06,21755,NA,N,B,C,A,A,H,-,A,D,0,NA,NA,Y,NA,Y,NA,C,02,0,1,0,0,0,0,0,0,1,-,-,33.681800842285156,-117.9078369140625,ORANGE,COSTA MESA,-117.90792083740234,33.681724548339844
9471453,2023,2023-12-12,3004,2023-10-11,1300,P720,11,3,5,6,3004,0,0,0,NA,0,001,NEWPORT BL,HARBOR BL,35,S,N,A,-,N,NA,NA,NA,NA,NA,NA,NA,NA,NA,N,3,0,1,2,D,-,00,NA,NA,N,B,C,A,A,H,-,A,A,0,NA,NA,Y,NA,Y,NA,-,-,0,1,0,0,0,0,0,0,1,-,-,33.64101028442383,-117.9188232421875,ORANGE,COSTA MESA,-117.91885375976563,33.64104080200195
94715136,2025,2025-06-05,9675,2025-06-04,1143,021633,NA,3,1,7,3001,0,1,3,NA,2,094,SR-91 WESTBOUND,IMPERIAL HIGHWAY,2470,W,N,B,-,Y,ORA,NA,91,NA,R,11.097,H,NA,L,Y,3,0,3,3,A,-,03,22350,NA,N,C,C,A,A,H,-,A,D,0,NA,NA,NA,NA,Y,NA,A,01,0,1,2,0,0,0,0,0,0,-,-,33.8544807434082,-117.79894256591795,ORANGE,ANAHEIM,-117.79894256591795,33.8544921875
94717498,2025,2025-06-19,9675,2025-05-28,2305,022521,NA,3,3,5,3016,0,1,3,NA,2,571,SR-57 SOUTHBOUND,PLACENTIA AVE,950,S,N,A,-,Y,ORA,NA,57,NA,NA,16.851,H,NA,L,Y,4,0,1,4,A,-,03,22350,NA,N,B,C,E,A,H,-,D,D,0,Y,NA,NA,NA,Y,NA,A,07,0,0,1,0,1,0,0,0,0,-,-,33.86753845214844,-117.87921905517578,ORANGE,PLACENTIA,-117.8792724609375,33.867530822753906
94718545,2025,2025-06-09,9670,2025-06-08,1510,020938,NA,7,2,5,3024,0,1,3,NA,2,022,SR-22 E/B,BROOKHURST ST,500,E,N,A,-,Y,ORA,NA,22,NA,R,6.018,H,NA,R,N,4,0,1,2,A,-,03,22350,NA,N,C,C,A,A,H,-,A,D,0,NA,NA,NA,NA,Y,NA,D,22,0,0,1,0,0,0,0,0,0,-,-,33.76578140258789,-117.95159912109376,ORANGE,WESTMINSTER,-117.95159912109376,33.765838623046875
94718673,2025,2025-06-09,9675,2025-06-03,1245,020699,NA,2,1,5,3022,0,1,3,NA,2,551,SR-55 NORTHBOUND,MCFADDEN AVE,600,N,N,A,-,Y,ORA,NA,55,NA,R,10.083,H,NA,R,N,3,0,1,2,A,-,07,21658,A,N,B,C,A,A,H,-,A,D,0,NA,NA,NA,Y,Y,NA,F,27,0,1,0,0,0,0,0,0,0,-,-,33.73561096191406,-117.83352661132813,ORANGE,TUSTIN,-117.83360290527344,33.73561096191406
9472111,2022,2022-07-15,3003,2022-06-20,1144,652,NA,1,5,5,3003,0,0,0,NA,0,003,CRESCENT AV,STANTON AV,0,NA,Y,A,-,N,NA,NA,NA,NA,NA,NA,NA,NA,NA,Y,4,0,2,2,A,-,09,21801,A,N,A,C,A,A,H,-,A,A,0,NA,NA,NA,NA,Y,NA,A,01,0,0,2,0,0,0,0,0,0,-,-,33.83940124511719,-117.98349761962892,ORANGE,BUENA PARK,-117.99365234375,33.83939743041992
94723007,2025,2025-06-12,9675,2025-06-08,455,023208,NA,7,3,7,3019,0,1,1,NA,2,502,I-5 NORTHBOUND,CHAPMAN AVE,1600,S,N,A,-,Y,ORA,NA,5,NA,NA,34.702,H,NA,R,N,4,0,1,2,A,-,08,22107,NA,N,B,2,A,A,H,-,C,D,0,NA,NA,NA,NA,Y,NA,A,01,0,0,1,0,0,0,0,0,0,-,-,33.78620910644531,-117.88421630859376,ORANGE,SANTA ANA,-117.8843231201172,33.78615188598633
94723255,2025,2025-06-12,9675,2025-06-08,2033,023310,NA,7,2,5,3022,0,1,3,NA,2,051,SR-55 NORTHBOUND,FAIRHAVEN AVE,1100,S,N,A,-,Y,ORA,NA,55,NA,NA,12.49,H,NA,R,Y,3,0,1,1,A,-,03,22350,NA,N,F,A,A,A,H,-,C,D,0,NA,NA,Y,NA,Y,NA,C,02,0,1,0,0,0,0,0,0,1,-,-,33.77009963989258,-117.83088684082033,ORANGE,TUSTIN,-117.83082580566406,33.77009963989258
94724173,2025,2025-06-13,9670,2025-04-24,1445,020618,NA,4,2,7,3001,1,4,S,NA,2,901,WEST SOUTH STREET (100 W BLOCK),SOUTH ANAHEIM BOULEVARD (700 S BLOCK),0,NA,Y,A,-,Y,NA,NA,NA,NA,NA,NA,NA,NA,NA,N,4,0,1,2,A,-,12,21453,A,N,B,G,A,A,H,-,A,A,0,NA,Y,NA,NA,Y,NA,L,04,0,0,1,0,0,0,1,0,0,-,-,33.82683181762695,-117.910888671875,ORANGE,ANAHEIM,-117.91098785400392,33.82673263549805
9472789,2021,2022-07-21,3016,2021-08-30,1845,1246,5,1,5,5,3016,0,0,0,NA,0,001,BRADFORD AV,YORBA LINDA BL,0,NA,Y,A,-,N,NA,NA,NA,NA,NA,NA,NA,NA,NA,N,3,0,2,2,A,-,03,22350,NA,N,C,C,A,A,H,-,A,A,0,NA,NA,NA,NA,Y,NA,A,08,0,1,1,0,0,0,0,0,0,-,-,33.888038635253906,-117.86580657958984,ORANGE,PLACENTIA,-117.86590576171876,33.887996673583984
94729437,2025,2025-06-17,9675,2025-06-13,1430,022273,NA,5,2,7,3019,0,1,3,NA,2,222,SR-22 WESTBOUND,THE CITY DRIVE,1000,E,N,A,-,Y,ORA,NA,22,NA,R,9.96,H,NA,L,Y,3,0,1,1,A,-,08,22107,NA,N,E,I,A,A,H,-,A,D,0,NA,NA,NA,NA,Y,NA,A,07,0,1,0,0,0,0,0,0,0,-,-,33.779048919677734,-117.88526153564452,ORANGE,SANTA ANA,-117.88526153564452,33.77908706665039
9473088,2022,2022-08-11,3006,2022-06-30,0639,329,4,4,5,3,3006,0,0,0,NA,0,001,ORANGETHORPE AV,ALEXANDER AV,0,NA,Y,A,-,N,NA,NA,NA,NA,NA,NA,NA,NA,NA,Y,3,0,2,2,A,-,09,21804,A,N,D,C,A,A,H,-,A,D,0,NA,NA,NA,NA,Y,NA,D,22,0,1,1,0,0,0,0,0,0,-,-,NA,NA,ORANGE,LA PALMA,-118.04454803466795,33.858638763427734
94733639,2025,2025-06-20,9675,2025-06-13,1140,022234,NA,5,1,7,3001,0,1,3,NA,2,094,SR-91 WESTBOUND (RIVERSIDE FREEWAY),LAKEVIEW AVE.,1425,E,N,A,-,Y,ORA,NA,91,NA,R,10.382,H,NA,L,N,4,0,1,2,A,-,08,22107,NA,N,B,C,A,A,H,-,A,D,0,NA,NA,NA,Y,Y,NA,-,-,0,0,1,0,0,0,0,0,0,-,-,33.8536491394043,-117.810791015625,ORANGE,ANAHEIM,-117.81076049804688,33.85361099243164
94735163,2025,2025-06-23,9670,2025-06-13,756,023595,NA,5,1,3,3013,0,1,1,NA,2,045,I-405 S/B TO I-605 N/B,STUDEBAKER RD,2270,S,N,B,-,Y,ORA,NA,405,NA,NA,24.109,H,NA,L,Y,4,0,2,3,A,-,03,22350,NA,N,C,C,A,A,H,-,A,D,0,NA,NA,NA,Y,Y,NA,A,08,0,0,2,0,0,0,0,0,0,-,-,33.785240173339844,-118.09239959716795,ORANGE,LOS ALAMITOS,-118.0924835205078,33.78519058227539
94735456,2025,2025-06-23,9670,2025-06-22,950,021459,NA,7,1,4,3020,0,1,1,NA,2,045,I-405 SB,SEAL BEACH BLVD,1584,N,N,A,-,Y,ORA,NA,405,NA,NA,23.004,H,NA,L,Y,3,0,2,4,A,-,07,21658,A,N,B,C,A,A,H,-,A,D,0,NA,NA,NA,NA,Y,NA,-,-,0,1,1,0,0,0,0,0,0,-,-,33.774269104003906,-118.08146667480467,ORANGE,SEAL BEACH,-118.08146667480467,33.77428436279297
94748441,2025,2025-07-07,9675,2025-06-29,1945,023064,NA,7,2,9,3000,0,1,3,NA,2,093,SR-91 WESTBOUND,TUSTIN AVE,50,W,N,A,-,Y,ORA,NA,91,NA,NA,8.381,H,NA,L,N,3,0,4,1,A,-,08,22107,NA,N,E,I,A,A,H,-,A,D,0,NA,NA,NA,NA,Y,NA,A,07,0,4,0,0,0,0,0,0,0,-,-,33.851219177246094,-117.83828735351563,ORANGE,UNINCORPORATED,-117.83824920654295,33.851322174072266
94751190,2025,2025-07-07,9675,2025-06-30,800,024261,NA,1,1,7,3001,0,1,3,NA,2,572,SR-57 SOUTHBOUND,ORANGEWOOD AVENUE,1000,N,N,A,-,Y,ORA,NA,57,NA,NA,12.021,H,NA,L,Y,4,0,3,5,A,-,08,22107,NA,N,B,C,A,A,H,-,A,D,0,NA,NA,NA,NA,Y,NA,A,01,0,0,3,0,0,0,0,0,0,-,-,33.79861831665039,-117.87776184082033,ORANGE,ANAHEIM,-117.87778472900392,33.79861831665039
94757427,2025,2025-07-11,9675,2025-07-10,1503,018834,NA,4,2,7,3001,0,1,3,NA,2,094,SR-91 EASTBOUND,WEIR CANYON ROAD,5280,W,N,A,-,Y,ORA,NA,91,NA,R,13.429,H,NA,R,N,4,0,1,2,A,-,03,22350,NA,N,C,C,A,A,H,-,A,D,0,NA,NA,NA,Y,Y,NA,F,26,0,0,1,0,0,0,0,0,0,-,-,33.86783981323242,-117.7615966796875,ORANGE,ANAHEIM,-117.76157379150392,33.867801666259766
94758455,2025,2025-07-11,9675,2025-07-10,1452,022398,NA,4,2,7,3001,0,1,3,NA,2,572,SR-57 SOUTHBOUND,KATELLA AVE,1373,N,N,A,-,Y,ORA,NA,57,NA,NA,12.814,H,NA,L,Y,4,0,1,2,A,-,03,22350,NA,N,C,C,A,A,H,-,A,D,0,NA,NA,NA,NA,Y,NA,A,01,0,0,1,0,0,0,0,0,0,-,-,33.80982971191406,-117.87920379638672,ORANGE,ANAHEIM,-117.87926483154295,33.80984878540039
9476023,2022,2022-07-12,3000,2022-05-21,2249,9696,951J5,6,5,5,3040,0,0,0,NA,0,743,GOLDEN LANTERN,CAMINO LOS PADRES,18,N,N,A,-,N,NA,NA,NA,NA,NA,NA,NA,NA,NA,Y,3,0,1,1,A,-,08,22107,NA,N,E,I,A,A,H,-,C,A,0,NA,NA,NA,NA,Y,NA,A,01,0,1,0,0,0,0,0,0,0,-,-,NA,NA,ORANGE,LAGUNA NIGUEL,-117.68545532226563,33.52479934692383
9476031,2022,2022-07-12,3000,2022-05-05,1115,10422,921D6,4,5,4,3049,0,0,0,NA,0,682,ALISO VIEJO PKWY,LIBERTY,0,NA,Y,A,-,N,NA,NA,NA,NA,NA,NA,NA,NA,NA,Y,2,0,2,2,D,-,00,NA,NA,N,D,C,A,A,H,-,A,A,0,NA,NA,NA,NA,Y,NA,-,-,1,1,0,0,0,0,0,0,0,-,-,NA,NA,ORANGE,ALISO VIEJO,-117.72840881347656,33.566104888916016
94762668,2025,2025-07-15,9690,2025-07-08,830,016739,NA,2,1,4,3018,0,1,1,NA,2,057,I-5 N/B (SAN DIEGO FRWY),SR-74 (ORTEGA HWY),175,S,N,A,-,Y,ORA,NA,5,NA,NA,10.884,H,NA,R,Y,4,0,1,2,A,-,07,21658,A,N,B,C,A,A,H,-,A,D,0,NA,NA,NA,Y,Y,NA,G,25,0,0,1,0,0,0,0,0,0,-,-,33.52008056640625,-117.66533660888672,ORANGE,SAN JUAN CAPISTRANO,-117.66535186767578,33.520076751708984
94762801,2025,2025-07-16,9675,2025-07-08,647,024524,NA,2,1,7,3001,0,1,3,NA,2,572,SR-57 SOUTHBOUND,BALL ROAD,350,N,N,A,-,Y,ORA,NA,57,NA,NA,13.486,H,NA,L,N,4,0,1,2,A,-,03,22350,NA,N,C,C,A,A,H,-,A,D,0,NA,NA,NA,NA,Y,NA,D,22,0,0,1,0,0,0,0,0,0,-,-,33.81911087036133,-117.87638092041016,ORANGE,ANAHEIM,-117.87632751464844,33.81910705566406
9476575,2022,2022-07-18,3009,2022-06-21,0450,3625,152,2,5,6,3009,0,0,0,NA,0,022,HARBOR BL,LAMPSON,20,S,N,A,-,N,NA,NA,NA,NA,NA,NA,NA,NA,NA,N,3,0,1,2,A,-,09,21804,A,N,D,G,A,A,H,-,C,A,0,NA,Y,NA,NA,Y,NA,L,04,0,1,0,0,0,0,1,0,0,-,-,NA,NA,ORANGE,GARDEN GROVE,-117.91494750976563,33.781593322753906
9476662,2022,2022-08-08,3000,2022-05-28,1048,10904,891E5,6,5,5,3050,0,0,0,NA,0,062,LAKE FOREST DR,RT 5,0,NA,Y,A,-,Y,ORA,12,5,-,-,19.499,R,4,N,Y,4,0,1,2,A,-,09,21453,B,N,D,C,A,A,H,-,A,A,0,NA,NA,NA,NA,Y,NA,D,22,0,0,1,0,0,0,0,0,0,-,NF,NA,NA,ORANGE,LAKE FOREST,-117.71613311767578,33.623863220214844
94767284,2025,2025-07-17,9675,2025-07-10,730,024524,NA,4,1,5,3022,0,1,3,NA,2,552,SR-55 NORTHBOUND,MCFADDEN AVE,264,S,N,A,-,Y,ORA,NA,55,NA,R,9.908,H,NA,R,N,4,0,1,2,A,-,03,22350,NA,N,C,C,A,A,H,-,A,D,0,NA,NA,NA,NA,Y,NA,A,01,0,0,1,0,0,0,0,0,0,-,-,33.733070373535156,-117.83351135253906,ORANGE,TUSTIN,-117.8336181640625,33.73307418823242
94776263,2025,2025-07-24,9675,2025-07-21,551,022631,NA,1,3,7,3001,0,1,3,NA,2,094,SR-91 WESTBOUND,WEIR CNYN RD.,3960,W,N,B,-,Y,ORA,NA,91,NA,R,13.723,H,NA,L,N,4,0,1,2,A,-,03,22350,NA,N,C,C,A,A,H,-,B,D,0,NA,NA,NA,NA,Y,NA,D,22,0,0,1,0,0,0,0,0,0,-,-,33.86928176879883,-117.7569580078125,ORANGE,ANAHEIM,-117.75695037841795,33.869205474853516
94776566,2025,2025-07-25,9675,2025-07-20,1148,024301,NA,7,1,7,3001,0,1,3,NA,2,571,SR-57 NORTHBOUND,LA PALMA AVE,1165,S,N,A,-,Y,ORA,NA,57,NA,NA,15.192,H,NA,R,Y,4,0,1,2,A,-,03,22350,NA,N,B,C,A,A,H,-,A,D,0,NA,NA,NA,NA,Y,NA,A,01,0,0,1,0,0,0,0,0,0,-,-,33.84387969970703,-117.8759536743164,ORANGE,ANAHEIM,-117.87591552734376,33.84387969970703
94777675,2025,2025-07-28,9675,2025-07-17,1639,023051,NA,4,2,6,3026,0,1,1,NA,2,530,I-5 NORTHBOUND,YALE AVE,950,N,N,A,-,Y,ORA,NA,5,NA,R,26.005,H,NA,R,Y,4,0,1,3,A,-,03,22350,NA,N,C,C,A,A,H,-,A,D,0,NA,NA,NA,NA,Y,NA,D,22,0,0,1,0,0,0,0,0,0,-,-,33.702850341796875,-117.77677154541016,ORANGE,IRVINE,-117.77666473388672,33.70289611816406
94778884,2025,2025-07-28,9670,2025-07-26,750,020523,NA,6,1,5,3003,0,1,3,NA,2,092,SR-91 E/B,BEACH BLVD,528,E,N,A,-,Y,ORA,NA,91,NA,R,3.109,H,NA,R,Y,4,0,1,2,A,-,07,21658,A,N,B,C,A,A,H,-,A,D,0,NA,NA,NA,Y,Y,NA,G,25,0,0,1,0,0,0,0,0,0,-,-,33.855979919433594,-117.98943328857422,ORANGE,BUENA PARK,-117.98943328857422,33.856048583984375
94778987,2025,2025-07-28,9670,2025-07-11,2230,022761,NA,5,3,6,3009,0,1,3,NA,2,022,SR-22 EASTBOUND,MAGNOLIA ST,600,W,N,A,-,Y,ORA,NA,22,NA,R,4.706,H,NA,R,Y,3,0,1,1,A,-,01,23152,A,N,B,J,A,A,H,-,D,A,0,NA,NA,Y,NA,Y,Y,C,02,0,1,0,0,0,0,0,0,1,-,-,33.766361236572266,-117.97474670410156,ORANGE,GARDEN GROVE,-117.97477722167967,33.76630783081055
9477937,2022,2022-07-27,3005,2022-06-29,2108,8152,C16,3,5,4,3005,0,0,0,NA,0,002,ORANGE AV,VALLEY VIEW ST,31,E,N,A,-,N,NA,NA,NA,NA,NA,NA,NA,NA,NA,Y,4,0,1,3,A,-,08,22107,NA,N,B,C,A,A,H,-,C,A,0,NA,NA,NA,NA,Y,NA,A,01,0,0,1,0,0,0,0,0,0,-,-,NA,NA,ORANGE,CYPRESS,-118.02828979492188,33.824459075927734
94780681,2025,2025-07-29,9675,2025-07-23,1210,021716,NA,3,1,9,3000,0,1,3,NA,2,242,SR-241 NORTHBOUND,BEE CNYN RD.,1637,S,N,A,-,Y,ORA,NA,241,NA,NA,27.088,H,NA,R,N,3,0,1,3,A,-,08,22107,NA,N,B,2,A,A,H,-,A,D,0,NA,NA,NA,Y,Y,NA,F,26,0,1,0,0,0,0,0,0,0,-,-,33.71392059326172,-117.72039794921876,ORANGE,UNINCORPORATED,-117.72038269042967,33.71392059326172
94781292,2025,2025-07-29,9675,2025-07-25,1500,024301,NA,5,2,7,3001,0,1,3,NA,2,572,SR-57 S/B TO BALL RD.,BALL ROAD,420,N,N,A,-,Y,NA,NA,NA,NA,NA,NA,NA,NA,NA,N,4,0,1,2,A,-,03,22350,NA,N,C,C,A,A,H,-,A,D,0,NA,NA,NA,NA,Y,NA,A,08,0,0,1,0,0,0,0,0,0,-,-,33.81937026977539,-117.87716674804688,ORANGE,ANAHEIM,-117.87628936767578,33.819244384765625
94781874,2025,2025-07-30,9675,2025-07-22,2231,022052,NA,2,3,6,3008,0,1,3,NA,2,571,SR-57 SOUTHBOUND,YORBA LINDA BLVD.,1800,S,N,A,-,Y,ORA,NA,57,NA,NA,17.995,H,NA,L,Y,3,0,3,3,A,-,03,22350,NA,N,C,C,A,A,H,-,D,D,0,NA,NA,NA,NA,Y,NA,A,01,0,1,2,0,0,0,0,0,0,-,-,33.88399887084961,-117.88063049316406,ORANGE,FULLERTON,-117.8806381225586,33.88399887084961
94784419,2025,2025-07-31,9670,2025-07-23,2140,022421,NA,3,2,9,3000,0,3,5,NA,2,003,FOSTER RD (11500 BLOCK),SILVERWOOD DR,75,S,N,A,-,N,NA,NA,NA,NA,NA,NA,NA,NA,NA,Y,4,0,2,3,A,-,05,21650,NA,N,A,C,A,A,H,-,D,D,0,NA,NA,NA,NA,Y,NA,A,07,0,0,2,0,0,0,0,0,0,-,-,33.794429779052734,-118.08251953125,ORANGE,UNINCORPORATED,-118.08251190185548,33.794464111328125
94784712,2025,2025-07-31,9670,2025-07-30,1320,016271,NA,3,1,4,3020,0,1,1,NA,2,045,I-405 S/B,BOLSA CHICA RD,320,N,N,A,-,Y,ORA,NA,405,NA,NA,20.632,H,NA,L,N,4,0,1,2,A,-,03,22350,NA,N,C,C,A,A,H,-,A,D,0,NA,NA,NA,NA,Y,NA,A,01,0,0,1,0,0,0,0,0,0,-,-,33.773651123046875,-118.04052734375,ORANGE,SEAL BEACH,-118.04045104980467,33.773765563964844
94791902,2025,2025-08-06,9675,2025-08-02,2300,023775,NA,6,3,9,3000,0,3,5,NA,2,002,LA COLINA DR (1300 BLOCK),KENWOOD LN,10,W,N,A,-,N,NA,NA,NA,NA,NA,NA,NA,NA,NA,Y,3,0,1,3,A,-,01,23152,A,N,C,4,A,A,H,-,C,A,0,NA,NA,NA,NA,Y,Y,A,01,0,1,0,0,0,0,0,0,0,-,-,33.75114059448242,-117.79989624023438,ORANGE,UNINCORPORATED,-117.79988861083984,33.75105667114258
94792385,2025,2025-08-06,9675,2025-07-31,1650,024485,NA,4,2,7,3019,0,1,1,NA,2,503,I-5 N/B TO SR-55 N/B,MAIN STREET,500,N,N,A,-,Y,ORA,NA,55,NA,NA,10.568,H,NA,R,N,4,0,1,2,A,-,03,22350,NA,N,C,C,A,A,H,-,A,D,0,NA,NA,NA,NA,Y,NA,A,01,0,0,1,0,0,0,0,0,0,-,-,33.7424201965332,-117.83358001708984,ORANGE,SANTA ANA,-117.83373260498048,33.74242401123047
94798583,2025,2025-08-12,9690,2025-07-26,115,022951,NA,6,3,6,3015,0,1,1,NA,2,055,I-5 S/B (SAN DIEGO FRWY),LA PAZ RD,250,S,N,A,-,Y,ORA,NA,5,NA,NA,16.46,H,NA,R,Y,4,0,1,1,A,-,01,23152,A,M,B,I,A,A,H,-,C,D,0,NA,NA,NA,NA,Y,Y,A,07,0,0,1,0,0,0,0,0,0,-,-,33.597450256347656,-117.6752700805664,ORANGE,ORANGE,-117.67542266845705,33.59731674194336
94802411,2025,2025-08-14,9670,2025-08-12,815,016271,NA,2,1,5,3024,0,1,1,NA,2,043,I-405 S/B,WESTMINSTER BLVD,250,S,N,A,-,Y,ORA,NA,405,NA,NA,19.086,H,NA,L,Y,4,0,1,3,A,-,03,22350,NA,N,C,C,A,A,H,-,A,D,0,NA,NA,NA,NA,Y,NA,A,01,0,0,1,0,0,0,0,0,0,-,-,33.7582893371582,-118.02130889892578,ORANGE,WESTMINSTER,-118.02129364013672,33.75830078125
9480257,2022,2022-07-28,3003,2022-07-11,1020,1160,NA,1,5,5,3003,0,0,0,NA,0,001,ARTESIA BL,DARLINGTON AV,0,NA,Y,A,-,N,NA,NA,NA,NA,NA,NA,NA,NA,NA,N,4,0,1,2,A,-,09,21802,A,N,D,C,A,A,H,-,A,A,0,NA,NA,NA,NA,Y,NA,A,07,0,0,1,0,0,0,0,0,0,-,-,33.87358093261719,-117.99588775634766,ORANGE,BUENA PARK,-117.9959716796875,33.873497009277344
94802625,2025,2025-08-14,9675,2025-08-07,1309,016748,NA,4,1,6,3008,0,1,3,NA,2,570,SR-57 SOUTHBOUND,BASTANCHURY ROAD,200,N,N,A,-,Y,ORA,NA,57,NA,NA,18.919,H,NA,L,N,4,0,1,3,A,-,03,22350,NA,N,C,C,A,A,H,-,A,D,0,NA,NA,NA,NA,Y,NA,A,01,0,0,1,0,0,0,0,0,0,-,-,33.89741897583008,-117.88111877441406,ORANGE,FULLERTON,-117.88116455078124,33.89741897583008