CASE_ID,ACCIDENT_YEAR,PROC_DATE,JURIS,COLLISION_DATE,COLLISION_TIME,OFFICER_ID,REPORTING_DISTRICT,DAY_OF_WEEK,CHP_SHIFT,POPULATION,CNTY_CITY_LOC,SPECIAL_COND,BEAT_TYPE,CHP_BEAT_TYPE,CITY_DIVISION_LAPD,CHP_BEAT_CLASS,BEAT_NUMBER,PRIMARY_RD,SECONDARY_RD,DISTANCE,DIRECTION,INTERSECTION,WEATHER_1,WEATHER_2,STATE_HWY_IND,CALTRANS_COUNTY,CALTRANS_DISTRICT,STATE_ROUTE,ROUTE_SUFFIX,POSTMILE_PREFIX,POSTMILE,LOCATION_TYPE,RAMP_INTERSECTION,SIDE_OF_HWY,TOW_AWAY,COLLISION_SEVERITY,NUMBER_KILLED,NUMBER_INJURED,PARTY_COUNT,PRIMARY_COLL_FACTOR,PCF_CODE_OF_VIOL,PCF_VIOL_CATEGORY,PCF_VIOLATION,PCF_VIOL_SUBSECTION,HIT_AND_RUN,TYPE_OF_COLLISION,MVIW,PED_ACTION,ROAD_SURFACE,ROAD_COND_1,ROAD_COND_2,LIGHTING,CONTROL_DEVICE,CHP_ROAD_TYPE,PEDESTRIAN_ACCIDENT,BICYCLE_ACCIDENT,MOTORCYCLE_ACCIDENT,TRUCK_ACCIDENT,NOT_PRIVATE_PROPERTY,ALCOHOL_INVOLVED,STWD_VEHTYPE_AT_FAULT,CHP_VEHTYPE_AT_FAULT,COUNT_SEVERE_INJ,COUNT_VISIBLE_INJ,COUNT_COMPLAINT_PAIN,COUNT_PED_KILLED,COUNT_PED_INJURED,COUNT_BICYCLIST_KILLED,COUNT_BICYCLIST_INJURED,COUNT_MC_KILLED,COUNT_MC_INJURED,PRIMARY_RAMP,SECONDARY_RAMP,LATITUDE,LONGITUDE,COUNTY,CITY,POINT_X,POINT_Y
6371528,2014,2014-06-04,3008,2014-01-14,1743,1117,NA,2,5,6,3008,0,0,0,NA,0,Z-1,MALVERN AV,STEPHENS AV,0,NA,Y,A,-,N,NA,NA,NA,NA,NA,NA,NA,NA,NA,Y,4,0,2,2,A,-,09,21801,A,N,D,C,A,A,H,-,C,D,0,NA,NA,NA,NA,Y,NA,A,01,0,0,2,0,0,0,0,0,0,-,-,NA,NA,ORANGE,FULLERTON,-117.94850013,33.87546009
6371591,2014,2014-06-04,3008,2014-01-04,1702,1177,NA,6,5,6,3008,0,0,0,NA,0,021,ORANGETHORPE AV,GILBERT AV,0,NA,Y,A,-,N,NA,NA,NA,NA,NA,NA,NA,NA,NA,Y,4,0,1,2,A,-,09,21801,A,N,D,C,A,A,H,-,A,A,0,NA,NA,NA,NA,Y,NA,A,01,0,0,1,0,0,0,0,0,0,-,-,NA,NA,ORANGE,FULLERTON,-117.96802011,33.85935004
6371656,2014,2014-06-03,3000,2014-01-16,1225,3893,892D5,4,5,5,3028,0,0,0,NA,0,751,MARGUERITE PKWY,VIA GUADIX,0,NA,Y,A,-,N,NA,NA,NA,NA,NA,NA,NA,NA,NA,N,4,0,2,2,A,-,09,21801,A,N,D,C,A,A,H,-,A,D,0,NA,NA,NA,NA,Y,NA,A,01,0,0,2,0,0,0,0,0,0,-,-,NA,NA,ORANGE,MISSION VIEJO,-117.65167001,33.62632006
6372180,2014,2016-02-25,3002,2014-02-10,1154,1301,528Y,1,5,4,3002,0,0,0,NA,0,013,IMPERIAL HWY,RT 57,57,S,Y,A,-,Y,ORA,12,90,-,R,5.331,I,5,E,Y,3,0,1,2,A,-,12,21453,A,N,D,C,A,A,H,-,A,A,0,NA,NA,NA,NA,Y,NA,-,-,0,1,0,0,0,0,0,0,0,-,SF,NA,NA,ORANGE,BREA,-117.88566847,33.91101666
6373289,2014,2014-06-06,3019,2014-01-25,1148,3193,WE,6,5,7,3019,0,0,0,NA,0,001,TOWNLEY ST,RIVER LN,60,N,N,A,-,N,NA,NA,NA,NA,NA,NA,NA,NA,NA,N,3,0,1,2,A,-,09,21801,A,N,D,G,A,A,H,-,A,D,0,NA,Y,NA,NA,Y,NA,A,01,0,1,0,0,0,0,1,0,0,-,-,NA,NA,ORANGE,SANTA ANA,-117.89387225,33.77050448
6375411,2014,2014-06-13,3019,2014-02-09,0215,3236,NORTH,7,5,7,3019,0,0,0,NA,0,NA,1ST ST,FLOWER,0,NA,Y,A,-,N,NA,NA,NA,NA,NA,NA,NA,NA,NA,Y,4,0,3,2,A,-,01,23152,A,F,D,C,A,A,H,-,C,A,0,NA,NA,NA,NA,Y,Y,A,01,0,0,3,0,0,0,0,0,0,-,-,NA,NA,ORANGE,SANTA ANA,-117.87654008,33.7455501
6376621,2014,2014-06-03,3011,2014-01-19,1545,31051,52,7,5,4,3011,0,0,0,NA,0,002,CATALINA,THALIA ST,0,NA,Y,A,-,N,NA,NA,NA,NA,NA,NA,NA,NA,NA,N,4,0,1,2,D,-,00,NA,NA,N,G,B,E,A,H,-,A,A,0,Y,Y,NA,NA,Y,NA,-,-,0,0,1,0,1,0,0,0,0,-,-,NA,NA,ORANGE,LAGUNA BEACH,-117.77682008,33.5367501
6376859,2014,2014-06-19,3010,2014-02-12,0815,1200/114,147,3,5,6,3010,0,0,0,NA,0,009,GRAHAM,MCFADDEN,0,NA,Y,A,-,N,NA,NA,NA,NA,NA,NA,NA,NA,NA,Y,4,0,2,2,A,-,12,21453,A,N,D,C,A,A,H,-,A,A,0,NA,NA,NA,NA,Y,NA,A,01,0,0,2,0,0,0,0,0,0,-,-,NA,NA,ORANGE,HUNTINGTON BEACH,-118.03274,33.73721009
6376932,2014,2016-03-04,9670,2014-02-18,1510,17192,NA,2,2,4,3020,0,1,1,NA,2,044,RT 405,SEAL BEACH BL,800,S,N,A,-,Y,ORA,12,405,-,-,22.49,H,-,N,Y,4,0,1,1,A,-,08,22107,NA,N,E,I,A,A,H,-,A,D,1,NA,NA,NA,NA,Y,NA,A,07,0,0,1,0,0,0,0,0,0,-,-,33.77447,-118.06607,ORANGE,SEAL BEACH,-118.07222203,33.7744783
6378254,2014,2014-06-09,3010,2014-01-23,1709,1102,425,4,5,6,3010,0,0,0,NA,0,003,YORKTOWN,MAGNOLIA,0,NA,Y,B,-,N,NA,NA,NA,NA,NA,NA,NA,NA,NA,N,4,0,1,2,A,-,09,21801,A,N,D,G,A,A,H,-,A,A,0,NA,Y,NA,NA,Y,NA,A,01,0,0,1,0,0,0,1,0,0,-,-,NA,NA,ORANGE,HUNTINGTON BEACH,-117.97133004,33.67947004
6380352,2014,2016-03-09,9670,2014-02-13,1510,16209,NA,4,2,7,3001,0,1,3,NA,2,093,RT 91,RAYMOND AV,2000,E,N,A,-,Y,ORA,12,91,-,-,4.42,H,-,W,Y,4,0,2,3,A,-,03,22350,NA,N,C,C,A,A,D,-,A,D,1,NA,NA,NA,NA,Y,NA,D,22,0,0,2,0,0,0,0,0,0,-,-,33.85411,-117.90383,ORANGE,ANAHEIM,-117.90395205,33.85396408
6382099,2014,2014-06-18,3001,2014-02-06,1059,A1355,NA,4,5,7,3001,0,0,0,NA,0,0D1,BROOKHURST ST,ORANGE AV,360,S,N,B,-,N,NA,NA,NA,NA,NA,NA,NA,NA,NA,Y,4,0,4,3,A,-,03,22350,NA,N,C,C,A,B,H,-,A,D,0,NA,NA,NA,NA,Y,NA,A,01,0,0,4,0,0,0,0,0,0,-,-,NA,NA,ORANGE,ANAHEIM,-117.95894,33.824043
6384167,2014,2014-06-17,3000,2014-02-03,0817,943,971H3,1,5,4,3029,0,0,0,NA,0,M39,JEREMIAH DR,ST OF THE GOLDEN LANTERN,6,W,N,B,-,N,NA,NA,NA,NA,NA,NA,NA,NA,NA,N,3,0,1,2,A,-,05,21650,1,N,D,G,A,A,H,-,A,A,0,NA,Y,NA,NA,Y,NA,L,04,0,1,0,0,0,0,1,0,0,-,-,NA,NA,ORANGE,DANA POINT,-117.697933,33.485849
6384233,2014,2014-06-16,3022,2014-02-19,1205,1109,NORTH,3,5,5,3022,0,0,0,NA,0,004,EL CAMINO REAL,TUSTIN EAST DR,0,NA,Y,A,-,N,NA,NA,NA,NA,NA,NA,NA,NA,NA,Y,4,0,2,2,A,-,09,21801,A,N,D,C,A,A,H,-,A,D,0,NA,NA,NA,NA,Y,NA,A,01,0,0,2,0,0,0,0,0,0,-,-,33.73092,-117.8109,ORANGE,TUSTIN,-117.81092008,33.73086011
6384866,2014,2014-06-13,3015,2014-02-23,1910,1344,845,7,5,6,3015,0,0,0,NA,0,NA,EAST CHAPMAN AV,NORTH CANNON ST,0,NA,Y,A,-,N,NA,NA,NA,NA,NA,NA,NA,NA,NA,Y,4,0,1,2,A,-,12,21453,A,N,D,C,A,A,H,-,C,A,0,NA,NA,NA,NA,Y,NA,A,08,0,0,1,0,0,0,0,0,0,-,-,NA,NA,ORANGE,ORANGE,-117.79582011,33.78771009
6385290,2014,2016-03-09,3004,2014-02-02,1134,555,11,7,5,6,3004,0,0,0,NA,0,001,NEWPORT BL,BROADWAY,111,S,N,A,-,Y,ORA,12,55,-,-,1.87,H,-,N,Y,4,0,1,2,A,-,07,21658,A,N,F,A,A,A,H,-,A,D,0,NA,NA,Y,NA,Y,NA,A,01,0,0,1,0,0,0,0,0,1,-,-,33.64184,-117.91792,ORANGE,COSTA MESA,-117.91825571,33.64163909
6386605,2014,2016-03-08,9670,2014-02-03,1515,13123,NA,1,2,6,3009,0,1,3,NA,2,024,RT 22,GARDEN GROVE BL,400,W,N,B,-,Y,ORA,12,22,-,R,8.78,H,-,E,Y,4,0,2,2,A,-,03,22350,NA,N,C,C,A,A,H,-,A,D,1,NA,NA,NA,NA,Y,NA,A,01,0,0,2,0,0,0,0,0,0,-,-,33.7733,-117.9067,ORANGE,GARDEN GROVE,-117.90597861,33.77382297
6386829,2014,2014-06-06,3008,2014-01-30,1108,1459,NA,4,5,6,3008,0,0,0,NA,0,002,SOUTH HARBOR BL,COSTCO WY,0,NA,Y,B,-,N,NA,NA,NA,NA,NA,NA,NA,NA,NA,Y,4,0,1,2,A,-,09,21801,NA,N,D,C,A,A,H,-,A,A,0,NA,NA,NA,NA,Y,NA,A,01,0,0,1,0,0,0,0,0,0,-,-,NA,NA,ORANGE,FULLERTON,-117.92429011,33.86189001
6388620,2014,2016-02-25,9675,2014-01-05,1846,19942,NA,7,2,7,3001,0,1,3,NA,2,093,RT 91,MIRALOMA AV,650,E,N,A,-,Y,ORA,12,57,-,-,15.453,R,2,S,Y,4,0,1,1,A,-,08,22107,NA,N,E,J,A,A,H,-,C,D,6,NA,NA,NA,NA,Y,NA,A,01,0,0,1,0,0,0,0,0,0,-,-,33.84987,-117.87772,ORANGE,ANAHEIM,-117.87612682,33.8476422
6388893,2014,2014-06-05,9690,2014-01-29,1514,14552,NA,3,2,9,3000,0,2,4,NA,2,034,ANTONIO PKWY,COVENANT HILLS DR,250,S,N,A,-,N,NA,NA,NA,NA,NA,NA,NA,NA,NA,Y,3,0,5,3,A,-,03,22350,NA,N,C,C,A,A,H,-,A,A,0,NA,NA,NA,NA,Y,NA,A,01,0,2,3,0,0,0,0,0,0,-,-,33.53945,-117.62631,ORANGE,UNINCORPORATED,-117.62662604,33.53978386
6392178,2014,2016-05-20,9675,2014-02-14,2304,19492,NA,5,3,7,3001,0,1,3,NA,2,094,RT 91,WEIR CANYON RD,200,W,N,A,-,Y,ORA,12,91,-,R,14.39,H,-,E,Y,3,0,1,1,A,-,08,22107,NA,N,E,I,A,A,H,-,C,D,1,NA,NA,NA,NA,Y,NA,D,22,0,1,0,0,0,0,0,0,0,-,-,33.86989,-117.74603,ORANGE,ANAHEIM,-117.74546902,33.870137
6392689,2014,2016-03-08,9670,2014-02-14,0800,17858,NA,5,1,6,3009,0,1,3,NA,2,025,RT 22,HARBOR BL,200,W,N,A,-,Y,ORA,12,22,-,R,7.79,H,-,W,Y,3,0,1,2,A,-,03,22350,NA,N,C,C,A,A,H,-,A,D,1,NA,NA,NA,NA,Y,NA,D,22,0,1,0,0,0,0,0,0,0,-,-,33.76698,-117.92277,ORANGE,GARDEN GROVE,-117.92164785,33.76746181
6393263,2014,2016-03-15,9670,2014-01-14,0924,16199,NA,2,1,5,3024,0,1,1,NA,2,042,RT 405,BOLSA AV,528,S,N,A,-,Y,ORA,12,405,-,-,17.65,H,-,N,Y,4,0,1,3,A,-,03,22350,NA,N,C,C,A,A,H,-,A,D,1,NA,NA,NA,NA,Y,NA,A,07,0,0,1,0,0,0,0,0,0,-,-,33.74325,-118.00291,ORANGE,WESTMINSTER,-118.00342568,33.74360539
6393497,2014,2014-06-19,3007,2014-02-07,1006,272,64,5,5,5,3007,0,0,0,NA,0,54M,BUSHARD ST,TALBERT AV,0,NA,Y,A,-,N,NA,NA,NA,NA,NA,NA,NA,NA,NA,Y,4,0,1,3,A,-,09,21801,A,N,D,C,A,A,H,-,A,A,0,NA,NA,NA,NA,Y,NA,A,01,0,0,1,0,0,0,0,0,0,-,-,NA,NA,ORANGE,FOUNTAIN VALLEY,-117.96293004,33.70163007
6393820,2014,2016-03-09,9670,2014-02-12,2015,19502,NA,3,2,5,3003,0,1,1,NA,2,501,RT 5,RT 91,210,S,N,A,-,Y,ORA,12,5,-,-,42.16,H,-,S,Y,3,0,3,1,A,-,08,22107,NA,N,E,I,A,A,H,-,C,D,6,NA,NA,NA,NA,Y,NA,A,07,0,1,2,0,0,0,0,0,0,-,-,33.85503,-117.97659,ORANGE,BUENA PARK,-117.97974246,33.8563989
6395563,2014,2015-10-06,3019,2014-02-19,1649,3151,NE,3,5,7,3019,0,0,0,NA,0,002,FLOWER ST,SANTA ANA BL,0,NA,Y,A,-,N,NA,NA,NA,NA,NA,NA,NA,NA,NA,Y,4,0,1,3,A,-,07,21658,A,N,B,C,A,A,H,-,A,A,0,NA,NA,NA,NA,Y,NA,A,01,0,0,1,0,0,0,0,0,0,-,-,NA,NA,ORANGE,SANTA ANA,-117.87648009,33.74799012
6395967,2014,2014-06-18,3004,2014-02-18,1451,555,1,2,5,6,3004,0,0,0,NA,0,007,19TH ST,MONROVIA AV,1,W,N,A,-,N,NA,NA,NA,NA,NA,NA,NA,NA,NA,N,4,0,1,2,A,-,09,21804,A,N,D,G,A,A,H,-,A,D,0,NA,Y,NA,NA,Y,NA,L,04,0,0,1,0,0,0,1,0,0,-,-,33.64321,-117.93632,ORANGE,COSTA MESA,-117.93636328,33.64330999
6396528,2014,2016-03-08,3004,2014-02-12,0855,462,20,3,5,6,3004,0,0,0,NA,0,004,HARBOR BL,RT 405,0,NA,Y,A,-,Y,ORA,12,405,-,-,11.675,R,4,N,Y,4,0,1,2,A,-,12,21453,A,F,D,C,A,A,H,-,A,A,0,NA,NA,NA,NA,Y,NA,A,07,0,0,1,0,0,0,0,0,0,-,SF,36.68808,-117.91937,ORANGE,COSTA MESA,-117.92263325,33.6906639
6398151,2014,2014-06-25,3001,2014-02-18,1444,471,NA,2,5,7,3001,0,0,0,NA,0,NA,EAST ORANGEWOOD AV,S SPRAGUE AV,0,NA,Y,B,-,N,NA,NA,NA,NA,NA,NA,NA,NA,NA,N,3,0,1,2,A,-,11,21950,B,N,G,B,B,A,H,-,A,D,0,Y,NA,NA,NA,Y,NA,N,60,0,1,0,0,1,0,0,0,0,-,-,NA,NA,ORANGE,ANAHEIM,-117.90531008,33.79614008
6398223,2014,2014-06-24,3019,2014-02-22,2340,3252,WE,6,5,7,3019,0,0,0,NA,0,001,BRISTOL ST,17TH ST,0,NA,Y,E,-,N,NA,NA,NA,NA,NA,NA,NA,NA,NA,Y,4,0,1,2,A,-,12,21453,A,N,D,C,A,A,H,-,C,A,0,NA,NA,NA,NA,Y,NA,A,01,0,0,1,0,0,0,0,0,0,-,-,NA,NA,ORANGE,SANTA ANA,-117.88508011,33.76013
6399658,2014,2014-06-05,3000,2014-01-29,1820,1920,922B4,3,5,5,3028,0,0,0,NA,0,1820,OSO PKWY,MONTANOSO DR,347,W,N,A,-,N,NA,NA,NA,NA,NA,NA,NA,NA,NA,Y,4,0,4,4,A,-,03,22350,NA,N,C,C,A,A,H,-,B,A,0,NA,NA,NA,NA,Y,NA,A,01,0,0,4,0,0,0,0,0,0,-,-,NA,NA,ORANGE,MISSION VIEJO,-117.66656339,33.58144037
6400329,2014,2014-06-19,3001,2014-02-22,1322,A1555,NA,6,5,7,3001,0,0,0,NA,0,0D2,NORTH HARBOR BL,W LINCOLN AV,0,NA,Y,A,-,N,NA,NA,NA,NA,NA,NA,NA,NA,NA,Y,3,0,2,2,A,-,09,21801,A,N,-,C,A,A,H,-,A,A,0,NA,NA,NA,NA,Y,NA,A,07,0,1,1,0,0,0,0,0,0,-,-,NA,NA,ORANGE,ANAHEIM,-117.91962007,33.83418002
6400380,2014,2016-02-25,9675,2014-02-25,0955,14895,NA,2,1,6,3008,0,1,3,NA,2,570,RT 57,IMPERIAL HWY,2640,S,N,A,-,Y,ORA,12,57,-,-,19.36,H,-,S,Y,4,0,1,3,A,-,03,22350,NA,N,C,C,A,A,H,-,A,D,6,NA,NA,NA,NA,Y,NA,A,01,0,0,1,0,0,0,0,0,0,-,-,33.89853,-117.88112,ORANGE,FULLERTON,-117.88111098,33.90375155
6400390,2014,2016-02-25,9675,2014-02-13,0740,016797,NA,4,1,4,3002,0,1,3,NA,2,570,RT 57,TONNER CANYON RD,600,S,N,A,-,Y,ORA,12,57,-,-,12.67,H,-,S,Y,4,0,1,3,A,-,03,22350,NA,N,C,C,A,A,H,-,A,D,6,NA,NA,NA,NA,Y,NA,A,01,0,0,1,0,0,0,0,0,0,-,-,33.93735,-117.87786,ORANGE,BREA,-117.88007215,33.80772492
6400458,2014,2015-11-17,9675,2014-02-25,1652,17773,NA,2,2,6,3004,0,1,1,NA,2,405,RT 405,RT 73,500,N,N,A,-,Y,ORA,12,405,-,-,10.43,H,-,N,Y,4,0,1,2,A,-,03,22350,NA,N,C,C,A,A,H,-,C,D,6,NA,NA,Y,NA,Y,NA,C,02,0,0,1,0,0,0,0,0,1,-,-,33.68767,-117.90065,ORANGE,COSTA MESA,-117.90159769,33.68782328
6401475,2014,2014-06-06,3001,2014-01-24,1358,A1355,NA,5,5,7,3001,0,0,0,NA,0,0D2,BALL RD,ROANNE ST,67,E,N,A,-,N,NA,NA,NA,NA,NA,NA,NA,NA,NA,N,4,0,3,3,A,-,03,22350,NA,N,C,C,A,A,H,-,A,D,0,NA,NA,NA,NA,Y,NA,A,08,0,0,3,0,0,0,0,0,0,-,-,NA,NA,ORANGE,ANAHEIM,-117.96915002,33.8176655
6401598,2014,2014-06-06,3001,2014-01-29,1439,1373,NA,3,5,7,3001,0,0,0,NA,0,0D3,SUNSET ST,BETHEL DR,0,NA,Y,A,-,N,NA,NA,NA,NA,NA,NA,NA,NA,NA,Y,4,0,2,2,A,-,09,21801,A,N,D,C,A,A,H,-,A,D,0,NA,NA,NA,NA,Y,NA,A,08,0,0,2,0,0,0,0,0,0,-,-,NA,NA,ORANGE,ANAHEIM,-117.880539,33.83117
6401621,2014,2014-06-06,3004,2014-01-31,2234,497,32,5,5,6,3004,0,0,0,NA,0,015,SUNFLOWER AV,AVE OF THE ARTS,0,NA,Y,A,-,N,NA,NA,NA,NA,NA,NA,NA,NA,NA,Y,4,0,1,2,A,-,09,21801,A,N,B,C,A,A,H,-,C,A,0,NA,NA,NA,NA,Y,NA,A,07,0,0,1,0,0,0,0,0,0,-,-,33.694,-117.88,ORANGE,COSTA MESA,-117.88105004,33.69424005
6402790,2014,2014-07-10,3008,2014-02-16,0714,1467,NA,7,5,6,3008,0,0,0,NA,0,002,HARBOR BL,COMMONWEALTH AV,0,NA,Y,B,-,N,NA,NA,NA,NA,NA,NA,NA,NA,NA,Y,3,0,2,2,A,-,12,21453,A,N,D,C,A,A,H,-,A,A,0,NA,NA,NA,NA,Y,NA,A,01,0,1,1,0,0,0,0,0,0,-,-,NA,NA,ORANGE,FULLERTON,-117.92431012,33.87036001
6403077,2014,2014-06-24,3024,2014-03-11,1628,133,P01,2,5,5,3024,0,0,0,NA,0,WEST,BOLSA CHICA RD,GARDEN GROVE BL,258,S,N,A,-,N,NA,NA,NA,NA,NA,NA,NA,NA,NA,Y,3,0,2,2,A,-,03,22350,NA,N,C,C,A,A,H,-,A,D,0,NA,NA,NA,NA,Y,NA,A,08,0,1,1,0,0,0,0,0,0,-,-,NA,NA,ORANGE,WESTMINSTER,-118.0390757,33.77342905
6403092,2014,2016-02-10,9690,2014-02-04,1530,014765,NA,2,2,5,3028,0,1,1,NA,2,056,RT 5,LA PAZ RD,1056,S,N,A,-,Y,ORA,12,5,-,-,16.33,H,-,N,N,4,0,1,2,C,-,18,NA,NA,N,E,J,A,A,H,-,A,D,1,NA,NA,NA,Y,Y,NA,-,-,0,0,1,0,0,0,0,0,0,-,-,33.35441,-117.40262,ORANGE,MISSION VIEJO,-117.67394524,33.5959783
6403346,2014,2014-07-17,3010,2014-03-05,0814,0197,136,3,5,6,3010,0,0,0,NA,0,009,BOLSA CHICA,BOLSA,36,N,N,A,-,N,NA,NA,NA,NA,NA,NA,NA,NA,NA,Y,4,0,1,4,A,-,03,22350,NA,N,C,C,A,A,H,-,A,A,0,NA,NA,NA,Y,Y,NA,G,26,0,0,1,0,0,0,0,0,0,-,-,NA,NA,ORANGE,HUNTINGTON BEACH,-118.0416913,33.7445187
6405581,2014,2016-03-09,9675,2014-02-28,1110,18834,NA,5,1,5,3022,0,1,3,NA,2,551,RT 55,17TH ST,400,S,N,C,-,Y,ORA,12,55,-,-,11.604,R,2,N,Y,3,0,1,1,A,-,03,22350,NA,N,E,I,A,B,H,-,A,D,6,NA,NA,NA,NA,Y,NA,D,22,0,1,0,0,0,0,0,0,0,TO,-,33.75859,-117.83042,ORANGE,TUSTIN,-117.83116196,33.75714804
6406014,2014,2014-07-01,3001,2014-02-13,1758,1397,NA,4,5,7,3001,0,0,0,NA,0,0D1,BROOKHURST ST,BALL RD,528,S,N,A,-,N,NA,NA,NA,NA,NA,NA,NA,NA,NA,Y,4,0,1,2,A,-,03,22350,NA,N,C,C,A,A,H,-,B,D,0,NA,NA,NA,NA,Y,NA,A,01,0,0,1,0,0,0,0,0,0,-,-,NA,NA,ORANGE,ANAHEIM,-117.95893,33.81632245
6406037,2014,2014-07-01,3001,2014-02-03,1222,A1060,NA,1,5,7,3001,0,0,0,NA,0,0D2,NORTH STATE COLLEGE BL,RT 91,275,NA,N,A,-,N,NA,NA,NA,NA,NA,NA,NA,NA,NA,Y,3,0,1,2,A,-,09,21801,A,N,D,C,A,A,H,-,A,D,0,NA,NA,NA,NA,Y,NA,A,08,0,1,0,0,0,0,0,0,0,-,EO,NA,NA,ORANGE,ANAHEIM,-117.88946012,33.85432001
6407080,2014,2016-03-04,9675,2014-02-02,2235,20125,NA,7,3,6,3015,0,1,1,NA,2,502,RT 5,CHAPMAN AV,7920,S,N,B,C,Y,ORA,12,5,-,-,33.42,H,-,N,Y,4,0,1,1,A,-,08,22107,NA,N,E,I,A,B,H,-,D,D,1,NA,NA,NA,NA,Y,NA,A,01,0,0,1,0,0,0,0,0,0,-,-,33.78494,-117.87967,ORANGE,ORANGE,-117.87015727000001,33.77190852
6408014,2014,2016-03-15,9670,2014-03-08,1348,17086,NA,6,1,4,3020,0,1,1,NA,2,045,RT 405,SEAL BEACH BL,3960,S,N,A,-,Y,ORA,12,405,-,-,21.89,H,-,S,Y,4,0,1,5,A,-,03,22350,NA,N,C,C,A,A,H,-,A,D,1,NA,NA,NA,NA,Y,NA,A,01,0,0,1,0,0,0,0,0,0,-,-,33.77394,-118.05825,ORANGE,SEAL BEACH,-118.06211747,33.77423971
6409567,2014,2014-06-10,3009,2014-02-16,2043,3005,154,7,5,6,3009,0,0,0,NA,0,022,HASTER ST,GARDEN GROVE BL,39,N,N,A,-,N,NA,NA,NA,NA,NA,NA,NA,NA,NA,Y,3,0,3,2,A,-,01,23152,A,M,C,C,A,A,H,-,C,A,0,NA,NA,NA,NA,Y,Y,A,01,0,1,2,0,0,0,0,0,0,-,-,NA,NA,ORANGE,GARDEN GROVE,-117.90612894,33.77461692
6410000,2014,2016-03-09,3012,2014-03-12,1740,288,14,3,5,5,3012,0,0,0,NA,0,0NW,WHITTIER BL,BEACH BL,399,E,N,A,-,Y,ORA,12,39,-,-,20.8,H,-,N,Y,3,0,5,4,A,-,03,22350,NA,M,C,C,A,A,H,-,A,A,0,NA,NA,NA,NA,Y,NA,D,22,0,1,4,0,0,0,0,0,0,-,-,NA,NA,ORANGE,LA HABRA,-117.96564204,33.93957192
6410322,2014,2014-07-09,3009,2014-03-05,1420,2646,113,3,5,6,3009,0,0,0,NA,0,2-1,CHAPMAN AV,HARRIS ST,47,W,N,A,-,N,NA,NA,NA,NA,NA,NA,NA,NA,NA,N,3,0,1,2,A,-,11,21950,B,N,D,B,D,A,H,-,A,D,0,Y,NA,NA,NA,Y,NA,N,60,0,1,0,0,1,0,0,0,0,-,-,NA,NA,ORANGE,GARDEN GROVE,-117.94395433,33.78866
6412470,2014,2016-01-08,9670,2014-03-18,1613,15587,NA,2,2,5,3003,0,1,3,NA,2,092,RT 91,WESTERN AV,270,W,N,A,-,Y,ORA,12,91,-,R,2.3,H,-,E,Y,4,0,1,3,A,-,03,22350,NA,N,C,C,A,A,H,-,A,D,1,NA,NA,NA,Y,Y,NA,G,25,0,0,1,0,0,0,0,0,0,-,-,33.85583,-118.00293,ORANGE,BUENA PARK,-118.00349149,33.85594758
6412663,2014,2015-02-13,3009,2014-03-09,1214,3217,86,7,5,6,3009,0,0,0,NA,0,WEST3,NEWLAND ST,MAYS AV,120,S,N,A,-,N,NA,NA,NA,NA,NA,NA,NA,NA,NA,Y,4,0,1,3,A,-,03,22350,NA,N,C,C,A,A,H,-,A,D,0,NA,NA,NA,NA,Y,NA,D,22,0,0,1,0,0,0,0,0,0,-,-,NA,NA,ORANGE,GARDEN GROVE,-117.98108,33.76308099
6413632,2014,2014-06-19,3010,2014-02-28,1508,1059,264,5,5,6,3010,0,0,0,NA,0,006,NEWLAND ST,CLP BRUSH DR,123,N,N,C,-,N,NA,NA,NA,NA,NA,NA,NA,NA,NA,Y,4,0,4,2,A,-,03,22350,NA,N,C,C,A,B,H,-,A,A,0,NA,NA,NA,NA,Y,NA,A,07,0,0,4,0,0,0,0,0,0,-,-,NA,NA,ORANGE,HUNTINGTON BEACH,-117.980649,33.721893
6413735,2014,2016-05-20,9670,2014-02-24,1600,17788,NA,1,2,7,3001,0,1,3,NA,2,093,RT 91,BROOKHURST,2500,E,N,A,-,Y,ORA,12,91,-,-,1.73,H,-,W,Y,3,0,1,1,A,-,08,22107,NA,N,F,I,A,A,H,-,A,D,1,NA,NA,NA,NA,Y,Y,A,07,0,1,0,0,0,0,0,0,0,-,-,33.8541,-117.95022,ORANGE,ANAHEIM,-117.9508152,33.85414477
6414464,2014,2014-06-25,3015,2014-03-05,0014,1300,31,3,5,6,3015,0,0,0,NA,0,113,PARK VINE,PARK GRIFFITH,0,NA,Y,A,-,N,NA,NA,NA,NA,NA,NA,NA,NA,NA,Y,4,0,3,2,A,-,12,22450,A,N,D,C,A,A,H,-,C,A,0,NA,NA,NA,NA,Y,NA,D,22,0,0,3,0,0,0,0,0,0,-,-,NA,NA,ORANGE,ORANGE,-117.89403,33.77655001
6414659,2014,2016-01-07,9675,2014-03-08,0937,18832,NA,6,1,7,3001,0,1,3,NA,2,094,RT 91,IMPERIAL HWY,1200,E,N,A,-,Y,ORA,12,91,-,R,11.79,H,-,W,Y,4,0,1,2,A,-,03,22350,NA,N,C,C,A,A,H,-,A,D,1,NA,NA,NA,NA,Y,NA,A,01,0,0,1,0,0,0,0,0,0,-,-,33.86092,-117.78472,ORANGE,ANAHEIM,-117.78657153,33.85597386
6416842,2014,2014-06-27,3010,2014-03-17,1434,1234,165,1,5,6,3010,0,0,0,NA,0,008,BOLSA CHICA,WARNER,175,N,N,A,-,N,NA,NA,NA,NA,NA,NA,NA,NA,NA,N,3,0,1,2,A,-,05,21650,1,N,D,G,A,A,H,-,A,D,0,NA,Y,NA,NA,Y,NA,L,04,0,1,0,0,0,0,1,0,0,-,-,NA,NA,ORANGE,HUNTINGTON BEACH,-118.04146727,33.7158698