CASE_ID,ACCIDENT_YEAR,PROC_DATE,JURIS,COLLISION_DATE,COLLISION_TIME,OFFICER_ID,REPORTING_DISTRICT,DAY_OF_WEEK,CHP_SHIFT,POPULATION,CNTY_CITY_LOC,SPECIAL_COND,BEAT_TYPE,CHP_BEAT_TYPE,CITY_DIVISION_LAPD,CHP_BEAT_CLASS,BEAT_NUMBER,PRIMARY_RD,SECONDARY_RD,DISTANCE,DIRECTION,INTERSECTION,WEATHER_1,WEATHER_2,STATE_HWY_IND,CALTRANS_COUNTY,CALTRANS_DISTRICT,STATE_ROUTE,ROUTE_SUFFIX,POSTMILE_PREFIX,POSTMILE,LOCATION_TYPE,RAMP_INTERSECTION,SIDE_OF_HWY,TOW_AWAY,COLLISION_SEVERITY,NUMBER_KILLED,NUMBER_INJURED,PARTY_COUNT,PRIMARY_COLL_FACTOR,PCF_CODE_OF_VIOL,PCF_VIOL_CATEGORY,PCF_VIOLATION,PCF_VIOL_SUBSECTION,HIT_AND_RUN,TYPE_OF_COLLISION,MVIW,PED_ACTION,ROAD_SURFACE,ROAD_COND_1,ROAD_COND_2,LIGHTING,CONTROL_DEVICE,CHP_ROAD_TYPE,PEDESTRIAN_ACCIDENT,BICYCLE_ACCIDENT,MOTORCYCLE_ACCIDENT,TRUCK_ACCIDENT,NOT_PRIVATE_PROPERTY,ALCOHOL_INVOLVED,STWD_VEHTYPE_AT_FAULT,CHP_VEHTYPE_AT_FAULT,COUNT_SEVERE_INJ,COUNT_VISIBLE_INJ,COUNT_COMPLAINT_PAIN,COUNT_PED_KILLED,COUNT_PED_INJURED,COUNT_BICYCLIST_KILLED,COUNT_BICYCLIST_INJURED,COUNT_MC_KILLED,COUNT_MC_INJURED,PRIMARY_RAMP,SECONDARY_RAMP,LATITUDE,LONGITUDE,COUNTY,CITY,POINT_X,POINT_Y
6949874,2015,2015-07-03,3001,2015-06-03,0233,1191,NA,3,5,7,3001,0,0,0,NA,0,0D2,SUNKIST ST,SYCAMORE ST,43,N,N,A,-,N,NA,NA,NA,NA,NA,NA,NA,NA,NA,Y,3,0,1,1,A,-,01,23152,A,M,E,I,A,A,H,-,C,D,0,NA,NA,NA,NA,Y,Y,A,07,0,1,0,0,0,0,0,0,0,-,-,NA,NA,ORANGE,ANAHEIM,-117.88045,33.84592788
6952391,2015,2015-07-14,3010,2015-06-06,1848,1176,155,6,5,6,3010,0,0,0,NA,0,008,WARNER,ALGONQUIN,155,E,N,A,-,N,NA,NA,NA,NA,NA,NA,NA,NA,NA,Y,3,0,1,2,A,-,07,21658,A,F,E,A,A,A,H,-,A,D,0,NA,NA,Y,NA,Y,NA,A,01,0,1,0,0,0,0,0,0,1,-,-,NA,NA,ORANGE,HUNTINGTON BEACH,-118.04909493,33.71506629
6953902,2015,2016-12-01,9670,2015-06-11,1621,20809,NA,4,2,7,3001,0,1,3,NA,2,093,RT 91,BROOKHURST ST,3030,W,N,A,-,Y,ORA,12,91,-,-,0.66,H,-,W,Y,4,0,1,3,A,-,03,22350,NA,N,C,C,A,A,H,-,A,D,1,NA,NA,NA,NA,Y,NA,D,22,0,0,1,0,0,0,0,0,0,-,-,33.85527,-117.96915,ORANGE,ANAHEIM,-117.96917254,33.85514397
6955065,2015,2015-07-11,3019,2015-06-07,1851,2595,SC,7,5,7,3019,0,0,0,NA,0,004,MACARTHUR BL,SUSAN ST,0,NA,Y,A,-,N,NA,NA,NA,NA,NA,NA,NA,NA,NA,N,2,0,1,2,A,-,12,21453,A,N,D,G,A,A,H,-,B,A,0,NA,Y,NA,NA,Y,NA,L,04,1,0,0,0,0,0,1,0,0,-,-,NA,NA,ORANGE,SANTA ANA,-117.91300007,33.7017001
6955372,2015,2015-07-09,3001,2015-05-27,0711,1670,NA,3,5,7,3001,0,0,0,NA,0,0D2,BROADWAY,LEMON ST,115,E,N,B,-,N,NA,NA,NA,NA,NA,NA,NA,NA,NA,N,3,0,1,2,A,-,08,22107,NA,N,B,G,A,A,H,-,A,D,0,NA,Y,NA,NA,Y,NA,A,01,0,1,0,0,0,0,1,0,0,-,-,NA,NA,ORANGE,ANAHEIM,-117.91474523,33.83297207
6957789,2015,2015-07-16,3001,2015-06-01,0938,1670,NA,1,5,7,3001,0,0,0,NA,0,D 1,BALL RD,WESTERN AV,700,W,N,A,-,N,NA,NA,NA,NA,NA,NA,NA,NA,NA,N,4,0,2,2,A,-,03,22350,NA,N,C,C,A,A,H,-,A,D,0,NA,NA,NA,NA,Y,NA,A,07,0,0,2,0,0,0,0,0,0,-,-,NA,NA,ORANGE,ANAHEIM,-118.00435923,33.81732
6957981,2015,2015-06-25,3026,2015-05-29,0956,4779,U,5,5,6,3026,0,0,0,NA,0,00U,UNIVERSITY DR,SAN JOAQUIN,790,W,N,B,-,N,NA,NA,NA,NA,NA,NA,NA,NA,NA,Y,3,0,2,4,A,-,04,21703,NA,N,C,C,A,A,H,-,A,D,0,NA,NA,NA,NA,Y,NA,A,01,0,1,1,0,0,0,0,0,0,-,-,NA,NA,ORANGE,IRVINE,-117.8340589,33.65756492
6960411,2015,2015-06-29,3001,2015-05-30,2236,A1252,NA,6,5,7,3001,0,0,0,NA,0,0D2,WEST SANTA ANA ST,SOUTH ANAHEIM BL,9,W,N,B,-,N,NA,NA,NA,NA,NA,NA,NA,NA,NA,N,4,0,1,2,A,-,03,22350,NA,N,C,C,A,A,H,-,C,A,0,NA,NA,NA,NA,Y,NA,A,01,0,0,1,0,0,0,0,0,0,-,-,NA,NA,ORANGE,ANAHEIM,-117.91244851,33.83111346
6960543,2015,2016-12-10,9670,2015-05-31,1540,16793,NA,7,2,6,3009,0,1,3,NA,2,023,RT 22,BEACH BL,2000,E,N,B,-,Y,ORA,12,22,-,R,3.99,H,-,W,Y,2,0,1,1,C,-,18,NA,NA,N,F,A,A,A,H,-,A,D,1,NA,NA,Y,NA,Y,NA,-,-,1,0,0,0,0,0,0,0,1,-,-,33.77098,-117.98536,ORANGE,GARDEN GROVE,-117.98562401,33.77083002
6960766,2015,2016-12-01,9670,2015-06-12,1600,15587,NA,5,2,7,3001,0,1,3,NA,2,093,RT 91,HARBOR BL,1590,W,N,A,-,Y,ORA,12,91,-,-,2.96,H,-,W,Y,3,0,1,2,A,-,03,22350,NA,N,C,C,A,A,H,-,A,D,1,NA,NA,NA,NA,Y,NA,D,22,0,1,0,0,0,0,0,0,0,-,-,33.85435,-117.93092,ORANGE,ANAHEIM,-117.92943412,33.8541118
6961176,2015,2017-01-07,9670,2015-06-16,0810,15587,NA,2,1,7,3001,0,1,1,NA,2,502,RT 5,GENE AUTRY WY,550,N,N,A,-,Y,ORA,12,5,-,-,36.05,H,-,N,Y,4,0,1,2,A,-,03,22350,NA,N,C,C,A,A,H,-,A,D,6,NA,NA,NA,NA,Y,NA,A,01,0,0,1,0,0,0,0,0,0,-,-,33.80111,-117.89931,ORANGE,ANAHEIM,-117.89921616,33.80083693
6962167,2015,2015-06-25,3008,2015-05-21,0816,1297,NA,4,5,6,3008,0,0,0,NA,0,NA,NORTH HARBOR BL,COMMONWEALTH AV,0,NA,Y,B,-,N,NA,NA,NA,NA,NA,NA,NA,NA,NA,Y,3,0,1,1,C,-,18,NA,NA,N,F,A,A,A,H,-,A,A,0,NA,NA,Y,NA,Y,NA,-,-,0,1,0,0,0,0,0,0,1,-,-,NA,NA,ORANGE,FULLERTON,-117.92431012,33.87036001
6962226,2015,2015-06-30,3000,2015-05-22,2213,7734,922F3,5,5,5,3028,0,0,0,NA,0,755,OSO PKWY,MIRASOL,0,NA,Y,A,-,N,NA,NA,NA,NA,NA,NA,NA,NA,NA,Y,3,0,1,2,A,-,12,21453,A,N,A,C,A,A,H,-,C,A,0,NA,NA,NA,NA,Y,NA,A,01,0,1,0,0,0,0,0,0,0,-,-,NA,NA,ORANGE,MISSION VIEJO,-117.64824001,33.58794011
6962481,2015,2016-12-14,9675,2015-06-16,1505,18834,NA,2,2,7,3019,0,1,1,NA,2,502,RT 5,17TH ST,500,S,N,A,-,Y,ORA,12,5,-,-,32.36,H,-,N,Y,4,0,2,2,A,-,03,22350,NA,N,C,C,A,A,H,-,A,D,1,NA,NA,NA,NA,Y,NA,A,01,0,0,2,0,0,0,0,0,0,-,-,33.75921,-117.86071,ORANGE,SANTA ANA,-117.86045897,33.75902
6963302,2015,2015-07-10,3019,2015-06-05,0832,2630,NE,5,5,7,3019,0,0,0,NA,0,001,PENN WY,17TH ST,20,S,N,A,-,N,NA,NA,NA,NA,NA,NA,NA,NA,NA,N,4,0,1,2,A,-,03,22350,NA,M,C,C,A,A,H,-,A,A,0,NA,NA,NA,NA,Y,NA,A,01,0,0,1,0,0,0,0,0,0,-,-,NA,NA,ORANGE,SANTA ANA,-117.86314,33.76001517
6966102,2015,2015-06-23,3010,2015-05-22,1403,1226,148,5,5,6,3010,0,0,0,NA,0,009,EDINGER AV,CLUBHOUSE,455,E,N,B,-,N,NA,NA,NA,NA,NA,NA,NA,NA,NA,Y,3,0,1,2,A,-,09,21804,A,N,D,C,A,A,H,-,A,D,0,NA,NA,Y,NA,Y,NA,C,02,0,1,0,0,0,0,0,0,1,-,-,NA,NA,ORANGE,HUNTINGTON BEACH,-118.02719688,33.72995
6966534,2015,2015-06-27,9670,2015-05-28,0506,15587,NA,4,3,9,3000,0,3,5,NA,2,004,BROOKHURST ST,BROADWAY,320,S,N,A,-,N,NA,NA,NA,NA,NA,NA,NA,NA,NA,Y,2,0,1,2,A,-,11,21954,A,N,G,B,D,A,H,-,C,A,0,Y,NA,NA,NA,Y,NA,N,60,1,0,0,0,1,0,0,0,0,-,-,33.82787,-117.95893,ORANGE,UNINCORPORATED,-117.95895,33.82801266
6966647,2015,2017-10-02,9690,2015-04-11,2123,12632,NA,6,2,4,3018,0,1,1,NA,2,057,RT 5,EL HORNO ST,622,N,N,A,-,Y,ORA,12,5,-,-,9.88,H,-,S,Y,4,0,1,1,A,-,08,22107,NA,N,E,J,A,A,H,-,C,D,1,NA,NA,NA,NA,Y,NA,A,01,0,0,1,0,0,0,0,0,0,-,-,35.50924,-117.66114,ORANGE,SAN JUAN CAPISTRANO,-117.65976496,33.5062043
6967139,2015,2016-11-29,9670,2015-06-06,1615,20860,NA,6,2,4,3020,0,1,1,NA,2,045,RT 405,BOLSA CHICA RD,2300,N,N,A,-,Y,ORA,12,405,-,-,20.99,H,-,S,Y,4,0,1,2,A,-,03,22350,NA,N,C,C,A,A,H,-,A,D,1,NA,NA,NA,NA,Y,NA,A,01,0,0,1,0,0,0,0,0,0,-,-,33.77426,-118.04845,ORANGE,SEAL BEACH,-118.04657214,33.77452434
6967191,2015,2016-12-14,9690,2015-06-10,0710,15114,NA,3,1,5,3028,0,1,1,NA,2,056,RT 5,OSO PKWY,1100,S,N,A,-,Y,ORA,12,5,-,-,15.01,H,-,N,Y,3,0,1,3,A,-,03,22350,NA,N,C,C,A,A,H,-,A,D,1,NA,NA,NA,NA,Y,NA,A,07,0,1,0,0,0,0,0,0,0,-,-,33.34371,-117.40178,ORANGE,MISSION VIEJO,-117.67168006,33.57709957
6968587,2015,2015-07-07,3019,2015-06-04,1549,3194,SOUTH,4,5,7,3019,0,0,0,NA,0,004,BROADWAY,SANTA CLARA,0,NA,Y,A,-,N,NA,NA,NA,NA,NA,NA,NA,NA,NA,Y,4,0,1,3,A,-,12,21453,A,N,D,C,A,A,H,-,A,A,0,NA,NA,NA,NA,Y,NA,A,01,0,0,1,0,0,0,0,0,0,-,-,NA,NA,ORANGE,SANTA ANA,-117.8695301,33.76685009
6968663,2015,2015-07-07,3026,2015-06-11,1359,7094,NA,4,5,6,3026,0,0,0,NA,0,00U,JAMBOREE RD,KELVIN AV,356,S,N,A,-,N,NA,NA,NA,NA,NA,NA,NA,NA,NA,N,4,0,1,3,A,-,03,22350,NA,N,C,C,A,A,H,-,A,D,0,NA,NA,NA,NA,Y,NA,A,01,0,0,1,0,0,0,0,0,0,-,-,NA,NA,ORANGE,IRVINE,-117.83783284,33.68282716
6968786,2015,2016-12-14,3012,2015-06-11,1455,586,12,4,5,5,3012,0,0,0,NA,0,001,WHITTIER BL,CITRUS DR,0,NA,Y,A,-,Y,ORA,12,39,-,-,21.33,I,5,S,N,3,0,1,2,A,-,05,21650,1,N,D,G,A,A,H,-,A,D,0,NA,Y,NA,NA,Y,NA,L,04,0,1,0,0,0,0,1,0,0,-,-,NA,NA,ORANGE,LA HABRA,-117.95724945,33.93915696
6969006,2015,2016-12-10,3015,2015-06-17,0921,1372,12,3,5,6,3015,0,0,0,NA,0,001,S GLASSELL ST,RT 22,0,NA,Y,A,-,Y,ORA,12,22,-,R,12.03,R,4,W,Y,4,0,2,2,A,-,12,21453,A,N,D,C,A,A,H,-,A,A,0,NA,NA,NA,NA,Y,NA,A,01,0,0,2,0,0,0,0,0,0,-,WF,NA,NA,ORANGE,ORANGE,-117.84995747,33.77523641
6971987,2015,2016-12-08,9690,2015-05-11,0005,020463,NA,1,3,5,3017,0,1,1,NA,2,059,RT 5,AVENIDA VISTA HERMOSA,528,N,N,A,-,Y,ORA,12,5,-,-,4.18,H,-,N,N,4,0,1,1,A,-,03,22350,NA,N,E,J,A,A,D,-,C,D,1,NA,NA,NA,NA,Y,NA,A,01,0,0,1,0,0,0,0,0,0,-,-,33.44301,-117.62843,ORANGE,SAN CLEMENTE,-117.63253308,33.44614223
6972360,2015,2015-07-02,3000,2015-04-23,1806,7734,892E1,4,5,5,3028,0,0,0,NA,0,755,SANTA MARGARITA PKWY,MARGUERITE PKWY,286,W,N,B,-,N,NA,NA,NA,NA,NA,NA,NA,NA,NA,Y,2,0,1,2,A,-,09,21804,A,N,C,C,A,B,H,-,A,D,0,NA,NA,Y,NA,Y,NA,A,01,1,0,0,0,0,0,0,0,1,-,-,NA,NA,ORANGE,MISSION VIEJO,-117.64539865,33.65201983
6972808,2015,2016-12-10,9675,2015-06-10,1900,16944,NA,3,2,6,3015,0,1,3,NA,2,222,RT 22,BRISTOL ST,150,W,N,A,-,Y,ORA,12,22,-,R,10.022,R,1,E,NA,4,0,3,2,A,-,03,22350,NA,N,C,C,A,A,H,-,A,D,6,NA,NA,NA,NA,Y,NA,A,07,0,0,3,0,0,0,0,0,0,-,-,33.77876,-117.88486,ORANGE,ORANGE,-117.88422067,33.7789436
6972885,2015,2015-07-17,3024,2015-06-05,2252,185,P29,5,5,5,3024,0,0,0,NA,0,EAST,BOLSA AV,HOPE ST,0,NA,Y,A,-,N,NA,NA,NA,NA,NA,NA,NA,NA,NA,Y,3,0,2,2,A,-,12,21453,A,N,D,C,A,A,H,-,C,A,0,NA,NA,NA,NA,Y,NA,-,-,0,1,1,0,0,0,0,0,0,-,-,NA,NA,ORANGE,WESTMINSTER,-117.95120001,33.74505008
6973778,2015,2015-07-20,3004,2015-06-12,1155,P541,02,5,5,6,3004,0,0,0,NA,0,015,ANAHEIM AV,TERMINAL WY,45,N,N,A,-,N,NA,NA,NA,NA,NA,NA,NA,NA,NA,N,4,0,2,3,A,-,09,21804,A,N,D,C,A,A,H,-,A,D,0,NA,NA,NA,NA,Y,NA,-,NA,0,0,2,0,0,0,0,0,0,-,-,33.63475,-117.92751,ORANGE,COSTA MESA,-117.92328094,33.63765337
6975850,2015,2017-01-18,9675,2015-06-20,1740,016984,NA,6,2,7,3001,0,1,3,NA,2,095,RT 91,RT 241,2640,W,N,A,-,Y,ORA,12,91,-,R,14.94,H,-,E,Y,4,0,2,2,A,-,03,22350,NA,N,C,C,A,A,H,-,A,D,1,NA,NA,NA,NA,Y,NA,A,01,0,0,2,0,0,0,0,0,0,-,-,33.87065,-117.73758,ORANGE,ANAHEIM,-117.73600792,33.87056937
6975881,2015,2016-11-19,9675,2015-06-13,1139,016923,NA,6,1,6,3004,0,1,3,NA,2,553,RT 55,WILSON ST,50,S,N,A,-,Y,ORA,12,55,-,R,3.15,H,-,S,Y,4,0,1,3,A,-,03,22350,NA,N,C,C,A,A,H,-,A,D,1,NA,NA,NA,NA,Y,NA,A,01,0,0,1,0,0,0,0,0,0,-,-,33.6562,-117.90455,ORANGE,COSTA MESA,-117.90448649,33.65623328
6976920,2015,2015-07-14,3008,2015-06-10,1111,1117,NA,3,5,6,3008,0,0,0,NA,0,00Z,BASTANCHURY RD,ST COLLEGE,0,NA,Y,A,-,N,NA,NA,NA,NA,NA,NA,NA,NA,NA,Y,4,0,3,2,D,-,00,NA,NA,N,D,C,A,A,H,-,A,A,0,NA,NA,NA,NA,Y,NA,-,-,0,0,3,0,0,0,0,0,0,-,-,NA,NA,ORANGE,FULLERTON,-117.89176,33.8978
6976928,2015,2015-07-14,3008,2015-06-08,1026,1441,NA,1,5,6,3008,0,0,0,NA,0,0Z1,BROOKHURST RD,W ORANGETHORPE AV,200,S,N,B,-,N,NA,NA,NA,NA,NA,NA,NA,NA,NA,N,4,0,1,2,A,-,05,21650,1,M,D,G,A,A,H,-,A,D,0,NA,Y,NA,NA,Y,NA,L,04,0,0,1,0,0,0,1,0,0,-,-,NA,NA,ORANGE,FULLERTON,-117.9593,33.85865175
6978042,2015,2016-12-10,9670,2015-06-18,1500,17022,NA,4,2,6,3009,0,1,3,NA,2,024,RT 22,PEARCE ST,300,W,N,A,-,Y,ORA,12,22,-,R,8.19,H,-,E,Y,4,0,1,2,A,-,07,21658,A,N,C,C,A,A,H,-,A,D,1,NA,NA,NA,Y,Y,NA,A,01,0,0,1,0,0,0,0,0,0,-,-,33.76964,-117.91471,ORANGE,GARDEN GROVE,-117.91494257,33.76964603
6978159,2015,2015-07-14,3015,2015-06-23,1349,1332,342,2,5,6,3015,0,0,0,NA,0,233,S ESPLANADE ST,E WASHINGTON AV,0,NA,Y,A,-,N,NA,NA,NA,NA,NA,NA,NA,NA,NA,Y,4,0,1,2,A,-,03,22350,NA,N,C,C,A,A,H,-,A,D,0,NA,NA,NA,NA,Y,NA,A,01,0,0,1,0,0,0,0,0,0,-,-,NA,NA,ORANGE,ORANGE,-117.80966006,33.78638002
6980371,2015,2015-07-16,3026,2015-06-25,0830,4779,C,4,5,6,3026,0,0,0,NA,0,00C,ALTON PKWY,JEFFREY RD,393,E,N,A,-,N,NA,NA,NA,NA,NA,NA,NA,NA,NA,Y,4,0,2,2,A,-,03,22350,NA,N,C,C,A,A,H,-,A,A,0,NA,NA,NA,NA,Y,NA,A,01,0,0,2,0,0,0,0,0,0,-,-,NA,NA,ORANGE,IRVINE,-117.7876435,33.66902781
6983338,2015,2015-07-22,3009,2015-05-30,0933,3769,074,6,5,6,3009,0,0,0,NA,0,013,GARDEN GROVE BL,NEWLAND ST,23,W,N,A,-,N,NA,NA,NA,NA,NA,NA,NA,NA,NA,Y,3,0,2,2,A,-,03,22350,NA,N,C,C,A,A,H,-,A,A,0,NA,NA,NA,NA,Y,NA,A,01,0,1,1,0,0,0,0,0,0,-,-,NA,NA,ORANGE,GARDEN GROVE,-117.9812755,33.77394128
6984532,2015,2015-07-18,3004,2015-06-23,1739,P429,10,2,5,6,3004,0,0,0,NA,0,009,PLACENTIA AV,JOANN ST,0,NA,Y,A,-,N,NA,NA,NA,NA,NA,NA,NA,NA,NA,Y,4,0,1,2,A,-,09,21802,A,N,D,C,A,A,H,-,A,A,0,NA,NA,NA,NA,Y,NA,A,01,0,0,1,0,0,0,0,0,0,-,-,33.39,-117.5555,ORANGE,COSTA MESA,-117.93214004,33.6574801
6984624,2015,2015-07-16,3019,2015-06-22,0402,2973,SOUTH,1,5,7,3019,0,0,0,NA,0,004,FAIRVIEW ST,SAINT ANDREW PL,300,N,N,A,-,N,NA,NA,NA,NA,NA,NA,NA,NA,NA,Y,4,0,1,2,A,-,03,22350,NA,N,C,C,A,A,H,-,C,D,0,NA,NA,NA,NA,Y,NA,A,08,0,0,1,0,0,0,0,0,0,-,-,NA,NA,ORANGE,SANTA ANA,-117.90729583,33.72425744
6985308,2015,2016-11-19,9675,2015-06-30,1750,18834,NA,2,2,5,3022,0,1,3,NA,2,551,RT 55,4TH ST,100,N,N,A,-,Y,ORA,12,55,-,-,11,H,-,N,Y,4,0,1,2,A,-,03,22350,NA,N,C,C,A,A,H,-,A,D,6,NA,NA,NA,NA,Y,NA,A,01,0,0,1,0,0,0,0,0,0,-,-,33.74857,-117.83194,ORANGE,TUSTIN,-117.83209547,33.74839948
6986232,2015,2017-01-18,9675,2015-06-30,1800,017504,NA,2,2,7,3001,0,1,3,NA,2,095,RT 91,GYPSUM CANYON RD,900,E,N,B,-,Y,ORA,12,91,-,R,16.6,H,-,E,N,4,0,1,2,A,-,21,22106,NA,N,C,C,A,A,H,-,A,D,1,NA,NA,NA,NA,Y,NA,A,07,0,0,1,0,0,0,0,0,0,-,-,33.86969,-117.70474,ORANGE,ANAHEIM,-117.70862573,33.86799477
6986240,2015,2015-07-20,9675,2015-06-27,1720,20746,NA,6,2,9,3000,0,2,4,NA,2,034,SANTIAGO CANYON RD,CHINCHILLA PASTURE RD,200,S,N,A,-,N,NA,NA,NA,NA,NA,NA,NA,NA,NA,Y,3,0,2,2,A,-,06,21750,A,N,D,C,A,A,H,-,A,D,0,NA,NA,Y,NA,Y,NA,C,02,0,2,0,0,0,0,0,0,2,-,-,33.76752,-117.72497,ORANGE,UNINCORPORATED,NA,NA
6987898,2015,2015-11-20,3001,2015-07-05,1323,1007,2,7,5,7,3001,0,0,0,NA,0,NA,BROADWAY,CLAUDINA ST,0,NA,Y,A,-,N,NA,NA,NA,NA,NA,NA,NA,NA,NA,NA,4,0,1,2,A,-,09,21802,A,N,D,C,A,A,H,-,A,D,0,NA,NA,NA,NA,Y,NA,A,07,0,0,1,0,0,0,0,0,0,-,-,NA,NA,ORANGE,ANAHEIM,-117.91191008,33.8336401
6988832,2015,2015-07-29,3009,2015-06-08,1430,1940,117,1,5,6,3009,0,0,0,NA,0,2 3,MORNINGSIDE DR,LAKE,272,W,N,A,-,N,NA,NA,NA,NA,NA,NA,NA,NA,NA,N,4,0,1,2,A,-,11,21954,A,N,G,B,D,A,H,-,A,D,0,Y,NA,NA,NA,Y,NA,N,60,0,0,1,0,1,0,0,0,0,-,-,NA,NA,ORANGE,GARDEN GROVE,-117.94517277,33.75640545
6989110,2015,2017-01-19,9675,2015-07-11,0355,018924,NA,6,3,6,3015,0,1,3,NA,2,550,RT 55,KATELLA AV,800,N,N,A,-,Y,ORA,12,55,-,-,15.55,H,-,S,Y,3,0,1,2,A,-,03,22350,NA,N,C,C,A,A,H,-,C,D,6,NA,NA,NA,NA,Y,NA,A,07,0,1,0,0,0,0,0,0,0,-,-,33.81186,-117.83242,ORANGE,ORANGE,-117.83214481,33.81444695
6989462,2015,2015-07-16,3019,2015-06-25,0739,2460,SC,4,5,7,3019,0,0,0,NA,0,004,PACIFIC AV,FLORA ST,0,NA,Y,A,B,N,NA,NA,NA,NA,NA,NA,NA,NA,NA,N,4,0,1,2,A,-,09,21804,A,N,D,G,A,A,H,-,A,D,0,NA,Y,NA,NA,Y,NA,L,04,0,0,1,0,0,0,1,0,0,-,-,NA,NA,ORANGE,SANTA ANA,-117.88795005,33.71569009
6989478,2015,2015-07-16,3019,2015-06-18,1105,1561,SE,4,5,7,3019,0,0,0,NA,0,003,KILSON DR,ELDER AV,115,S,N,A,-,N,NA,NA,NA,NA,NA,NA,NA,NA,NA,Y,4,0,1,2,A,-,08,22107,NA,N,C,E,A,A,H,-,A,D,0,NA,NA,NA,NA,Y,NA,A,01,0,0,1,0,0,0,0,0,0,-,-,NA,NA,ORANGE,SANTA ANA,-117.8613238,33.7285814
6991717,2015,2017-01-28,9670,2015-07-17,1055,15041,NA,5,1,5,3003,0,1,3,NA,2,091,RT 91,VALLEY VIEW ST,800,E,N,A,-,Y,ORA,12,91,-,R,1.08,H,-,W,Y,4,0,1,2,A,-,03,22350,NA,N,C,C,A,A,H,-,A,D,1,NA,NA,NA,NA,Y,NA,A,01,0,0,1,0,0,0,0,0,0,-,-,33.85647,-118.02625,ORANGE,BUENA PARK,-118.02467721,33.85609683
6992734,2015,2016-12-20,9670,2015-07-20,1714,19690,NA,1,2,5,3024,0,1,1,NA,2,042,RT 405,WESTMINSTER BL,300,N,N,A,-,Y,ORA,12,405,-,-,19.22,H,-,N,N,4,0,1,2,A,-,03,22350,NA,N,C,C,A,A,H,-,A,D,1,NA,NA,NA,NA,Y,NA,A,01,0,0,1,0,0,0,0,0,0,-,-,33.75974,-118.0229,ORANGE,WESTMINSTER,-118.02261076,33.75971118
6992750,2015,2017-01-13,9670,2015-07-08,0826,19304,NA,3,1,4,3020,0,1,1,NA,2,044,RT 405,SEAL BEACH BL,3379,N,N,B,-,Y,ORA,12,405,-,-,23.35,H,-,N,N,4,0,1,1,A,-,03,22350,NA,N,E,I,A,A,H,-,A,D,1,NA,NA,NA,NA,Y,NA,A,01,0,0,1,0,0,0,0,0,0,-,-,33.77518,-118.08579,ORANGE,SEAL BEACH,-118.08606631,33.7750417
6993446,2015,2015-08-03,3008,2015-07-01,1812,1396,NA,3,5,6,3008,0,0,0,NA,0,0Z3,MADISON AV,PLACENTIA AV,0,NA,Y,A,-,N,NA,NA,NA,NA,NA,NA,NA,NA,NA,N,4,0,1,2,A,-,05,21650,1,N,D,G,A,A,H,-,A,A,0,NA,Y,NA,NA,Y,NA,L,04,0,0,1,0,0,0,1,0,0,-,-,NA,NA,ORANGE,FULLERTON,-117.87644013,33.88268009
6994657,2015,2017-01-13,9670,2015-07-25,1645,19502,NA,6,2,4,3020,0,1,1,NA,2,045,RT 405,SEAL BEACH BL,500,N,N,A,-,Y,ORA,12,405,-,-,22.73,H,-,S,N,4,0,1,3,A,-,03,22350,NA,N,C,C,A,A,H,-,A,D,1,NA,NA,NA,NA,Y,NA,A,01,0,0,1,0,0,0,0,0,0,-,-,33.77424,-118.07825,ORANGE,SEAL BEACH,-118.0765498,33.77428345
6994669,2015,2016-12-20,9670,2015-07-23,1935,020325,NA,4,2,5,3007,0,1,1,NA,2,041,RT 405,SLATER AV,100,S,N,A,-,Y,ORA,12,405,-,-,14.11,H,-,S,Y,4,0,1,2,A,-,03,22350,NA,N,C,C,A,A,H,-,A,D,1,NA,NA,NA,NA,Y,NA,A,07,0,0,1,0,0,0,0,0,0,-,-,33.70796,-117.95799,ORANGE,FOUNTAIN VALLEY,-117.9586309,33.70866165
6994681,2015,2017-01-12,9670,2015-07-09,1915,20720,NA,4,2,4,3020,0,1,1,NA,2,045,RT 405,SEAL BEACH BL,4752,S,N,A,-,Y,ORA,12,405,-,-,21.74,H,-,S,Y,4,0,1,2,A,-,03,22350,NA,N,C,C,A,A,H,-,A,D,1,NA,NA,Y,NA,Y,NA,C,02,0,0,1,0,0,0,0,0,1,-,-,33.774,-118.05859,ORANGE,SEAL BEACH,-118.05952509,33.77425921
6995360,2015,2015-09-01,3004,2015-07-14,0737,P555,06,2,5,6,3004,0,0,0,NA,0,015,IRVINE AV,E 19TH ST,58,N,N,B,-,N,NA,NA,NA,NA,NA,NA,NA,NA,NA,Y,4,0,1,2,A,-,03,22350,NA,N,C,C,A,A,H,-,A,A,0,NA,NA,NA,NA,Y,NA,A,01,0,0,1,0,0,0,0,0,0,-,-,33.6346,-117.904,ORANGE,COSTA MESA,-117.90302339,33.63409558
6995506,2015,2015-08-29,3014,2015-07-01,1427,1179,RD13,3,5,5,3014,0,0,0,NA,0,0A1,BALBOA BL,19TH ST,114,W,N,B,-,N,NA,NA,NA,NA,NA,NA,NA,NA,NA,N,4,0,1,3,A,-,03,22350,NA,N,C,C,A,A,H,-,A,D,0,NA,NA,NA,NA,Y,NA,A,07,0,0,1,0,0,0,0,0,0,-,-,33.6081,-117.9266,ORANGE,NEWPORT BEACH,-117.92675988,33.60812661
6996743,2015,2015-07-31,3000,2015-05-02,1505,4245,891J7,6,5,5,3028,0,0,0,NA,0,153,ALICIA PKWY,MUIRLANDS BL,180,E,N,A,-,N,NA,NA,NA,NA,NA,NA,NA,NA,NA,Y,4,0,1,4,A,-,01,23152,A,N,C,C,A,A,H,-,A,A,0,NA,NA,NA,NA,Y,Y,A,01,0,0,1,0,0,0,0,0,0,-,-,NA,NA,ORANGE,MISSION VIEJO,-117.68623194,33.61021072
6999042,2015,2017-01-18,9675,2015-07-02,2210,19652,NA,4,3,7,3001,0,1,3,NA,2,093,RT 91,TUSTIN AV,75,W,N,A,-,Y,ORA,12,91,-,-,8.284,R,2,W,Y,4,0,1,1,A,-,01,23152,A,N,E,I,A,A,H,-,E,D,1,NA,NA,NA,NA,Y,Y,D,22,0,0,1,0,0,0,0,0,0,FR,-,33.85227,-117.83847,ORANGE,ANAHEIM,-117.83991725,33.8515775