CASE_ID,ACCIDENT_YEAR,PROC_DATE,JURIS,COLLISION_DATE,COLLISION_TIME,OFFICER_ID,REPORTING_DISTRICT,DAY_OF_WEEK,CHP_SHIFT,POPULATION,CNTY_CITY_LOC,SPECIAL_COND,BEAT_TYPE,CHP_BEAT_TYPE,CITY_DIVISION_LAPD,CHP_BEAT_CLASS,BEAT_NUMBER,PRIMARY_RD,SECONDARY_RD,DISTANCE,DIRECTION,INTERSECTION,WEATHER_1,WEATHER_2,STATE_HWY_IND,CALTRANS_COUNTY,CALTRANS_DISTRICT,STATE_ROUTE,ROUTE_SUFFIX,POSTMILE_PREFIX,POSTMILE,LOCATION_TYPE,RAMP_INTERSECTION,SIDE_OF_HWY,TOW_AWAY,COLLISION_SEVERITY,NUMBER_KILLED,NUMBER_INJURED,PARTY_COUNT,PRIMARY_COLL_FACTOR,PCF_CODE_OF_VIOL,PCF_VIOL_CATEGORY,PCF_VIOLATION,PCF_VIOL_SUBSECTION,HIT_AND_RUN,TYPE_OF_COLLISION,MVIW,PED_ACTION,ROAD_SURFACE,ROAD_COND_1,ROAD_COND_2,LIGHTING,CONTROL_DEVICE,CHP_ROAD_TYPE,PEDESTRIAN_ACCIDENT,BICYCLE_ACCIDENT,MOTORCYCLE_ACCIDENT,TRUCK_ACCIDENT,NOT_PRIVATE_PROPERTY,ALCOHOL_INVOLVED,STWD_VEHTYPE_AT_FAULT,CHP_VEHTYPE_AT_FAULT,COUNT_SEVERE_INJ,COUNT_VISIBLE_INJ,COUNT_COMPLAINT_PAIN,COUNT_PED_KILLED,COUNT_PED_INJURED,COUNT_BICYCLIST_KILLED,COUNT_BICYCLIST_INJURED,COUNT_MC_KILLED,COUNT_MC_INJURED,PRIMARY_RAMP,SECONDARY_RAMP,LATITUDE,LONGITUDE,COUNTY,CITY,POINT_X,POINT_Y
6999134,2015,2017-01-30,3010,2015-07-05,2043,1176,NA,7,5,6,3010,0,0,0,NA,0,002,RT 39,ATLANTA,225,S,N,B,-,Y,ORA,12,39,-,-,0.67,H,-,N,Y,4,0,2,3,A,-,03,22350,NA,N,C,C,A,A,H,-,C,A,0,NA,NA,NA,NA,Y,NA,A,01,0,0,2,0,0,0,0,0,0,-,-,NA,NA,ORANGE,HUNTINGTON BEACH,-117.98825598,33.65824909
6999135,2015,2017-02-02,3010,2015-07-04,2249,1059,474,6,5,6,3010,0,0,0,NA,0,002,RT 1,BROOKHURST ST,1360,N,N,A,-,Y,ORA,12,1,-,-,22.35,H,-,S,Y,4,0,2,2,A,-,03,22350,NA,N,C,C,A,A,H,-,D,A,0,NA,NA,NA,NA,Y,NA,A,07,0,0,2,0,0,0,0,0,0,-,-,NA,NA,ORANGE,HUNTINGTON BEACH,-117.96789486,33.63722773
6999283,2015,2015-07-25,3008,2015-06-23,0143,1156,NA,2,5,6,3008,0,0,0,NA,0,001,VALENCIA DR,BASQUE AV,286,W,N,A,-,N,NA,NA,NA,NA,NA,NA,NA,NA,NA,Y,4,0,1,2,A,-,01,23152,NA,M,A,E,A,A,H,-,C,D,0,NA,NA,NA,NA,Y,Y,A,07,0,0,1,0,0,0,0,0,0,-,-,NA,NA,ORANGE,FULLERTON,-117.95160996,33.86652001
6999289,2015,2015-07-27,3008,2015-06-10,1632,1429,NA,3,5,6,3008,0,0,0,NA,0,001,BROOKHURST RD,ORANGETHORPE AV,180,S,N,A,-,N,NA,NA,NA,NA,NA,NA,NA,NA,NA,Y,4,0,2,2,A,-,03,22350,NA,N,C,C,A,A,H,-,A,A,0,NA,NA,NA,NA,Y,NA,D,22,0,0,2,0,0,0,0,0,0,-,-,NA,NA,ORANGE,FULLERTON,-117.9593,33.85870658
7001146,2015,2017-01-23,9675,2015-07-14,1230,14395,NA,2,1,7,3019,0,1,3,NA,2,551,RT 55,17TH ST,1000,N,N,A,-,Y,ORA,12,55,-,-,11.98,H,-,S,Y,4,0,2,2,A,-,03,22350,NA,N,C,C,A,A,H,-,A,D,6,NA,NA,NA,NA,Y,NA,A,01,0,0,2,0,0,0,0,0,0,-,-,33.76186,-117.83142,ORANGE,SANTA ANA,-117.83117691,33.76261258
7001319,2015,2015-09-19,3010,2015-07-09,1211,1109,319,4,5,6,3010,0,0,0,NA,0,005,GARFIELD,SADDLEBACK,0,NA,Y,A,-,N,NA,NA,NA,NA,NA,NA,NA,NA,NA,Y,4,0,2,2,A,-,09,21801,A,N,D,C,A,A,H,-,A,A,0,NA,NA,NA,Y,Y,NA,D,22,0,0,2,0,0,0,0,0,0,-,-,NA,NA,ORANGE,HUNTINGTON BEACH,-118.01053,33.68656011
7001327,2015,2017-01-30,3010,2015-07-04,1155,217,462,6,5,6,3010,0,0,0,NA,0,002,ATLANTA,RT 39,150,E,N,A,-,Y,ORA,12,39,-,-,0.631,I,6,N,N,3,0,1,2,A,-,05,21650,NA,N,D,G,A,A,H,-,A,A,0,NA,Y,NA,NA,Y,NA,L,04,0,1,0,0,0,0,1,0,0,-,-,NA,NA,ORANGE,HUNTINGTON BEACH,-117.98824751,33.65768791
7002049,2015,2017-01-30,3010,2015-07-08,1359,1096,273,3,5,6,3010,0,0,0,NA,0,006,RT 39,SLATER,0,N,N,A,-,Y,ORA,12,39,-,-,4.14,H,-,N,N,4,0,1,2,A,-,09,21804,A,M,D,G,A,A,H,-,A,D,0,NA,Y,NA,NA,Y,NA,A,07,0,0,1,0,0,0,1,0,0,-,-,NA,NA,ORANGE,HUNTINGTON BEACH,-117.98909791,33.70861759
7002132,2015,2015-07-22,3014,2015-06-21,1513,1441,RD15,7,5,5,3014,0,0,0,NA,0,0A1,NEWPORT BL,26TH ST,244,S,N,A,-,N,NA,NA,NA,NA,NA,NA,NA,NA,NA,N,3,0,1,2,A,-,09,21801,A,M,H,G,A,A,H,-,A,A,0,NA,Y,NA,NA,Y,NA,A,07,0,1,0,0,0,0,1,0,0,-,-,33.6114,-117.9285,ORANGE,NEWPORT BEACH,-117.92890523,33.61115413
7002261,2015,2015-11-13,3022,2015-06-25,2003,1236,NA,4,5,5,3022,0,0,0,NA,0,NA,MYRTLE AV,MAIN ST,56,N,N,A,-,N,NA,NA,NA,NA,NA,NA,NA,NA,NA,N,4,0,1,3,A,-,01,23152,A,M,B,B,E,A,H,-,B,D,0,Y,NA,NA,NA,Y,Y,A,08,0,0,1,0,1,0,0,0,0,-,-,NA,NA,ORANGE,TUSTIN,-117.8315015,33.74224351
7002492,2015,2016-12-17,3002,2015-06-26,1946,1576,526X,5,5,4,3002,0,0,0,NA,0,014,IMPERIAL HWY,BREA BL,0,NA,Y,A,-,Y,ORA,12,90,-,-,4.591,I,6,E,N,3,0,1,2,A,-,05,21650,A,N,D,G,A,A,H,-,A,A,0,NA,Y,NA,NA,Y,NA,L,04,0,1,0,0,0,0,1,0,0,-,-,NA,NA,ORANGE,BREA,-117.89740486,33.91533999
7002499,2015,2015-07-25,3022,2015-06-23,1113,1109,NORTH,2,5,5,3022,0,0,0,NA,0,004,EL CAMINO REAL,RED HILL AV,45,E,N,A,-,N,NA,NA,NA,NA,NA,NA,NA,NA,NA,N,4,0,1,2,A,-,21,22106,NA,N,C,C,A,A,H,-,A,A,0,NA,NA,NA,NA,Y,NA,A,01,0,0,1,0,0,0,0,0,0,-,-,NA,NA,ORANGE,TUSTIN,-117.81456405,33.73418409
7003103,2015,2015-08-05,3024,2015-06-25,1133,162,P11,4,5,5,3024,0,0,0,NA,0,WEST,HOOVER ST,21ST ST,0,NA,Y,A,-,N,NA,NA,NA,NA,NA,NA,NA,NA,NA,N,4,0,2,2,D,-,00,NA,NA,N,D,C,A,A,H,-,A,D,0,NA,NA,NA,NA,Y,NA,-,-,0,0,2,0,0,0,0,0,0,-,-,NA,NA,ORANGE,WESTMINSTER,-117.99846008,33.76282012
7003594,2015,2015-11-18,3019,2015-02-13,2302,2938,51E,5,5,7,3019,0,0,0,NA,0,003,SAINT ANDREW PL,CYPRESS AV,0,NA,Y,A,-,N,NA,NA,NA,NA,NA,NA,NA,NA,NA,N,4,0,1,2,A,-,12,22450,A,M,D,C,A,A,H,-,C,A,0,NA,NA,NA,NA,Y,NA,A,07,0,0,1,0,0,0,0,0,0,-,-,NA,NA,ORANGE,SANTA ANA,-117.86659009,33.72241002
7004349,2015,2015-08-14,3001,2015-07-28,0919,A1355,NA,2,5,7,3001,0,0,0,NA,0,0D2,N LOARA ST,W CATALPA DR,18,N,N,A,-,N,NA,NA,NA,NA,NA,NA,NA,NA,NA,Y,4,0,1,2,A,-,09,21802,A,N,D,C,A,A,H,-,A,A,0,NA,NA,NA,NA,Y,NA,A,01,0,0,1,0,0,0,0,0,0,-,-,NA,NA,ORANGE,ANAHEIM,-117.9373,33.84416935
7004353,2015,2015-08-13,3001,2015-07-27,1648,1373,NA,1,5,7,3001,0,0,0,NA,0,0D4,EAST SANTA ANA CANYON RD,VIA CORTEZ,18,E,N,A,-,N,NA,NA,NA,NA,NA,NA,NA,NA,NA,N,4,0,1,2,A,-,10,21950,A,N,G,B,B,A,H,-,A,A,0,Y,NA,NA,NA,Y,NA,D,22,0,0,1,0,1,0,0,0,0,-,-,NA,NA,ORANGE,ANAHEIM,-117.78665305,33.85207329
7004684,2015,2015-08-14,3009,2015-07-19,2050,3831,074,7,5,6,3009,0,0,0,NA,0,013,NEWLAND ST,GARDEN GROVE BL,2,S,N,C,-,N,NA,NA,NA,NA,NA,NA,NA,NA,NA,N,4,0,1,2,A,-,10,21950,A,N,-,B,B,B,H,-,C,A,0,Y,NA,NA,NA,Y,NA,D,22,0,0,1,0,1,0,0,0,0,-,-,NA,NA,ORANGE,GARDEN GROVE,-117.98119958,33.77393453
7004809,2015,2015-07-22,3008,2015-06-20,1319,1494,ZONE2,6,5,6,3008,0,0,0,NA,0,NA,NORTH STATE COLLEGE BL,ARTS DR,168,N,N,A,-,N,NA,NA,NA,NA,NA,NA,NA,NA,NA,Y,4,0,1,2,A,-,17,21663,NA,N,A,I,A,A,-,-,A,D,0,NA,NA,NA,NA,Y,NA,-,NA,0,0,1,0,0,0,0,0,0,-,-,NA,NA,ORANGE,FULLERTON,-117.88971903,33.8800705
7004811,2015,2015-07-22,3008,2015-06-23,1328,1117,NA,2,5,6,3008,0,0,0,NA,0,0Z2,HARBOR BL,COSTCO WY,30,S,N,A,-,N,NA,NA,NA,NA,NA,NA,NA,NA,NA,NA,4,0,1,2,A,-,03,22350,NA,N,C,C,A,A,H,-,A,D,0,NA,NA,NA,NA,Y,NA,A,01,0,0,1,0,0,0,0,0,0,-,-,NA,NA,ORANGE,FULLERTON,-117.92429,33.86180775
7005314,2015,2015-07-27,3026,2015-06-23,1244,518,NA,2,5,6,3026,0,0,0,NA,0,00C,WALNUT AV,FRANCISCAN CIR,14,E,N,A,-,N,NA,NA,NA,NA,NA,NA,NA,NA,NA,N,3,0,1,3,A,-,12,21453,A,N,D,G,A,A,H,-,A,A,0,NA,Y,NA,NA,Y,NA,A,01,0,1,0,0,0,0,1,0,0,-,-,NA,NA,ORANGE,IRVINE,-117.78639464,33.70381552
7005784,2015,2017-01-14,9670,2015-07-07,0752,019290,NA,2,1,6,3010,0,1,1,NA,2,043,RT 405,BEACH BL,20,N,N,B,F,Y,ORA,12,405,-,-,16.45,H,-,S,Y,4,0,1,2,A,-,03,22350,NA,N,C,C,A,B,H,-,A,D,1,NA,NA,NA,NA,Y,NA,D,22,0,0,1,0,0,0,0,0,0,-,-,33.73265,-117.98956,ORANGE,HUNTINGTON BEACH,-117.98815841,33.73170046
7006009,2015,2015-07-23,3010,2015-06-11,1228,1109,146,4,5,6,3010,0,0,0,NA,0,009,SKYLARK DR,HUMMINGBIRD LN,290,W,N,A,-,N,NA,NA,NA,NA,NA,NA,NA,NA,NA,N,1,1,0,1,D,-,00,NA,NA,N,F,A,A,A,H,-,A,D,0,NA,Y,NA,NA,Y,NA,-,-,0,0,0,0,0,1,0,0,0,-,-,NA,NA,ORANGE,HUNTINGTON BEACH,-118.03868162,33.73059114
7007995,2015,2015-08-20,3010,2015-07-27,1649,1176,261,1,5,6,3010,0,0,0,NA,0,007,SABOT,HEIL,22,S,N,A,-,N,NA,NA,NA,NA,NA,NA,NA,NA,NA,N,4,0,2,2,A,-,03,22350,NA,M,C,C,A,A,H,-,A,D,0,NA,NA,NA,NA,Y,NA,D,22,0,0,2,0,0,0,0,0,0,-,-,NA,NA,ORANGE,HUNTINGTON BEACH,-118.0039557,33.72292979
7008550,2015,2015-08-05,3004,2015-07-26,0831,P543,20,7,5,6,3004,0,0,0,NA,0,008,FAIRVIEW RD,PAULARINO AV,3,S,N,A,-,N,NA,NA,NA,NA,NA,NA,NA,NA,NA,N,3,0,1,2,A,-,09,21804,NA,N,D,G,A,A,H,-,A,A,0,NA,Y,NA,NA,Y,NA,L,04,0,1,0,0,0,0,1,0,0,-,-,33.4056,-117.5427,ORANGE,COSTA MESA,-117.90787,33.68239178
7009450,2015,2015-08-19,3026,2015-07-20,0815,4779,U,1,5,6,3026,0,0,0,NA,0,00U,FERRIS ST,CULVER DR,5,W,N,B,-,N,NA,NA,NA,NA,NA,NA,NA,NA,NA,N,3,0,1,2,A,-,-,NA,NA,N,D,G,A,A,H,-,A,A,0,NA,Y,NA,NA,Y,NA,L,04,0,1,0,0,0,0,1,0,0,-,-,NA,NA,ORANGE,IRVINE,-117.82078241,33.67164896
7009743,2015,2015-08-18,3024,2015-07-26,1053,137,P22,7,5,5,3024,0,0,0,NA,0,WEST,BOLSA AV,VICTORIA LN,0,NA,Y,A,-,N,NA,NA,NA,NA,NA,NA,NA,NA,NA,Y,3,0,2,2,A,-,12,21453,A,N,D,C,A,A,H,-,A,A,0,NA,NA,NA,NA,Y,NA,A,07,0,1,1,0,0,0,0,0,0,-,-,NA,NA,ORANGE,WESTMINSTER,-118.01145005,33.74448001
7010639,2015,2017-02-02,3014,2015-07-03,2122,1253,RD41,5,5,5,3014,0,0,0,NA,0,0A3,RT 1,PROMONTORY DR,100,W,N,A,-,Y,ORA,12,1,-,-,17.64,H,-,S,N,4,0,1,2,A,-,03,22350,NA,N,C,C,A,A,H,-,C,A,0,NA,NA,NA,NA,Y,NA,A,07,0,0,1,0,0,0,0,0,0,-,-,NA,NA,ORANGE,NEWPORT BEACH,-117.8940881,33.61322335
7011017,2015,2015-08-11,3010,2015-07-21,1607,1208,176,2,5,6,3010,0,0,0,NA,0,008,WARNER,AIRPORT,0,NA,Y,A,-,N,NA,NA,NA,NA,NA,NA,NA,NA,NA,Y,3,0,3,2,A,-,09,21801,A,N,A,C,A,A,H,-,A,D,0,NA,NA,NA,NA,Y,NA,A,01,0,2,1,0,0,0,0,0,0,-,-,NA,NA,ORANGE,HUNTINGTON BEACH,-118.03924006,33.71541
7011778,2015,2017-02-02,3011,2015-07-26,1543,31340,83,7,5,4,3011,0,0,0,NA,0,003,RT 1,WEST ST,286,N,N,A,-,Y,ORA,12,1,-,-,6.05,H,-,N,Y,4,0,3,3,A,-,03,22350,NA,N,C,D,A,A,H,-,A,D,0,NA,NA,NA,NA,Y,NA,A,01,0,0,3,0,0,0,0,0,0,-,-,NA,NA,ORANGE,LAGUNA BEACH,-117.74720622,33.50576413
7012658,2015,2016-12-21,9675,2015-07-19,1735,20746,NA,7,2,6,3026,0,1,1,NA,2,504,RT 5,JEFFREY RD,90,S,N,C,-,Y,ORA,12,5,-,R,24.965,R,2,N,Y,4,0,1,1,A,-,08,22107,NA,N,E,I,A,B,H,-,A,D,1,NA,NA,NA,NA,Y,NA,A,01,0,0,1,0,0,0,0,0,0,FR,-,33.68978,-117.76719,ORANGE,IRVINE,-117.76805053,33.68973821
7014549,2015,2015-08-19,9675,2015-07-19,1417,020044,NA,7,2,9,3000,0,3,5,NA,2,003,SILVERADO CANYON RD,MODJESKA CANYON RD,1050,S,N,B,-,N,NA,NA,NA,NA,NA,NA,NA,NA,NA,Y,2,0,2,4,A,-,03,22350,NA,N,C,C,A,A,H,-,A,D,0,NA,NA,Y,NA,Y,NA,C,02,1,1,0,0,0,0,0,0,2,-,-,33.71346,-117.6455,ORANGE,UNINCORPORATED,-117.645924,33.714506
7015968,2015,2015-08-14,3007,2015-07-28,1052,213,3,2,5,5,3007,0,0,0,NA,0,074,ELLIS,BROOKHURST,540,W,N,A,-,N,NA,NA,NA,NA,NA,NA,NA,NA,NA,Y,4,0,1,2,A,-,09,21804,A,N,D,C,A,A,H,-,A,A,0,NA,NA,NA,NA,Y,NA,A,07,0,0,1,0,0,0,0,0,0,-,-,NA,NA,ORANGE,FOUNTAIN VALLEY,-117.95604089,33.6941188
7015982,2015,2015-08-25,3009,2015-07-13,1518,4087,104,1,5,6,3009,0,0,0,NA,0,NA,BROOKHURST ST,LAMPSON AV,0,NA,Y,A,-,N,NA,NA,NA,NA,NA,NA,NA,NA,NA,Y,4,0,1,2,A,-,12,21453,A,N,D,C,A,A,H,-,A,A,0,NA,NA,NA,NA,Y,NA,A,01,0,0,1,0,0,0,0,0,0,-,-,NA,NA,ORANGE,GARDEN GROVE,-117.95865012,33.78130005
7021602,2015,2016-07-26,3001,2015-07-30,0945,A1555,NA,4,5,7,3001,0,0,0,NA,0,0D4,NOHL RANCH RD,RT 90,0,NA,Y,A,-,N,NA,NA,NA,NA,NA,NA,NA,NA,NA,Y,4,0,1,3,A,-,12,21453,A,N,D,C,A,A,H,-,A,A,0,NA,NA,NA,NA,Y,NA,A,01,0,0,1,0,0,0,0,0,0,-,-,NA,NA,ORANGE,ANAHEIM,-117.79051012,33.84369007
7021806,2015,2017-01-30,3010,2015-07-22,1049,1145,NA,3,5,6,3010,0,0,0,NA,0,NA,RT 39,UTICA,419,S,N,A,-,Y,ORA,12,39,-,-,1.88,H,-,S,Y,3,0,1,3,A,-,08,22107,NA,N,D,E,A,A,H,-,A,D,0,NA,NA,NA,NA,Y,NA,A,01,0,1,0,0,0,0,0,0,0,-,-,NA,NA,ORANGE,HUNTINGTON BEACH,-117.98872684,33.67567947
7023982,2015,2015-10-08,3007,2015-07-16,0213,253,47,4,5,5,3007,0,0,0,NA,0,002,SLATER,EUCLID,0,NA,Y,A,-,N,NA,NA,NA,NA,NA,NA,NA,NA,NA,Y,3,0,2,1,A,-,01,23153,A,N,E,I,A,A,H,-,C,A,0,NA,NA,NA,NA,Y,Y,A,01,0,1,1,0,0,0,0,0,0,-,-,NA,NA,ORANGE,FOUNTAIN VALLEY,-117.93712005,33.70912003
7024117,2015,2015-09-08,3000,2015-07-19,2200,8418,972B2,7,5,4,3018,0,0,0,NA,0,737,AGUA CATE,DEL OBISPO ST,11,N,N,B,C,N,NA,NA,NA,NA,NA,NA,NA,NA,NA,Y,3,0,1,1,A,-,01,23152,A,N,E,I,A,B,H,-,C,A,0,NA,NA,NA,NA,Y,Y,A,01,0,1,0,0,0,0,0,0,0,-,-,NA,NA,ORANGE,SAN JUAN CAPISTRANO,-117.67290216,33.49873838
7001160,2015,2017-01-28,3012,2015-07-16,0912,634,11,4,5,5,3012,0,0,0,NA,0,001,WHITTIER BL,VALLEY HOME AV,0,NA,Y,A,-,Y,ORA,12,72,-,-,11.917,I,5,S,Y,4,0,1,2,A,-,12,21453,A,N,D,C,A,A,H,-,A,A,0,NA,NA,NA,NA,Y,NA,A,01,0,0,1,0,0,0,0,0,0,-,-,NA,NA,ORANGE,LA HABRA,-117.97652613,33.93992286
6985148,2015,2015-07-18,3019,2015-06-21,1250,3236,NA,7,5,7,3019,0,0,0,NA,0,NA,WARNER AV,RAITT,0,NA,Y,A,-,N,NA,NA,NA,NA,NA,NA,NA,NA,NA,Y,4,0,4,4,A,-,12,21453,A,N,A,C,A,A,H,-,A,A,0,NA,NA,NA,NA,Y,NA,A,01,0,0,4,0,0,0,0,0,0,-,-,NA,NA,ORANGE,SANTA ANA,-117.89610004,33.71557
6982025,2015,2015-07-18,3001,2015-06-30,0737,1670,NA,2,5,7,3001,0,0,0,NA,0,0D3,SOUTH LEWIS ST,EAST BALL RD,792,S,N,A,-,N,NA,NA,NA,NA,NA,NA,NA,NA,NA,Y,3,0,2,2,A,-,09,21801,A,N,D,C,A,A,H,-,A,D,0,NA,NA,NA,NA,Y,NA,A,01,0,1,1,0,0,0,0,0,0,-,-,NA,NA,ORANGE,ANAHEIM,-117.89795,33.81592875
6980732,2015,2015-07-11,3003,2015-05-18,0755,652,NA,1,5,5,3003,0,0,0,NA,0,NA,5TH ST,KINGMAN AV,0,NA,Y,A,-,N,NA,NA,NA,NA,NA,NA,NA,NA,NA,Y,4,0,2,2,A,-,09,21802,A,N,D,C,A,A,H,-,A,A,0,NA,NA,NA,NA,Y,NA,-,NA,0,0,2,0,0,0,0,0,0,-,-,33.52231,-118.0007,ORANGE,BUENA PARK,-118.00117012,33.87046011
6970593,2015,2015-07-27,3010,2015-07-04,2031,1208,462,6,5,6,3010,0,0,0,NA,0,002,ATLANTA,DELAWARE,0,NA,Y,A,-,N,NA,NA,NA,NA,NA,NA,NA,NA,NA,N,3,0,1,2,D,-,00,NA,NA,M,D,G,A,A,H,-,C,A,0,NA,Y,NA,NA,Y,NA,-,-,0,1,0,0,0,0,1,0,0,-,-,NA,NA,ORANGE,HUNTINGTON BEACH,-117.99259007,33.65764003
7024855,2015,2015-09-09,3012,2015-08-05,1938,288,15,3,5,5,3012,0,0,0,NA,0,0NW,MONTE VISTA ST,HEATHER AV,0,NA,Y,A,-,N,NA,NA,NA,NA,NA,NA,NA,NA,NA,Y,4,0,2,2,A,-,09,21802,A,N,D,C,A,A,H,-,B,A,0,NA,NA,NA,NA,Y,NA,A,01,0,0,2,0,0,0,0,0,0,-,-,NA,NA,ORANGE,LA HABRA,-117.95486013,33.93404003
7024955,2015,2015-09-03,3007,2015-07-28,0618,272,42,2,5,5,3007,0,0,0,NA,0,272M,WARNER,MAGNOLIA,0,NA,Y,A,-,N,NA,NA,NA,NA,NA,NA,NA,NA,NA,Y,4,0,1,4,A,-,03,22350,NA,N,C,C,A,A,H,-,A,A,0,NA,NA,NA,NA,Y,NA,A,07,0,0,1,0,0,0,0,0,0,-,-,NA,NA,ORANGE,FOUNTAIN VALLEY,-117.97196008,33.71574002
7026031,2015,2016-07-26,3008,2015-07-18,1707,1364,NA,6,5,6,3008,0,0,0,NA,0,0Z1,GILBERT ST,CASTLEWOOD DR,0,NA,Y,C,-,N,NA,NA,NA,NA,NA,NA,NA,NA,NA,Y,3,0,2,2,A,-,09,21801,A,N,A,C,A,B,H,-,A,A,0,NA,NA,NA,NA,Y,NA,A,07,0,1,1,0,0,0,0,0,0,-,-,NA,NA,ORANGE,FULLERTON,-117.95652001,33.90144009
7026043,2015,2015-08-22,3008,2015-07-27,1950,1480,1,1,5,6,3008,0,0,0,NA,0,0Z1,MALVERN AV,GILBERT ST,0,NA,Y,A,-,N,NA,NA,NA,NA,NA,NA,NA,NA,NA,Y,4,0,2,4,A,-,12,21453,A,N,-,C,A,A,H,-,C,A,0,NA,NA,NA,NA,Y,NA,A,01,0,0,2,0,0,0,0,0,0,-,-,NA,NA,ORANGE,FULLERTON,-117.96731009,33.87792005
7026051,2015,2015-08-22,3000,2015-07-10,1015,2840,798A5,5,5,4,3021,0,0,0,NA,0,M21,CHAPMAN AV,BRIARWOOD ST,0,NA,Y,A,-,N,NA,NA,NA,NA,NA,NA,NA,NA,NA,Y,4,0,1,2,A,-,09,21802,A,N,D,C,A,A,H,-,A,D,0,NA,NA,NA,NA,Y,NA,A,07,0,0,1,0,0,0,0,0,0,-,-,NA,NA,ORANGE,STANTON,-117.98638007,33.78842005
7026112,2015,2015-09-03,3026,2015-08-04,1516,4779,U,2,5,6,3026,0,0,0,NA,0,00U,JAMBOREE RD,DUPONT DR,84,S,N,A,-,N,NA,NA,NA,NA,NA,NA,NA,NA,NA,Y,3,0,2,4,A,-,03,22350,NA,N,C,C,A,A,H,-,A,A,0,NA,NA,NA,NA,Y,NA,A,01,0,1,1,0,0,0,0,0,0,-,-,NA,NA,ORANGE,IRVINE,-117.85160574,33.6688227
7027787,2015,2015-09-15,3002,2015-08-04,1318,1545,528Y,2,5,4,3002,0,0,0,NA,0,013,STATE COLLEGE BL,BREA MALL SOUTH,0,NA,Y,A,-,N,NA,NA,NA,NA,NA,NA,NA,NA,NA,Y,4,0,2,2,A,-,12,21453,A,N,D,C,A,A,H,-,A,A,0,NA,NA,NA,NA,Y,NA,A,01,0,0,2,0,0,0,0,0,0,-,-,NA,NA,ORANGE,BREA,-117.88604011,33.91286012
7028002,2015,2016-07-26,3014,2015-09-11,1458,1395,RD34,5,5,5,3014,0,0,0,NA,0,0A3,CAMPUS DR,BRISTOL ST,0,NA,Y,A,-,N,NA,NA,NA,NA,NA,NA,NA,NA,NA,Y,3,0,2,3,A,-,12,21453,A,N,D,C,A,A,H,-,A,A,0,NA,NA,NA,NA,Y,NA,A,01,0,1,1,0,0,0,0,0,0,-,-,33.662,-117.8754,ORANGE,NEWPORT BEACH,-117.87545011,33.66193001
7028023,2015,2015-10-13,3008,2015-09-25,2039,1364,NA,5,5,6,3008,0,0,0,NA,0,0Z3,YORBA LINDA BL,PLACENTIA AV,0,E,N,A,-,N,NA,NA,NA,NA,NA,NA,NA,NA,NA,Y,4,0,2,2,A,-,09,21804,A,N,D,C,A,A,H,-,C,D,0,NA,NA,NA,NA,Y,NA,A,01,0,0,2,0,0,0,0,0,0,-,-,NA,NA,ORANGE,FULLERTON,-117.87455001,33.88902001
7028100,2015,2015-10-13,3002,2015-09-22,1223,6844,740C3,2,5,5,3025,0,0,0,NA,0,001,LAKEVIEW AV,ORIENTE DR,0,NA,Y,A,-,N,NA,NA,NA,NA,NA,NA,NA,NA,NA,Y,3,0,1,2,A,-,12,22450,A,N,A,C,A,A,H,-,A,A,0,NA,NA,NA,NA,Y,NA,A,07,0,1,0,0,0,0,0,0,0,-,-,NA,NA,ORANGE,YORBA LINDA,-117.8114301,33.89400005
7028166,2015,2015-10-12,3000,2015-09-23,1337,4356,922A4,3,5,4,3045,0,0,0,NA,0,145,OSO PKWY,BRIDLEWOOD,0,NA,Y,A,-,N,NA,NA,NA,NA,NA,NA,NA,NA,NA,Y,3,0,2,2,D,-,00,NA,NA,N,D,C,A,A,H,-,A,A,0,NA,NA,NA,NA,Y,NA,-,-,0,2,0,0,0,0,0,0,0,-,-,NA,NA,ORANGE,LAGUNA HILLS,-117.68260013,33.57989004
7028232,2015,2015-10-12,3008,2015-09-10,1736,1145,NA,4,5,6,3008,0,0,0,NA,0,Z 3,EAST ORANGETHORPE AV,RAYMOND AV,231,E,N,A,-,N,NA,NA,NA,NA,NA,NA,NA,NA,NA,Y,3,0,1,3,A,-,01,23152,A,N,C,C,A,A,H,-,A,A,0,NA,NA,NA,NA,Y,Y,-,NA,0,1,0,0,0,0,0,0,0,-,-,NA,NA,ORANGE,FULLERTON,-117.90601099,33.85957014
7028365,2015,2015-08-31,3010,2015-08-03,1620,1225,422,1,5,6,3010,0,0,0,NA,0,005,FLORIDA,WILLIAMS,170,S,N,A,-,N,NA,NA,NA,NA,NA,NA,NA,NA,NA,Y,3,0,2,4,A,-,09,21804,A,N,D,C,A,A,H,-,A,D,0,NA,NA,NA,NA,Y,NA,A,07,0,1,1,0,0,0,0,0,0,-,-,NA,NA,ORANGE,HUNTINGTON BEACH,-117.99092228,33.68076394
7028904,2015,2015-09-01,3019,2015-06-28,0653,3389,NE,7,5,7,3019,0,0,0,NA,0,164,17TH ST,MAIN ST,15,W,N,A,-,N,NA,NA,NA,NA,NA,NA,NA,NA,NA,Y,4,0,1,2,A,-,03,22350,NA,N,C,C,A,A,H,-,A,A,0,NA,NA,NA,NA,Y,NA,-,NA,0,0,1,0,0,0,0,0,0,-,-,NA,NA,ORANGE,SANTA ANA,-117.86759,33.76011
7028998,2015,2017-01-18,9675,2015-08-01,1855,19407,NA,6,2,7,3001,0,1,3,NA,2,093,RT 91,LAKEVIEW AV,420,W,N,A,-,Y,ORA,12,91,-,R,10.01,H,-,W,Y,4,0,2,2,A,-,03,22350,NA,N,C,C,A,A,H,-,A,D,1,NA,NA,NA,NA,Y,NA,A,01,0,0,2,0,0,0,0,0,0,-,-,33.84917,-117.81654,ORANGE,ANAHEIM,-117.81547123,33.85016184
7028999,2015,2017-10-02,9690,2015-06-17,1325,16128,NA,3,1,4,3045,0,1,1,NA,2,055,RT 5,EL TORO RD,900,N,N,A,-,Y,ORA,12,5,-,-,18.96,H,-,S,Y,4,0,1,3,A,-,03,22350,NA,N,C,C,A,A,H,-,A,D,1,NA,NA,NA,NA,Y,NA,A,01,0,0,1,0,0,0,0,0,0,-,-,33.61708,-117.71077,ORANGE,LAGUNA HILLS,-117.71084065,33.61748044