CASE_ID,ACCIDENT_YEAR,PROC_DATE,JURIS,COLLISION_DATE,COLLISION_TIME,OFFICER_ID,REPORTING_DISTRICT,DAY_OF_WEEK,CHP_SHIFT,POPULATION,CNTY_CITY_LOC,SPECIAL_COND,BEAT_TYPE,CHP_BEAT_TYPE,CITY_DIVISION_LAPD,CHP_BEAT_CLASS,BEAT_NUMBER,PRIMARY_RD,SECONDARY_RD,DISTANCE,DIRECTION,INTERSECTION,WEATHER_1,WEATHER_2,STATE_HWY_IND,CALTRANS_COUNTY,CALTRANS_DISTRICT,STATE_ROUTE,ROUTE_SUFFIX,POSTMILE_PREFIX,POSTMILE,LOCATION_TYPE,RAMP_INTERSECTION,SIDE_OF_HWY,TOW_AWAY,COLLISION_SEVERITY,NUMBER_KILLED,NUMBER_INJURED,PARTY_COUNT,PRIMARY_COLL_FACTOR,PCF_CODE_OF_VIOL,PCF_VIOL_CATEGORY,PCF_VIOLATION,PCF_VIOL_SUBSECTION,HIT_AND_RUN,TYPE_OF_COLLISION,MVIW,PED_ACTION,ROAD_SURFACE,ROAD_COND_1,ROAD_COND_2,LIGHTING,CONTROL_DEVICE,CHP_ROAD_TYPE,PEDESTRIAN_ACCIDENT,BICYCLE_ACCIDENT,MOTORCYCLE_ACCIDENT,TRUCK_ACCIDENT,NOT_PRIVATE_PROPERTY,ALCOHOL_INVOLVED,STWD_VEHTYPE_AT_FAULT,CHP_VEHTYPE_AT_FAULT,COUNT_SEVERE_INJ,COUNT_VISIBLE_INJ,COUNT_COMPLAINT_PAIN,COUNT_PED_KILLED,COUNT_PED_INJURED,COUNT_BICYCLIST_KILLED,COUNT_BICYCLIST_INJURED,COUNT_MC_KILLED,COUNT_MC_INJURED,PRIMARY_RAMP,SECONDARY_RAMP,LATITUDE,LONGITUDE,COUNTY,CITY,POINT_X,POINT_Y
7065706,2015,2017-01-14,9670,2015-09-03,0805,17951,NA,4,1,6,3009,0,1,1,NA,2,043,RT 405,EDWARDS ST,684,S,N,B,-,Y,ORA,12,405,-,-,18.47,H,-,S,Y,4,0,3,3,A,-,03,22350,NA,N,C,C,A,A,H,-,A,D,1,NA,NA,NA,NA,Y,NA,A,07,0,0,3,0,0,0,0,0,0,-,-,33.75125,-118.01294,ORANGE,GARDEN GROVE,-118.01355822,33.7518343
7066043,2015,2015-09-23,3019,2015-09-08,0709,3390,SC,2,5,7,3019,0,0,0,NA,0,004,FAIRVIEW AV,HARVARD ST,0,NA,Y,A,-,N,NA,NA,NA,NA,NA,NA,NA,NA,NA,Y,4,0,1,2,A,-,12,21453,A,N,D,C,A,A,H,-,A,A,0,NA,NA,NA,NA,Y,NA,A,01,0,0,1,0,0,0,0,0,0,-,-,NA,NA,ORANGE,SANTA ANA,-117.90852007,33.72024008
7066413,2015,2017-01-23,9675,2015-09-01,0745,15914,NA,2,1,7,3001,0,1,3,NA,2,572,RT 57,SOUTH ST,200,S,N,B,-,Y,ORA,12,57,-,-,14.38,H,-,S,Y,4,0,1,2,A,-,03,22350,NA,N,C,C,A,A,H,-,A,D,6,NA,NA,NA,NA,Y,NA,A,01,0,0,1,0,0,0,0,0,0,-,-,33.83098,-117.87638,ORANGE,ANAHEIM,-117.87627247,33.83205902
7067413,2015,2016-07-26,3014,2015-09-02,0816,1179,RD44,3,5,5,3014,0,0,0,NA,0,0A3,RT 1,NARCISSUS AV,0,NA,Y,A,-,N,NA,NA,NA,NA,NA,NA,NA,NA,NA,N,4,0,1,2,A,-,09,21801,B,N,H,G,A,A,H,-,A,B,0,NA,Y,NA,NA,Y,NA,L,04,0,0,1,0,0,0,1,0,0,-,-,NA,NA,ORANGE,NEWPORT BEACH,-117.869386,33.595174
7067492,2015,2015-09-22,3004,2015-09-01,1106,P429,32,2,5,6,3004,0,0,0,NA,0,005,BRISTOL ST,TOWNE CENTER,191,N,N,A,-,N,NA,NA,NA,NA,NA,NA,NA,NA,NA,Y,4,0,1,2,A,-,01,23152,A,N,C,C,A,A,H,-,A,D,0,NA,NA,NA,NA,Y,Y,A,01,0,0,1,0,0,0,0,0,0,-,-,33.4138,-117.537,ORANGE,COSTA MESA,-117.88557311,33.69308344
7067650,2015,2017-01-13,9670,2015-09-06,0122,019808,NA,7,3,4,3020,0,1,1,NA,2,044,RT 405,SEAL BEACH BL,2112,N,N,A,-,Y,ORA,12,405,-,-,23.04,H,-,N,Y,3,0,2,1,A,-,01,23152,A,N,E,I,A,A,H,-,C,D,1,NA,NA,NA,NA,Y,Y,A,01,0,1,1,0,0,0,0,0,0,-,-,33.77473,-118.08157,ORANGE,SEAL BEACH,-118.08116316,33.77453485
7067655,2015,2017-01-28,9670,2015-09-09,1445,15587,NA,3,2,7,3001,0,1,3,NA,2,093,RT 91,LEMON ST,1200,E,N,A,-,Y,ORA,12,91,-,-,3.66,H,-,W,Y,4,0,1,4,A,-,03,22350,NA,N,C,C,A,A,H,-,A,D,1,NA,NA,NA,NA,Y,NA,A,07,0,0,1,0,0,0,0,0,0,-,-,33.85396,-117.91547,ORANGE,ANAHEIM,-117.91726904,33.85416474
7067763,2015,2017-01-28,9675,2015-08-25,0810,16356,NA,2,1,7,3001,0,1,3,NA,2,093,RT 91,LA PALMA AV,500,W,N,B,-,Y,ORA,12,91,-,-,6.491,R,1,W,Y,4,0,1,2,A,-,03,22350,NA,N,C,F,A,A,H,-,A,D,6,NA,NA,NA,NA,Y,NA,A,01,0,0,1,0,0,0,0,0,0,-,-,33.8492,-117.87291,ORANGE,ANAHEIM,-117.86980186,33.84732426
7067764,2015,2017-01-24,9675,2015-08-24,1630,20766,NA,1,2,7,3001,0,1,3,NA,2,572,RT 57,KATELLA AV,500,S,N,A,-,Y,ORA,12,57,-,-,12.35,H,-,S,Y,3,0,1,5,A,-,03,22350,NA,N,C,C,A,A,H,-,A,D,6,NA,NA,NA,NA,Y,NA,A,01,0,1,0,0,0,0,0,0,0,-,-,33.80121,-117.87891,ORANGE,ANAHEIM,-117.87983288,33.80313063
7067864,2015,2015-09-24,9675,2015-08-21,1755,20746,NA,5,2,5,3022,0,1,3,NA,2,551,RT 55,MCFADDEN AV,800,N,N,A,-,Y,NA,NA,55,NA,NA,NA,NA,NA,NA,Y,4,0,2,3,A,-,03,22350,NA,N,C,C,A,A,H,-,A,D,0,NA,NA,NA,NA,Y,NA,A,01,0,0,2,0,0,0,0,0,0,-,-,33.73524,-117.83344,ORANGE,TUSTIN,-117.83356128,33.73523569
7068230,2015,2015-09-28,3004,2015-09-13,1633,P573,22,7,5,6,3004,0,0,0,NA,0,015,PAULARINO AV,BEAR ST,32,E,N,A,-,N,NA,NA,NA,NA,NA,NA,NA,NA,NA,Y,3,0,1,2,A,-,08,22107,NA,N,A,C,A,A,H,-,A,A,0,NA,NA,NA,NA,Y,Y,A,01,0,1,0,0,0,0,0,0,0,-,-,33.68278,-117.89223,ORANGE,COSTA MESA,-117.8922927,33.68281715
7068304,2015,2015-09-25,3000,2015-09-15,1313,4049,893C2,2,5,4,3048,0,0,0,NA,0,667,SANTA MARGARITA PKWY,ANTONIO PKWY,69,W,N,B,-,N,NA,NA,NA,NA,NA,NA,NA,NA,NA,Y,4,0,1,3,A,-,07,21658,A,N,C,C,A,B,H,-,A,A,0,NA,NA,NA,NA,Y,NA,A,01,0,0,1,0,0,0,0,0,0,-,-,NA,NA,ORANGE,RANCHO SANTA MARGARITA,-117.5813361,33.64876
7069419,2015,2017-01-19,9675,2015-09-04,1535,19471,NA,5,2,6,3026,0,1,1,NA,2,503,RT 5,CULVER DR,500,S,N,A,-,Y,ORA,12,5,-,R,26.35,H,-,N,Y,3,0,4,2,A,-,03,22350,NA,N,C,C,A,A,H,-,A,D,1,NA,NA,NA,NA,Y,Y,A,01,0,1,3,0,0,0,0,0,0,-,-,33.7056,-117.7872,ORANGE,IRVINE,-117.77963088,33.70728524
7069420,2015,2016-12-21,9675,2015-09-11,0825,20594,NA,5,1,6,3026,0,1,1,NA,2,504,RT 5,SAND CANYON AV,1000,S,N,A,-,Y,ORA,12,5,-,R,23.75,H,-,N,Y,4,0,1,2,A,-,03,22350,NA,N,C,C,A,A,H,-,A,D,1,NA,NA,NA,NA,Y,NA,A,01,0,0,1,0,0,0,0,0,0,-,-,33.22842,-117.80863,ORANGE,IRVINE,-117.75611884999999,33.67495842
7070767,2015,2015-09-19,3009,2015-08-19,0054,3005,103,3,5,6,3009,0,0,0,NA,0,NA,CHAPMAN AV,GILBERT ST,495,E,N,A,-,N,NA,NA,NA,NA,NA,NA,NA,NA,NA,Y,4,0,1,1,A,-,08,22107,NA,N,E,I,A,A,H,-,C,D,0,NA,NA,NA,NA,Y,NA,A,01,0,0,1,0,0,0,0,0,0,-,-,NA,NA,ORANGE,GARDEN GROVE,-117.96578368,33.78848
7071291,2015,2015-09-28,3008,2015-09-03,0903,1233,NA,4,5,6,3008,0,0,0,NA,0,002,CHAPMAN AV,BERKELEY AV,0,NA,Y,A,-,N,NA,NA,NA,NA,NA,NA,NA,NA,NA,Y,3,0,2,2,A,-,09,21801,A,N,A,C,A,A,H,-,A,A,0,NA,NA,NA,NA,Y,NA,A,08,0,2,0,0,0,0,0,0,0,-,-,NA,NA,ORANGE,FULLERTON,-117.91425011,33.87402012
7073571,2015,2017-01-28,3012,2015-08-17,0905,586,12,1,5,5,3012,0,0,0,NA,0,001,WHITTIER BL,HACIENDA RD,639,E,N,A,-,Y,ORA,12,39,-,-,20.99,H,-,N,N,4,0,1,2,A,-,09,21801,A,N,D,C,A,A,H,-,A,D,0,NA,NA,NA,NA,Y,NA,A,07,0,0,1,0,0,0,0,0,0,-,-,NA,NA,ORANGE,LA HABRA,-117.96270139,33.9393257
7075973,2015,2015-10-07,3019,2015-09-15,1404,3390,WE,2,5,7,3019,0,0,0,NA,0,001,HARBOR BL,5TH ST,400,S,N,B,-,N,NA,NA,NA,NA,NA,NA,NA,NA,NA,N,4,0,1,2,A,-,03,22350,NA,N,H,G,A,A,H,-,A,D,0,NA,Y,NA,NA,Y,NA,L,04,0,0,1,0,0,0,1,0,0,-,-,NA,NA,ORANGE,SANTA ANA,-117.92020758,33.74776342
7075985,2015,2015-10-07,3019,2015-09-11,1702,2776,WE,5,5,7,3019,0,0,0,NA,0,001,CIVIC CENTER DR,FLOWER ST,0,NA,Y,A,-,N,NA,NA,NA,NA,NA,NA,NA,NA,NA,Y,3,0,1,1,C,-,18,NA,NA,N,E,I,A,A,H,-,A,A,0,NA,NA,NA,NA,Y,NA,-,-,0,1,0,0,0,0,0,0,0,-,-,NA,NA,ORANGE,SANTA ANA,-117.87649011,33.75153005
7076105,2015,2015-10-03,3008,2015-09-16,1527,1320,NA,3,5,6,3008,0,0,0,NA,0,002,EUCLID,VALENCIA,0,NA,Y,B,-,N,NA,NA,NA,NA,NA,NA,NA,NA,NA,Y,4,0,1,2,A,-,09,21801,A,N,D,C,A,A,H,-,A,A,0,NA,NA,NA,NA,Y,NA,A,08,0,0,1,0,0,0,0,0,0,-,-,NA,NA,ORANGE,FULLERTON,-117.94194,33.86659012
7076347,2015,2015-09-24,3024,2015-08-17,0855,176,P29,1,5,5,3024,0,0,0,NA,0,EAST,HAZARD AV,PETSWORTH LN,60,E,N,A,-,N,NA,NA,NA,NA,NA,NA,NA,NA,NA,N,4,0,2,3,A,-,03,22350,NA,N,C,C,A,A,H,-,A,D,0,NA,NA,NA,NA,Y,NA,A,07,0,0,2,0,0,0,0,0,0,-,-,NA,NA,ORANGE,WESTMINSTER,-117.94825308,33.7523117
7076674,2015,2016-01-08,3008,2015-08-27,1301,1431,NA,4,5,6,3008,0,0,0,NA,0,0Z2,CHAPMAN AV,RICHMAN AV,0,NA,Y,A,-,N,NA,NA,NA,NA,NA,NA,NA,NA,NA,Y,4,0,1,3,A,-,08,22107,NA,N,D,C,A,A,H,-,A,A,0,NA,NA,NA,NA,Y,NA,D,22,0,0,1,0,0,0,0,0,0,-,-,NA,NA,ORANGE,FULLERTON,-117.9331001,33.87382002
7079222,2015,2015-10-15,3001,2015-10-05,0644,A1068,NA,1,5,7,3001,0,0,0,NA,0,0D1,ORANGE AV,BROOKHURST ST,0,NA,Y,A,-,N,NA,NA,NA,NA,NA,NA,NA,NA,NA,Y,4,0,1,3,A,-,12,21453,A,N,D,C,A,A,H,-,B,A,0,NA,NA,NA,NA,Y,NA,A,01,0,0,1,0,0,0,0,0,0,-,-,NA,NA,ORANGE,ANAHEIM,-117.95894011,33.82503006
7079226,2015,2015-10-15,3001,2015-10-01,1930,A1252,NA,4,5,7,3001,0,0,0,NA,0,0D1,SOUTH DALE AV,LINCOLN AV,10,S,N,A,-,N,NA,NA,NA,NA,NA,NA,NA,NA,NA,N,4,0,1,2,A,-,12,21453,A,N,D,G,A,A,H,-,C,A,0,NA,Y,NA,NA,Y,NA,L,04,0,0,1,0,0,0,1,0,0,-,-,NA,NA,ORANGE,ANAHEIM,-117.98474,33.83206258
7079894,2015,2017-02-02,3010,2015-08-26,0827,164,457,3,5,6,3010,0,0,0,NA,0,004,RT 1,8TH ST,18,S,N,A,-,Y,ORA,12,1,-,-,24.95,H,-,S,Y,4,0,1,1,A,-,08,22107,NA,N,E,I,A,A,H,-,A,D,0,NA,NA,NA,NA,Y,NA,A,01,0,0,1,0,0,0,0,0,0,-,-,NA,NA,ORANGE,HUNTINGTON BEACH,-118.00503653,33.65924713
7079922,2015,2015-09-28,3014,2015-08-16,0209,1453,RD15,7,5,5,3014,0,0,0,NA,0,0A1,WEST BALBOA BL,32ND ST,0,NA,Y,A,-,N,NA,NA,NA,NA,NA,NA,NA,NA,NA,Y,2,0,1,2,A,-,11,21456,B,N,G,B,B,A,H,-,C,A,0,Y,NA,NA,NA,Y,Y,N,60,1,0,0,0,1,0,0,0,0,-,-,33.3653,-117.5557,ORANGE,NEWPORT BEACH,-117.93257013,33.61476008
7079987,2015,2015-09-28,3010,2015-09-12,1331,1059,166,6,5,6,3010,0,0,0,NA,0,008,WARNER AV,GRAHAM ST,9,W,N,B,-,N,NA,NA,NA,NA,NA,NA,NA,NA,NA,Y,3,0,1,2,A,-,09,21801,A,N,D,C,A,A,H,-,A,A,0,NA,NA,Y,NA,Y,NA,A,01,0,1,0,0,0,0,0,0,1,-,-,NA,NA,ORANGE,HUNTINGTON BEACH,-118.03271953,33.71532
7081370,2015,2015-10-05,3001,2015-09-25,0120,1288,NA,5,5,7,3001,0,0,0,NA,0,0D1,SOUTH MAGNOLIA AV,W LOLA AV,0,NA,Y,A,-,N,NA,NA,NA,NA,NA,NA,NA,NA,NA,N,4,0,1,2,A,-,11,21950,B,N,G,B,B,A,H,-,C,D,0,Y,NA,NA,NA,Y,NA,N,60,0,0,1,0,1,0,0,0,0,-,-,NA,NA,ORANGE,ANAHEIM,-117.97582010000001,33.81540002
7081526,2015,2015-10-21,3007,2015-09-29,0002,274,66,2,5,5,3007,0,0,0,NA,0,003,EUCLID,CONDOR,0,NA,Y,A,-,N,NA,NA,NA,NA,NA,NA,NA,NA,NA,Y,4,0,1,2,A,-,09,21804,A,N,D,C,A,B,H,-,C,A,0,NA,NA,NA,NA,Y,NA,I,11,0,0,1,0,0,0,0,0,0,-,-,NA,NA,ORANGE,FOUNTAIN VALLEY,-117.9357701,33.69879003
7082496,2015,2017-01-14,9690,2015-08-31,0540,14552,NA,1,3,9,3000,0,1,3,NA,1,074,RT 74,GATEWAY PL,377,W,N,B,-,Y,ORA,12,74,-,-,2.73,H,-,W,Y,4,0,1,2,A,-,08,22107,NA,N,C,C,A,A,H,-,D,D,0,NA,NA,NA,Y,Y,NA,A,01,0,0,1,0,0,0,0,0,0,-,-,33.5204,-117.6176,ORANGE,UNINCORPORATED,-117.61760135,33.52034458
7086387,2015,2015-10-08,3009,2015-09-25,1138,3305,94,5,5,6,3009,0,0,0,NA,0,012,BROOKHURST ST,GARDEN GROVE BL,364,N,N,A,-,N,NA,NA,NA,NA,NA,NA,NA,NA,NA,N,4,0,1,3,A,-,03,22350,NA,N,-,C,A,A,D,-,A,A,0,NA,NA,NA,NA,Y,NA,D,22,0,0,1,0,0,0,0,0,0,-,-,NA,NA,ORANGE,GARDEN GROVE,-117.95553782,33.77497546
7087139,2015,2015-10-10,3026,2015-09-16,1206,4779,P,3,5,6,3026,0,0,0,NA,0,00P,TECHNOLOGY DR W,HORIZON,0,NA,Y,B,-,N,NA,NA,NA,NA,NA,NA,NA,NA,NA,Y,2,0,2,3,A,-,12,21453,A,N,D,C,A,A,H,-,A,A,0,NA,NA,NA,NA,Y,NA,A,07,1,0,1,0,0,0,0,0,0,-,-,NA,NA,ORANGE,IRVINE,-117.74290003,33.6596901
7087167,2015,2015-10-10,3026,2015-09-22,1946,6352,NA,2,5,6,3026,0,0,0,NA,0,00C,WALNUT AV,WISTERIA,9,W,N,A,-,N,NA,NA,NA,NA,NA,NA,NA,NA,NA,N,4,0,2,3,A,-,10,21950,A,N,G,B,B,A,H,-,C,A,0,Y,NA,NA,NA,Y,NA,A,07,0,0,2,0,2,0,0,0,0,-,-,NA,NA,ORANGE,IRVINE,-117.77079761,33.68920872
7087944,2015,2015-10-08,3010,2015-09-13,1006,1225,426,7,5,6,3010,0,0,0,NA,0,003,BROOKHURST,YORKTOWN,602,N,N,A,-,N,NA,NA,NA,NA,NA,NA,NA,NA,NA,Y,3,0,3,2,A,-,09,21802,A,N,D,C,A,A,H,-,A,D,0,NA,NA,NA,NA,Y,NA,A,07,0,2,1,0,0,0,0,0,0,-,-,NA,NA,ORANGE,HUNTINGTON BEACH,-117.95407694,33.68127021
7088184,2015,2016-01-20,3024,2015-09-02,2006,178,P16,3,5,5,3024,0,0,0,NA,0,WEST,EDWARDS ST,HOMER ST,425,N,N,A,-,N,NA,NA,NA,NA,NA,NA,NA,NA,NA,N,4,0,1,1,B,-,22,NA,NA,N,F,A,A,A,H,-,C,D,0,NA,Y,NA,NA,Y,NA,L,04,0,0,1,0,0,0,1,0,0,-,-,NA,NA,ORANGE,WESTMINSTER,-118.01585494,33.75703524
7090490,2015,2015-10-12,3004,2015-09-25,1340,P603,01,5,5,6,3004,0,0,0,NA,0,015,POMONA AV,PLUMER ST,0,NA,Y,A,-,N,NA,NA,NA,NA,NA,NA,NA,NA,NA,N,4,0,3,2,A,-,03,22350,NA,N,C,C,A,A,H,-,A,D,0,NA,NA,NA,NA,Y,NA,-,NA,0,0,3,0,0,0,0,0,0,-,-,33.6425,-117.92764,ORANGE,COSTA MESA,-117.92767007,33.64248006
7090635,2015,2017-01-14,3004,2015-09-13,1900,P631,33,7,5,6,3004,0,0,0,NA,0,015,BRISTOL ST,RT 405,200,S,N,A,-,Y,ORA,12,405,-,-,9.663,R,4,N,N,4,0,1,2,A,-,03,22350,NA,F,C,C,A,A,H,-,A,D,0,NA,NA,NA,NA,Y,NA,-,NA,0,0,1,0,0,0,0,0,0,-,NO,33.6882,-117.8857,ORANGE,COSTA MESA,-117.8882724,33.68753059
7091873,2015,2015-10-15,3026,2015-09-28,1539,7094,NA,1,5,6,3026,0,0,0,NA,0,00U,RED HILL AV,DEERE AV,398,N,N,A,-,N,NA,NA,NA,NA,NA,NA,NA,NA,NA,Y,3,0,2,2,A,-,03,22350,NA,N,C,C,A,A,H,-,A,A,0,NA,NA,NA,NA,Y,NA,A,01,0,1,1,0,0,0,0,0,0,-,-,NA,NA,ORANGE,IRVINE,-117.84521755,33.70362041
7092065,2015,2015-10-17,3019,2015-09-28,1431,3150,SC,1,5,7,3019,0,0,0,NA,0,004,RAITT ST,RICHLAND AV,5,S,N,A,-,N,NA,NA,NA,NA,NA,NA,NA,NA,NA,N,4,0,1,2,A,-,03,22350,NA,N,C,C,A,A,H,-,A,D,0,NA,NA,Y,NA,Y,NA,C,02,0,0,1,0,0,0,0,0,1,-,-,33.73829,-117.89392,ORANGE,SANTA ANA,-117.89382,33.73825629
7092215,2015,2015-10-16,3019,2015-09-18,0952,2460,WE,5,5,7,3019,0,0,0,NA,0,001,1ST ST,EUCLID ST,165,W,N,A,-,N,NA,NA,NA,NA,NA,NA,NA,NA,NA,N,4,0,1,2,D,-,00,NA,NA,N,G,B,F,A,H,-,A,D,0,Y,NA,NA,NA,Y,NA,-,-,0,0,1,0,1,0,0,0,0,-,-,33.74516,-117.93761,ORANGE,SANTA ANA,-117.93802151,33.74505
7092739,2015,2015-10-22,3015,2015-10-01,1915,1419,16W,4,5,6,3015,0,0,0,NA,0,312,N GLASSELL ST,W COLLINS AV,0,NA,Y,A,-,N,NA,NA,NA,NA,NA,NA,NA,NA,NA,Y,4,0,1,2,A,-,00,22453,A,N,D,C,A,A,H,-,C,A,0,NA,NA,Y,NA,Y,NA,A,08,0,0,1,0,0,0,0,0,0,-,-,NA,NA,ORANGE,ORANGE,-117.85310012,33.8023801
7092780,2015,2015-10-22,3015,2015-09-25,1344,1386,41W,5,5,6,3015,0,0,0,NA,0,711,WEST ORANGEWOOD AV,ORANGE CENTER DR,0,NA,Y,A,-,N,NA,NA,NA,NA,NA,NA,NA,NA,NA,N,3,0,1,2,A,-,05,21650,1,N,D,G,A,A,H,-,A,-,0,NA,Y,NA,NA,Y,NA,L,04,0,1,0,0,0,0,1,0,0,-,-,NA,NA,ORANGE,ORANGE,-117.89215013,33.79625008
7092824,2015,2015-10-21,3015,2015-10-06,1930,1332,31,2,5,6,3015,0,0,0,NA,0,212,SOUTH LEWIS ST,OLD LEWIS,0,NA,Y,A,-,N,NA,NA,NA,NA,NA,NA,NA,NA,NA,N,3,0,1,2,A,-,00,20001,A,F,G,B,B,A,H,-,C,D,0,Y,NA,NA,NA,Y,NA,-,NA,0,1,0,0,1,0,0,0,0,-,-,NA,NA,ORANGE,ORANGE,-117.89758001,33.7925
7094198,2015,2017-01-28,9690,2015-09-19,1115,020472,NA,6,1,4,3018,0,1,1,NA,2,057,RT 5,RT 74,1584,N,N,A,-,Y,ORA,12,5,-,-,9.9,H,-,S,Y,3,0,1,2,A,-,03,22350,NA,N,C,C,A,A,H,-,A,D,1,NA,NA,NA,Y,Y,NA,A,01,0,1,0,0,0,0,0,0,0,-,-,33.50685,-117.66011,ORANGE,SAN JUAN CAPISTRANO,-117.65988105,33.50647044
7097059,2015,2015-10-19,3019,2015-09-29,1614,1925,NA,2,5,7,3019,0,0,0,NA,0,NA,BRISTOL ST,MACARTHUR BL,600,S,N,A,-,N,NA,NA,NA,NA,NA,NA,NA,NA,NA,N,4,0,1,3,A,-,03,22350,NA,N,C,C,A,A,H,-,A,A,0,NA,NA,NA,NA,Y,NA,A,01,0,0,1,0,0,0,0,0,0,-,-,33.69998,-117.88549,ORANGE,SANTA ANA,-117.88559588,33.69843518
7097343,2015,2015-10-22,3014,2015-09-17,1838,1469,RD29,4,5,5,3014,0,0,0,NA,0,0A2,IRVINE AV,DOVER DR,0,NA,Y,A,-,N,NA,NA,NA,NA,NA,NA,NA,NA,NA,N,4,0,1,2,A,-,12,21453,A,N,D,C,A,A,H,-,A,A,0,NA,NA,NA,NA,Y,NA,A,01,0,0,1,0,0,0,0,0,0,-,-,33.63393,-117.90309,ORANGE,NEWPORT BEACH,-117.90305013,33.63388009
7098524,2015,2015-10-29,3007,2015-10-09,1841,296,53,5,5,5,3007,0,0,0,NA,0,003,MAGNOLIA,SLATER,20,N,N,A,-,N,NA,NA,NA,NA,NA,NA,NA,NA,NA,Y,4,0,1,3,A,-,12,21453,A,N,D,C,A,A,H,-,B,A,0,NA,NA,NA,NA,Y,NA,A,07,0,0,1,0,0,0,0,0,0,-,-,NA,NA,ORANGE,FOUNTAIN VALLEY,-117.97184101,33.70858483
7102348,2015,2015-10-27,3000,2015-09-09,1000,5377,951J2,3,5,5,3040,0,0,0,NA,0,903,GLENROCK,CROWN VALLEY PKWY,21,E,N,A,-,N,NA,NA,NA,NA,NA,NA,NA,NA,NA,Y,4,0,1,1,A,-,08,22107,NA,N,E,I,A,A,H,-,A,D,0,NA,NA,NA,NA,Y,NA,A,01,0,0,1,0,0,0,0,0,0,-,-,NA,NA,ORANGE,LAGUNA NIGUEL,-117.68914514,33.54896092
7102890,2015,2015-10-30,3004,2015-10-17,0933,P527,20,6,5,6,3004,0,0,0,NA,0,004,GISLER AV,HARBOR BL,0,NA,Y,B,-,N,NA,NA,NA,NA,NA,NA,NA,NA,NA,N,3,0,1,2,A,-,05,21650,1,N,D,G,A,A,H,-,A,A,0,NA,Y,NA,NA,Y,NA,L,04,0,1,0,0,0,0,1,0,0,-,-,33.68696,-117.91961,ORANGE,COSTA MESA,-117.91946003,33.68698006
7103049,2015,2015-10-29,3012,2015-10-02,1855,593,11,5,5,5,3012,0,0,0,NA,0,001,HACIENDA RD,LAGUNA DR,0,NA,Y,A,-,N,NA,NA,NA,NA,NA,NA,NA,NA,NA,Y,4,0,3,2,A,-,09,21801,A,N,D,C,A,A,H,-,C,D,0,NA,NA,NA,NA,Y,NA,A,01,0,0,3,0,0,0,0,0,0,-,-,NA,NA,ORANGE,LA HABRA,-117.96477003,33.94068002
7103189,2015,2015-10-31,3026,2015-10-04,1950,543,2,7,5,6,3026,0,0,0,NA,0,00U,MAIN ST,MACARTHUR BL,30,W,Y,A,-,N,NA,NA,NA,NA,NA,NA,NA,NA,NA,Y,3,0,1,2,A,-,07,21658,A,N,B,C,A,A,H,-,C,A,0,NA,NA,Y,NA,Y,NA,-,-,0,1,0,0,0,0,0,0,1,-,-,NA,NA,ORANGE,IRVINE,-117.85563546,33.68555989
7103632,2015,2015-11-13,3002,2015-10-17,1217,1562,431W,6,5,4,3002,0,0,0,NA,0,012,LAMBERT RD,SANTA FE RD,0,NA,Y,A,-,N,NA,NA,NA,NA,NA,NA,NA,NA,NA,Y,3,0,3,2,A,-,12,21453,A,N,D,C,A,A,H,-,A,A,0,NA,NA,NA,NA,Y,NA,-,-,0,2,1,0,0,0,0,0,0,-,-,NA,NA,ORANGE,BREA,-117.863938,33.923101
7103878,2015,2015-11-14,3000,2015-09-26,0808,5660,972A3,6,5,4,3018,0,0,0,NA,0,6M31,CALLE LA FUENTE,PASEO DEL AMOR,24,E,N,A,-,N,NA,NA,NA,NA,NA,NA,NA,NA,NA,Y,4,0,1,2,A,-,08,22107,NA,N,D,D,A,A,H,-,A,D,0,NA,NA,NA,Y,Y,NA,A,01,0,0,1,0,0,0,0,0,0,-,-,NA,NA,ORANGE,SAN JUAN CAPISTRANO,-117.68243285,33.48544782
7104103,2015,2015-11-12,3000,2015-09-19,1350,5013,862B5,6,5,5,3050,0,0,0,NA,0,760,MARKET PL,TOWNE CENTER DR,308,E,N,A,-,N,NA,NA,NA,NA,NA,NA,NA,NA,NA,Y,3,0,4,2,A,-,09,21804,A,N,D,C,A,A,H,-,A,A,0,NA,NA,NA,NA,Y,NA,A,07,0,2,2,0,0,0,0,0,0,-,-,NA,NA,ORANGE,LAKE FOREST,-117.66627022,33.67982266
7104151,2015,2015-11-12,3000,2015-09-25,0806,8558,NA,5,5,5,3050,0,0,0,NA,0,161,PITTSFORD AV,MIDCREST,0,NA,Y,A,-,N,NA,NA,NA,NA,NA,NA,NA,NA,NA,Y,4,0,1,2,A,-,09,21801,A,N,D,C,A,A,H,-,A,D,0,NA,NA,Y,NA,Y,NA,-,-,0,0,1,0,0,0,0,0,0,-,-,NA,NA,ORANGE,LAKE FOREST,-117.67168005,33.65267002
7104161,2015,2015-11-12,3019,2015-10-13,0720,1561,NE,2,5,7,3019,0,0,0,NA,0,002,BUSH ST,9TH ST,0,NA,Y,A,-,N,NA,NA,NA,NA,NA,NA,NA,NA,NA,Y,4,0,1,2,A,-,09,21802,A,N,D,C,A,A,H,-,A,A,0,NA,NA,NA,NA,Y,NA,A,01,0,0,1,0,0,0,0,0,0,-,-,33.75251,-117.86671,ORANGE,SANTA ANA,-117.86661002,33.75230001
7104230,2015,2015-11-12,3010,2015-10-20,1352,164,273,2,5,6,3010,0,0,0,NA,0,006,TALBERT,HARTLUND,446,W,N,A,-,N,NA,NA,NA,NA,NA,NA,NA,NA,NA,Y,3,0,1,1,A,-,03,22350,NA,N,E,I,A,A,H,-,A,D,0,NA,NA,NA,NA,Y,NA,A,01,0,1,0,0,0,0,0,0,0,-,-,NA,NA,ORANGE,HUNTINGTON BEACH,-117.98437975,33.70117079
7105684,2015,2015-12-15,3001,2015-10-12,1917,A1252,NA,1,5,7,3001,0,0,0,NA,0,0D2,SOUTH ST,HELENA ST,0,NA,Y,A,-,N,NA,NA,NA,NA,NA,NA,NA,NA,NA,Y,4,0,2,2,A,-,08,22103,NA,N,D,C,A,A,H,-,C,D,0,NA,NA,NA,NA,Y,NA,A,01,0,0,2,0,0,0,0,0,0,-,-,NA,NA,ORANGE,ANAHEIM,-117.91582005,33.82560001