CASE_ID,ACCIDENT_YEAR,PROC_DATE,JURIS,COLLISION_DATE,COLLISION_TIME,OFFICER_ID,REPORTING_DISTRICT,DAY_OF_WEEK,CHP_SHIFT,POPULATION,CNTY_CITY_LOC,SPECIAL_COND,BEAT_TYPE,CHP_BEAT_TYPE,CITY_DIVISION_LAPD,CHP_BEAT_CLASS,BEAT_NUMBER,PRIMARY_RD,SECONDARY_RD,DISTANCE,DIRECTION,INTERSECTION,WEATHER_1,WEATHER_2,STATE_HWY_IND,CALTRANS_COUNTY,CALTRANS_DISTRICT,STATE_ROUTE,ROUTE_SUFFIX,POSTMILE_PREFIX,POSTMILE,LOCATION_TYPE,RAMP_INTERSECTION,SIDE_OF_HWY,TOW_AWAY,COLLISION_SEVERITY,NUMBER_KILLED,NUMBER_INJURED,PARTY_COUNT,PRIMARY_COLL_FACTOR,PCF_CODE_OF_VIOL,PCF_VIOL_CATEGORY,PCF_VIOLATION,PCF_VIOL_SUBSECTION,HIT_AND_RUN,TYPE_OF_COLLISION,MVIW,PED_ACTION,ROAD_SURFACE,ROAD_COND_1,ROAD_COND_2,LIGHTING,CONTROL_DEVICE,CHP_ROAD_TYPE,PEDESTRIAN_ACCIDENT,BICYCLE_ACCIDENT,MOTORCYCLE_ACCIDENT,TRUCK_ACCIDENT,NOT_PRIVATE_PROPERTY,ALCOHOL_INVOLVED,STWD_VEHTYPE_AT_FAULT,CHP_VEHTYPE_AT_FAULT,COUNT_SEVERE_INJ,COUNT_VISIBLE_INJ,COUNT_COMPLAINT_PAIN,COUNT_PED_KILLED,COUNT_PED_INJURED,COUNT_BICYCLIST_KILLED,COUNT_BICYCLIST_INJURED,COUNT_MC_KILLED,COUNT_MC_INJURED,PRIMARY_RAMP,SECONDARY_RAMP,LATITUDE,LONGITUDE,COUNTY,CITY,POINT_X,POINT_Y
7105956,2015,2015-11-03,3019,2015-10-07,0730,2630,WE,3,5,7,3019,0,0,0,NA,0,001,MEMORY LN,PACIFIC AV,20,W,N,A,-,N,NA,NA,NA,NA,NA,NA,NA,NA,NA,N,4,0,1,2,A,-,03,22350,NA,M,C,C,A,A,H,-,A,A,0,NA,NA,NA,NA,Y,NA,A,01,0,0,1,0,0,0,0,0,0,-,-,33.77319,-117.88605,ORANGE,SANTA ANA,-117.88627489,33.77319837
7106231,2015,2015-11-04,3008,2015-10-13,1903,938,NA,2,5,6,3008,0,0,0,NA,0,ZII,LEMON ST,VIRGINIA RD,20,N,N,A,-,N,NA,NA,NA,NA,NA,NA,NA,NA,NA,Y,4,0,1,2,A,-,05,21650,NA,N,A,C,A,A,H,-,C,D,0,NA,NA,NA,NA,Y,NA,-,NA,0,0,1,0,0,0,0,0,0,-,-,NA,NA,ORANGE,FULLERTON,-117.92007043,33.88345425
7106557,2015,2015-11-05,3001,2015-10-14,1716,1397,NA,3,5,7,3001,0,0,0,NA,0,D-3,WEST SANTA ANA ST,S CENTER PARK AV E,0,NA,Y,A,-,N,NA,NA,NA,NA,NA,NA,NA,NA,NA,N,4,0,1,2,A,-,03,22350,NA,N,C,C,A,A,H,-,A,A,0,NA,NA,NA,NA,Y,NA,A,01,0,0,1,0,0,0,0,0,0,-,-,NA,NA,ORANGE,ANAHEIM,NA,NA
7106668,2015,2017-02-03,3010,2015-10-24,1355,1225,413,6,5,6,3010,0,0,0,NA,0,005,RT 39,GARFIELD,474,N,N,A,-,Y,ORA,12,39,-,-,2.74,H,-,S,N,4,0,1,2,A,-,05,21650,1,N,D,G,A,A,H,-,A,D,0,NA,Y,NA,NA,Y,NA,L,04,0,0,1,0,0,0,1,0,0,-,-,NA,NA,ORANGE,HUNTINGTON BEACH,-117.98890262,33.68819204
7107120,2015,2015-10-28,3008,2015-10-18,1535,1479,NA,7,5,6,3008,0,0,0,NA,0,0Z1,GILBERT ST,PIONEER AV,0,NA,Y,A,-,N,NA,NA,NA,NA,NA,NA,NA,NA,NA,Y,4,0,1,3,A,-,09,21801,NA,N,D,C,A,A,H,-,A,A,0,NA,NA,NA,NA,Y,NA,A,01,0,0,1,0,0,0,0,0,0,-,-,NA,NA,ORANGE,FULLERTON,-117.96614002,33.88819003
7107145,2015,2015-10-29,3024,2015-10-08,0151,374,P27,4,5,5,3024,0,0,0,NA,0,EAST,SINCLAIR AV,MAGNOLIA ST,39,E,N,A,-,N,NA,NA,NA,NA,NA,NA,NA,NA,NA,N,3,0,1,2,A,-,10,21954,B,F,G,B,D,A,H,-,D,D,0,Y,NA,NA,NA,Y,NA,A,01,0,1,0,0,1,0,0,0,0,-,-,NA,NA,ORANGE,WESTMINSTER,-117.97217202,33.74906803
7109247,2015,2015-11-14,3001,2015-10-22,1839,1373,NA,4,5,7,3001,0,0,0,NA,0,0D1,LINCOLN AV,BEL AIR ST,0,NA,Y,A,-,N,NA,NA,NA,NA,NA,NA,NA,NA,NA,Y,4,0,1,2,A,-,09,21802,A,N,D,C,A,A,H,-,C,A,0,NA,NA,NA,NA,Y,NA,A,01,0,0,1,0,0,0,0,0,0,-,-,NA,NA,ORANGE,ANAHEIM,-117.98902006,33.83217011
7110069,2015,2015-11-16,3004,2015-10-17,1604,P603,19,6,5,6,3004,0,0,0,NA,0,015,MACE AV,CARAWAY DR,116,S,N,A,-,N,NA,NA,NA,NA,NA,NA,NA,NA,NA,Y,3,0,1,3,A,-,01,23152,NA,M,B,E,A,A,H,-,A,D,0,NA,NA,NA,NA,Y,Y,A,01,0,1,0,0,0,0,0,0,0,-,-,33.68344,-117.92128,ORANGE,COSTA MESA,-117.92130719,33.68312198
7110506,2015,2015-11-16,3000,2015-10-01,1745,8640,951H6,4,5,5,3040,0,0,0,NA,0,144,MARINA HILLS DR,PARC VISTA WEST,0,NA,Y,A,-,N,NA,NA,NA,NA,NA,NA,NA,NA,NA,Y,4,0,1,2,A,-,12,21453,A,N,D,C,A,A,H,-,B,A,0,NA,NA,NA,NA,Y,NA,A,01,0,0,1,0,0,0,0,0,0,-,-,NA,NA,ORANGE,LAGUNA NIGUEL,-117.70065007,33.51965002
7111228,2015,2015-11-06,3026,2015-10-19,2035,260,CROSS,1,5,6,3026,0,0,0,NA,0,00C,CULVER DR,WALNUT AV,394,N,N,A,-,N,NA,NA,NA,NA,NA,NA,NA,NA,NA,Y,4,0,2,2,A,-,03,22350,NA,N,C,C,A,A,H,-,C,A,0,NA,NA,NA,NA,Y,NA,A,01,0,0,2,0,0,0,0,0,0,-,-,NA,NA,ORANGE,IRVINE,-117.78693731,33.70558269
7113159,2015,2015-11-06,3001,2015-10-19,1945,1373,D2,1,5,7,3001,0,0,0,NA,0,021,EUCLID ST,GLENOAKS AV,0,NA,Y,C,-,N,NA,NA,NA,NA,NA,NA,NA,NA,NA,N,4,0,1,2,A,-,09,21801,A,N,D,C,A,B,H,-,C,A,0,NA,NA,NA,NA,Y,NA,A,01,0,0,1,0,0,0,0,0,0,-,-,NA,NA,ORANGE,ANAHEIM,-117.94161008,33.84295003
7114070,2015,2015-11-20,3015,2015-10-29,1833,1500,26N,4,5,6,3015,0,0,0,NA,0,26N,E COLLINS AV,N HANDY ST,0,NA,Y,A,-,N,NA,NA,NA,NA,NA,NA,NA,NA,NA,N,4,0,1,2,A,-,09,21802,B,N,D,C,A,A,H,-,C,A,0,NA,NA,NA,NA,Y,NA,D,22,0,0,1,0,0,0,0,0,0,-,-,NA,NA,ORANGE,ORANGE,-117.82694008,33.80231009
7114086,2015,2015-11-17,3001,2015-10-28,1215,1007,NA,3,5,7,3001,0,0,0,NA,0,0D1,MAGNOLIA AV,ORANGE AV,20,W,N,A,-,N,NA,NA,NA,NA,NA,NA,NA,NA,NA,Y,3,0,2,2,A,-,09,21801,A,N,D,C,A,A,H,-,A,A,0,NA,NA,NA,NA,Y,NA,A,01,0,1,1,0,0,0,0,0,0,-,-,NA,NA,ORANGE,ANAHEIM,-117.97593,33.82489
7114286,2015,2015-11-16,3003,2015-11-03,1250,665,23,2,5,5,3003,0,0,0,NA,0,008,LA PALMA AV,DALE ST,0,NA,Y,A,-,N,NA,NA,NA,NA,NA,NA,NA,NA,NA,Y,4,0,1,2,A,-,08,22107,NA,N,A,C,A,A,H,-,A,A,0,NA,NA,NA,NA,Y,NA,A,01,0,0,1,0,0,0,0,0,0,-,-,33.8465,-117.5988,ORANGE,BUENA PARK,-117.98511002,33.84698005
7114323,2015,2016-02-11,3001,2015-11-01,2127,A1252,NA,7,5,7,3001,0,0,0,NA,0,D-2,ANAHEIM BL,LINCOLN AV,0,NA,Y,B,-,N,NA,NA,NA,NA,NA,NA,NA,NA,NA,Y,3,0,3,2,A,-,09,21801,A,N,-,C,A,A,H,-,C,A,0,NA,NA,NA,NA,Y,NA,A,07,0,1,2,0,0,0,0,0,0,-,-,NA,NA,ORANGE,ANAHEIM,-117.91432003,33.83667006
7114459,2015,2015-11-10,3009,2015-10-15,1346,3073,43,4,5,6,3009,0,0,0,NA,0,011,WESTERN AV,LAMPSON AV,0,NA,Y,A,-,N,NA,NA,NA,NA,NA,NA,NA,NA,NA,Y,4,0,1,2,A,-,08,22107,NA,N,D,C,A,A,H,-,A,D,0,NA,NA,Y,NA,Y,NA,A,01,0,0,1,0,0,0,0,0,1,-,-,NA,NA,ORANGE,GARDEN GROVE,-118.00146004,33.78106003
7114701,2015,2015-11-09,3008,2015-10-28,1030,1296,NA,3,5,6,3008,0,0,0,NA,0,0Z3,YORBA LINDA BL,SAPPHIRE RD,436,W,N,B,-,N,NA,NA,NA,NA,NA,NA,NA,NA,NA,Y,4,0,1,2,A,-,07,21658,A,N,B,C,A,A,H,-,A,A,0,NA,NA,NA,NA,Y,NA,A,01,0,0,1,0,0,0,0,0,0,-,-,NA,NA,ORANGE,FULLERTON,-117.87145967,33.88911995
7115392,2015,2015-11-18,3019,2015-10-21,1735,1925,SE,3,5,7,3019,0,0,0,NA,0,168,WARNER AV,PARTON ST,0,NA,Y,A,-,N,NA,NA,NA,NA,NA,NA,NA,NA,NA,Y,3,0,1,2,A,-,09,21801,A,N,D,C,A,A,H,-,B,A,0,NA,NA,NA,NA,Y,NA,A,01,0,1,0,0,0,0,0,0,0,-,-,33.71606,-117.87432,ORANGE,SANTA ANA,-117.87399011,33.71613006
7115409,2015,2015-11-12,3019,2015-10-19,1216,2528,SC,1,5,7,3019,0,0,0,NA,0,004,BRISTOL ST,MACARTHUR BL,250,N,N,A,-,N,NA,NA,NA,NA,NA,NA,NA,NA,NA,N,4,0,3,2,A,-,03,22350,NA,N,C,C,A,A,H,-,A,D,0,NA,NA,NA,NA,Y,NA,A,07,0,0,3,0,0,0,0,0,0,-,-,33.69998,-117.88549,ORANGE,SANTA ANA,-117.88561,33.70076537
7116033,2015,2015-11-16,3022,2015-10-18,1518,1250,NA,7,5,5,3022,0,0,0,NA,0,NA,NISSON RD,RED HILL AV,310,E,N,A,-,N,NA,NA,NA,NA,NA,NA,NA,NA,NA,N,4,0,1,2,A,-,09,21801,A,N,D,C,A,A,H,-,A,D,0,NA,NA,NA,NA,Y,NA,A,01,0,0,1,0,0,0,0,0,0,-,-,33.43561,-117.48542,ORANGE,TUSTIN,-117.81538976,33.73225642
7116744,2015,2015-11-23,3019,2015-11-05,2320,2963,WESTE,4,5,7,3019,0,0,0,NA,0,003,BRISTOL ST,CIVIC CENTER,20,N,N,A,-,N,NA,NA,NA,NA,NA,NA,NA,NA,NA,Y,4,0,1,2,A,-,03,22350,NA,N,C,C,A,A,H,-,C,A,0,NA,NA,NA,NA,Y,NA,A,08,0,0,1,0,0,0,0,0,0,-,-,NA,NA,ORANGE,SANTA ANA,-117.88510878,33.75155482
7118666,2015,2015-11-18,3009,2015-10-31,0129,2580,76,6,5,6,3009,0,0,0,NA,0,013,MAGNOLIA AV,CENTRAL AV,210,N,N,A,-,N,NA,NA,NA,NA,NA,NA,NA,NA,NA,N,3,0,1,1,A,-,05,21651,B,N,-,I,A,A,H,-,C,D,0,NA,NA,Y,NA,Y,NA,C,02,0,1,0,0,0,0,0,0,1,-,-,NA,NA,ORANGE,GARDEN GROVE,-117.97247043,33.77117575
7118677,2015,2015-11-18,3009,2015-10-16,1734,1234,97,5,5,6,3009,0,0,0,NA,0,013,BROOKHURST ST,HAZARD AV,0,NA,Y,B,-,N,NA,NA,NA,NA,NA,NA,NA,NA,NA,N,3,0,1,2,A,-,11,21461,5,N,B,B,B,A,C,-,B,A,0,Y,NA,NA,NA,Y,NA,N,60,0,1,0,0,1,0,0,0,0,-,-,NA,NA,ORANGE,GARDEN GROVE,-117.95500014,33.75226004
7118923,2015,2015-12-01,3001,2015-11-12,0709,A1068,NA,4,5,7,3001,0,0,0,NA,0,0D4,SANTA ANA CYN RD,FAIRMONT BL,52,W,N,A,-,N,NA,NA,NA,NA,NA,NA,NA,NA,NA,N,4,0,1,2,A,-,03,22350,NA,N,C,C,A,A,H,-,A,A,0,NA,NA,NA,NA,Y,NA,-,NA,0,0,1,0,0,0,0,0,0,-,-,NA,NA,ORANGE,ANAHEIM,-117.77087765,33.85771828
7119225,2015,2015-11-19,3015,2015-10-26,2153,1254,24,1,5,6,3015,0,0,0,NA,0,003,CHAPMAN AV,YORBA ST,0,NA,Y,A,-,N,NA,NA,NA,NA,NA,NA,NA,NA,NA,N,4,0,2,2,A,-,03,22350,NA,N,C,C,A,A,H,-,C,A,0,NA,NA,NA,NA,Y,NA,-,NA,0,0,2,0,0,0,0,0,0,-,-,NA,NA,ORANGE,ORANGE,-117.82708006,33.78783002
7119351,2015,2015-11-19,3008,2015-11-07,0212,1396,NA,6,5,6,3008,0,0,0,NA,0,0Z3,CHAPMAN AV,STATE COLLEGE BL,0,NA,Y,A,-,N,NA,NA,NA,NA,NA,NA,NA,NA,NA,N,3,0,1,2,B,-,22,NA,NA,N,-,B,C,A,H,-,C,A,0,Y,NA,NA,NA,Y,Y,N,60,0,1,0,0,1,0,0,0,0,-,-,NA,NA,ORANGE,FULLERTON,-117.88962013,33.87421009
7119352,2015,2015-12-02,3008,2015-11-07,1544,1177,NA,6,5,6,3008,0,0,0,NA,0,0Z1,GILBERT ST,MOORE AV,0,NA,Y,A,-,N,NA,NA,NA,NA,NA,NA,NA,NA,NA,Y,4,0,1,2,A,-,09,21801,A,N,A,C,A,A,H,-,A,A,0,NA,NA,NA,NA,Y,NA,A,01,0,0,1,0,0,0,0,0,0,-,-,NA,NA,ORANGE,FULLERTON,-117.96832013,33.87584002
7119437,2015,2015-12-02,3001,2015-11-10,1456,1373,NA,2,5,7,3001,0,0,0,NA,0,0D1,WEST BALL RD,SOUTH GILBERT ST,0,NA,Y,A,-,N,NA,NA,NA,NA,NA,NA,NA,NA,NA,Y,4,0,1,2,A,-,01,23152,A,M,-,C,A,A,H,-,A,-,0,NA,NA,NA,NA,Y,NA,A,01,0,0,1,0,0,0,0,0,0,-,-,NA,NA,ORANGE,ANAHEIM,-117.96764013,33.81769012
7119476,2015,2017-02-03,3026,2015-11-09,1439,4779,U,1,5,6,3026,0,0,0,NA,0,00U,MACARTHUR BL,RT 405,45,S,N,A,-,Y,ORA,12,405,-,-,7.758,R,4,N,Y,3,0,1,2,A,-,08,22107,NA,N,B,C,A,A,H,-,A,A,0,NA,NA,Y,NA,Y,NA,C,02,0,1,0,0,0,0,0,0,1,-,NO,NA,NA,ORANGE,IRVINE,-117.85625187,33.68256325
7119511,2015,2015-12-02,3001,2015-11-10,1842,1740,NA,2,5,7,3001,0,0,0,NA,0,0D2,WEST SANTA ANA ST,SOUTH HARBOR BL,0,NA,Y,A,-,N,NA,NA,NA,NA,NA,NA,NA,NA,NA,Y,3,0,4,2,A,-,09,21801,A,N,A,C,A,A,H,-,C,A,0,NA,NA,NA,NA,Y,NA,D,22,0,2,2,0,0,0,0,0,0,-,-,NA,NA,ORANGE,ANAHEIM,-117.91819013,33.82979003
7119533,2015,2015-11-25,3010,2015-11-12,1814,2136,138,4,5,6,3010,0,0,0,NA,0,009,BOLSA AV,CAPE TOWN,0,NA,Y,A,-,N,NA,NA,NA,NA,NA,NA,NA,NA,NA,Y,2,0,2,2,A,-,09,21802,A,N,D,C,A,A,H,-,C,A,0,NA,NA,NA,NA,Y,NA,A,07,1,0,1,0,0,0,0,0,0,-,-,NA,NA,ORANGE,HUNTINGTON BEACH,-118.02130002,33.74445002
7119992,2015,2015-11-20,3012,2015-11-05,1751,288,38,4,5,5,3012,0,0,0,NA,0,0SW,IDAHO ST,RAIN TREE DR,0,NA,Y,A,-,N,NA,NA,NA,NA,NA,NA,NA,NA,NA,N,4,0,2,2,A,-,09,21801,A,N,A,C,A,A,H,-,C,D,0,NA,NA,NA,NA,Y,NA,A,08,0,0,2,0,0,0,0,0,0,-,-,NA,NA,ORANGE,LA HABRA,-117.95917013,33.91408006
7120940,2015,2015-12-04,3015,2015-11-13,1406,0913,13N,5,5,6,3015,0,0,0,NA,0,712,E PALMYRA,CENTER ST,44,W,N,A,-,N,NA,NA,NA,NA,NA,NA,NA,NA,NA,Y,3,0,1,3,A,-,08,22107,NA,N,B,C,A,A,H,-,A,D,0,NA,NA,NA,NA,Y,NA,A,01,0,1,0,0,0,0,0,0,0,-,-,NA,NA,ORANGE,ORANGE,-117.85000445,33.78420135
7121234,2015,2015-12-07,3000,2015-11-03,1726,5036,892C5,2,5,5,3028,0,0,0,NA,0,754,TRABUCO RD,VIA BAHIA,33,S,N,B,-,N,NA,NA,NA,NA,NA,NA,NA,NA,NA,Y,4,0,1,2,A,-,03,22350,NA,N,C,C,A,A,H,-,B,D,0,NA,NA,NA,NA,Y,NA,A,08,0,0,1,0,0,0,0,0,0,-,-,NA,NA,ORANGE,MISSION VIEJO,-117.66094368,33.62385227
7121957,2015,2015-11-24,3000,2015-10-27,0845,8737,892E1,2,5,5,3028,0,0,0,NA,0,750,MARGUERITE PKWY,SANTA MARGARITA PKWY,35,S,N,A,-,N,NA,NA,NA,NA,NA,NA,NA,NA,NA,N,4,0,1,2,A,-,21,22106,NA,N,C,C,A,A,H,-,A,A,0,NA,NA,NA,NA,Y,NA,A,07,0,0,1,0,0,0,0,0,0,-,-,NA,NA,ORANGE,MISSION VIEJO,-117.64464937,33.65146439
7122436,2015,2015-11-30,3024,2015-10-20,1755,382,P 19,2,5,5,3024,0,0,0,NA,0,EAST,WESTMINSTER BL,JACKSON ST,0,NA,Y,A,-,N,NA,NA,NA,NA,NA,NA,NA,NA,NA,N,4,0,1,2,A,-,09,21802,A,N,D,C,A,A,H,-,A,A,0,NA,NA,NA,NA,Y,NA,D,22,0,0,1,0,0,0,0,0,0,-,-,NA,NA,ORANGE,WESTMINSTER,-117.98759009,33.7593001
7122514,2015,2015-12-01,3000,2015-10-17,1955,1920,892A2,6,5,4,3048,0,0,0,NA,0,903,SANTA MARGARITA PKWY,AVENIDA DE LAS FLORES,0,NA,Y,A,-,N,NA,NA,NA,NA,NA,NA,NA,NA,NA,Y,4,0,2,2,D,-,00,NA,NA,N,A,C,A,A,H,-,C,A,0,NA,NA,NA,NA,Y,NA,-,-,0,0,2,0,0,0,0,0,0,-,-,NA,NA,ORANGE,RANCHO SANTA MARGARITA,-117.59860004,33.64355006
7122894,2015,2015-11-24,3000,2015-10-12,0745,8737,922C2,1,5,5,3028,0,0,0,NA,0,750,MARGUERITE PKWY,CIVIC CENTER,0,NA,Y,A,-,N,NA,NA,NA,NA,NA,NA,NA,NA,NA,Y,4,0,1,2,A,-,12,21453,A,N,D,C,A,A,H,-,A,A,0,NA,NA,NA,NA,Y,NA,A,01,0,0,1,0,0,0,0,0,0,-,-,NA,NA,ORANGE,MISSION VIEJO,-117.65919003,33.59512005
7122906,2015,2015-11-24,3000,2015-10-29,1855,6717,891H7,4,5,5,3050,0,0,0,NA,0,18762,LOS ALISOS BL,DALEVIEW DR,325,W,N,A,-,N,NA,NA,NA,NA,NA,NA,NA,NA,NA,Y,4,0,1,1,A,-,03,22350,NA,N,E,I,A,A,H,-,C,D,0,NA,NA,NA,NA,Y,NA,A,01,0,0,1,0,0,0,0,0,0,-,-,33.3634,-117.41489,ORANGE,LAKE FOREST,-117.697,33.61037
7123595,2015,2015-12-04,3019,2015-11-07,0645,3338,WE,6,5,7,3019,0,0,0,NA,0,001,5TH ST,NANTUCKET PL,0,NA,Y,A,-,N,NA,NA,NA,NA,NA,NA,NA,NA,NA,Y,4,0,3,2,A,-,09,21801,A,N,D,C,A,A,H,-,A,A,0,NA,NA,NA,NA,Y,NA,D,22,0,0,3,0,0,0,0,0,0,-,-,33.7487,-117.90134,ORANGE,SANTA ANA,-117.90143002,33.7486801
7123899,2015,2016-12-03,3015,2015-11-06,0827,913,21W,5,5,6,3015,0,0,0,NA,0,751,METROPOLITAN DR,DESIGNER DR,170,W,N,A,-,Y,ORA,12,22,-,L,0.968,R,4,W,N,4,0,1,2,A,-,07,21658,A,N,B,C,A,A,H,-,A,A,0,NA,NA,NA,NA,Y,NA,A,01,0,0,1,0,0,0,0,0,0,-,-,NA,NA,ORANGE,ORANGE,NA,NA
7123902,2015,2015-12-04,3015,2015-11-09,1300,1483,32E,1,5,6,3015,0,0,0,NA,0,NA,BATAVIA ST,PALM AV,0,NA,Y,A,-,N,NA,NA,NA,NA,NA,NA,NA,NA,NA,Y,3,0,2,2,A,-,08,22107,NA,N,A,C,A,A,H,-,A,A,0,NA,NA,NA,NA,Y,NA,-,NA,0,1,1,0,0,0,0,0,0,-,-,NA,NA,ORANGE,ORANGE,-117.8618301,33.79152011
7123912,2015,2015-12-04,3019,2015-11-18,1054,2460,SC,3,5,7,3019,0,0,0,NA,0,004,BRISTOL ST,WARNER AV,65,N,N,A,-,N,NA,NA,NA,NA,NA,NA,NA,NA,NA,N,4,0,3,3,A,-,03,22350,NA,N,C,C,A,A,H,-,-,A,0,NA,NA,NA,NA,Y,NA,A,01,0,0,3,0,0,0,0,0,0,-,-,NA,NA,ORANGE,SANTA ANA,-117.88533613,33.71639817
7124299,2015,2016-06-18,3010,2015-12-08,1833,205,291,2,5,6,3010,0,0,0,NA,0,005,GOTHARD,TALBERT,0,NA,Y,A,-,N,NA,NA,NA,NA,NA,NA,NA,NA,NA,N,3,0,1,2,A,-,05,21650,1,N,D,G,A,A,H,-,C,A,0,NA,Y,NA,NA,Y,NA,L,04,0,1,0,0,0,0,1,0,0,-,-,NA,NA,ORANGE,HUNTINGTON BEACH,-117.99988008,33.70111009
7124581,2015,2017-02-03,3010,2015-11-17,1725,2136,273,2,5,6,3010,0,0,0,NA,0,006,BEACH BL,BLAYLOCK DR,0,NA,Y,A,-,Y,ORA,12,39,-,-,4.501,I,5,N,Y,3,0,1,2,A,-,09,21801,A,N,A,C,A,A,H,-,C,D,0,NA,NA,NA,NA,Y,NA,A,01,0,1,0,0,0,0,0,0,0,-,-,NA,NA,ORANGE,HUNTINGTON BEACH,-117.98898238,33.71381609
7125176,2015,2015-12-03,3008,2015-11-19,2137,1364,NA,4,5,6,3008,0,0,0,NA,0,0Z2,HARBOR BL,CHAPMAN AV,0,NA,Y,A,-,N,NA,NA,NA,NA,NA,NA,NA,NA,NA,N,3,0,1,2,A,-,12,21453,A,N,D,G,A,A,H,-,C,A,0,NA,Y,NA,NA,Y,NA,L,04,0,1,0,0,0,0,1,0,0,-,-,NA,NA,ORANGE,FULLERTON,-117.92434,33.87393007
7126815,2015,2016-01-05,3001,2015-12-09,0930,A15555,NA,3,5,7,3001,0,0,0,NA,0,15-195,LA PALMA AV,HUXFORD LN,0,NA,Y,A,-,N,NA,NA,NA,NA,NA,NA,NA,NA,NA,Y,4,0,3,2,A,-,09,21804,NA,N,D,C,A,A,H,-,A,D,0,NA,NA,NA,NA,Y,NA,A,01,0,0,3,0,0,0,0,0,0,-,-,NA,NA,ORANGE,ANAHEIM,-117.77475011,33.86497003
7127570,2015,2017-01-28,3012,2015-11-20,1458,604,27,5,5,5,3012,0,0,0,NA,0,002,HARBOR BL,WHITTIER BL,218,S,N,A,-,Y,ORA,12,39,-,-,22.659,I,6,N,N,4,0,2,2,A,-,03,22350,NA,M,C,C,A,A,H,-,A,A,0,NA,NA,Y,NA,Y,NA,C,02,0,0,2,0,0,0,0,0,0,-,-,NA,NA,ORANGE,LA HABRA,-117.93306695,33.93904761
7128129,2015,2015-12-04,3001,2015-11-11,1029,1670,NA,3,5,7,3001,0,0,0,NA,0,0D2,W LINCOLN AV,SOUTH CLEMENTINE ST,0,NA,Y,A,-,N,NA,NA,NA,NA,NA,NA,NA,NA,NA,Y,4,0,1,2,A,-,12,21453,A,N,D,C,A,A,H,-,A,A,0,NA,NA,NA,NA,Y,NA,A,01,0,0,1,0,0,0,0,0,0,-,-,NA,NA,ORANGE,ANAHEIM,-117.91763007,33.83518008
7128133,2015,2015-12-04,3001,2015-11-16,1351,1007,NA,1,5,7,3001,0,0,0,NA,0,0D1,SOUTH BEACH BL,W ROME AV,0,NA,Y,A,-,N,NA,NA,NA,NA,NA,NA,NA,NA,NA,Y,3,0,1,2,A,-,09,21801,A,N,D,C,A,A,H,-,A,D,0,NA,NA,Y,NA,Y,NA,A,01,0,1,0,0,0,0,0,0,1,-,-,NA,NA,ORANGE,ANAHEIM,-117.99340006,33.82015005
7128759,2015,2015-12-14,3010,2015-11-22,1324,1226,158,7,5,6,3010,0,0,0,NA,0,007,BRADBURY,HEIL,0,NA,Y,A,-,N,NA,NA,NA,NA,NA,NA,NA,NA,NA,Y,3,0,2,2,A,-,09,21802,A,N,D,C,A,A,H,-,A,A,0,NA,NA,NA,NA,Y,NA,A,01,0,2,0,0,0,0,0,0,0,-,-,NA,NA,ORANGE,HUNTINGTON BEACH,-118.02188011,33.72271011
7128819,2015,2017-02-03,3010,2015-11-25,1738,1176,283,3,5,6,3010,0,0,0,NA,0,006,RT 39,SPEER,89,N,N,B,-,Y,ORA,12,39,-,-,4.02,H,-,N,Y,4,0,1,2,A,-,03,22350,NA,N,C,C,A,A,H,-,C,A,0,NA,NA,NA,NA,Y,NA,A,01,0,0,1,0,0,0,0,0,0,-,-,NA,NA,ORANGE,HUNTINGTON BEACH,-117.98912962,33.70689019
7130674,2015,2015-12-22,3019,2015-11-28,1643,3232,S E,6,5,7,3019,0,0,0,NA,0,003,SAINT GERTRUDE PL,BROADWAY,0,NA,Y,A,-,N,NA,NA,NA,NA,NA,NA,NA,NA,NA,N,4,0,1,2,A,-,12,22450,A,N,D,G,A,A,H,-,C,D,0,NA,Y,NA,NA,Y,NA,-,-,0,0,1,0,0,0,1,0,0,-,-,NA,NA,ORANGE,SANTA ANA,-117.86999013,33.71968003
7130898,2015,2016-08-12,3000,2015-10-14,1755,6532,971H6,3,5,4,3029,0,0,0,NA,0,735,PACIFIC COAST HWY,GOLDEN LANTERN,89,S,N,A,-,N,NA,NA,NA,NA,NA,NA,NA,NA,NA,N,4,0,1,2,A,-,03,22350,NA,N,C,C,A,A,H,-,C,A,0,NA,NA,NA,NA,Y,NA,A,01,0,0,1,0,0,0,0,0,0,-,-,NA,NA,ORANGE,DANA POINT,-117.69843372,33.46717555
7131219,2015,2017-02-03,3011,2015-11-17,1152,31241,NA,2,5,4,3011,0,0,0,NA,0,NA,RT 133,RT 73,45,N,N,A,-,Y,ORA,12,133,-,-,4.003,I,5,S,N,4,0,1,3,A,-,03,22350,NA,N,B,C,A,A,H,-,A,A,0,NA,NA,NA,NA,Y,NA,A,01,0,0,1,0,0,0,0,0,0,-,-,NA,NA,ORANGE,LAGUNA BEACH,-117.75964017,33.59113146
7131644,2015,2015-12-15,3010,2015-11-27,2315,1176,159,5,5,6,3010,0,0,0,NA,0,007,WALTON,MARJAN,121,W,N,A,-,N,NA,NA,NA,NA,NA,NA,NA,NA,NA,N,3,0,1,1,A,-,01,23152,A,N,E,I,A,A,H,-,C,D,0,NA,NA,NA,NA,Y,Y,A,07,0,1,0,0,0,0,0,0,0,-,-,NA,NA,ORANGE,HUNTINGTON BEACH,-118.01055703,33.72955538
7131884,2015,2016-01-07,3024,2015-11-01,1025,176,P-36,7,5,5,3024,0,0,0,NA,0,EAST,MCFADDEN AV,BROOKHURST ST,10,E,N,A,-,N,NA,NA,NA,NA,NA,NA,NA,NA,NA,N,3,0,1,2,A,-,03,22350,NA,N,C,C,A,A,H,-,A,A,0,NA,NA,Y,NA,Y,NA,C,02,0,1,0,0,0,0,0,0,1,-,-,NA,NA,ORANGE,WESTMINSTER,-117.95481718,33.73768
7132009,2015,2016-08-12,3000,2015-11-22,2055,4601,972B1,7,5,4,3029,0,0,0,NA,0,435,PACIFIC COAST HWY,PALISADES DR,3100,N,N,A,-,N,NA,NA,NA,NA,NA,NA,NA,NA,NA,Y,4,0,1,2,A,-,08,22107,NA,N,C,E,A,A,H,-,C,D,0,NA,NA,NA,NA,Y,NA,A,01,0,0,1,0,0,0,0,0,0,-,-,NA,NA,ORANGE,DANA POINT,-117.67605011,33.46060229