CASE_ID,ACCIDENT_YEAR,PROC_DATE,JURIS,COLLISION_DATE,COLLISION_TIME,OFFICER_ID,REPORTING_DISTRICT,DAY_OF_WEEK,CHP_SHIFT,POPULATION,CNTY_CITY_LOC,SPECIAL_COND,BEAT_TYPE,CHP_BEAT_TYPE,CITY_DIVISION_LAPD,CHP_BEAT_CLASS,BEAT_NUMBER,PRIMARY_RD,SECONDARY_RD,DISTANCE,DIRECTION,INTERSECTION,WEATHER_1,WEATHER_2,STATE_HWY_IND,CALTRANS_COUNTY,CALTRANS_DISTRICT,STATE_ROUTE,ROUTE_SUFFIX,POSTMILE_PREFIX,POSTMILE,LOCATION_TYPE,RAMP_INTERSECTION,SIDE_OF_HWY,TOW_AWAY,COLLISION_SEVERITY,NUMBER_KILLED,NUMBER_INJURED,PARTY_COUNT,PRIMARY_COLL_FACTOR,PCF_CODE_OF_VIOL,PCF_VIOL_CATEGORY,PCF_VIOLATION,PCF_VIOL_SUBSECTION,HIT_AND_RUN,TYPE_OF_COLLISION,MVIW,PED_ACTION,ROAD_SURFACE,ROAD_COND_1,ROAD_COND_2,LIGHTING,CONTROL_DEVICE,CHP_ROAD_TYPE,PEDESTRIAN_ACCIDENT,BICYCLE_ACCIDENT,MOTORCYCLE_ACCIDENT,TRUCK_ACCIDENT,NOT_PRIVATE_PROPERTY,ALCOHOL_INVOLVED,STWD_VEHTYPE_AT_FAULT,CHP_VEHTYPE_AT_FAULT,COUNT_SEVERE_INJ,COUNT_VISIBLE_INJ,COUNT_COMPLAINT_PAIN,COUNT_PED_KILLED,COUNT_PED_INJURED,COUNT_BICYCLIST_KILLED,COUNT_BICYCLIST_INJURED,COUNT_MC_KILLED,COUNT_MC_INJURED,PRIMARY_RAMP,SECONDARY_RAMP,LATITUDE,LONGITUDE,COUNTY,CITY,POINT_X,POINT_Y
7200091,2017,2017-06-20,3019,2017-01-05,0531,2647,SC,4,5,7,3019,0,0,0,NA,0,004,WARNER AV,SUSAN ST,140,W,N,B,C,N,NA,NA,NA,NA,NA,NA,NA,NA,NA,N,1,1,0,2,A,-,11,21954,A,N,G,B,D,B,H,-,C,D,0,Y,NA,NA,NA,Y,NA,N,60,0,0,0,1,0,0,0,0,0,-,-,33.71481,-117.91238,ORANGE,SANTA ANA,-117.91324043,33.71441609
7201234,2016,2016-03-14,3008,2016-02-09,1746,1117,NA,2,5,6,3008,0,0,0,NA,0,0Z3,CHAPMAN AV,CLARKE AV,150,W,N,A,-,N,NA,NA,NA,NA,NA,NA,NA,NA,NA,N,4,0,1,2,A,-,03,22350,NA,N,C,C,A,A,H,-,C,D,0,NA,NA,NA,NA,Y,NA,A,01,0,0,1,0,0,0,0,0,0,-,-,NA,NA,ORANGE,FULLERTON,-117.88655297,33.87428579
7201274,2016,2016-03-14,3008,2016-02-03,1418,1482,NA,3,5,6,3008,0,0,0,NA,0,Z-1,COMMONWEALTH AV,EUCLID ST,99,E,N,A,-,N,NA,NA,NA,NA,NA,NA,NA,NA,NA,N,3,0,1,2,A,-,03,22350,NA,N,C,C,A,A,H,-,A,A,0,NA,NA,Y,NA,Y,Y,A,01,0,1,0,0,0,0,0,0,1,-,-,NA,NA,ORANGE,FULLERTON,-117.94163466,33.8702244
7201576,2016,2016-03-16,3000,2016-03-02,1515,9681,891J7,3,5,5,3028,0,0,0,NA,0,753,ALICIA PKWY,MUIRLANDS BL,183,E,N,A,-,N,NA,NA,NA,NA,NA,NA,NA,NA,NA,N,2,0,1,2,B,-,22,NA,NA,N,D,G,A,A,H,-,A,D,0,NA,Y,NA,NA,Y,NA,L,04,1,0,0,0,0,0,1,0,0,-,-,NA,NA,ORANGE,MISSION VIEJO,-117.68622447,33.61021606
7201885,2016,2016-03-10,3008,2016-02-13,1314,1477,NJC,6,5,6,3008,0,0,0,NA,0,002,HARBOR BL,ORANGEFAIR MAL,0,NA,Y,A,-,N,NA,NA,NA,NA,NA,NA,NA,NA,NA,Y,4,0,1,2,D,-,00,NA,NA,N,D,C,A,A,H,-,A,A,0,NA,NA,NA,NA,Y,NA,-,-,0,0,1,0,0,0,0,0,0,-,-,33.51288,-117.55279,ORANGE,FULLERTON,-117.92436,33.85631
7202262,2016,2016-03-10,3001,2016-02-12,0757,41622,NA,5,5,7,3001,0,0,0,NA,0,0D2,LA PALMA AV,LARK ST,42,W,N,A,-,N,NA,NA,NA,NA,NA,NA,NA,NA,NA,Y,4,0,1,2,A,-,08,21460,5,N,D,C,A,A,H,-,A,A,0,NA,NA,NA,NA,Y,NA,A,07,0,0,1,0,0,0,0,0,0,-,-,NA,NA,ORANGE,ANAHEIM,-117.903718,33.84727
7205498,2016,2017-02-16,3004,2016-02-22,1131,P543,02,1,5,6,3004,0,0,0,NA,0,001,NEWPORT BL,EAST 17TH ST,42,S,N,A,-,Y,ORA,12,55,-,-,1.41,H,-,N,Y,4,0,2,3,A,-,21,22106,NA,N,C,C,A,A,H,-,A,A,0,NA,NA,NA,Y,Y,NA,F,27,0,0,2,0,0,0,0,0,0,-,-,33.6364,-117.9221,ORANGE,COSTA MESA,-117.92214725,33.63603545
7205502,2016,2016-03-17,3004,2016-02-19,1240,P543,13,5,5,6,3004,0,0,0,NA,0,012,VICTORIA ST,S NEWPORT BL,367,W,N,A,-,N,NA,NA,NA,NA,NA,NA,NA,NA,NA,Y,4,0,1,2,A,-,09,21801,A,N,D,C,A,A,H,-,A,A,0,NA,NA,NA,NA,Y,NA,A,01,0,0,1,0,0,0,0,0,0,-,-,33.3909,-117.5402,ORANGE,COSTA MESA,-117.90986075000001,33.65257396
7205694,2016,2016-03-15,3002,2016-02-24,1716,1463,427Y,3,5,4,3002,0,0,0,NA,0,013,BIRCH ST,FLOWER AV,0,NA,Y,A,-,N,NA,NA,NA,NA,NA,NA,NA,NA,NA,Y,4,0,1,2,A,-,12,21453,A,N,A,C,A,A,H,-,A,A,0,NA,NA,NA,NA,Y,NA,A,01,0,0,1,0,0,0,0,0,0,-,-,NA,NA,ORANGE,BREA,-117.89716013,33.91758008
7206254,2016,2016-03-22,3019,2016-02-24,0543,1561,WE,3,5,7,3019,0,0,0,NA,0,001,BRISTOL ST,CIVIC CENTER DR,0,NA,Y,A,-,N,NA,NA,NA,NA,NA,NA,NA,NA,NA,Y,4,0,2,2,A,-,09,21801,A,N,A,C,A,A,H,-,C,A,0,NA,NA,NA,NA,Y,NA,A,01,0,0,2,0,0,0,0,0,0,-,-,33.7515,-117.88535,ORANGE,SANTA ANA,-117.88511003,33.7515001
7206885,2016,2016-03-23,3026,2016-02-24,1132,519,3,3,5,6,3026,0,0,0,NA,0,00U,UNIVERSITY,SAN JOAQUIN,0,NA,Y,A,-,N,NA,NA,NA,NA,NA,NA,NA,NA,NA,N,4,0,1,2,A,-,12,21453,A,N,D,C,A,A,H,-,A,A,0,NA,NA,NA,NA,Y,NA,A,07,0,0,1,0,0,0,0,0,0,-,-,NA,NA,ORANGE,IRVINE,-117.83147006,33.65751009
7207417,2016,2016-03-21,3024,2016-02-05,1342,184,P17,5,5,5,3024,0,0,0,NA,0,WEST,GOLDENWEST ST,SOWELL AV,45,S,N,A,-,N,NA,NA,NA,NA,NA,NA,NA,NA,NA,Y,4,0,1,2,A,-,03,22350,NA,N,C,C,A,A,H,-,A,A,0,NA,NA,NA,NA,Y,NA,D,22,0,0,1,0,0,0,0,0,0,-,-,NA,NA,ORANGE,WESTMINSTER,-118.00702,33.74854662
7207456,2016,2016-03-16,3024,2016-02-09,1619,329,P12,2,5,5,3024,0,0,0,NA,0,WEST,WESTMINSTER BL,CARDILLO DR,0,NA,Y,A,-,N,NA,NA,NA,NA,NA,NA,NA,NA,NA,N,3,0,1,2,A,-,05,21650,1,N,D,G,A,A,H,-,A,D,0,NA,Y,NA,NA,Y,NA,L,04,0,1,0,0,0,0,1,0,0,-,-,NA,NA,ORANGE,WESTMINSTER,-117.99369006,33.75922012
7207926,2016,2016-03-21,3014,2016-02-17,0717,1179,RD15,3,5,5,3014,0,0,0,NA,0,0A1,VIA LIDO,LAFAYETTE AV,200,E,N,A,-,N,NA,NA,NA,NA,NA,NA,NA,NA,NA,N,4,0,1,2,A,-,03,22350,NA,N,H,G,A,A,H,-,A,D,0,NA,Y,NA,NA,Y,NA,A,01,0,0,1,0,0,0,1,0,0,-,-,33.6162,-117.9261,ORANGE,NEWPORT BEACH,-117.92632639,33.61625522
7208856,2016,2016-04-05,3026,2016-02-16,0830,518,NA,2,5,6,3026,0,0,0,NA,0,00U,CULVER DR,MAIN ST,441,S,N,A,-,N,NA,NA,NA,NA,NA,NA,NA,NA,NA,Y,3,0,1,3,A,-,08,22107,NA,N,B,C,A,A,H,-,A,D,0,NA,NA,NA,NA,Y,NA,-,-,0,1,0,0,0,0,0,0,0,-,-,NA,NA,ORANGE,IRVINE,-117.81738652,33.67507641
7210391,2016,2016-03-25,3008,2016-03-03,0751,1296,NA,4,5,6,3008,0,0,0,NA,0,0Z2,CHAPMAN AV,MALDEN AV,60,W,N,A,-,N,NA,NA,NA,NA,NA,NA,NA,NA,NA,N,4,0,1,3,A,-,03,22350,NA,N,C,C,A,A,H,-,A,A,0,NA,NA,NA,NA,Y,NA,D,22,0,0,1,0,0,0,0,0,0,-,-,NA,NA,ORANGE,FULLERTON,-117.92675688,33.87387047
8000410,2016,2016-03-25,3010,2016-03-15,2000,205,421,2,5,6,3010,0,0,0,NA,0,005,GOLDEN WEST,ERNEST,400,N,N,A,-,N,NA,NA,NA,NA,NA,NA,NA,NA,NA,N,4,0,1,1,A,-,03,22350,NA,N,F,A,A,A,H,-,C,D,0,NA,Y,NA,NA,Y,NA,L,04,0,0,1,0,0,0,1,0,0,-,-,NA,NA,ORANGE,HUNTINGTON BEACH,-118.00631708,33.69049665
8000623,2016,2016-03-29,3009,2016-03-06,1530,2372,92,7,5,6,3009,0,0,0,NA,0,012,BROOKHURST ST,CHAPMAN AV,410,N,N,A,-,N,NA,NA,NA,NA,NA,NA,NA,NA,NA,N,4,0,1,2,A,-,09,21802,A,N,B,C,A,A,H,-,A,A,0,NA,NA,NA,NA,Y,NA,-,-,0,0,1,0,0,0,0,0,0,-,-,NA,NA,ORANGE,GARDEN GROVE,-117.95883161,33.78978395
8001631,2016,2016-04-05,3019,2016-03-03,1143,2528,WE,4,5,7,3019,0,0,0,NA,0,001,NEWHOPE ST,MCFADDEN AV,100,N,N,A,-,N,NA,NA,NA,NA,NA,NA,NA,NA,NA,Y,3,0,1,1,A,-,08,22107,NA,N,E,I,A,A,H,-,A,A,0,NA,NA,NA,NA,Y,NA,A,07,0,1,0,0,0,0,0,0,0,-,-,33.73823,-117.92898,ORANGE,SANTA ANA,-117.92865532,33.73850413
8002381,2016,2016-03-29,3000,2016-01-22,1148,1481,798B1,5,5,4,3021,0,0,0,NA,0,2A21,MAGNOLIA ST,CERRITOS AV,3,N,N,A,-,N,NA,NA,NA,NA,NA,NA,NA,NA,NA,N,3,0,1,2,A,-,12,21453,A,M,D,G,A,A,H,-,A,A,0,NA,Y,NA,NA,Y,NA,A,01,0,1,0,0,0,0,1,0,0,-,-,NA,NA,ORANGE,STANTON,-117.9757602,33.81037822
8002474,2016,2016-03-29,3001,2016-03-11,1657,1410,NA,5,5,7,3001,0,0,0,NA,0,0D2,W WILSHIRE AV,W PEARL ST,37,E,N,B,-,N,NA,NA,NA,NA,NA,NA,NA,NA,NA,Y,3,0,1,2,A,-,08,22107,NA,N,A,C,A,B,H,-,A,D,0,NA,NA,NA,NA,Y,NA,A,01,0,1,0,0,0,0,0,0,0,-,-,NA,NA,ORANGE,ANAHEIM,-117.93169939,33.83310264
8003219,2016,2016-03-25,3024,2016-02-17,0850,329,P11,3,5,5,3024,0,0,0,NA,0,WEST,WYOMING ST,CEDAR ST,0,NA,Y,A,-,N,NA,NA,NA,NA,NA,NA,NA,NA,NA,Y,4,0,1,2,A,-,09,21802,A,N,D,C,A,A,H,-,A,D,0,NA,NA,Y,NA,Y,NA,A,01,0,0,1,0,0,0,0,0,1,-,-,NA,NA,ORANGE,WESTMINSTER,-118.00432009,33.7609601
8003404,2016,2016-03-28,3003,2016-03-05,1806,657,NA,6,5,5,3003,0,0,0,NA,0,NA,ORANGETHORPE AV,AUTO CENTER DR,0,NA,Y,B,-,N,NA,NA,NA,NA,NA,NA,NA,NA,NA,Y,4,0,4,2,A,-,08,22107,NA,N,A,C,A,A,H,-,B,D,0,NA,NA,NA,NA,Y,NA,A,01,0,0,4,0,0,0,0,0,0,-,-,NA,NA,ORANGE,BUENA PARK,-117.98129007,33.85909011
8003782,2016,2016-04-13,3026,2016-03-10,1535,8929,NA,4,5,6,3026,0,0,0,NA,0,00P,BRYAN AV,WESTWOOD,0,NA,Y,A,-,N,NA,NA,NA,NA,NA,NA,NA,NA,NA,Y,4,0,3,2,A,-,12,21453,A,N,H,A,A,A,H,-,A,A,0,NA,NA,NA,NA,Y,NA,-,-,0,0,3,0,0,0,0,0,0,-,-,NA,NA,ORANGE,IRVINE,-117.77150005,33.71241009
8004496,2016,2016-04-06,3026,2016-01-25,0855,021,C,1,5,6,3026,0,0,0,NA,0,NA,BISON AV,HEALTH SCIENCE RD,0,NA,Y,A,-,N,NA,NA,NA,NA,NA,NA,NA,NA,NA,N,4,0,1,2,A,-,09,21802,A,N,D,D,A,A,H,-,A,D,0,NA,NA,NA,NA,Y,NA,-,NA,0,0,1,0,0,0,0,0,0,-,-,NA,NA,ORANGE,IRVINE,-117.85109002,33.64193003
8004992,2016,2016-04-04,3000,2016-02-01,0730,5013,862G4,1,5,5,3050,0,0,0,NA,0,764,RIDGELINE RD,EL TORO RD,319,N,N,A,-,N,NA,NA,NA,NA,NA,NA,NA,NA,NA,Y,3,0,1,2,A,-,08,22107,NA,N,B,C,A,A,H,-,A,D,0,NA,NA,NA,NA,Y,NA,A,01,0,1,0,0,0,0,0,0,0,-,-,NA,NA,ORANGE,LAKE FOREST,-117.62214591,33.68192861
8005024,2016,2016-04-05,3000,2016-02-28,1745,9220,952C7,7,5,4,3018,0,0,0,NA,0,730,CAMINO CAPISTRANO,LA ZANJA ST,462,S,N,A,-,N,NA,NA,NA,NA,NA,NA,NA,NA,NA,Y,4,0,1,2,A,-,08,22107,NA,N,D,C,A,A,H,-,B,D,0,NA,NA,NA,NA,Y,NA,A,01,0,0,1,0,0,0,0,0,0,-,-,NA,NA,ORANGE,SAN JUAN CAPISTRANO,-117.66505825,33.5065978
8005104,2016,2016-03-28,3000,2016-02-26,0033,5377,951G1,5,5,5,3040,0,0,0,NA,0,743,LA PLUMOSA,VIA BAMBUSA,225,W,N,A,-,N,NA,NA,NA,NA,NA,NA,NA,NA,NA,Y,3,0,1,2,A,-,01,23152,A,N,C,E,A,A,H,-,C,D,0,NA,NA,NA,NA,Y,Y,A,01,0,1,0,0,0,0,0,0,0,-,-,NA,NA,ORANGE,LAGUNA NIGUEL,-117.70050939,33.5522012
8006053,2016,2016-03-24,3015,2016-01-29,2206,1365,66,5,5,6,3015,0,0,0,NA,0,131,EAST CHAPMAN AV,RT 55,20,E,N,A,-,N,NA,NA,NA,NA,NA,NA,NA,NA,NA,Y,4,0,3,2,A,-,12,21453,A,N,D,C,A,A,H,-,C,D,0,NA,NA,NA,NA,Y,NA,A,01,0,0,3,0,0,0,0,0,0,-,-,NA,NA,ORANGE,ORANGE,-117.83106434,33.78783
8007271,2016,2016-04-06,3002,2016-02-28,0317,1598,529Y,7,5,4,3002,0,0,0,NA,0,014,GREENBRIAR LN,ASSOCIATED RD,21,E,N,A,-,N,NA,NA,NA,NA,NA,NA,NA,NA,NA,Y,3,0,1,1,A,-,01,23152,A,N,E,I,A,A,H,-,C,A,0,NA,NA,Y,NA,Y,Y,C,02,0,1,0,0,0,0,0,0,1,-,-,NA,NA,ORANGE,BREA,-117.87830889,33.91359375
8007578,2016,2016-04-05,3001,2016-03-21,1611,1622,NA,1,5,7,3001,0,0,0,NA,0,0D2,NORTH ANAHEIM BL,W CARL KARCHER WY,0,NA,Y,A,-,N,NA,NA,NA,NA,NA,NA,NA,NA,NA,Y,3,0,2,2,A,-,09,21802,A,N,D,C,A,A,H,-,A,A,0,NA,NA,NA,NA,Y,NA,A,01,0,1,1,0,0,0,0,0,0,-,-,NA,NA,ORANGE,ANAHEIM,-117.91984001,33.85085
8007889,2016,2016-04-06,3015,2016-02-20,1552,1443,44N,6,5,6,3015,0,0,0,NA,0,031,CHAPMAN AV,HEWES ST,213,W,N,A,-,N,NA,NA,NA,NA,NA,NA,NA,NA,NA,N,4,0,2,2,A,-,03,22350,NA,N,C,C,A,A,H,-,A,A,0,NA,NA,NA,NA,Y,NA,A,01,0,0,2,0,0,0,0,0,0,-,-,NA,NA,ORANGE,ORANGE,-117.80640917,33.78775
8008958,2016,2016-06-08,3000,2016-05-30,1319,8794,921E7,1,5,4,3049,0,0,0,NA,0,1A83,ALISO CREEK RD,PEPITA DR,103,N,N,A,-,N,NA,NA,NA,NA,NA,NA,NA,NA,NA,Y,4,0,1,1,A,-,03,22350,NA,N,H,A,A,A,H,-,A,A,0,NA,NA,Y,NA,Y,NA,C,02,0,0,1,0,0,0,0,0,1,-,-,NA,NA,ORANGE,ALISO VIEJO,NA,NA
8009089,2016,2016-04-06,3015,2016-03-01,0816,1364,13N,2,5,6,3015,0,0,0,NA,0,NA,EAST CHAPMAN AV,N GRAND,101,E,N,A,-,N,NA,NA,NA,NA,NA,NA,NA,NA,NA,N,4,0,2,4,A,-,04,21703,NA,N,C,C,A,A,H,-,A,D,0,NA,NA,NA,NA,Y,NA,A,01,0,0,2,0,0,0,0,0,0,-,-,NA,NA,ORANGE,ORANGE,-117.8506084,33.78787
8009151,2016,2016-04-05,3015,2016-03-11,0723,913,35E,5,5,6,3015,0,0,0,NA,0,751,COLLINS AV W,LEMON ST N,16,E,N,A,-,N,NA,NA,NA,NA,NA,NA,NA,NA,NA,N,4,0,1,3,A,-,03,22350,NA,N,C,C,A,A,H,-,A,D,0,NA,NA,NA,NA,Y,NA,A,01,0,0,1,0,0,0,0,0,0,-,-,NA,NA,ORANGE,ORANGE,-117.85518746,33.80239
8010230,2016,2016-04-12,3008,2016-03-20,1853,1496,NA,7,5,6,3008,0,0,0,NA,0,ZONE3,ORANGETHORPE AV,STATE COLLEGE BL,600,E,N,A,-,N,NA,NA,NA,NA,NA,NA,NA,NA,NA,Y,3,0,1,2,-,-,-,NA,NA,N,H,A,A,A,H,-,A,D,0,NA,NA,NA,NA,Y,NA,-,-,0,1,0,0,0,0,0,0,0,-,-,NA,NA,ORANGE,FULLERTON,-117.88743851,33.85965466
8010859,2016,2016-04-06,3022,2016-03-14,1325,1109,NORTH,1,5,5,3022,0,0,0,NA,0,004,JAMBOREE RD,ROBINSON DR,0,NA,Y,A,-,N,NA,NA,NA,NA,NA,NA,NA,NA,NA,Y,3,0,3,2,A,-,12,21453,A,N,D,C,A,A,H,-,A,A,0,NA,NA,NA,NA,Y,NA,A,01,0,1,2,0,0,0,0,0,0,-,-,33.73375,-117.78229,ORANGE,TUSTIN,-117.78238003,33.7338001
8010962,2016,2016-04-07,3008,2016-03-04,1349,1378,NA,5,5,6,3008,0,0,0,NA,0,0Z2,EUCLID ST,WILLIAMSON AV,0,NA,Y,A,-,N,NA,NA,NA,NA,NA,NA,NA,NA,NA,N,4,0,2,2,A,-,03,22350,NA,N,C,C,A,A,H,-,A,A,0,NA,NA,NA,NA,Y,NA,A,01,0,0,2,0,0,0,0,0,0,-,-,NA,NA,ORANGE,FULLERTON,-117.94195012,33.86918008
8011012,2016,2016-04-07,3010,2016-03-18,1525,1225,455,5,5,6,3010,0,0,0,NA,0,002,ATLANTA,MAGNOLIA,148,E,N,A,-,N,NA,NA,NA,NA,NA,NA,NA,NA,NA,Y,4,0,1,2,A,-,03,22350,NA,N,C,C,A,A,H,-,A,A,0,NA,NA,NA,NA,Y,NA,A,01,0,0,1,0,0,0,0,0,0,-,-,NA,NA,ORANGE,HUNTINGTON BEACH,-117.97056482,33.6577363
8011028,2016,2016-04-07,3010,2016-03-20,0730,1176,156,7,5,6,3010,0,0,0,NA,0,008,EDINGER,GRAHAM,186,E,N,B,-,N,NA,NA,NA,NA,NA,NA,NA,NA,NA,N,4,0,1,1,A,-,03,22350,NA,N,E,I,A,A,H,-,A,D,0,NA,NA,NA,NA,Y,NA,A,07,0,0,1,0,0,0,0,0,0,-,-,NA,NA,ORANGE,HUNTINGTON BEACH,-118.03210008,33.72991968
8011169,2016,2016-04-18,3002,2016-03-13,1205,8879,740E4,7,5,5,3025,0,0,0,NA,0,001,YORBA LINDA BL,FAIRMONT BL,0,NA,Y,A,-,N,NA,NA,NA,NA,NA,NA,NA,NA,NA,N,4,0,1,2,A,-,12,21453,A,N,D,C,A,A,H,-,A,A,0,NA,NA,NA,NA,Y,NA,D,22,0,0,1,0,0,0,0,0,0,-,-,NA,NA,ORANGE,YORBA LINDA,-117.79055008,33.8887601
8011205,2016,2016-04-12,3000,2016-02-15,1347,5013,891G6,1,5,5,3050,0,0,0,NA,0,764,EL TORO RD,ROCKFIELD BL,0,NA,Y,A,-,N,NA,NA,NA,NA,NA,NA,NA,NA,NA,N,4,0,2,2,A,-,09,21453,C,N,D,C,A,A,H,-,A,A,0,NA,NA,NA,NA,Y,NA,A,01,0,0,2,0,0,0,0,0,0,-,-,NA,NA,ORANGE,LAKE FOREST,-117.70487012,33.61714002
8011694,2016,2016-04-11,3000,2016-03-05,2120,2742,973B6,6,5,5,3017,0,0,0,NA,0,778,LA PEDRIZA,CALLE ALTEA,741,N,N,B,-,N,NA,NA,NA,NA,NA,NA,NA,NA,NA,Y,4,0,1,1,A,-,08,22107,NA,N,E,I,A,A,H,-,C,D,0,NA,NA,NA,NA,Y,NA,A,01,0,0,1,0,0,0,0,0,0,-,-,NA,NA,ORANGE,SAN CLEMENTE,-117.588848,33.462058
8011931,2016,2016-04-12,3020,2016-03-08,1810,178,NA,2,5,4,3020,0,0,0,NA,0,ROVER,WESTMINSTER AV,ROAD B,700,E,N,A,-,N,NA,NA,NA,NA,NA,NA,NA,NA,NA,Y,4,0,1,2,A,-,09,21801,A,N,D,C,A,A,H,-,C,D,0,NA,NA,NA,NA,Y,NA,A,NA,0,0,1,0,0,0,0,0,0,-,-,NA,NA,ORANGE,SEAL BEACH,-118.08114196,33.75963
8011935,2016,2016-04-12,3020,2016-03-07,1219,362,NA,1,5,4,3020,0,0,0,NA,0,NA,MAIN ST,CENTRAL AV,0,NA,Y,A,-,N,NA,NA,NA,NA,NA,NA,NA,NA,NA,N,3,0,1,2,A,-,08,22107,NA,N,B,G,A,A,H,-,A,A,0,NA,Y,NA,NA,Y,NA,A,07,0,1,0,0,0,0,1,0,0,-,-,NA,NA,ORANGE,SEAL BEACH,-118.10477011,33.74144007
8012120,2016,2017-02-16,3010,2016-03-23,0346,2025,326,3,5,6,3010,0,0,0,NA,0,004,RT 1,GOLDEN WEST,4224,W,N,A,-,Y,ORA,12,1,-,-,26.69,H,-,N,Y,4,0,1,1,A,-,08,22107,NA,N,F,I,A,A,H,-,D,D,0,NA,NA,NA,NA,Y,NA,A,07,0,0,1,0,0,0,0,0,0,-,-,NA,NA,ORANGE,HUNTINGTON BEACH,-118.02768418,33.67630417
8012253,2016,2016-04-07,3026,2016-02-29,2116,522,NA,1,5,6,3026,0,0,0,NA,0,00C,WEST YALE LOOP,SHOREBIRD,56,E,N,A,-,N,NA,NA,NA,NA,NA,NA,NA,NA,NA,Y,3,0,1,1,A,-,08,22107,NA,N,E,I,A,A,H,-,C,D,0,NA,NA,NA,NA,Y,NA,A,07,0,1,0,0,0,0,0,0,0,-,-,NA,NA,ORANGE,IRVINE,-117.7919265,33.6849646
8012396,2016,2016-04-07,3019,2016-03-14,1034,3197,NE,1,5,7,3019,0,0,0,NA,0,001,17TH ST,GRAND AV,0,NA,Y,B,-,N,NA,NA,NA,NA,NA,NA,NA,NA,NA,N,3,0,1,2,A,-,09,21453,C,N,B,G,A,A,H,-,A,A,0,NA,Y,NA,NA,Y,NA,L,04,0,1,0,0,0,0,1,0,0,-,-,NA,NA,ORANGE,SANTA ANA,-117.85192007,33.75992005
8013288,2016,2016-04-14,3000,2016-03-16,1745,2849,891G6,3,5,5,3050,0,0,0,NA,0,762,ROCKFIELD BL,ORCHARD LN,43,S,N,A,-,N,NA,NA,NA,NA,NA,NA,NA,NA,NA,N,4,0,1,2,D,-,00,NA,NA,N,E,I,A,A,H,-,A,D,0,NA,NA,NA,NA,Y,NA,-,-,0,0,1,0,0,0,0,0,0,-,-,NA,NA,ORANGE,LAKE FOREST,NA,NA
8016343,2016,2016-04-13,3013,2016-03-26,0204,176,NA,6,5,3,3013,0,0,0,NA,0,NA,KATELLA AV,REAGAN ST,105,W,N,A,-,N,NA,NA,NA,NA,NA,NA,NA,NA,NA,Y,2,0,2,2,A,-,01,23153,A,F,C,C,A,A,H,-,C,D,0,NA,NA,NA,NA,Y,Y,A,01,1,1,0,0,0,0,0,0,0,-,-,NA,NA,ORANGE,LOS ALAMITOS,-118.06963471,33.80317884
8017035,2016,2017-02-08,3004,2016-03-19,2051,P542,2,6,5,6,3004,0,0,0,NA,0,001,NEWPORT BL,HARBOR BL,0,NA,Y,A,-,Y,ORA,12,55,-,-,1.85,H,-,N,N,3,0,1,2,A,-,11,21954,A,N,G,B,D,A,H,-,C,D,0,Y,NA,NA,NA,Y,NA,N,60,0,1,0,0,1,0,0,0,0,-,-,33.6413,-117.9183,ORANGE,COSTA MESA,-117.91847758,33.64141562
8017291,2016,2016-04-15,3010,2016-04-05,0721,145,261,2,5,6,3010,0,0,0,NA,0,007,GOLDENWEST,LYDIA,215,N,N,B,-,N,NA,NA,NA,NA,NA,NA,NA,NA,NA,Y,4,0,1,2,A,-,03,22350,NA,N,C,C,A,A,H,-,A,A,0,NA,NA,NA,NA,Y,NA,A,07,0,0,1,0,0,0,0,0,0,-,-,NA,NA,ORANGE,HUNTINGTON BEACH,-118.00663396,33.71940947
8017346,2016,2016-04-20,3001,2016-03-26,0022,415,NA,6,5,7,3001,0,0,0,NA,0,0D2,SOUTH STATE COLLEGE BL,EAST SOUTH ST,0,NA,Y,A,-,N,NA,NA,NA,NA,NA,NA,NA,NA,NA,Y,4,0,2,2,A,-,12,21453,A,N,D,C,A,A,H,-,C,A,0,NA,NA,NA,NA,Y,NA,A,01,0,0,2,0,0,0,0,0,0,-,-,NA,NA,ORANGE,ANAHEIM,-117.88934009,33.83265
8018126,2016,2016-04-25,3024,2016-04-12,0834,329,P14,2,5,5,3024,0,0,0,NA,0,WEST,BOLSA CHICA RD,WESTMINSTER BL,226,S,N,A,-,N,NA,NA,NA,NA,NA,NA,NA,NA,NA,Y,4,0,1,3,A,-,03,22350,NA,N,C,C,A,A,H,-,A,B,0,NA,NA,NA,NA,Y,NA,A,08,0,0,1,0,0,0,0,0,0,-,-,NA,NA,ORANGE,WESTMINSTER,-118.04247,33.75884032
8019541,2016,2016-04-20,3007,2016-03-30,1055,1140,66,3,5,5,3007,0,0,0,NA,0,003,WARD,ELLIS,0,NA,Y,A,-,N,NA,NA,NA,NA,NA,NA,NA,NA,NA,N,4,0,1,2,A,-,03,22350,NA,N,D,C,A,A,H,-,A,-,0,NA,NA,NA,NA,Y,NA,A,01,0,0,1,0,0,0,0,0,0,-,-,NA,NA,ORANGE,FOUNTAIN VALLEY,-117.94547005,33.69420006
8019616,2016,2016-04-25,3001,2016-04-06,1447,471/A121,NA,3,5,7,3001,0,0,0,NA,0,0D2,EAST SOUTH ST,S RESEDA ST,20,W,N,A,-,N,NA,NA,NA,NA,NA,NA,NA,NA,NA,N,3,0,1,2,A,-,08,22100,A,N,C,G,A,A,H,-,A,D,0,NA,Y,NA,NA,Y,NA,L,04,0,1,0,0,0,0,1,0,0,-,-,NA,NA,ORANGE,ANAHEIM,-117.88833565,33.83266788
8019779,2016,2016-04-29,3026,2016-03-29,2040,412,NA,2,5,6,3026,0,0,0,NA,0,00C,CULVER BL,WALNUT,0,NA,N,A,-,N,NA,NA,NA,NA,NA,NA,NA,NA,NA,N,4,0,1,2,A,-,10,21950,A,N,G,B,B,A,H,-,C,A,0,Y,NA,NA,NA,Y,NA,A,01,0,0,1,0,1,0,0,0,0,-,-,NA,NA,ORANGE,IRVINE,-117.78776009,33.70475003
8019783,2016,2016-04-25,3026,2016-03-31,1507,4991,NA,4,5,6,3026,0,0,0,NA,0,00U,BARRANCA,JAMBOREE,162,W,N,A,-,N,NA,NA,NA,NA,NA,NA,NA,NA,NA,Y,3,0,2,3,A,-,03,22350,NA,N,C,C,A,A,H,-,A,A,0,NA,NA,NA,NA,Y,NA,A,01,0,1,1,0,0,0,0,0,0,-,-,NA,NA,ORANGE,IRVINE,-117.82727339,33.694339
8020784,2016,2016-04-14,3019,2016-03-27,0311,3337,WE,7,5,7,3019,0,0,0,NA,0,001,17TH ST,ENGLISH ST,60,E,N,A,-,N,NA,NA,NA,NA,NA,NA,NA,NA,NA,Y,4,0,3,2,A,-,08,22107,NA,N,A,C,A,A,H,-,C,A,0,NA,NA,NA,NA,Y,NA,A,01,0,0,3,0,0,0,0,0,0,-,-,33.76007,-117.89676,ORANGE,SANTA ANA,-117.89646311,33.75991358