CASE_ID,ACCIDENT_YEAR,PROC_DATE,JURIS,COLLISION_DATE,COLLISION_TIME,OFFICER_ID,REPORTING_DISTRICT,DAY_OF_WEEK,CHP_SHIFT,POPULATION,CNTY_CITY_LOC,SPECIAL_COND,BEAT_TYPE,CHP_BEAT_TYPE,CITY_DIVISION_LAPD,CHP_BEAT_CLASS,BEAT_NUMBER,PRIMARY_RD,SECONDARY_RD,DISTANCE,DIRECTION,INTERSECTION,WEATHER_1,WEATHER_2,STATE_HWY_IND,CALTRANS_COUNTY,CALTRANS_DISTRICT,STATE_ROUTE,ROUTE_SUFFIX,POSTMILE_PREFIX,POSTMILE,LOCATION_TYPE,RAMP_INTERSECTION,SIDE_OF_HWY,TOW_AWAY,COLLISION_SEVERITY,NUMBER_KILLED,NUMBER_INJURED,PARTY_COUNT,PRIMARY_COLL_FACTOR,PCF_CODE_OF_VIOL,PCF_VIOL_CATEGORY,PCF_VIOLATION,PCF_VIOL_SUBSECTION,HIT_AND_RUN,TYPE_OF_COLLISION,MVIW,PED_ACTION,ROAD_SURFACE,ROAD_COND_1,ROAD_COND_2,LIGHTING,CONTROL_DEVICE,CHP_ROAD_TYPE,PEDESTRIAN_ACCIDENT,BICYCLE_ACCIDENT,MOTORCYCLE_ACCIDENT,TRUCK_ACCIDENT,NOT_PRIVATE_PROPERTY,ALCOHOL_INVOLVED,STWD_VEHTYPE_AT_FAULT,CHP_VEHTYPE_AT_FAULT,COUNT_SEVERE_INJ,COUNT_VISIBLE_INJ,COUNT_COMPLAINT_PAIN,COUNT_PED_KILLED,COUNT_PED_INJURED,COUNT_BICYCLIST_KILLED,COUNT_BICYCLIST_INJURED,COUNT_MC_KILLED,COUNT_MC_INJURED,PRIMARY_RAMP,SECONDARY_RAMP,LATITUDE,LONGITUDE,COUNTY,CITY,POINT_X,POINT_Y
8054424,2016,2016-06-15,3000,2016-05-13,0653,5461,921F6,5,5,5,3040,0,0,0,NA,0,644,ALICIA PARKWAY,AVILA RD,0,NA,Y,A,-,N,NA,NA,NA,NA,NA,NA,NA,NA,NA,Y,3,0,2,2,A,-,12,21453,A,N,D,C,A,A,H,-,B,A,0,NA,NA,NA,NA,Y,NA,A,01,0,1,1,0,0,0,0,0,0,-,-,NA,NA,ORANGE,LAGUNA NIGUEL,-117.71575005,33.56275008
8055249,2016,2016-06-14,3001,2016-05-01,1821,A2085,NA,7,5,7,3001,0,0,0,NA,0,032,KATELLA AV,SOUTH HARBOR BL,100,E,N,A,-,N,NA,NA,NA,NA,NA,NA,NA,NA,NA,N,4,0,1,2,A,-,08,22107,NA,M,C,C,A,A,H,-,A,D,0,NA,NA,NA,NA,Y,NA,A,01,0,0,1,0,0,0,0,0,0,-,-,NA,NA,ORANGE,ANAHEIM,-117.9150816,33.80342
8055514,2015,2017-02-02,3010,2015-11-11,1530,164,263,3,5,6,3010,0,0,0,NA,0,006,RT 39,ROBIDOUX,33,S,N,A,-,Y,ORA,12,39,-,-,4.74,H,-,S,N,4,0,1,2,A,-,05,21650,1,N,H,G,A,A,H,-,A,D,0,NA,Y,NA,NA,Y,NA,L,04,0,0,1,0,0,0,1,0,0,-,-,NA,NA,ORANGE,HUNTINGTON BEACH,-117.98925724,33.71726935
8056734,2016,2016-06-13,3019,2016-05-24,1316,2528,NE,2,5,7,3019,0,0,0,NA,0,002,MAIN ST,8TH ST,0,NA,Y,A,-,N,NA,NA,NA,NA,NA,NA,NA,NA,NA,N,4,0,2,3,A,-,10,21950,A,N,G,B,B,A,H,-,A,A,0,Y,NA,NA,NA,Y,NA,D,22,0,0,2,0,2,0,0,0,0,-,-,33.75165,-117.86776,ORANGE,SANTA ANA,-117.86761013,33.75143001
8056802,2016,2016-06-10,3019,2016-05-27,1435,2776,NE,5,5,7,3019,0,0,0,NA,0,002,3RD ST,FRENCH ST,385,E,N,A,-,N,NA,NA,NA,NA,NA,NA,NA,NA,NA,N,4,0,1,2,A,-,08,22103,NA,N,D,C,A,A,H,-,A,D,0,NA,NA,NA,NA,Y,NA,A,01,0,0,1,0,0,0,0,0,0,-,-,33.74695,-117.86431,ORANGE,SANTA ANA,-117.86331658,33.74710512
8056877,2016,2016-06-10,3019,2016-05-31,0531,3342,SE,2,5,7,3019,0,0,0,NA,0,002,MAIN ST,EDINGER AV,0,NA,Y,A,-,N,NA,NA,NA,NA,NA,NA,NA,NA,NA,Y,3,0,1,2,A,-,12,21453,A,N,D,A,A,A,H,-,A,A,0,NA,NA,NA,NA,Y,NA,A,01,0,1,0,0,0,0,0,0,0,-,-,NA,NA,ORANGE,SANTA ANA,-117.86779009,33.72727011
8057185,2016,2016-06-11,3026,2016-05-29,1445,518,NA,7,5,6,3026,0,0,0,NA,0,00P,REMINGTON,TRABUCO RD,15,N,N,B,-,N,NA,NA,NA,NA,NA,NA,NA,NA,NA,N,2,0,1,2,A,-,09,21802,A,N,F,A,A,A,H,-,A,A,0,NA,Y,NA,NA,Y,NA,A,07,1,0,0,0,0,0,1,0,0,-,-,NA,NA,ORANGE,IRVINE,-117.7686453,33.70100915
8058277,2016,2016-06-10,3003,2016-05-09,1654,665,23,1,5,5,3003,0,0,0,NA,0,008,VALLEY VIEW AV,BALL,540,S,N,A,-,N,NA,NA,NA,NA,NA,NA,NA,NA,NA,N,4,0,1,3,D,-,00,NA,NA,N,C,C,A,A,H,-,A,D,0,NA,NA,NA,NA,Y,NA,-,-,0,0,1,0,0,0,0,0,0,-,-,33.8157,-118.0278,ORANGE,BUENA PARK,-118.02814,33.8156795
8058298,2016,2016-06-10,3012,2016-05-23,0950,568,36,1,5,5,3012,0,0,0,NA,0,003,IDAHO ST,LAS LOMAS DR,0,NA,Y,B,-,N,NA,NA,NA,NA,NA,NA,NA,NA,NA,N,4,0,2,2,A,-,12,21453,A,N,D,C,A,A,H,-,A,A,0,NA,NA,NA,NA,Y,NA,A,01,0,0,2,0,0,0,0,0,0,-,-,NA,NA,ORANGE,LA HABRA,-117.95919004,33.92150004
8059049,2016,2016-06-15,3002,2016-05-26,1936,1632,527W,4,5,4,3002,0,0,0,NA,0,013,FLOWER AV,BIRCH ST,260,S,N,A,-,N,NA,NA,NA,NA,NA,NA,NA,NA,NA,N,3,0,1,2,A,-,09,21804,A,N,D,G,A,A,H,-,A,D,0,NA,Y,NA,NA,Y,NA,L,04,0,1,0,0,0,0,1,0,0,-,-,NA,NA,ORANGE,BREA,-117.89746173,33.9169133
8059057,2016,2016-06-15,3002,2016-05-24,0728,1628,426X,2,5,4,3002,0,0,0,NA,0,013,BREA BL,ASH ST,85,S,N,A,-,N,NA,NA,NA,NA,NA,NA,NA,NA,NA,N,4,0,1,3,A,-,03,22350,NA,N,C,C,A,A,H,-,A,A,0,NA,NA,NA,NA,Y,NA,A,01,0,0,1,0,0,0,0,0,0,-,-,NA,NA,ORANGE,BREA,-117.89863,33.91988
8059402,2016,2016-06-15,3001,2016-05-29,1039,1278,NA,7,5,7,3001,0,0,0,NA,0,0D1,ORANGE AV,WESTERN AV,0,NA,Y,A,-,N,NA,NA,NA,NA,NA,NA,NA,NA,NA,Y,4,0,2,2,A,-,12,21453,A,N,D,C,A,A,H,-,A,A,0,NA,NA,NA,NA,Y,NA,A,01,0,0,2,0,0,0,0,0,0,-,-,NA,NA,ORANGE,ANAHEIM,-118.0021501,33.8246201
8059745,2016,2016-06-11,3019,2016-06-01,1940,2934,NE,3,5,7,3019,0,0,0,NA,0,002,CIVIC CENTER DR,BROADWAY,0,NA,Y,A,-,N,NA,NA,NA,NA,NA,NA,NA,NA,NA,N,4,0,1,2,A,-,11,21950,B,N,G,B,D,A,H,-,A,A,0,Y,NA,NA,NA,Y,NA,N,60,0,0,1,0,1,0,0,0,0,-,-,NA,NA,ORANGE,SANTA ANA,-117.86970007,33.75124006
8060325,2016,2016-06-14,3024,2016-05-20,2234,174,P-34,5,5,5,3024,0,0,0,NA,0,EAST,BOLSA AV,WESTSTATE ST,25,W,N,A,-,N,NA,NA,NA,NA,NA,NA,NA,NA,NA,Y,4,0,1,2,A,-,07,21658,A,N,B,C,A,A,H,-,C,D,0,NA,NA,NA,NA,Y,Y,A,01,0,0,1,0,0,0,0,0,0,-,-,NA,NA,ORANGE,WESTMINSTER,-117.96965205,33.74476
8060483,2016,2016-06-15,3010,2016-05-30,1126,2049,437,1,5,6,3010,0,0,0,NA,0,003,BROOKHURST ST,MEREDITH DR,0,NA,Y,A,-,N,NA,NA,NA,NA,NA,NA,NA,NA,NA,Y,4,0,1,3,A,-,09,21801,A,N,A,C,A,A,H,-,A,D,0,NA,NA,Y,NA,Y,NA,A,01,0,0,1,0,0,0,0,0,1,-,-,NA,NA,ORANGE,HUNTINGTON BEACH,-117.9539001,33.66910011
8061787,2016,2017-02-13,3010,2016-05-26,1212,2137,412,4,5,6,3010,0,0,0,NA,0,005,RT 39,GARFIELD,364,N,N,A,-,Y,ORA,12,39,-,-,2.72,H,-,S,N,4,0,1,2,A,-,05,21650,1,N,D,G,A,A,H,-,A,D,0,NA,Y,NA,NA,Y,NA,L,04,0,0,1,0,0,0,1,0,0,-,-,NA,NA,ORANGE,HUNTINGTON BEACH,-117.98890049,33.68789938
8062386,2016,2016-07-05,3026,2016-06-17,1250,313,NA,5,5,6,3026,0,0,0,NA,0,00C,WALNUT,RYEWOOD,15,W,N,A,-,N,NA,NA,NA,NA,NA,NA,NA,NA,NA,Y,4,0,1,2,A,-,09,21802,A,N,D,C,A,A,H,-,A,D,0,NA,NA,NA,NA,Y,NA,A,01,0,0,1,0,0,0,0,0,0,-,-,NA,NA,ORANGE,IRVINE,-117.77561797,33.69633614
8062507,2016,2016-06-14,3001,2016-05-28,1003,A1555,NA,6,5,7,3001,0,0,0,NA,0,0D2,SOUTH BROOKHURST ST,W LINCOLN AV,0,S,N,A,-,N,NA,NA,NA,NA,NA,NA,NA,NA,NA,Y,3,0,5,3,A,-,03,22350,NA,N,C,C,A,A,H,-,A,A,0,NA,NA,NA,NA,Y,NA,A,01,0,1,4,0,0,0,0,0,0,-,-,NA,NA,ORANGE,ANAHEIM,-117.95897001,33.83248005
8063057,2016,2016-09-29,3000,2016-08-29,0845,1916,922B4,1,5,5,3028,0,0,0,NA,0,750,OSO PKWY,COUNTRY CLUB DR,190,W,N,A,-,N,NA,NA,NA,NA,NA,NA,NA,NA,NA,N,4,0,2,3,A,-,03,22350,NA,N,C,C,A,A,H,-,A,D,0,NA,NA,NA,NA,Y,NA,A,01,0,0,2,0,0,0,0,0,0,-,-,NA,NA,ORANGE,MISSION VIEJO,-117.66391157,33.58247866
8064289,2016,2016-06-21,3008,2016-05-25,1140,1297,NA,3,5,6,3008,0,0,0,NA,0,0Z3,BROOKHURST RD,ROBERTA AV,0,NA,Y,A,B,N,NA,NA,NA,NA,NA,NA,NA,NA,NA,Y,3,0,2,2,A,-,12,21453,A,N,D,C,A,A,H,-,A,A,0,NA,NA,NA,NA,Y,NA,I,11,0,1,1,0,0,0,0,0,0,-,-,NA,NA,ORANGE,FULLERTON,-117.95927005,33.85618002
8064355,2016,2016-06-21,3001,2016-06-09,1507,1740,NA,4,5,7,3001,0,0,0,NA,0,0D4,EAST SANTA ANA CANYON RD,SOUTH ANAHEIM HILLS RD,283,NA,N,A,-,N,NA,NA,NA,NA,NA,NA,NA,NA,NA,Y,4,0,1,2,A,-,07,21658,A,N,B,C,A,A,H,-,A,A,0,NA,NA,NA,NA,Y,NA,A,07,0,0,1,0,0,0,0,0,0,-,-,NA,NA,ORANGE,ANAHEIM,-117.77894007,33.85392003
8064459,2016,2016-06-21,3000,2016-05-20,0011,5377,951J2,5,5,5,3040,0,0,0,NA,0,743,CROWN VALLEY PKWY,MOULTON PKWY,33,E,N,C,-,N,NA,NA,NA,NA,NA,NA,NA,NA,NA,Y,3,0,2,2,A,-,03,22350,NA,N,C,C,A,B,H,-,C,A,0,NA,NA,NA,NA,Y,NA,A,07,0,1,1,0,0,0,0,0,0,-,-,NA,NA,ORANGE,LAGUNA NIGUEL,-117.69203402,33.54316429
8065069,2016,2016-06-21,3010,2016-05-22,1801,1226,319,7,5,6,3010,0,0,0,NA,0,005,EDWARDS,GARFIELD,0,NA,Y,A,-,N,NA,NA,NA,NA,NA,NA,NA,NA,NA,Y,4,0,2,2,A,-,12,21453,A,N,D,C,A,A,H,-,A,A,0,NA,NA,NA,NA,Y,NA,A,01,0,0,2,0,0,0,0,0,0,-,-,NA,NA,ORANGE,HUNTINGTON BEACH,-118.01487005,33.68652003
8065237,2016,2016-06-18,3008,2016-05-09,1509,084,A1,1,5,6,3008,0,0,0,NA,0,NA,EAST CAMPUS DR,MARRIOT PARKING STRUCT,249,N,N,B,-,N,NA,NA,NA,NA,NA,NA,NA,NA,NA,N,4,0,1,2,A,-,09,21802,A,N,D,C,A,A,H,-,A,A,0,NA,NA,Y,NA,Y,NA,A,01,0,0,1,0,0,0,0,0,1,-,-,33.8803,-117.88174,ORANGE,FULLERTON,NA,NA
8065315,2016,2016-06-21,3010,2016-06-05,1353,1225,118,7,5,6,3010,0,0,0,NA,0,009,GLENWOOD,EDGEVIEW,203,W,N,A,-,N,NA,NA,NA,NA,NA,NA,NA,NA,NA,N,4,0,1,2,A,-,08,22107,NA,N,D,C,A,A,H,-,A,D,0,NA,NA,NA,NA,Y,NA,A,01,0,0,1,0,0,0,0,0,0,-,-,NA,NA,ORANGE,HUNTINGTON BEACH,-118.02307631,33.75045672
8065338,2016,2016-06-22,3024,2016-06-09,1449,329,P 16,4,5,5,3024,0,0,0,NA,0,WEST,GOLDENWEST ST,HOMER ST,0,NA,Y,A,-,N,NA,NA,NA,NA,NA,NA,NA,NA,NA,Y,3,0,3,2,A,-,09,21801,A,N,D,C,A,A,H,-,A,D,0,NA,NA,NA,NA,Y,NA,A,07,0,1,2,0,0,0,0,0,0,-,-,NA,NA,ORANGE,WESTMINSTER,-118.00712002,33.75634001
8065616,2016,2016-06-21,3008,2016-05-14,2214,1459,NA,6,5,6,3008,0,0,0,NA,0,002,HARBOR BL,LAMBERT RD,252,S,N,A,-,N,NA,NA,NA,NA,NA,NA,NA,NA,NA,Y,4,0,2,3,A,-,01,23152,A,N,C,D,A,A,H,-,C,A,0,NA,NA,NA,NA,Y,Y,A,01,0,0,2,0,0,0,0,0,0,-,-,NA,NA,ORANGE,FULLERTON,-117.93305273,33.92392915
8066970,2016,2016-06-27,3019,2016-05-28,1234,3338,SE,6,5,7,3019,0,0,0,NA,0,003,SOUTH MAIN ST,EAST COLUMBINE AV,30,N,N,A,-,N,NA,NA,NA,NA,NA,NA,NA,NA,NA,N,4,0,1,2,A,-,03,22350,NA,N,C,C,A,A,H,-,A,A,0,NA,NA,NA,NA,Y,NA,A,01,0,0,1,0,0,0,0,0,0,-,-,NA,NA,ORANGE,SANTA ANA,-117.86809869,33.70323224
8066996,2016,2016-06-27,3019,2016-06-04,0631,3410,NE,6,5,7,3019,0,0,0,NA,0,002,CHESTNUT AV,LYON ST,270,W,N,A,-,N,NA,NA,NA,NA,NA,NA,NA,NA,NA,Y,4,0,1,1,B,-,22,NA,NA,N,E,J,A,A,H,-,B,D,0,NA,NA,NA,NA,Y,NA,A,07,0,0,1,0,0,0,0,0,0,-,-,33.74222,-117.84522,ORANGE,SANTA ANA,-117.84565061,33.74259636
8067020,2016,2016-06-27,3019,2016-06-04,2259,3324,WE,6,5,7,3019,0,0,0,NA,0,001,FAIRVIEW,17TH ST,120,S,N,A,-,N,NA,NA,NA,NA,NA,NA,NA,NA,NA,N,4,0,1,2,A,-,03,22350,NA,F,C,C,A,A,H,-,C,A,0,NA,NA,NA,NA,Y,Y,A,07,0,0,1,0,0,0,0,0,0,-,-,NA,NA,ORANGE,SANTA ANA,-117.90286,33.75952102
8067541,2016,2016-07-05,3004,2016-05-01,1413,P431,09,7,5,6,3004,0,0,0,NA,0,015,WALLACE AV,W 20TH ST,428,N,N,A,-,N,NA,NA,NA,NA,NA,NA,NA,NA,NA,Y,4,0,1,2,A,-,09,21804,NA,N,D,C,A,A,H,-,A,D,0,NA,NA,NA,NA,Y,NA,A,01,0,0,1,0,0,0,0,0,0,-,-,33.6482,-117.9298,ORANGE,COSTA MESA,-117.92988815,33.6481934
8067946,2016,2016-06-22,3008,2016-05-28,0906,1479,NA,6,5,6,3008,0,0,0,NA,0,0Z1,EUCLID ST,WILLIAMSON AV,100,S,N,B,-,N,NA,NA,NA,NA,NA,NA,NA,NA,NA,N,3,0,2,3,A,-,03,22350,NA,N,C,C,A,A,H,-,A,D,0,NA,NA,NA,NA,Y,NA,A,01,0,1,1,0,0,0,0,0,0,-,-,NA,NA,ORANGE,FULLERTON,-117.94195,33.86890584
8069047,2016,2016-06-29,3014,2016-06-09,1103,1146,RD34,4,5,5,3014,0,0,0,NA,0,0A3,BIRCH ST,QUAIL ST,0,NA,Y,A,-,N,NA,NA,NA,NA,NA,NA,NA,NA,NA,Y,4,0,1,2,A,-,12,21453,A,N,D,C,A,A,H,-,A,A,0,NA,NA,NA,NA,Y,NA,A,01,0,0,1,0,0,0,0,0,0,-,-,33.6636,-117.8711,ORANGE,NEWPORT BEACH,-117.87097004,33.66352
8069077,2016,2016-06-28,3001,2016-06-16,0953,41555,NA,4,5,7,3001,0,0,0,NA,0,NA,WEIR CANYON RD,E SAVI RANCH PKWY,284,S,N,A,-,N,NA,NA,NA,NA,NA,NA,NA,NA,NA,NA,4,0,1,2,A,-,05,21651,A,N,D,C,A,A,H,-,A,D,0,NA,NA,NA,NA,Y,NA,A,01,0,0,1,0,0,0,0,0,0,-,-,NA,NA,ORANGE,ANAHEIM,-117.74633047,33.87289601
8069098,2016,2016-06-28,3010,2016-06-18,1332,1176,447,6,5,6,3010,0,0,0,NA,0,003,BROOKHURST,MEREDITH,15,S,N,A,-,N,NA,NA,NA,NA,NA,NA,NA,NA,NA,Y,4,0,1,1,A,-,08,22107,NA,N,E,I,A,A,H,-,A,D,0,NA,NA,NA,NA,Y,NA,A,01,0,0,1,0,0,0,0,0,0,-,-,NA,NA,ORANGE,HUNTINGTON BEACH,-117.95389935,33.66905888
8070007,2016,2016-07-13,3026,2016-05-30,1125,468,C,1,5,6,3026,0,0,0,NA,0,00C,BARRANCA PKWY,LAKE,0,NA,Y,B,-,N,NA,NA,NA,NA,NA,NA,NA,NA,NA,Y,4,0,1,2,D,-,00,NA,NA,N,D,C,A,A,H,-,A,A,0,NA,NA,NA,NA,Y,NA,-,-,0,0,1,0,0,0,0,0,0,-,-,NA,NA,ORANGE,IRVINE,-117.80101012,33.67970003
8070274,2016,2016-09-02,3000,2016-05-29,1010,3602,972C7,7,5,4,3029,0,0,0,NA,0,736,PACIFIC COAST HWY,BEACH RD,15,N,N,A,-,N,NA,NA,NA,NA,NA,NA,NA,NA,NA,N,4,0,2,2,A,-,21,22106,NA,N,C,C,A,A,H,-,A,A,0,NA,NA,NA,NA,Y,NA,D,22,0,0,2,0,0,0,0,0,0,-,-,NA,NA,ORANGE,DANA POINT,-117.66787883,33.45564512
8072630,2016,2016-06-29,3000,2016-06-01,0935,9609,971F3,3,5,4,3029,0,0,0,NA,0,903,NIGUEL RD,MONARCH BEACH DR,0,NA,Y,A,-,N,NA,NA,NA,NA,NA,NA,NA,NA,NA,N,3,0,1,2,A,-,05,21650,A,N,-,G,A,A,H,-,A,A,0,NA,Y,NA,NA,Y,NA,L,04,0,1,0,0,0,0,1,0,0,-,-,NA,NA,ORANGE,DANA POINT,-117.71234001,33.48728009
8075181,2016,2016-08-01,3001,2016-07-18,0600,1670,NA,1,5,7,3001,0,0,0,NA,0,0D2,WEST CRESCENT AV,N VALLEY ST,0,NA,Y,B,-,N,NA,NA,NA,NA,NA,NA,NA,NA,NA,N,4,0,1,2,A,-,09,21802,A,N,D,C,A,A,H,-,A,A,0,NA,NA,NA,NA,Y,NA,A,01,0,0,1,0,0,0,0,0,0,-,-,NA,NA,ORANGE,ANAHEIM,-117.95786003,33.83977003
8075591,2016,2016-07-11,3019,2016-06-02,1634,2776,NE,4,5,7,3019,0,0,0,NA,0,002,MAIN ST,15TH ST,0,NA,Y,A,-,N,NA,NA,NA,NA,NA,NA,NA,NA,NA,Y,3,0,1,3,A,-,09,21802,A,N,D,C,A,A,H,-,A,A,0,NA,NA,NA,NA,Y,NA,A,07,0,1,0,0,0,0,0,0,0,-,-,33.75805,-117.86764,ORANGE,SANTA ANA,-117.86758004000001,33.75782001
8077493,2016,2016-07-13,3009,2016-06-18,1139,2621,097,6,5,6,3009,0,0,0,NA,0,1    2,WESTMINSTER AV,KERRY ST,49,E,N,A,-,N,NA,NA,NA,NA,NA,NA,NA,NA,NA,Y,4,0,1,3,A,-,03,22350,NA,N,C,C,A,A,H,-,A,A,0,NA,NA,NA,NA,Y,NA,I,11,0,0,1,0,0,0,0,0,0,-,-,NA,NA,ORANGE,GARDEN GROVE,-117.95861254,33.75949262
8077838,2016,2016-07-14,3000,2016-06-20,1721,5036,891J7,1,5,5,3028,0,0,0,NA,0,754,ALICIA PKWY,MUIRLANDS BL,8,E,N,A,-,N,NA,NA,NA,NA,NA,NA,NA,NA,NA,Y,4,0,1,3,A,-,08,22107,NA,N,C,C,A,A,H,-,A,A,0,NA,NA,NA,NA,Y,NA,A,01,0,0,1,0,0,0,0,0,0,-,-,NA,NA,ORANGE,MISSION VIEJO,-117.68666009,33.60990425
8077863,2016,2016-07-12,3000,2016-06-05,1857,5036,891J6,7,5,5,3028,0,0,0,NA,0,754,VIA FABRICANTE,TALADRO CIR,114,W,N,A,-,N,NA,NA,NA,NA,NA,NA,NA,NA,NA,Y,3,0,2,1,A,-,03,22350,NA,N,E,I,A,A,H,-,A,D,0,NA,NA,NA,NA,Y,NA,A,01,0,2,0,0,0,0,0,0,0,-,-,NA,NA,ORANGE,MISSION VIEJO,-117.68383748,33.61927634
8078017,2016,2016-07-14,3000,2016-05-25,1454,7734,892A6,3,5,5,3028,0,0,0,NA,0,752,ALICIA PKWY,JERONIMO RD,0,NA,Y,A,-,N,NA,NA,NA,NA,NA,NA,NA,NA,NA,Y,3,0,4,4,A,-,12,21453,A,N,D,C,A,A,H,-,A,A,0,NA,NA,NA,NA,Y,NA,A,01,0,1,3,0,0,0,0,0,0,-,-,NA,NA,ORANGE,MISSION VIEJO,-117.67836006,33.61516004
8078028,2016,2016-07-13,3003,2016-06-23,1015,652,NA,4,5,5,3003,0,0,0,NA,0,NA,CALIFORNIA ST,INDIANA AV,0,NA,Y,A,-,N,NA,NA,NA,NA,NA,NA,NA,NA,NA,N,3,0,1,2,A,-,05,21650,1,N,D,G,A,A,H,-,A,D,0,NA,Y,NA,NA,Y,NA,L,04,0,1,0,0,0,0,1,0,0,-,-,33.8642,-117.9896,ORANGE,BUENA PARK,-117.98945002,33.8642601
8078044,2016,2017-03-06,3003,2016-06-22,1422,665,23,3,5,5,3003,0,0,0,NA,0,008,VALLEYVIEW,RT 91,0,NA,Y,A,-,Y,ORA,12,91,-,R,1.015,R,4,W,N,4,0,1,3,D,-,00,NA,NA,N,C,C,A,A,H,-,A,A,0,NA,NA,NA,NA,Y,NA,-,-,0,0,1,0,0,0,0,0,0,-,WF,33.8584,-118.0283,ORANGE,BUENA PARK,-118.02580242,33.85620327
8078563,2016,2016-07-15,3009,2016-06-19,0612,4401,124,7,5,6,3009,0,0,0,NA,0,2    1,EUCLID ST,ACACIA PKWY,138,N,N,A,-,N,NA,NA,NA,NA,NA,NA,NA,NA,NA,Y,3,0,1,1,A,-,08,22107,A,N,E,I,A,A,H,-,A,D,0,NA,NA,NA,NA,Y,NA,A,07,0,1,0,0,0,0,0,0,0,-,-,NA,NA,ORANGE,GARDEN GROVE,-117.93808591,33.77644605
8078571,2016,2016-07-15,3009,2016-06-14,1324,3073,13,2,5,6,3009,0,0,0,NA,0,011,VALLEY VIEW ST,CHAPMAN AV,0,NA,Y,A,-,N,NA,NA,NA,NA,NA,NA,NA,NA,NA,N,4,0,1,1,A,-,08,22107,NA,N,E,I,A,A,H,-,A,D,0,NA,NA,NA,NA,Y,NA,A,07,0,0,1,0,0,0,0,0,0,-,-,NA,NA,ORANGE,GARDEN GROVE,-118.02858008,33.78839007
8078777,2016,2016-07-18,3004,2016-06-28,1434,P429,04,2,5,6,3004,0,0,0,NA,0,006,EAST 17TH ST,IRVINE AV,90,W,N,A,-,N,NA,NA,NA,NA,NA,NA,NA,NA,NA,N,4,0,3,2,A,-,03,22350,NA,N,C,C,A,A,H,-,A,A,0,NA,NA,NA,NA,Y,NA,A,01,0,0,3,0,0,0,0,0,0,-,-,33.3742,-117.5433,ORANGE,COSTA MESA,-117.90887929,33.62857521
8079010,2016,2016-07-13,3024,2016-06-21,1633,187,NA,2,5,5,3024,0,0,0,NA,0,NA,HOPE ST,MAST AV,300,S,N,A,-,N,NA,NA,NA,NA,NA,NA,NA,NA,NA,N,3,0,1,2,A,-,03,22350,NA,N,D,C,A,A,H,-,A,D,0,NA,NA,NA,NA,Y,NA,A,01,0,1,0,0,0,0,0,0,0,-,-,NA,NA,ORANGE,WESTMINSTER,-117.95122619,33.7474475
8079517,2016,2016-07-13,3007,2016-06-21,0906,273,53,2,5,5,3007,0,0,0,NA,0,003,MAGNOLIA,SLATER,0,NA,Y,A,-,N,NA,NA,NA,NA,NA,NA,NA,NA,NA,N,4,0,1,2,A,-,03,22350,NA,N,C,C,A,A,H,-,A,A,0,NA,NA,NA,NA,Y,NA,A,01,0,0,1,0,0,0,0,0,0,-,-,NA,NA,ORANGE,FOUNTAIN VALLEY,-117.97184001,33.70853002
8079653,2016,2016-08-02,3026,2016-07-09,1629,416,NA,6,5,6,3026,0,0,0,NA,0,00C,WARNER,PASEO WESTPARK,29,W,N,A,-,N,NA,NA,NA,NA,NA,NA,NA,NA,NA,Y,4,0,2,2,A,-,03,22350,NA,N,C,C,A,A,H,-,A,A,0,NA,NA,NA,NA,Y,NA,A,07,0,0,2,0,0,0,0,0,0,-,-,NA,NA,ORANGE,IRVINE,-117.81062726,33.69002635
8079784,2016,2016-07-13,3001,2016-07-01,2027,A1825,NA,5,5,7,3001,0,0,0,NA,0,0D2,LA PALMA AV,N TOPEKA ST,0,NA,Y,A,-,N,NA,NA,NA,NA,NA,NA,NA,NA,NA,Y,4,0,2,2,A,-,09,21802,A,M,A,C,A,A,H,-,C,A,0,NA,NA,NA,NA,Y,NA,A,01,0,0,2,0,0,0,0,0,0,-,-,NA,NA,ORANGE,ANAHEIM,-117.91166006,33.8472801
8079859,2016,2016-07-14,3010,2016-06-19,1652,1109,273,7,5,6,3010,0,0,0,NA,0,006,NEWLAND,WARNER,0,NA,Y,A,-,N,NA,NA,NA,NA,NA,NA,NA,NA,NA,Y,4,0,1,2,D,-,00,NA,NA,N,A,C,A,A,H,-,A,B,0,NA,NA,NA,NA,Y,NA,-,-,0,0,1,0,0,0,0,0,0,-,-,NA,NA,ORANGE,HUNTINGTON BEACH,-117.98058013,33.71568001
8080390,2016,2016-07-26,3019,2016-07-11,1750,3151,WE,1,5,7,3019,0,0,0,NA,0,001,HARBOR BL,MCFADDEN AV,500,N,N,A,-,N,NA,NA,NA,NA,NA,NA,NA,NA,NA,Y,4,0,1,2,A,-,03,22350,NA,N,C,C,A,A,H,-,A,D,0,NA,NA,NA,NA,Y,NA,D,22,0,0,1,0,0,0,0,0,0,-,-,33.73845,-117.9198,ORANGE,SANTA ANA,-117.92011338,33.73963074
8080817,2016,2016-07-11,3026,2016-06-28,1557,7094,NA,2,5,6,3026,0,0,0,NA,0,00C,CULVER DR,ALTON PKWY,775,S,N,A,-,N,NA,NA,NA,NA,NA,NA,NA,NA,NA,N,4,0,2,3,D,-,00,NA,NA,N,C,C,A,A,H,-,A,A,0,NA,NA,NA,NA,Y,NA,-,-,0,0,2,0,0,0,0,0,0,-,-,NA,NA,ORANGE,IRVINE,-117.81321516,33.67922986
8080959,2016,2016-08-03,3007,2016-06-27,1722,283,75,1,5,5,3007,0,0,0,NA,0,003,BROOKHURST,GARFIELD,60,N,N,A,-,N,NA,NA,NA,NA,NA,NA,NA,NA,NA,N,3,0,1,2,A,-,07,21658,A,N,B,C,A,A,H,-,A,D,0,NA,NA,Y,NA,Y,NA,A,01,0,1,0,0,0,0,0,0,1,-,-,NA,NA,ORANGE,FOUNTAIN VALLEY,-117.9541527,33.68704449
8081037,2016,2016-08-03,3010,2016-07-21,1438,1225,466,4,5,6,3010,0,0,0,NA,0,002,BROOKHURST,ATLANTA,22,S,N,A,-,N,NA,NA,NA,NA,NA,NA,NA,NA,NA,N,3,0,1,2,A,-,10,21950,A,N,G,B,B,A,H,-,A,A,0,Y,NA,NA,NA,Y,NA,A,01,0,1,0,0,1,0,0,0,0,-,-,NA,NA,ORANGE,HUNTINGTON BEACH,-117.95375932,33.65776969