CASE_ID,ACCIDENT_YEAR,PROC_DATE,JURIS,COLLISION_DATE,COLLISION_TIME,OFFICER_ID,REPORTING_DISTRICT,DAY_OF_WEEK,CHP_SHIFT,POPULATION,CNTY_CITY_LOC,SPECIAL_COND,BEAT_TYPE,CHP_BEAT_TYPE,CITY_DIVISION_LAPD,CHP_BEAT_CLASS,BEAT_NUMBER,PRIMARY_RD,SECONDARY_RD,DISTANCE,DIRECTION,INTERSECTION,WEATHER_1,WEATHER_2,STATE_HWY_IND,CALTRANS_COUNTY,CALTRANS_DISTRICT,STATE_ROUTE,ROUTE_SUFFIX,POSTMILE_PREFIX,POSTMILE,LOCATION_TYPE,RAMP_INTERSECTION,SIDE_OF_HWY,TOW_AWAY,COLLISION_SEVERITY,NUMBER_KILLED,NUMBER_INJURED,PARTY_COUNT,PRIMARY_COLL_FACTOR,PCF_CODE_OF_VIOL,PCF_VIOL_CATEGORY,PCF_VIOLATION,PCF_VIOL_SUBSECTION,HIT_AND_RUN,TYPE_OF_COLLISION,MVIW,PED_ACTION,ROAD_SURFACE,ROAD_COND_1,ROAD_COND_2,LIGHTING,CONTROL_DEVICE,CHP_ROAD_TYPE,PEDESTRIAN_ACCIDENT,BICYCLE_ACCIDENT,MOTORCYCLE_ACCIDENT,TRUCK_ACCIDENT,NOT_PRIVATE_PROPERTY,ALCOHOL_INVOLVED,STWD_VEHTYPE_AT_FAULT,CHP_VEHTYPE_AT_FAULT,COUNT_SEVERE_INJ,COUNT_VISIBLE_INJ,COUNT_COMPLAINT_PAIN,COUNT_PED_KILLED,COUNT_PED_INJURED,COUNT_BICYCLIST_KILLED,COUNT_BICYCLIST_INJURED,COUNT_MC_KILLED,COUNT_MC_INJURED,PRIMARY_RAMP,SECONDARY_RAMP,LATITUDE,LONGITUDE,COUNTY,CITY,POINT_X,POINT_Y
8125181,2016,2016-09-21,3026,2016-07-21,2348,544,C,4,5,6,3026,0,0,0,NA,0,00C,IRVINE CENTER DR,YALE,0,NA,Y,A,-,N,NA,NA,NA,NA,NA,NA,NA,NA,NA,Y,4,0,2,2,A,-,01,23152,A,N,A,C,A,A,H,-,C,A,0,NA,NA,NA,NA,Y,Y,A,01,0,0,2,0,0,0,0,0,0,-,-,NA,NA,ORANGE,IRVINE,-117.78841005,33.68617005
81254594,2020,2020-06-19,3014,2020-06-01,0844,1146,RD36,1,5,5,3014,0,0,0,NA,0,A3,BISON AVE,BELCOURT DR,0,NA,Y,A,-,N,NA,NA,NA,NA,NA,NA,NA,NA,NA,Y,4,0,1,3,A,-,12,21453,A,N,D,C,A,A,H,-,A,A,0,NA,NA,NA,NA,Y,NA,A,01,0,0,1,0,0,0,0,0,0,-,-,33.637298583984375,-117.864501953125,ORANGE,NEWPORT BEACH,-117.86476135253906,33.637508392333984
81256984,2020,2020-06-24,3014,2020-05-26,1027,1435,RD26,2,5,5,3014,0,0,0,NA,0,A2,SR-1 (W.COAST HWY),DOVER DR,2522,W,N,A,-,Y,NA,NA,1,NA,NA,NA,NA,NA,NA,Y,2,0,3,4,A,-,03,22350,NA,M,D,C,A,A,H,-,A,D,0,NA,NA,NA,NA,Y,NA,A,07,1,2,0,0,0,0,0,0,0,-,-,33.61650085449219,-117.91560363769533,ORANGE,NEWPORT BEACH,-117.91559600830078,33.61650466918945
8126300,2016,2016-09-20,3000,2016-08-09,1157,5377,951F5,2,5,5,3040,0,0,0,NA,0,741,ALICIA PKWY,PACIFIC ISLAND,483,N,N,A,-,N,NA,NA,NA,NA,NA,NA,NA,NA,NA,Y,4,0,1,2,A,-,09,21801,A,N,D,C,A,A,H,-,A,D,0,NA,NA,NA,NA,Y,NA,A,01,0,0,1,0,0,0,0,0,0,-,-,NA,NA,ORANGE,LAGUNA NIGUEL,-117.71663641,33.52743302
81263276,2020,2020-07-06,3024,2020-06-02,1520,502,P-19,2,5,5,3024,0,0,0,NA,0,EAST,BEACH BOULEVARD (SR 39),15TH STREET,0,NA,Y,B,-,Y,NA,NA,39,NA,NA,NA,NA,NA,NA,Y,3,0,2,2,A,-,09,21801,A,N,D,C,A,A,H,-,A,A,0,NA,NA,NA,NA,Y,NA,A,01,0,1,1,0,0,0,0,0,0,-,-,33.75743103027344,-117.98937225341795,ORANGE,WESTMINSTER,-117.98953247070313,33.75742721557617
8126474,2016,2016-09-22,3019,2016-08-19,0856,2630,NE,5,5,7,3019,0,0,0,NA,0,002,MAIN ST,SANTA CLARA AV,0,NA,Y,A,-,N,NA,NA,NA,NA,NA,NA,NA,NA,NA,N,4,0,2,2,A,-,12,21453,A,N,D,C,A,A,H,-,A,A,0,NA,NA,NA,NA,Y,NA,A,01,0,0,2,0,0,0,0,0,0,-,-,33.76663,-117.86743,ORANGE,SANTA ANA,-117.86750002,33.76684005
8126478,2016,2016-11-15,3019,2016-09-07,0441,3422,SC,3,5,7,3019,0,0,0,NA,0,004,BROADWAY,SAINT ANDREW PL,200,S,N,A,-,N,NA,NA,NA,NA,NA,NA,NA,NA,NA,Y,4,0,1,4,A,-,03,22350,NA,N,-,E,A,A,H,-,C,D,0,NA,NA,NA,NA,Y,NA,A,01,0,0,1,0,0,0,0,0,0,-,-,33.72238,-117.87013,ORANGE,SANTA ANA,-117.86996596,33.72189173
81264844,2020,2020-07-07,3014,2020-06-29,1250,1418,RD53,1,5,5,3014,0,0,0,NA,0,A4,SAN JOAQUIN HILLS RD,MARGUERITE AVE,0,NA,Y,A,-,N,NA,NA,NA,NA,NA,NA,NA,NA,NA,Y,3,0,3,4,A,-,12,21453,NA,N,D,C,A,A,H,-,A,A,0,NA,NA,NA,NA,Y,NA,A,01,0,1,2,0,0,0,0,0,0,-,-,33.6072998046875,-117.8595962524414,ORANGE,NEWPORT BEACH,-117.85973358154295,33.60737991333008
8126553,2016,2016-09-22,3019,2016-08-15,1624,2875,NE,1,5,7,3019,0,0,0,NA,0,001,17TH ST,SYCAMORE ST,0,NA,Y,A,-,N,NA,NA,NA,NA,NA,NA,NA,NA,NA,N,4,0,1,2,A,-,09,21802,A,N,D,C,A,A,H,-,A,A,0,NA,NA,NA,NA,Y,NA,A,01,0,0,1,0,0,0,0,0,0,-,-,33.76027,-117.86861,ORANGE,SANTA ANA,-117.86862007,33.75997002
8126669,2016,2016-09-21,3019,2016-08-24,2235,3439,SE,3,5,7,3019,0,0,0,NA,0,003,MAIN ST,SAINT ANDREW,75,S,N,A,-,N,NA,NA,NA,NA,NA,NA,NA,NA,NA,N,4,0,1,2,A,-,03,22350,NA,N,H,G,A,A,H,-,C,D,0,NA,Y,NA,NA,Y,NA,L,04,0,0,1,0,0,0,1,0,0,-,-,NA,NA,ORANGE,SANTA ANA,-117.86785,33.72220439
8126697,2016,2016-09-21,3019,2016-08-28,1230,3413,WE,7,5,7,3019,0,0,0,NA,0,NA,HARBOR BL,WESTMINSTER AV,500,S,N,A,-,N,NA,NA,NA,NA,NA,NA,NA,NA,NA,Y,4,0,1,3,A,-,03,22350,NA,N,C,C,A,A,H,-,A,D,0,NA,NA,NA,NA,Y,NA,A,01,0,0,1,0,0,0,0,0,0,-,-,33.75967,-117.92011,ORANGE,SANTA ANA,-117.92034,33.75973
8127203,2016,2016-09-22,3026,2016-08-29,1528,7094,NA,1,5,6,3026,0,0,0,NA,0,00C,ALTON PKWY,JEFFREY RD,506,E,N,A,-,N,NA,NA,NA,NA,NA,NA,NA,NA,NA,Y,3,0,1,2,A,-,09,21801,A,N,D,C,A,A,H,-,A,D,0,NA,NA,NA,NA,Y,NA,A,07,0,1,0,0,0,0,0,0,0,-,-,NA,NA,ORANGE,IRVINE,-117.78734794,33.66884111
81274393,2020,2020-07-27,3024,2020-06-19,0249,504,P-15,5,5,5,3024,0,0,0,NA,0,WEST,SPRINGDALE STREET,CHINOOK AVENUE,19,N,N,A,-,N,NA,NA,NA,NA,NA,NA,NA,NA,NA,Y,3,0,1,2,A,-,01,23152,A,N,C,E,A,A,H,-,C,D,0,NA,NA,NA,NA,Y,Y,A,01,0,1,0,0,0,0,0,0,0,-,-,33.754478454589844,-118.02445220947266,ORANGE,WESTMINSTER,-118.02452087402344,33.75432205200195
81274397,2020,2020-07-27,3024,2020-06-23,1119,329,P-24,2,5,5,3024,0,0,0,NA,0,WEST,BOLSA AVENUE,HOOVER STREET,0,NA,Y,B,-,N,NA,NA,NA,NA,NA,NA,NA,NA,NA,Y,3,0,2,2,A,-,09,21801,A,N,D,C,A,A,H,-,A,A,0,NA,NA,NA,NA,Y,NA,A,01,0,1,1,0,0,0,0,0,0,-,-,33.7447395324707,-117.9982681274414,ORANGE,WESTMINSTER,-117.99830627441406,33.74462127685547
8128156,2016,2016-09-29,3026,2016-09-10,1311,531,P,6,5,6,3026,0,0,0,NA,0,00P,SAND CANYON AV,PORTOLA PKWY,13,S,N,A,-,N,NA,NA,NA,NA,NA,NA,NA,NA,NA,N,4,0,1,2,A,-,21,22106,NA,N,D,G,A,A,H,-,A,A,0,NA,Y,NA,NA,Y,NA,A,01,0,0,1,0,0,0,1,0,0,-,-,NA,NA,ORANGE,IRVINE,-117.73052734,33.70537266
81282129,2020,2020-08-07,3024,2020-07-04,2127,426,P-33,6,5,5,3024,0,0,0,NA,0,EAST,NATOMA AVENUE,MAGNOLIA STREET,215,W,N,A,-,N,NA,NA,NA,NA,NA,NA,NA,NA,NA,Y,2,0,1,1,A,-,03,22350,NA,N,E,I,A,A,H,-,C,D,0,NA,NA,NA,NA,Y,NA,A,01,1,0,0,0,0,0,0,0,0,-,-,33.7411994934082,-117.97225189208984,ORANGE,WESTMINSTER,-117.97293853759766,33.7412109375
81285773,2020,2020-08-13,3014,2020-06-28,0050,1460,RD36,7,5,5,3014,0,0,0,NA,0,A3,JAMBOREE RD,BRISTOL ST N,0,NA,Y,A,-,N,NA,NA,NA,NA,NA,NA,NA,NA,NA,Y,4,0,1,2,A,-,12,21453,NA,N,A,C,A,A,H,-,C,A,0,NA,NA,NA,NA,Y,NA,D,22,0,0,1,0,0,0,0,0,0,-,-,33.65570068359375,-117.864501953125,ORANGE,NEWPORT BEACH,-117.8644790649414,33.655818939208984
8128942,2016,2016-09-26,3000,2016-08-17,1303,8926,971E3,3,5,4,3029,0,0,0,NA,0,739,CROWN VALLEY,SEVEN SEAS DR,349,E,N,A,-,N,NA,NA,NA,NA,NA,NA,NA,NA,NA,Y,2,0,3,1,A,-,01,23152,A,N,E,I,A,A,H,-,A,A,0,NA,NA,NA,NA,Y,Y,A,01,2,1,0,0,0,0,0,0,0,-,-,NA,NA,ORANGE,DANA POINT,-117.72482528,33.48718588
8129006,2016,2016-09-26,3001,2016-09-12,1940,1740,NA,1,5,7,3001,0,0,0,NA,0,0D1,SOUTH BROOKHURST ST,WEST ORANGE AV,0,NA,Y,A,-,N,NA,NA,NA,NA,NA,NA,NA,NA,NA,Y,4,0,1,2,A,-,12,21453,A,N,D,C,A,A,H,-,C,A,0,NA,NA,NA,NA,Y,NA,A,01,0,0,1,0,0,0,0,0,0,-,-,NA,NA,ORANGE,ANAHEIM,-117.95894011,33.82503006
8129118,2016,2016-09-26,3009,2016-09-02,1357,3397,86,5,5,6,3009,0,0,0,NA,0,013,WESTMINSTER AV,ATLANTIS WY,220,W,N,A,-,N,NA,NA,NA,NA,NA,NA,NA,NA,NA,N,4,0,2,2,A,-,09,21801,A,N,-,C,A,A,H,-,A,D,0,NA,NA,NA,NA,Y,NA,A,08,0,0,2,0,0,0,0,0,0,-,-,NA,NA,ORANGE,GARDEN GROVE,-117.96907209,33.75944232
81295606,2020,2020-08-31,3024,2020-07-24,1612,468,P-30,5,5,5,3024,0,0,0,NA,0,WEST,GOLDENWEST STREET,GEORGETOWN AVENUE,0,NA,Y,A,-,N,NA,NA,NA,NA,NA,NA,NA,NA,NA,N,4,0,1,2,A,-,03,22350,NA,N,C,C,A,A,H,-,A,A,0,NA,NA,NA,NA,Y,NA,A,01,0,0,1,0,0,0,0,0,0,-,-,33.742279052734375,-118.00695037841795,ORANGE,WESTMINSTER,-118.0069580078125,33.742401123046875
81295859,2020,2020-08-31,3007,2020-07-22,0651,250,27,3,5,5,3007,0,0,0,NA,0,002,HEIL,MT. DUNHAVEN ST.,0,NA,Y,A,-,N,NA,NA,NA,NA,NA,NA,NA,NA,NA,N,3,0,1,2,A,-,05,21650,NA,N,D,G,A,A,H,-,A,D,0,NA,Y,NA,NA,Y,NA,L,04,0,1,0,0,0,0,1,0,0,-,-,NA,NA,ORANGE,FOUNTAIN VALLEY,-117.93244171142578,33.72367858886719
8129805,2016,2017-02-28,3010,2016-09-03,1141,1176,283,6,5,6,3010,0,0,0,NA,0,007,RT 39,SLATER,68,S,N,A,-,Y,ORA,12,39,-,-,4.12,H,-,N,N,4,0,1,2,A,-,03,22350,NA,N,C,C,A,A,H,-,A,A,0,NA,NA,NA,NA,Y,NA,A,01,0,0,1,0,0,0,0,0,0,-,-,NA,NA,ORANGE,HUNTINGTON BEACH,-117.9891057,33.70832963
81305978,2020,2020-09-16,3014,2020-09-08,0942,1418,RD12,2,5,5,3014,0,0,0,NA,0,A1,E. BALBOA BLVD,CYPRESS ST,51,E,N,B,-,N,NA,NA,NA,NA,NA,NA,NA,NA,NA,Y,3,0,1,2,A,-,21,22106,NA,N,B,C,A,D,H,-,A,D,0,NA,NA,NA,NA,Y,NA,A,01,0,1,0,0,0,0,0,0,0,-,-,33.60279846191406,-117.90239715576172,ORANGE,NEWPORT BEACH,-117.90244293212892,33.602996826171875
81305996,2020,2020-09-16,3014,2020-09-04,1702,1508,RD16,5,5,5,3014,0,0,0,NA,0,A1,VIA LIDO,SR-55 (NEWPORT BL),10,E,N,A,-,Y,NA,NA,NA,NA,NA,NA,NA,NA,NA,N,3,0,1,2,A,-,03,22350,NA,N,H,J,A,A,H,-,A,A,0,NA,NA,NA,NA,Y,NA,M,91,0,1,0,0,0,0,0,0,0,-,-,33.61859893798828,-117.92990112304688,ORANGE,NEWPORT BEACH,NA,NA
81307565,2020,2020-09-21,3024,2020-08-16,1528,400,P-11,7,5,5,3024,0,0,0,NA,0,WEST,FENWAY DRIVE,PORTSMOUTH CIRCLE,143,E,N,A,-,N,NA,NA,NA,NA,NA,NA,NA,NA,NA,N,4,0,1,2,A,-,09,21804,A,N,D,C,A,A,H,-,A,D,0,NA,NA,NA,NA,Y,Y,A,01,0,0,1,0,0,0,0,0,0,-,-,33.764549255371094,-118.0054168701172,ORANGE,WESTMINSTER,-118.00505065917967,33.764530181884766
81311879,2020,2020-09-25,3010,2020-09-21,2227,1243,442,1,5,6,3010,0,0,0,NA,0,003,LAKESIDE LN,MEMPHIS AVE,400,N,N,A,-,Y,NA,NA,NA,NA,NA,NA,NA,NA,NA,Y,3,0,1,2,A,-,01,23153,A,N,C,E,A,A,H,-,C,D,0,NA,NA,NA,NA,Y,Y,A,01,0,1,0,0,0,0,0,0,0,-,-,33.667388916015625,-117.99024200439452,ORANGE,HUNTINGTON BEACH,-117.98924255371094,33.669647216796875
81312593,2020,2020-09-28,3010,2020-09-23,1337,1261,242,3,5,6,3010,0,0,0,NA,0,009,BEACH BLVD,CENTER AVE,30,N,N,A,-,Y,NA,NA,NA,NA,NA,NA,NA,NA,NA,Y,3,0,1,3,A,-,01,23152,A,N,C,C,A,A,H,-,A,A,0,NA,NA,NA,NA,Y,Y,D,22,0,1,0,0,0,0,0,0,0,-,-,33.73033905029297,-117.98915863037108,ORANGE,HUNTINGTON BEACH,-117.98941802978516,33.732112884521484
8131718,2016,2016-09-29,3010,2016-09-08,1931,2098,432,4,5,6,3010,0,0,0,NA,0,005,YORKTOWN,HUNTINGTON,150,W,N,A,-,N,NA,NA,NA,NA,NA,NA,NA,NA,NA,Y,4,0,1,1,C,-,18,NA,NA,N,E,J,A,A,H,-,C,D,0,NA,NA,NA,NA,Y,NA,-,-,0,0,1,0,0,0,0,0,0,-,-,NA,NA,ORANGE,HUNTINGTON BEACH,-117.99567753,33.67891767
8131968,2016,2016-09-30,3001,2016-09-09,1846,2115,D1,5,5,7,3001,0,0,0,NA,0,NA,SOUTH KNOTT AV,W LINCOLN AV,228,S,N,A,-,N,NA,NA,NA,NA,NA,NA,NA,NA,NA,N,3,0,1,2,A,-,11,21954,A,N,G,B,D,A,H,-,A,D,0,Y,NA,NA,NA,Y,NA,N,60,0,1,0,0,1,0,0,0,0,-,-,NA,NA,ORANGE,ANAHEIM,-118.01096072,33.83136663
81320545,2020,2020-10-09,3001,2020-10-06,1518,A1894,D-1,2,5,7,3001,0,0,0,NA,0,D-1,BALL ROAD,MACDUFF STREET,35,W,N,A,-,N,NA,NA,NA,NA,NA,NA,NA,NA,NA,Y,3,0,1,3,A,-,08,22107,NA,N,A,E,A,A,H,-,A,D,0,NA,NA,NA,NA,Y,NA,A,01,0,1,0,0,0,0,0,0,0,-,-,33.817718505859375,-117.98155212402344,ORANGE,ANAHEIM,-117.98170471191406,33.81753921508789
8132221,2016,2016-10-04,3007,2016-09-07,2059,244,35,3,5,5,3007,0,0,0,NA,0,001,WARNER,SAN BRUNO,266,E,N,A,-,N,NA,NA,NA,NA,NA,NA,NA,NA,NA,N,3,0,1,4,A,-,08,22107,NA,N,B,E,A,A,H,-,C,D,0,NA,NA,NA,NA,Y,NA,A,01,0,1,0,0,0,0,0,0,0,-,-,NA,NA,ORANGE,FOUNTAIN VALLEY,-117.94838731,33.71638
81322410,2020,2020-10-13,3010,2020-10-11,0852,2012,139,7,5,6,3010,0,0,0,NA,0,009,EDWARDS ST,BOLSA AVE,279,S,N,B,-,N,NA,NA,NA,NA,NA,NA,NA,NA,NA,N,3,0,1,1,A,-,08,22107,NA,N,F,A,A,A,H,-,A,D,0,NA,Y,NA,NA,Y,NA,L,04,0,1,0,0,0,0,1,0,0,-,-,33.74441146850586,-118.01570892333984,ORANGE,HUNTINGTON BEACH,-118.01569366455078,33.74372482299805
81324822,2020,2020-10-16,3001,2020-10-11,1923,A1278,NA,7,5,7,3001,0,0,0,NA,0,D-1,DALE AVENUE,WESTHAVEN DRIVE,178,S,N,A,-,N,NA,NA,NA,NA,NA,NA,NA,NA,NA,Y,3,0,1,3,A,-,01,23152,A,N,C,E,A,A,H,-,C,D,0,NA,NA,NA,NA,Y,Y,A,07,0,1,0,0,0,0,0,0,0,-,-,33.823158264160156,-117.98468780517578,ORANGE,ANAHEIM,-117.98465728759766,33.82283020019531
81329137,2020,2020-10-22,3024,2020-09-16,0929,329,P-17,3,5,5,3024,0,0,0,NA,0,WEST,HAZARD AVENUE,HOOVER STREET,0,NA,Y,A,-,N,NA,NA,NA,NA,NA,NA,NA,NA,NA,Y,2,0,1,2,A,-,12,21453,A,N,D,C,A,A,H,-,A,A,0,NA,NA,Y,NA,Y,NA,C,02,1,0,0,0,0,0,0,0,1,-,-,33.75143814086914,-118.00109100341795,ORANGE,WESTMINSTER,-117.99835205078124,33.75199890136719
81329800,2020,2020-10-22,3014,2020-09-28,1905,1498,RD25,1,5,5,3014,0,0,0,NA,0,A2,SR-1 (W COAST HWY),SUPERIOR AVE,144,W,N,A,-,Y,NA,NA,1,NA,NA,NA,NA,NA,NA,N,3,0,1,5,A,-,01,23152,A,N,C,C,A,A,H,-,C,A,0,NA,NA,NA,NA,Y,Y,A,01,0,1,0,0,0,0,0,0,0,-,-,33.623199462890625,-117.93979644775392,ORANGE,NEWPORT BEACH,-117.93983459472656,33.62314987182617
81330085,2020,2020-10-23,3007,2020-08-21,1646,297,74,5,5,5,3007,0,0,0,NA,0,003,MT.CIMARRON,GARFIELD,0,NA,Y,A,-,N,NA,NA,NA,NA,NA,NA,NA,NA,NA,N,3,0,1,2,A,-,09,21804,A,N,D,G,A,A,H,-,A,D,0,NA,Y,NA,NA,Y,NA,A,07,0,1,0,0,0,0,1,0,0,-,-,NA,NA,ORANGE,FOUNTAIN VALLEY,-117.95561981201172,33.68684005737305
81330692,2020,2020-10-26,3024,2020-09-21,1104,435,P-32,1,5,5,3024,0,0,0,NA,0,EAST,MCFADDEN AVENUE,BEACH BOULEVARD (SR 39),150,E,N,A,-,Y,NA,NA,NA,NA,NA,NA,NA,NA,NA,Y,4,0,1,3,A,-,08,22107,NA,N,B,C,A,A,H,-,A,A,0,NA,NA,NA,NA,Y,NA,A,01,0,0,1,0,0,0,0,0,0,-,-,33.736778259277344,-117.99243927001952,ORANGE,WESTMINSTER,-117.98902130126952,33.73746871948242
8133146,2016,2016-11-15,3000,2016-10-10,1223,1916,891D5,1,5,4,3045,0,0,0,NA,0,745,LAKE FOREST DR,DEL LAGO DR,0,NA,Y,A,-,N,NA,NA,NA,NA,NA,NA,NA,NA,NA,Y,3,0,3,2,A,-,12,21453,A,N,D,C,A,A,H,-,A,A,0,NA,NA,NA,NA,Y,NA,A,07,0,1,2,0,0,0,0,0,0,-,-,NA,NA,ORANGE,LAGUNA HILLS,-117.72689008,33.62901005
8133170,2016,2016-11-15,3003,2016-10-25,2354,1198,3003,2,5,5,3003,0,0,0,NA,0,003,CRESCENT AV,STANTON AV,0,NA,Y,A,-,N,NA,NA,NA,NA,NA,NA,NA,NA,NA,Y,2,0,2,2,A,-,12,21453,A,N,D,C,A,A,H,-,C,A,0,NA,NA,NA,NA,Y,NA,I,11,1,0,1,0,0,0,0,0,0,-,-,33.5021,-117.5936,ORANGE,BUENA PARK,-117.99365001,33.83940003
81331736,2020,2020-10-27,3001,2020-10-16,1128,A1466,D-3,5,5,7,3001,0,0,0,NA,0,D-3,BAYLESS STREET,KATELLA AVENUE (W),0,NA,Y,A,-,N,NA,NA,NA,NA,NA,NA,NA,NA,NA,Y,4,0,1,1,A,-,08,22107,NA,N,E,I,A,A,H,-,A,D,0,NA,NA,NA,NA,Y,NA,A,01,0,0,1,0,0,0,0,0,0,-,-,33.80324935913086,-117.93663787841795,ORANGE,ANAHEIM,-117.93662261962892,33.803260803222656
8133214,2016,2016-11-16,3002,2016-10-10,1058,8953,740B4,1,5,5,3025,0,0,0,NA,0,001,YORBA LINDA BL,MOUNTAIN VIEW AV,358,W,N,A,-,N,NA,NA,NA,NA,NA,NA,NA,NA,NA,Y,4,0,1,2,A,-,21,22106,NA,N,C,C,A,A,H,-,A,D,0,NA,NA,NA,NA,Y,NA,A,01,0,0,1,0,0,0,0,0,0,-,-,NA,NA,ORANGE,YORBA LINDA,-117.81855667,33.88855066
81332677,2020,2020-10-28,3001,2020-10-23,2227,A1047,NA,5,5,7,3001,0,0,0,NA,0,D-1,ORANGE AVENUE,KNOTT AVENUE,0,NA,Y,B,-,N,NA,NA,NA,NA,NA,NA,NA,NA,NA,Y,4,0,1,2,A,-,09,21801,A,N,D,C,A,A,H,-,C,A,0,NA,NA,NA,NA,Y,NA,A,01,0,0,1,0,0,0,0,0,0,-,-,33.824710845947266,-118.01087951660156,ORANGE,ANAHEIM,-118.01087951660156,33.824581146240234
81333268,2020,2020-10-28,3014,2020-10-08,1831,1498,RD41,4,5,5,3014,0,0,0,NA,0,A3,SR-1 (W COAST HWY),JAMBOREE RD,17,W,N,A,-,Y,NA,NA,1,NA,NA,NA,NA,NA,NA,Y,3,0,1,2,A,-,09,21453,C,N,A,C,A,A,H,-,B,A,0,NA,NA,NA,NA,Y,NA,-,-,0,1,0,0,0,0,0,0,0,-,-,33.61249923706055,-117.89070129394533,ORANGE,NEWPORT BEACH,-117.89100646972656,33.612701416015625
8133551,2016,2016-10-03,3008,2016-08-13,0358,1511,NA,6,5,6,3008,0,0,0,NA,0,001,EUCLID,BASTANCHURY,184,N,N,A,-,N,NA,NA,NA,NA,NA,NA,NA,NA,NA,Y,3,0,3,1,A,-,08,22107,NA,N,E,I,A,A,H,-,C,A,0,NA,NA,NA,NA,Y,NA,A,NA,0,2,1,0,0,0,0,0,0,-,-,NA,NA,ORANGE,FULLERTON,-117.94275746,33.88949474
8133601,2016,2016-10-03,3019,2016-09-10,1730,3249,NE,6,5,7,3019,0,0,0,NA,0,002,CIVIC CENTER DR,PARTON ST,100,W,N,A,-,N,NA,NA,NA,NA,NA,NA,NA,NA,NA,N,4,0,2,2,A,-,03,22350,NA,N,C,C,A,A,H,-,A,D,0,NA,NA,NA,NA,Y,NA,A,01,0,0,2,0,0,0,0,0,0,-,-,NA,NA,ORANGE,SANTA ANA,-117.87500812,33.75153434
8133962,2016,2016-10-04,3001,2016-09-17,1041,1278,NA,6,5,7,3001,0,0,0,NA,0,0D1,WEST ORANGE AV,S VALLEY ST,397,E,N,A,-,N,NA,NA,NA,NA,NA,NA,NA,NA,NA,Y,4,0,1,3,A,-,08,22107,NA,N,B,E,A,A,H,-,A,D,0,NA,NA,NA,NA,Y,NA,A,07,0,0,1,0,0,0,0,0,0,-,-,NA,NA,ORANGE,ANAHEIM,-117.95497599,33.82507455
81339760,2020,2020-11-05,3007,2020-10-20,1232,304,67,2,5,5,3007,0,0,0,NA,0,003,EUCLID,NEWHOPE,0,NA,Y,A,-,N,NA,NA,NA,NA,NA,NA,NA,NA,NA,Y,4,0,1,2,A,-,12,21453,A,N,D,C,A,A,H,-,A,A,0,NA,NA,NA,NA,Y,NA,A,07,0,0,1,0,0,0,0,0,0,-,-,NA,NA,ORANGE,FOUNTAIN VALLEY,-117.93659973144533,33.6998405456543
8134400,2016,2016-10-05,3009,2016-09-05,2141,3933,134,1,5,6,3009,0,0,0,NA,0,021,GARDEN GROVE BL,NEWHOPE ST,15,E,N,A,-,N,NA,NA,NA,NA,NA,NA,NA,NA,NA,N,4,0,3,2,A,-,03,22350,NA,N,-,C,A,A,H,-,C,A,0,NA,NA,NA,NA,Y,NA,A,01,0,0,3,0,0,0,0,0,0,-,-,NA,NA,ORANGE,GARDEN GROVE,-117.92911076,33.77439024
8134667,2016,2016-10-04,3002,2016-08-31,1224,9211,740C3,3,5,5,3025,0,0,0,NA,0,001,BASTANCHURY RD,LAKEVIEW AV,0,NA,Y,A,-,N,NA,NA,NA,NA,NA,NA,NA,NA,NA,Y,4,0,1,2,A,-,12,21453,A,N,D,C,A,A,H,-,A,A,0,NA,NA,NA,NA,Y,NA,A,07,0,0,1,0,0,0,0,0,0,-,-,NA,NA,ORANGE,YORBA LINDA,-117.81160007,33.89949008
8134716,2016,2016-10-05,3026,2016-08-07,1204,492,CROSS,7,5,6,3026,0,0,0,NA,0,00U,CULVER,IRVINE CENTER DR,0,NA,Y,A,-,N,NA,NA,NA,NA,NA,NA,NA,NA,NA,Y,4,0,1,2,A,-,08,22107,A,N,D,C,A,A,H,-,A,A,0,NA,NA,NA,NA,Y,NA,A,01,0,0,1,0,0,0,0,0,0,-,-,NA,NA,ORANGE,IRVINE,-117.7990401,33.6935701
8134805,2016,2016-10-05,3001,2016-09-22,0535,0963,NA,4,5,7,3001,0,0,0,NA,0,0D4,EAST SANTA ANA CANYON RD,S FESTIVAL CTR,0,NA,Y,A,-,N,NA,NA,NA,NA,NA,NA,NA,NA,NA,Y,3,0,2,2,A,-,09,21453,C,N,D,C,A,A,H,-,C,A,0,NA,NA,NA,NA,Y,NA,A,07,0,1,1,0,0,0,0,0,0,-,-,NA,NA,ORANGE,ANAHEIM,-117.74866004,33.86860001
81353156,2020,2020-11-25,3010,2020-11-05,0955,0147,431,4,5,6,3010,0,0,0,NA,0,004,MAIN ST,UTICA AVE,374,N,N,A,-,N,NA,NA,NA,NA,NA,NA,NA,NA,NA,N,3,0,1,2,A,-,05,21650,1,N,D,G,A,A,H,-,A,D,0,NA,Y,NA,NA,Y,NA,L,04,0,1,0,0,0,0,1,0,0,-,-,33.67570114135742,-118.00170135498048,ORANGE,HUNTINGTON BEACH,-118.0017318725586,33.67669677734375