CASE_ID,ACCIDENT_YEAR,PROC_DATE,JURIS,COLLISION_DATE,COLLISION_TIME,OFFICER_ID,REPORTING_DISTRICT,DAY_OF_WEEK,CHP_SHIFT,POPULATION,CNTY_CITY_LOC,SPECIAL_COND,BEAT_TYPE,CHP_BEAT_TYPE,CITY_DIVISION_LAPD,CHP_BEAT_CLASS,BEAT_NUMBER,PRIMARY_RD,SECONDARY_RD,DISTANCE,DIRECTION,INTERSECTION,WEATHER_1,WEATHER_2,STATE_HWY_IND,CALTRANS_COUNTY,CALTRANS_DISTRICT,STATE_ROUTE,ROUTE_SUFFIX,POSTMILE_PREFIX,POSTMILE,LOCATION_TYPE,RAMP_INTERSECTION,SIDE_OF_HWY,TOW_AWAY,COLLISION_SEVERITY,NUMBER_KILLED,NUMBER_INJURED,PARTY_COUNT,PRIMARY_COLL_FACTOR,PCF_CODE_OF_VIOL,PCF_VIOL_CATEGORY,PCF_VIOLATION,PCF_VIOL_SUBSECTION,HIT_AND_RUN,TYPE_OF_COLLISION,MVIW,PED_ACTION,ROAD_SURFACE,ROAD_COND_1,ROAD_COND_2,LIGHTING,CONTROL_DEVICE,CHP_ROAD_TYPE,PEDESTRIAN_ACCIDENT,BICYCLE_ACCIDENT,MOTORCYCLE_ACCIDENT,TRUCK_ACCIDENT,NOT_PRIVATE_PROPERTY,ALCOHOL_INVOLVED,STWD_VEHTYPE_AT_FAULT,CHP_VEHTYPE_AT_FAULT,COUNT_SEVERE_INJ,COUNT_VISIBLE_INJ,COUNT_COMPLAINT_PAIN,COUNT_PED_KILLED,COUNT_PED_INJURED,COUNT_BICYCLIST_KILLED,COUNT_BICYCLIST_INJURED,COUNT_MC_KILLED,COUNT_MC_INJURED,PRIMARY_RAMP,SECONDARY_RAMP,LATITUDE,LONGITUDE,COUNTY,CITY,POINT_X,POINT_Y
82018987,2023,2023-03-16,3026,2023-02-17,2500,614,NA,5,5,6,3026,0,0,0,NA,0,003,CULVER DRIVE,VISTA DEL CAMPO,792,S,N,A,-,N,NA,NA,NA,NA,NA,NA,NA,NA,NA,N,3,0,1,1,D,-,00,NA,NA,F,G,C,A,A,H,-,C,D,0,NA,NA,Y,NA,Y,NA,-,-,0,1,0,0,0,0,0,0,1,-,-,NA,NA,ORANGE,IRVINE,-117.82268524169922,33.64041519165039
8201928,2016,2017-03-02,3011,2016-12-09,1328,31340,NA,5,5,4,3011,0,0,0,NA,0,NA,RT 133,CANYON ACRES DR,3163,NA,N,A,-,Y,ORA,12,133,-,-,1.56,H,-,S,Y,4,0,2,2,C,-,18,NA,NA,N,A,C,A,A,H,-,A,D,0,NA,NA,NA,NA,Y,NA,-,-,0,0,2,0,0,0,0,0,0,-,-,NA,NA,ORANGE,LAGUNA BEACH,-117.77165945,33.56192439
8201973,2016,2017-01-05,3002,2016-11-19,1830,3893,740J5,6,5,5,3025,0,0,0,NA,0,003,YORBA LINDA BLVD,NEW RIVER RD,74,N,N,A,-,N,NA,NA,NA,NA,NA,NA,NA,NA,NA,Y,4,0,1,2,A,-,03,22350,NA,N,C,C,A,A,H,-,A,A,0,NA,NA,NA,NA,Y,NA,D,22,0,0,1,0,0,0,0,0,0,-,-,NA,NA,ORANGE,YORBA LINDA,-117.75444617,33.87831058
82020339,2023,2023-03-17,3019,2023-01-23,1628,3749,SE,1,5,7,3019,0,0,0,NA,0,003,EDINGER AVENUE,AUTO MALL DRIVE,0,NA,Y,A,-,N,NA,NA,NA,NA,NA,NA,NA,NA,NA,N,4,0,2,2,D,-,00,NA,NA,N,D,C,A,A,D,-,A,A,0,NA,NA,NA,NA,Y,NA,-,-,0,0,2,0,0,0,0,0,0,-,-,33.72663879394531,-117.83657073974608,ORANGE,SANTA ANA,-117.83676910400392,33.726905822753906
82020343,2023,2023-03-17,3019,2023-02-02,1821,3535,NE,4,5,7,3019,0,0,0,NA,0,002,MAIN STREET,3RD STREET,0,NA,Y,A,-,N,NA,NA,NA,NA,NA,NA,NA,NA,NA,N,3,0,1,2,A,-,17,21451,A,N,G,B,B,A,H,-,C,A,0,Y,NA,NA,NA,Y,NA,A,07,0,1,0,0,1,0,0,0,0,-,-,33.74700164794922,-117.86739349365234,ORANGE,SANTA ANA,-117.86763763427734,33.747100830078125
82020425,2023,2023-03-17,3019,2023-02-22,754,3295,WE,3,5,7,3019,0,0,0,NA,0,001,NEWHOPE STREET,ROOSEVELT AVENUE,0,NA,Y,A,-,N,NA,NA,NA,NA,NA,NA,NA,NA,NA,N,3,0,1,2,A,-,09,21802,A,N,B,C,A,B,H,-,A,A,0,NA,NA,NA,NA,Y,NA,A,01,0,1,0,0,0,0,0,0,0,-,-,33.75027084350586,-117.92887878417967,ORANGE,SANTA ANA,-117.92881011962892,33.75028610229492
82020525,2023,2023-03-17,3019,2023-03-06,1245,2801,NE,1,5,7,3019,0,0,0,NA,0,002,WASHINGTON AVENUE,DURANT STREET,0,NA,Y,A,-,N,NA,NA,NA,NA,NA,NA,NA,NA,NA,Y,3,0,2,2,A,-,12,22450,A,N,D,E,A,A,H,-,A,D,0,NA,NA,NA,NA,Y,NA,A,01,0,2,0,0,0,0,0,0,0,-,-,33.75603103637695,-117.87114715576172,ORANGE,SANTA ANA,-117.87107849121094,33.75575256347656
82021554,2023,2023-03-20,3019,2023-02-20,328,3692,WE,1,5,7,3019,0,0,0,NA,0,001,1ST STREET,FIGUEROA STREET,84,E,N,A,-,N,NA,NA,NA,NA,NA,NA,NA,NA,NA,N,1,1,0,2,A,-,11,21954,A,F,G,B,E,A,H,-,C,D,0,Y,NA,NA,NA,Y,Y,N,60,0,0,0,1,0,0,0,0,0,-,-,33.745399475097656,-117.9189910888672,ORANGE,SANTA ANA,-117.91878509521484,33.74517059326172
8202164,2016,2017-01-04,3007,2016-12-19,2331,295,19,1,5,5,3007,0,0,0,NA,0,002,HARBOR,LILAC,0,NA,Y,A,-,N,NA,NA,NA,NA,NA,NA,NA,NA,NA,N,4,0,2,2,A,-,09,21801,A,N,D,C,A,A,H,-,C,A,0,NA,NA,NA,NA,Y,NA,A,01,0,0,2,0,0,0,0,0,0,-,-,NA,NA,ORANGE,FOUNTAIN VALLEY,-117.91998006,33.73099009
82021696,2023,2023-03-20,3022,2023-03-02,744,1109,NA,4,5,5,3022,0,0,0,NA,0,NA,JAMBOREE RD,EDINGER AV,1000,S,N,A,-,N,NA,NA,NA,NA,NA,NA,NA,NA,NA,Y,2,0,1,1,A,-,08,22107,NA,N,E,I,A,A,H,-,A,D,0,NA,NA,NA,NA,Y,NA,A,01,1,0,0,0,0,0,0,0,0,-,-,NA,NA,ORANGE,TUSTIN,-117.8085708618164,33.7022819519043
82021738,2022,2023-03-22,3008,2022-09-01,1736,1435,ZONE,4,5,6,3008,0,0,0,NA,0,NA,COMMONWEALTH AVE,BASQUE AVE,0,NA,Y,A,-,N,NA,NA,NA,NA,NA,NA,NA,NA,NA,Y,3,0,2,4,A,-,09,21801,A,N,A,C,A,A,H,-,A,A,0,NA,NA,NA,NA,Y,NA,D,22,0,1,1,0,0,0,0,0,0,-,-,NA,NA,ORANGE,FULLERTON,-117.9507293701172,33.87015914916992
82021857,2023,2023-03-20,3026,2023-03-15,845,8929,NA,3,5,6,3026,0,0,0,NA,0,004,WALNUT AVE,AUSTIN,290,S,N,B,C,N,NA,NA,NA,NA,NA,NA,NA,NA,NA,Y,3,0,1,1,A,-,03,22350,NA,N,E,I,A,B,H,-,A,D,0,NA,NA,NA,NA,Y,NA,A,01,0,1,0,0,0,0,0,0,0,-,-,33.692230224609375,-117.78179168701172,ORANGE,IRVINE,-117.7728271484375,33.691287994384766
82021892,2023,2023-03-21,3022,2023-03-03,1806,1391,NA,5,5,5,3022,0,0,0,NA,0,NA,RED HILL AV,SYCAMORE AV,0,NA,Y,A,-,N,NA,NA,NA,NA,NA,NA,NA,NA,NA,N,3,0,1,2,A,-,10,21950,A,N,G,B,B,A,H,-,C,A,0,Y,NA,NA,NA,Y,NA,A,07,0,1,0,0,1,0,0,0,0,-,-,33.7252082824707,-117.82379913330078,ORANGE,TUSTIN,-117.82382202148438,33.72518539428711
82021896,2023,2023-03-20,3022,2023-03-12,1546,1424,NA,7,5,5,3022,0,0,0,NA,0,NA,MC FADDEN AV,PASADENA AV,35,S,N,A,B,N,NA,NA,NA,NA,NA,NA,NA,NA,NA,N,4,0,1,2,A,-,03,22350,NA,N,C,C,A,A,H,-,A,A,0,NA,NA,NA,NA,Y,NA,A,01,0,0,1,0,0,0,0,0,0,-,-,33.733768463134766,-117.83175659179688,ORANGE,TUSTIN,-117.8318099975586,33.733848571777344
82022507,2023,2023-03-20,3014,2023-03-14,1903,1447,RD24,2,5,5,3014,0,0,0,NA,0,A2,SR-55 S/B (NEWPORT BLVD) TO SR-1 (COAST HWY W),SR-1 (COAST HWY W),525,N,N,C,-,N,NA,NA,NA,NA,NA,NA,NA,NA,NA,Y,3,0,1,1,A,-,03,22350,NA,N,E,I,A,B,H,-,C,D,0,NA,NA,NA,NA,Y,NA,A,01,0,1,0,0,0,0,0,0,0,-,-,33.6220703125,-117.9296875,ORANGE,NEWPORT BEACH,-117.9296875,33.6220703125
82024514,2023,2023-03-22,3001,2023-03-06,1923,A2467,D-1,1,5,7,3001,0,0,0,NA,0,NA,BALL ROAD,BROOKHURST STREET,227,W,N,A,-,N,NA,NA,NA,NA,NA,NA,NA,NA,NA,Y,3,0,1,2,A,-,09,21804,A,N,D,C,A,A,H,-,C,D,0,NA,NA,NA,NA,Y,NA,D,22,0,1,0,0,0,0,0,0,0,-,-,33.817169189453125,-117.95909118652344,ORANGE,ANAHEIM,-117.95968627929688,33.817779541015625
82024570,2023,2023-03-22,3016,2023-03-01,1328,2199,24,3,5,5,3016,0,0,0,NA,0,002,CHAPMAN AVENUE,MELROSE STREET,186,W,N,B,C,N,NA,NA,NA,NA,NA,NA,NA,NA,NA,N,4,0,1,2,A,-,08,22107,NA,N,D,C,A,B,H,-,A,D,0,NA,NA,NA,NA,Y,NA,A,01,0,0,1,0,0,0,0,0,0,-,-,33.87260055541992,-117.87264251708984,ORANGE,PLACENTIA,-117.87313842773438,33.872764587402344
8202643,2016,2017-01-12,3010,2016-10-31,1102,164,422,1,5,6,3010,0,0,0,NA,0,005,GARFIELD,DELAWARE,267,E,N,A,-,N,NA,NA,NA,NA,NA,NA,NA,NA,NA,Y,3,0,1,2,A,-,08,22107,NA,N,B,C,A,A,D,-,A,A,0,NA,NA,Y,NA,Y,NA,C,02,0,1,0,0,0,0,0,0,1,-,-,NA,NA,ORANGE,HUNTINGTON BEACH,-117.99226621,33.68668775
82026503,2023,2023-03-23,3019,2023-03-21,749,2875,SC,2,5,7,3019,0,0,0,NA,0,004,RAITT STREET,ADAMS STREET,300,S,N,B,C,N,NA,NA,NA,NA,NA,NA,NA,NA,NA,N,4,0,2,2,A,-,09,21804,A,N,D,C,A,B,H,-,A,D,0,NA,NA,NA,NA,Y,NA,A,07,0,0,2,0,0,0,0,0,0,-,-,33.712120056152344,-117.897216796875,ORANGE,SANTA ANA,-117.8975067138672,33.711204528808594
82027578,2023,2023-03-24,3010,2023-03-23,744,1208,149,4,5,6,3010,0,0,0,NA,0,009,MCFADDEN AVE,EDWARDS ST,61,W,N,B,C,N,NA,NA,NA,NA,NA,NA,NA,NA,NA,Y,4,0,1,2,A,-,09,21804,A,N,D,C,A,B,H,-,A,D,0,NA,NA,NA,NA,Y,NA,A,01,0,0,1,0,0,0,0,0,0,-,-,33.73646926879883,-118.01519775390624,ORANGE,HUNTINGTON BEACH,-118.01579284667967,33.737281799316406
8203035,2016,2017-03-06,3001,2016-12-21,2142,415,NA,3,5,7,3001,0,0,0,NA,0,0D1,NORTH BEACH BL,WEST ANACAPA WY,115,S,N,B,C,Y,ORA,12,39,-,-,12.82,H,-,S,Y,4,0,1,2,A,-,03,22350,NA,N,C,C,A,B,H,-,C,D,0,NA,NA,NA,NA,Y,NA,A,01,0,0,1,0,0,0,0,0,0,-,-,NA,NA,ORANGE,ANAHEIM,-117.9936534,33.83405385
82032160,2023,2023-03-30,3015,2023-03-16,1640,1663,RD51,4,5,6,3015,0,0,0,NA,0,732M,CHAPMAN AVE,MARKS WAY,158,E,N,A,-,N,NA,NA,NA,NA,NA,NA,NA,NA,NA,Y,4,0,2,2,A,-,01,23153,F,M,C,C,A,A,H,-,A,D,0,NA,NA,NA,NA,Y,NA,A,01,0,0,2,0,0,0,0,0,0,-,-,33.78786849975586,-117.8732681274414,ORANGE,ORANGE,-117.87286376953124,33.78791046142578
82032161,2023,2023-03-30,3015,2023-03-20,558,1700,RD12,1,5,6,3015,0,0,0,NA,0,111,MAIN ST,LA VETA AVE,0,NA,Y,A,-,N,NA,NA,NA,NA,NA,NA,NA,NA,NA,Y,4,0,1,2,A,-,08,22107,NA,N,D,C,A,A,H,-,B,A,0,NA,NA,NA,NA,Y,NA,A,07,0,0,1,0,0,0,0,0,0,-,-,33.779930114746094,-117.86744689941406,ORANGE,ORANGE,-117.86737823486328,33.780311584472656
82036097,2023,2023-04-04,3001,2023-03-31,1052,A2367,D-1,5,5,7,3001,0,0,0,NA,0,D-1,CRESCENT AVENUE,MAGNOLIA AVENUE,638,W,N,A,-,N,NA,NA,NA,NA,NA,NA,NA,NA,NA,Y,4,0,1,2,A,-,03,22350,NA,N,C,E,A,A,H,-,A,D,0,NA,NA,NA,NA,Y,NA,A,01,0,0,1,0,0,0,0,0,0,-,-,33.839569091796875,-117.9761962890625,ORANGE,ANAHEIM,-117.97816467285156,33.83951950073242
82037222,2023,2023-04-06,3008,2023-01-17,1500,1484,ZONE,2,5,6,3008,0,0,0,NA,0,NA,HARBOR BLVD,UNION AVE,0,NA,Y,A,-,N,NA,NA,NA,NA,NA,NA,NA,NA,NA,Y,4,0,2,2,A,-,09,21801,A,N,D,C,A,A,H,-,A,A,0,NA,NA,NA,Y,Y,NA,A,01,0,0,2,0,0,0,0,0,0,-,-,NA,NA,ORANGE,FULLERTON,-117.92433166503906,33.87741470336914
8203748,2016,2017-03-02,3010,2016-12-18,0039,1109,252,7,5,6,3010,0,0,0,NA,0,007,RT 39,GLENCOE,0,NA,Y,A,-,Y,ORA,12,39,-,-,5.231,I,5,S,Y,3,0,1,1,A,-,01,23152,A,N,E,I,A,A,H,-,C,D,0,NA,NA,NA,NA,Y,Y,D,22,0,1,0,0,0,0,0,0,0,-,-,NA,NA,ORANGE,HUNTINGTON BEACH,-117.98934731,33.72434352
82037499,2023,2023-04-05,3014,2023-03-11,1911,1418,RD41,6,5,5,3014,0,0,0,NA,0,A3,SR-1 (E COAST HWY),BAYSIDE DR,480,W,N,E,-,Y,NA,NA,NA,NA,NA,NA,NA,NA,NA,Y,3,0,1,2,A,-,08,22107,NA,N,D,C,A,B,H,-,C,D,0,NA,NA,NA,NA,Y,NA,A,01,0,1,0,0,0,0,0,0,0,-,-,NA,NA,ORANGE,NEWPORT BEACH,-117.90248107910156,33.61637878417969
82038022,2023,2023-04-06,3001,2023-03-12,1742,A2467,D-2,7,5,7,3001,0,0,0,NA,0,NA,LINCOLN AVENUE,RESH STREET,73,E,N,A,-,N,NA,NA,NA,NA,NA,NA,NA,NA,NA,Y,3,0,1,2,A,-,03,22350,NA,N,A,E,A,A,H,-,A,D,0,NA,NA,NA,Y,Y,NA,A,01,0,1,0,0,0,0,0,0,0,-,-,33.833518981933594,-117.92228698730467,ORANGE,ANAHEIM,-117.92205810546876,33.8336181640625
82040060,2023,2023-04-10,3008,2023-01-26,2015,1609,ZONE,4,5,6,3008,0,0,0,NA,0,NA,STATE COLLEGE BLVD,CHAPMAN AVE,0,NA,Y,A,-,N,NA,NA,NA,NA,NA,NA,NA,NA,NA,N,3,0,2,3,A,-,10,21950,A,M,G,B,B,A,H,-,C,A,0,Y,NA,NA,NA,Y,Y,-,99,0,2,0,0,2,0,0,0,0,-,-,NA,NA,ORANGE,FULLERTON,-117.88961791992188,33.874210357666016
82040336,2023,2023-04-10,3024,2023-01-06,1038,538,P-11,5,5,5,3024,0,0,0,NA,0,WEST,GOLDENWEST STREET,WESTMINSTER BOULEVARD,0,NA,Y,-,-,N,NA,NA,NA,NA,NA,NA,NA,NA,NA,N,4,0,1,2,A,-,11,21950,B,N,G,B,B,A,H,-,A,A,0,Y,NA,NA,NA,Y,NA,A,01,0,0,1,0,1,0,0,0,0,-,-,33.75912857055664,-118.00715637207033,ORANGE,WESTMINSTER,-118.00717163085938,33.7591438293457
8204074,2016,2017-01-09,3000,2016-12-16,1810,2849,862C5,5,5,5,3050,0,0,0,NA,0,762,BAKE PKWY,PORTOLA PKWY,209,E,N,B,-,N,NA,NA,NA,NA,NA,NA,NA,NA,NA,Y,4,0,1,2,A,-,03,22350,NA,N,C,C,A,A,H,-,C,D,0,NA,NA,NA,NA,Y,NA,A,01,0,0,1,0,0,0,0,0,0,-,-,NA,NA,ORANGE,LAKE FOREST,-117.66173086,33.67844463
82041249,2023,2023-04-10,3014,2023-02-15,1720,1570,RD37,3,5,5,3014,0,0,0,NA,0,A3,BACK BAY DR,SHELLMAKER RD,530,N,N,A,-,N,NA,NA,NA,NA,NA,NA,NA,NA,NA,N,3,0,2,2,A,-,03,22350,NA,N,E,H,E,A,H,-,A,D,0,Y,NA,NA,NA,Y,NA,M,91,0,1,1,0,1,0,0,0,0,-,-,33.622100830078125,-117.88948822021484,ORANGE,NEWPORT BEACH,-117.8900146484375,33.62184524536133
82041295,2023,2023-04-10,3014,2023-04-07,1032,1374,RD38,5,5,5,3014,0,0,0,NA,0,A3,FORD RD,SOUTHERN HILLS DR,0,NA,Y,A,-,N,NA,NA,NA,NA,NA,NA,NA,NA,NA,Y,3,0,2,3,A,-,08,22107,NA,N,D,C,A,A,H,-,A,A,0,NA,NA,NA,Y,Y,NA,A,01,0,1,1,0,0,0,0,0,0,-,-,NA,NA,ORANGE,NEWPORT BEACH,-117.86907196044922,33.629329681396484
82042514,2023,2023-04-12,3015,2023-04-08,1513,1250,RD51,6,5,6,3015,0,0,0,NA,0,711M,MAIN ST,MAPLE AVE,145,N,N,A,-,N,NA,NA,NA,NA,NA,NA,NA,NA,NA,Y,4,0,1,2,A,-,08,22107,NA,N,C,E,A,A,H,-,A,D,0,NA,NA,NA,NA,Y,NA,A,07,0,0,1,0,0,0,0,0,0,-,-,33.789710998535156,-117.86643981933594,ORANGE,ORANGE,-117.86654663085938,33.790077209472656
82042641,2023,2023-04-12,3019,2023-03-19,1314,3327,SE,7,5,7,3019,0,0,0,NA,0,003,STANDARD AVENUE,WALNUT STREET,0,NA,Y,A,-,N,NA,NA,NA,NA,NA,NA,NA,NA,NA,N,4,0,1,2,A,-,09,21802,A,N,D,C,A,A,H,-,A,D,0,NA,NA,NA,NA,Y,NA,A,01,0,0,1,0,0,0,0,0,0,-,-,33.74460983276367,-117.85723876953124,ORANGE,SANTA ANA,-117.8569793701172,33.744510650634766
82042670,2023,2023-04-12,3019,2023-03-27,1258,2801,NE,1,5,7,3019,0,0,0,NA,0,002,1ST STREET,ROSS STREET,0,NA,Y,A,-,N,NA,NA,NA,NA,NA,NA,NA,NA,NA,Y,4,0,2,3,A,-,09,21801,A,N,D,C,A,A,H,-,A,A,0,NA,NA,NA,NA,Y,NA,A,01,0,0,2,0,0,0,0,0,0,-,-,33.745399475097656,-117.8721923828125,ORANGE,SANTA ANA,-117.87244415283205,33.745426177978516
82042734,2023,2023-04-12,3019,2023-04-05,1709,3702,WE,3,5,7,3019,0,0,0,NA,0,001,BRISTOL STREET,MEMORY LANE,315,N,N,A,-,N,NA,NA,NA,NA,NA,NA,NA,NA,NA,Y,3,0,2,2,A,-,09,21801,A,N,D,C,A,A,H,-,A,D,0,NA,NA,NA,NA,Y,NA,A,07,0,2,0,0,0,0,0,0,0,-,-,33.772518157958984,-117.88437652587892,ORANGE,SANTA ANA,-117.88484191894533,33.77399444580078
82043827,2023,2023-04-13,3001,2023-04-11,1706,A2854,NA,2,5,7,3001,0,0,0,NA,0,D-2,ORANGE AVENUE,KNOTT AVENUE,2,E,N,A,-,N,NA,NA,NA,NA,NA,NA,NA,NA,NA,Y,4,0,1,3,A,-,08,22107,NA,N,A,C,A,A,C,-,A,A,0,NA,NA,NA,NA,Y,NA,A,01,0,0,1,0,0,0,0,0,0,-,-,33.824710845947266,-118.01087951660156,ORANGE,ANAHEIM,-118.01087188720705,33.824581146240234
82043867,2023,2023-04-13,3019,2023-02-10,1943,3733,SE,5,5,7,3019,0,0,0,NA,0,003,MCFADDEN AVENUE,LYON STREET,0,NA,Y,A,-,N,NA,NA,NA,NA,NA,NA,NA,NA,NA,Y,4,0,1,2,A,-,09,21801,A,N,A,C,A,A,H,-,C,A,0,NA,NA,NA,NA,Y,NA,A,01,0,0,1,0,0,0,0,0,0,-,-,33.73263931274414,-117.84532165527344,ORANGE,SANTA ANA,-117.8449935913086,33.73377227783203
82043878,2023,2023-04-13,3019,2023-04-07,1350,3702,SE,5,5,7,3019,0,0,0,NA,0,003,GRAND AVENUE,DYER ROAD,590,N,N,A,-,N,NA,NA,NA,NA,NA,NA,NA,NA,NA,Y,4,0,1,2,A,-,08,22107,NA,N,D,C,A,A,H,-,A,D,0,NA,NA,NA,NA,Y,NA,D,22,0,0,1,0,0,0,0,0,0,-,-,33.70853042602539,-117.85266876220705,ORANGE,SANTA ANA,-117.85131072998048,33.70975112915039
82044750,2023,2023-04-14,3010,2023-04-02,2052,3117,421,7,5,6,3010,0,0,0,NA,0,005,MAIN ST,GARFIELD AVE,36,S,N,A,-,N,NA,NA,NA,NA,NA,NA,NA,NA,NA,Y,4,0,1,3,A,-,01,23152,A,N,C,C,A,A,H,-,C,A,0,NA,NA,NA,NA,Y,Y,A,01,0,0,1,0,0,0,0,0,0,-,-,33.68656921386719,-117.99764251708984,ORANGE,HUNTINGTON BEACH,-117.99803161621094,33.686500549316406
82044757,2023,2023-04-14,3019,2023-04-06,957,2801,NE,4,5,7,3019,0,0,0,NA,0,002,17TH STREET,MABURY STREET,245,E,N,A,-,N,NA,NA,NA,NA,NA,NA,NA,NA,NA,Y,3,0,2,2,A,-,09,21804,A,N,D,C,A,A,H,-,A,D,0,NA,NA,NA,NA,Y,NA,A,01,0,1,1,0,0,0,0,0,0,-,-,33.75981903076172,-117.84384155273438,ORANGE,SANTA ANA,-117.843017578125,33.759910583496094
82047088,2023,2023-04-18,3015,2023-04-13,1400,1709,RD 15,4,5,6,3015,0,0,0,NA,0,001,ORANGEWOOD AVE,RT 57 SB OFFRAMP,0,NA,Y,A,-,Y,ORA,NA,57,NA,NA,11.785,H,NA,L,Y,4,0,1,2,A,-,12,21453,A,N,D,C,A,A,H,-,A,D,0,NA,NA,NA,NA,Y,NA,A,01,0,0,1,0,0,0,0,0,0,-,-,33.79563903808594,-117.87832641601563,ORANGE,ORANGE,-117.8780517578125,33.79558181762695
82048121,2023,2023-04-19,3015,2023-04-17,1536,1563,RD 34,1,5,6,3015,0,0,0,NA,0,731M,CHAPMAN AVE,PROSPECT ST,585,E,N,A,-,N,NA,NA,NA,NA,NA,NA,NA,NA,NA,Y,4,0,1,2,A,-,09,21801,A,N,D,C,A,A,H,-,A,D,0,NA,NA,NA,NA,Y,NA,A,01,0,0,1,0,0,0,0,0,0,-,-,33.78675842285156,-117.81839752197266,ORANGE,ORANGE,-117.81648254394533,33.78779983520508
82050217,2023,2023-04-21,3024,2023-02-28,752,501,P-28,2,5,5,3024,0,0,0,NA,0,EAST,NEWCASTLE AVENUE,BROMLEY STREET,0,NA,Y,A,-,N,NA,NA,NA,NA,NA,NA,NA,NA,NA,N,4,0,1,2,A,-,03,22350,NA,N,C,E,A,A,H,-,A,D,0,NA,NA,NA,Y,Y,NA,A,01,0,0,1,0,0,0,0,0,0,-,-,33.74895095825195,-117.9552764892578,ORANGE,WESTMINSTER,-117.95552825927734,33.74892044067383
82050218,2023,2023-04-21,3024,2023-02-28,837,511,P-06,2,5,5,3024,0,0,0,NA,0,WEST,BEACH BOULEVARD (SR-39),TRASK,122,N,N,A,-,Y,NA,NA,NA,NA,NA,NA,NA,NA,NA,N,4,0,1,2,A,-,03,22350,NA,N,C,C,A,A,H,-,A,A,0,NA,NA,NA,NA,Y,NA,A,07,0,0,1,0,0,0,0,0,0,-,-,NA,NA,ORANGE,WESTMINSTER,-117.99002838134766,33.76686477661133
82050867,2023,2023-04-24,3019,2023-04-21,549,3439,WE,5,5,7,3019,0,0,0,NA,0,001,BRISTOL STREET,HESPERIAN STREET,0,NA,Y,A,-,N,NA,NA,NA,NA,NA,NA,NA,NA,NA,N,4,0,1,2,D,-,00,NA,NA,N,D,C,A,A,H,-,A,A,0,NA,NA,NA,NA,Y,NA,-,-,0,0,1,0,0,0,0,0,0,-,-,33.77796173095703,-117.88417053222656,ORANGE,SANTA ANA,-117.88512420654295,33.77125549316406
82051226,2023,2023-04-24,3008,2023-01-31,1822,1484,ZONE,2,5,6,3008,0,0,0,NA,0,NA,HARBOR BLVD,LA ENTRADA PL,0,NA,Y,A,-,N,NA,NA,NA,NA,NA,NA,NA,NA,NA,Y,4,0,2,2,A,-,09,21802,A,N,D,C,A,A,H,-,C,A,0,NA,NA,NA,NA,Y,NA,A,01,0,0,2,0,0,0,0,0,0,-,-,NA,NA,ORANGE,FULLERTON,-117.9301986694336,33.906742095947266
82052933,2023,2023-04-25,3014,2023-04-14,1107,1561,RD41,5,5,5,3014,0,0,0,NA,0,A3,301 COAST HWY E,BAYSIDE DR,61,E,N,A,-,Y,NA,NA,NA,NA,NA,NA,NA,NA,NA,Y,3,0,1,2,A,-,01,23152,F,N,C,C,A,A,H,-,A,A,0,NA,NA,NA,Y,Y,NA,-,-,0,1,0,0,0,0,0,0,0,-,-,NA,NA,ORANGE,NEWPORT BEACH,-117.90071868896484,33.61628723144531
82054473,2023,2023-04-27,3007,2023-03-18,2216,283,34,6,5,5,3007,0,0,0,NA,0,001,WARNER,BUSHARD,0,NA,Y,A,-,N,NA,NA,NA,NA,NA,NA,NA,NA,NA,Y,4,0,1,2,A,-,12,21453,A,N,D,C,A,A,H,-,C,A,0,NA,NA,NA,NA,Y,NA,A,01,0,0,1,0,0,0,0,0,0,-,-,NA,NA,ORANGE,FOUNTAIN VALLEY,-117.9631805419922,33.715972900390625
8205505,2016,2017-01-17,3019,2016-12-17,1817,3389,SC,6,5,7,3019,0,0,0,NA,0,004,WARNER AV,BAKER ST,0,NA,Y,A,-,N,NA,NA,NA,NA,NA,NA,NA,NA,NA,Y,4,0,2,4,A,-,03,22350,NA,N,C,C,A,A,H,-,C,D,0,NA,NA,NA,NA,Y,NA,D,22,0,0,2,0,0,0,0,0,0,-,-,33.71615,-117.88317,ORANGE,SANTA ANA,-117.88352002,33.71619004
8205651,2016,2017-02-09,3019,2016-12-09,1742,3456,WE,5,5,7,3019,0,0,0,NA,0,001,BRISTOL ST,SANTA ANA BL,0,NA,Y,A,-,N,NA,NA,NA,NA,NA,NA,NA,NA,NA,Y,4,0,1,2,A,-,09,21801,A,N,D,C,A,A,H,-,C,A,0,NA,NA,NA,NA,Y,NA,A,01,0,0,1,0,0,0,0,0,0,-,-,33.74774,-117.8851,ORANGE,SANTA ANA,-117.88517012,33.74794004