CASE_ID,ACCIDENT_YEAR,PROC_DATE,JURIS,COLLISION_DATE,COLLISION_TIME,OFFICER_ID,REPORTING_DISTRICT,DAY_OF_WEEK,CHP_SHIFT,POPULATION,CNTY_CITY_LOC,SPECIAL_COND,BEAT_TYPE,CHP_BEAT_TYPE,CITY_DIVISION_LAPD,CHP_BEAT_CLASS,BEAT_NUMBER,PRIMARY_RD,SECONDARY_RD,DISTANCE,DIRECTION,INTERSECTION,WEATHER_1,WEATHER_2,STATE_HWY_IND,CALTRANS_COUNTY,CALTRANS_DISTRICT,STATE_ROUTE,ROUTE_SUFFIX,POSTMILE_PREFIX,POSTMILE,LOCATION_TYPE,RAMP_INTERSECTION,SIDE_OF_HWY,TOW_AWAY,COLLISION_SEVERITY,NUMBER_KILLED,NUMBER_INJURED,PARTY_COUNT,PRIMARY_COLL_FACTOR,PCF_CODE_OF_VIOL,PCF_VIOL_CATEGORY,PCF_VIOLATION,PCF_VIOL_SUBSECTION,HIT_AND_RUN,TYPE_OF_COLLISION,MVIW,PED_ACTION,ROAD_SURFACE,ROAD_COND_1,ROAD_COND_2,LIGHTING,CONTROL_DEVICE,CHP_ROAD_TYPE,PEDESTRIAN_ACCIDENT,BICYCLE_ACCIDENT,MOTORCYCLE_ACCIDENT,TRUCK_ACCIDENT,NOT_PRIVATE_PROPERTY,ALCOHOL_INVOLVED,STWD_VEHTYPE_AT_FAULT,CHP_VEHTYPE_AT_FAULT,COUNT_SEVERE_INJ,COUNT_VISIBLE_INJ,COUNT_COMPLAINT_PAIN,COUNT_PED_KILLED,COUNT_PED_INJURED,COUNT_BICYCLIST_KILLED,COUNT_BICYCLIST_INJURED,COUNT_MC_KILLED,COUNT_MC_INJURED,PRIMARY_RAMP,SECONDARY_RAMP,LATITUDE,LONGITUDE,COUNTY,CITY,POINT_X,POINT_Y
84364728,2024,2024-08-22,3001,2024-08-02,1132,A2303,NA,5,5,7,3001,0,0,0,NA,0,D-3,LINCOLN AVENUE,GAIN STREET,22,W,N,A,-,N,NA,NA,NA,NA,NA,NA,NA,NA,NA,Y,3,0,1,1,C,-,18,NA,NA,N,E,I,A,A,H,-,A,D,0,NA,NA,NA,NA,Y,NA,-,-,0,1,0,0,0,0,0,0,0,-,-,NA,NA,ORANGE,ANAHEIM,-117.97305297851563,33.83219909667969
84364821,2024,2024-08-22,3008,2024-05-22,701,1574,NA,3,5,6,3008,0,0,0,NA,0,NA,HARBOR BLVD,BASTANCHURY RD,0,NA,Y,B,-,N,NA,NA,NA,NA,NA,NA,NA,NA,NA,N,4,0,1,2,A,-,03,22350,NA,N,C,C,A,A,H,-,A,A,0,NA,NA,NA,NA,Y,NA,A,01,0,0,1,0,0,0,0,0,0,-,-,33.895870208740234,-117.92900848388672,ORANGE,FULLERTON,-117.92890167236328,33.8956184387207
84364832,2024,2024-08-22,3008,2024-07-03,1646,1666,NA,3,5,6,3008,0,0,0,NA,0,NA,STATE COLLEGE BLVD,VALENCIA DR,161,N,N,A,-,N,NA,NA,NA,NA,NA,NA,NA,NA,NA,Y,4,0,1,1,A,-,08,22107,NA,N,E,I,A,A,H,-,A,A,0,NA,NA,NA,NA,Y,NA,A,01,0,0,1,0,0,0,0,0,0,-,-,33.865779876708984,-117.88937377929688,ORANGE,FULLERTON,-117.88951873779295,33.86729049682617
84366845,2024,2024-08-23,3002,2024-07-24,818,1717,NA,3,5,4,3002,0,0,0,NA,0,012,KRAEMER BL,SATURN ST,0,NA,Y,A,-,N,NA,NA,NA,NA,NA,NA,NA,NA,NA,Y,3,0,2,2,A,-,09,21801,A,N,D,C,A,A,H,-,A,A,0,NA,NA,NA,NA,Y,NA,A,01,0,1,1,0,0,0,0,0,0,-,-,33.908599853515625,-117.86387634277344,ORANGE,BREA,-117.86383819580078,33.90855407714844
84368768,2024,2024-08-26,3008,2024-06-12,1612,1470,NA,3,5,6,3008,0,0,0,NA,0,NA,GILBERT ST,ARTESIA AVE,56,S,N,A,-,N,NA,NA,NA,NA,NA,NA,NA,NA,NA,Y,4,0,1,2,A,-,03,22350,NA,N,C,C,A,A,H,-,A,A,0,NA,NA,NA,NA,Y,NA,A,01,0,0,1,0,0,0,0,0,0,-,-,33.871978759765625,-117.9679718017578,ORANGE,FULLERTON,-117.96818542480467,33.8719367980957
8436906,2017,2017-09-19,3009,2017-08-21,1300,3486,81,1,5,6,3009,0,0,0,NA,0,012,MAGNOLIA ST,JOYZELLE DR,105,N,N,A,-,N,NA,NA,NA,NA,NA,NA,NA,NA,NA,N,4,0,1,2,A,-,08,22107,NA,N,C,E,A,A,H,-,A,D,0,NA,NA,NA,NA,Y,Y,A,01,0,0,1,0,0,0,0,0,0,-,-,NA,NA,ORANGE,GARDEN GROVE,-117.97559514,33.79822785
8436918,2017,2017-09-21,3009,2017-08-21,1130,3073,84,1,5,6,3009,0,0,0,NA,0,013,GARDEN GROVE BL,KERRY ST,0,NA,Y,A,-,N,NA,NA,NA,NA,NA,NA,NA,NA,NA,N,4,0,1,2,A,-,09,21804,A,N,D,C,A,A,H,-,A,D,0,NA,NA,NA,NA,Y,NA,A,01,0,0,1,0,0,0,0,0,0,-,-,NA,NA,ORANGE,GARDEN GROVE,-117.95885009,33.77401004
84370313,2024,2024-08-27,3014,2024-08-16,839,1555,NA,5,5,5,3014,0,0,0,NA,0,A3,SR-1 (E COAST HWY),NEWPORT CENTER DR,197,E,N,A,-,Y,NA,NA,NA,NA,NA,NA,NA,NA,NA,Y,4,0,2,4,A,-,03,22350,NA,N,C,C,A,A,H,-,A,A,0,NA,NA,NA,NA,Y,NA,A,01,0,0,2,0,0,0,0,0,0,-,-,33.6072998046875,-117.87809753417967,ORANGE,NEWPORT BEACH,-117.87847900390624,33.60736083984375
84370396,2024,2024-08-27,3001,2024-08-12,5,A2560,NA,1,5,7,3001,0,0,0,NA,0,D-4,GLASSELL STREET,FRONTERA STREET,0,NA,Y,A,-,N,NA,NA,NA,NA,NA,NA,NA,NA,NA,N,4,0,1,2,A,-,09,21801,A,N,D,C,A,A,H,-,C,A,0,NA,NA,NA,NA,Y,NA,A,01,0,0,1,0,0,0,0,0,0,-,-,33.84434127807617,-117.85411834716795,ORANGE,ANAHEIM,-117.85449981689452,33.84629821777344
8437075,2017,2017-09-21,3015,2017-08-30,0631,1372,23W,3,5,6,3015,0,0,0,NA,0,903,N GLASSELL ST,E WALNUT AV,0,NA,Y,A,-,N,NA,NA,NA,NA,NA,NA,NA,NA,NA,N,4,0,1,2,A,-,12,21453,A,N,D,C,A,A,H,-,A,A,0,NA,NA,NA,NA,Y,NA,D,22,0,0,1,0,0,0,0,0,0,-,-,NA,NA,ORANGE,ORANGE,-117.85310003,33.79507008
84372542,2024,2024-08-28,3001,2024-08-16,1030,A2461,NA,5,5,7,3001,0,0,0,NA,0,D-1,BEACH BOULEVARD,BALL ROAD,0,NA,Y,A,-,N,NA,NA,NA,NA,NA,NA,NA,NA,NA,Y,4,0,1,2,A,-,09,21453,C,N,D,C,A,A,H,-,A,A,0,NA,NA,NA,NA,Y,NA,A,01,0,0,1,0,0,0,0,0,0,-,-,NA,NA,ORANGE,ANAHEIM,-117.99315643310548,33.81742858886719
84374327,2024,2024-08-29,3001,2024-08-19,2006,A1962,NA,1,5,7,3001,0,0,0,NA,0,NA,MAGIC WAY,WALNUT STREET,15,E,N,A,-,N,NA,NA,NA,NA,NA,NA,NA,NA,NA,N,4,0,1,2,A,-,10,21950,A,N,G,B,B,A,H,-,B,A,0,Y,NA,NA,NA,Y,NA,A,08,0,0,1,0,1,0,0,0,0,-,-,33.81264114379883,-117.92820739746094,ORANGE,ANAHEIM,-117.92828369140624,33.81262969970703
84374405,2024,2024-08-29,3019,2024-08-19,1229,2801,NA,1,5,7,3019,0,0,0,NA,0,002,SANTA ANA BOULEVARD,SPURGEON STREET,0,NA,Y,A,-,N,NA,NA,NA,NA,NA,NA,NA,NA,NA,Y,3,0,1,2,A,-,09,21802,A,N,D,C,A,A,H,-,A,D,0,NA,NA,NA,NA,Y,NA,A,07,0,1,0,0,0,0,0,0,0,-,-,33.74993133544922,-117.86573791503906,ORANGE,SANTA ANA,-117.86557006835938,33.74972915649414
8437450,2017,2017-09-22,3024,2017-09-08,1123,329,P39,5,5,5,3024,0,0,0,NA,0,EAST,EDINGER AV,MAGNOLIA ST,60,E,N,A,-,N,NA,NA,NA,NA,NA,NA,NA,NA,NA,N,4,0,1,2,A,-,03,22350,NA,N,C,C,A,A,H,-,A,A,0,NA,NA,NA,NA,Y,NA,A,01,0,0,1,0,0,0,0,0,0,-,-,NA,NA,ORANGE,WESTMINSTER,-117.97188312,33.73032
84376103,2024,2024-08-30,3015,2024-08-23,1752,1336,NA,5,5,6,3015,0,0,0,NA,0,722M,HEWES ST,PHILLIPS PL,64,N,N,A,-,N,NA,NA,NA,NA,NA,NA,NA,NA,NA,N,3,0,2,2,A,-,08,22107,NA,F,D,C,A,A,H,-,A,D,0,NA,NA,NA,NA,Y,NA,A,07,0,1,1,0,0,0,0,0,0,-,-,33.77968978881836,-117.8044891357422,ORANGE,ORANGE,-117.80460357666016,33.779945373535156
84376140,2024,2024-08-30,3001,2024-08-23,201,A1047,NA,5,5,7,3001,0,0,0,NA,0,D-1,BROOKHURST STREET,LINCOLN AVENUE,39,N,N,A,-,N,NA,NA,NA,NA,NA,NA,NA,NA,NA,Y,3,0,1,1,A,-,05,21651,A,N,E,I,A,A,H,-,C,A,0,NA,NA,NA,NA,Y,NA,A,07,0,1,0,0,0,0,0,0,0,-,-,33.83192825317383,-117.95881652832033,ORANGE,ANAHEIM,-117.95896911621094,33.83258819580078
84378627,2024,2024-09-03,3010,2024-07-20,838,2250,NA,6,5,6,3010,0,0,0,NA,0,002,PACIFIC COAST HWY - SR1,NEWLAND ST,77,N,N,E,-,Y,ORA,NA,1,NA,NA,23.268,H,NA,R,N,4,0,1,1,C,-,18,NA,NA,N,H,A,A,A,H,-,A,A,0,NA,Y,NA,NA,Y,NA,-,-,0,0,1,0,0,0,1,0,0,-,-,33.64434814453125,-117.98110198974608,ORANGE,HUNTINGTON BEACH,-117.98112487792967,33.64432144165039
8437963,2017,2017-08-25,3003,2017-07-19,1124,1056,NA,3,5,5,3003,0,0,0,NA,0,NA,WESTERN AV,AUTO CENTER DR,0,NA,Y,A,-,N,NA,NA,NA,NA,NA,NA,NA,NA,NA,Y,4,0,3,3,D,-,00,NA,NA,N,D,C,A,A,H,-,A,A,0,NA,NA,NA,NA,Y,NA,-,-,0,0,3,0,0,0,0,0,0,-,-,33.8701,-118.0025,ORANGE,BUENA PARK,-118.00261001,33.87000005
8438002,2017,2017-08-25,3014,2017-08-09,1658,1146,RD24,3,5,5,3014,0,0,0,NA,0,0A2,SUPERIOR AV,TICONDEROGA ST,238,N,N,A,-,N,NA,NA,NA,NA,NA,NA,NA,NA,NA,N,4,0,1,2,A,-,03,22350,NA,N,C,C,A,A,H,-,A,A,0,NA,NA,NA,NA,Y,NA,A,01,0,0,1,0,0,0,0,0,0,-,-,33.6253,-117.9345,ORANGE,NEWPORT BEACH,-117.93447547,33.62519453
84380372,2024,2024-09-04,3001,2024-08-31,2012,A1962,NA,6,5,7,3001,0,0,0,NA,0,NA,LA PALMA AVENUE,MIRALOMA AVENUE,476,E,N,A,-,N,NA,NA,NA,NA,NA,NA,NA,NA,NA,Y,3,0,1,2,A,-,03,22350,NA,N,C,C,A,A,H,-,C,A,0,NA,NA,NA,NA,Y,NA,A,01,0,1,0,0,0,0,0,0,0,-,-,33.84716033935547,-117.88050079345705,ORANGE,ANAHEIM,-117.8788833618164,33.8472900390625
84383278,2024,2024-09-06,3001,2024-08-24,1041,A2576,NA,6,5,7,3001,0,0,0,NA,0,032,KATELLA AVENUE,DISNEYLAND DRIVE,0,NA,Y,A,-,N,NA,NA,NA,NA,NA,NA,NA,NA,NA,Y,4,0,2,3,A,-,12,21453,A,N,D,C,A,A,H,-,A,A,0,NA,NA,NA,NA,Y,NA,A,01,0,0,2,0,0,0,0,0,0,-,-,33.803199768066406,-117.92401885986328,ORANGE,ANAHEIM,-117.92407989501952,33.80340576171875
84383289,2024,2024-09-06,3001,2024-08-31,515,A2665,NA,6,5,7,3001,0,0,0,NA,0,NA,ORANGE AVENUE,TRIDENT STREET,135,E,N,A,-,N,NA,NA,NA,NA,NA,NA,NA,NA,NA,Y,4,0,1,1,D,-,00,NA,NA,N,E,I,A,A,H,-,B,D,0,NA,NA,NA,NA,Y,NA,-,-,0,0,1,0,0,0,0,0,0,-,-,33.82487869262695,-117.94608306884766,ORANGE,ANAHEIM,-117.94619750976563,33.82516098022461
84383298,2024,2024-09-06,3001,2024-09-01,1346,A2467,NA,7,5,7,3001,0,0,0,NA,0,D-1,EUCLID WAY,LINCOLN AVENUE,51,N,N,A,-,N,NA,NA,NA,NA,NA,NA,NA,NA,NA,Y,3,0,2,1,A,-,08,22107,NA,N,E,I,A,A,H,-,A,D,0,NA,NA,NA,NA,Y,NA,A,01,0,1,1,0,0,0,0,0,0,-,-,33.832740783691406,-117.94255065917967,ORANGE,ANAHEIM,-117.94245147705078,33.83271026611328
84383402,2024,2024-09-06,3019,2024-07-28,1416,3792,NA,7,5,7,3019,0,0,0,NA,0,004,BRISTOL STREET,MCFADDEN AVENUE,0,NA,Y,A,-,N,NA,NA,NA,NA,NA,NA,NA,NA,NA,N,3,0,1,2,A,-,12,21453,A,N,D,C,A,A,H,-,A,A,0,NA,NA,Y,NA,Y,NA,C,03,0,1,0,0,0,0,0,0,1,-,-,33.734580993652344,-117.88507843017578,ORANGE,SANTA ANA,-117.88520050048828,33.73445510864258
8438372,2017,2017-08-28,3019,2017-07-22,1557,3424,WE,6,5,7,3019,0,0,0,NA,0,001,17TH ST,COLLEGE AV,35,W,N,A,-,N,NA,NA,NA,NA,NA,NA,NA,NA,NA,N,4,0,1,2,A,-,03,22350,NA,F,C,C,A,A,H,-,A,D,0,NA,NA,NA,NA,Y,NA,A,01,0,0,1,0,0,0,0,0,0,-,-,33.76007,-117.89172,ORANGE,SANTA ANA,-117.89174484,33.75998756
84385045,2024,2024-09-09,3001,2024-09-05,1116,A2970,NA,4,5,7,3001,0,0,0,NA,0,D-3,DISNEY WAY,ANAHEIM BOULEVARD,69,W,N,A,-,N,NA,NA,NA,NA,NA,NA,NA,NA,NA,Y,3,0,2,2,A,-,08,22100,A,N,D,C,A,A,H,-,A,A,0,NA,NA,NA,NA,Y,NA,A,01,0,1,1,0,0,0,0,0,0,-,-,33.80595016479492,-117.90647888183594,ORANGE,ANAHEIM,-117.90648651123048,33.805870056152344
84385136,2024,2024-09-09,3019,2024-08-15,915,3449,NA,4,5,7,3019,0,0,0,NA,0,002,MCFADDEN AVENUE,ORANGE AVENUE,0,NA,Y,A,-,N,NA,NA,NA,NA,NA,NA,NA,NA,NA,N,4,0,2,2,A,-,12,21453,A,N,D,C,A,A,H,-,A,A,0,NA,NA,NA,NA,Y,NA,A,01,0,0,2,0,0,0,0,0,0,-,-,33.73276901245117,-117.8655014038086,ORANGE,SANTA ANA,-117.86515045166016,33.73368453979492
84385358,2024,2024-09-09,3016,2024-08-21,1450,2169,NA,3,5,5,3016,0,0,0,NA,0,001,YORBA LINDA BOULEVARD,KRAEMER BOULEVARD,0,NA,Y,A,-,N,NA,NA,NA,NA,NA,NA,NA,NA,NA,N,4,0,1,2,A,-,08,22107,NA,N,B,C,A,A,H,-,A,D,0,NA,NA,NA,NA,Y,NA,A,01,0,0,1,0,0,0,0,0,0,-,-,33.88779830932617,-117.86335754394533,ORANGE,PLACENTIA,-117.86354064941406,33.88785171508789
84387469,2024,2024-09-10,3001,2024-09-03,1733,A2092,NA,2,5,7,3001,0,0,0,NA,0,D-1,LINCOLN AVENUE,WESTERN AVENUE,37,E,N,A,-,N,NA,NA,NA,NA,NA,NA,NA,NA,NA,N,4,0,1,2,A,-,03,22350,NA,F,C,C,A,A,H,-,A,A,0,NA,NA,NA,NA,Y,NA,A,01,0,0,1,0,0,0,0,0,0,-,-,NA,NA,ORANGE,ANAHEIM,-118.0021514892578,33.8319206237793
84387477,2024,2024-09-10,3001,2024-09-08,210,A1047,NA,7,5,7,3001,0,0,0,NA,0,D-2,HARBOR BOULEVARD,SANTA ANA STREET,235,S,N,A,-,N,NA,NA,NA,NA,NA,NA,NA,NA,NA,Y,4,0,1,4,A,-,01,23152,A,N,B,E,A,A,H,-,C,D,0,NA,NA,NA,NA,Y,Y,D,22,0,0,1,0,0,0,0,0,0,-,-,NA,NA,ORANGE,ANAHEIM,-117.91798400878906,33.82917022705078
84388735,2024,2024-09-10,3014,2024-08-22,1819,1562,NA,4,5,5,3014,0,0,0,NA,0,A3,SANTA BARBARA DR,SAN CLEMENTE DR,0,NA,Y,A,-,N,NA,NA,NA,NA,NA,NA,NA,NA,NA,Y,3,0,1,2,A,-,08,22107,NA,N,H,C,A,A,H,-,A,A,0,NA,NA,Y,NA,Y,NA,A,01,0,1,0,0,0,0,0,0,1,-,-,33.62131118774414,-117.8802490234375,ORANGE,NEWPORT BEACH,-117.88030242919922,33.6212272644043
84389484,2024,2024-09-11,3019,2024-08-09,1702,3727,NA,5,5,7,3019,0,0,0,NA,0,004,WARNER AVENUE,LINDA WAY,50,W,N,A,-,N,NA,NA,NA,NA,NA,NA,NA,NA,NA,Y,4,0,3,2,A,-,03,22350,NA,N,C,C,A,A,H,-,A,D,0,NA,NA,NA,NA,Y,NA,A,01,0,0,3,0,0,0,0,0,0,-,-,33.715091705322266,-117.89452362060548,ORANGE,SANTA ANA,-117.89398193359376,33.715476989746094
84389492,2024,2024-09-11,3019,2024-08-22,805,3295,NA,4,5,7,3019,0,0,0,NA,0,002,TUSTIN AVENUE,FRUIT STREET,0,NA,Y,A,-,N,NA,NA,NA,NA,NA,NA,NA,NA,NA,N,4,0,1,2,A,-,12,21453,A,N,D,C,A,A,H,-,A,A,0,NA,NA,NA,NA,Y,NA,-,-,0,0,1,0,0,0,0,0,0,-,-,33.752601623535156,-117.83432769775392,ORANGE,SANTA ANA,-117.83421325683594,33.7528076171875
84394105,2024,2024-09-16,3016,2024-08-29,1944,2173,NA,4,5,5,3016,0,0,0,NA,0,002,MIRALOMA AVENUE,FEE ANA STREET,0,NA,Y,A,-,N,NA,NA,NA,NA,NA,NA,NA,NA,NA,N,4,0,1,2,A,-,01,23152,A,N,B,C,A,A,H,-,C,A,0,NA,NA,NA,Y,Y,Y,A,01,0,0,1,0,0,0,0,0,0,-,-,33.861968994140625,-117.82337188720705,ORANGE,PLACENTIA,-117.82341766357422,33.86201477050781
8439491,2017,2018-06-11,3014,2017-08-07,1225,1462,RD41,1,5,5,3014,0,0,0,NA,0,0A3,BAYSIDE DR,RT 1,70,S,N,A,-,Y,ORA,12,1,-,R,18.073,I,6,S,N,3,0,1,2,A,-,08,22107,NA,N,H,G,A,A,H,-,A,A,0,NA,Y,NA,NA,Y,NA,A,01,0,1,0,0,0,0,1,0,0,-,-,33.615,-117.9,ORANGE,NEWPORT BEACH,-117.90092146,33.61618695
8439623,2017,2017-09-05,3008,2017-05-13,1643,1515,NA,6,5,6,3008,0,0,0,NA,0,0Z1,GILBERT,CASTLEWOOD DR,320,S,N,A,-,N,NA,NA,NA,NA,NA,NA,NA,NA,NA,Y,4,0,2,2,A,-,07,21658,A,N,B,C,A,A,H,-,A,D,0,NA,NA,NA,NA,Y,NA,A,01,0,0,2,0,0,0,0,0,0,-,-,NA,NA,ORANGE,FULLERTON,-117.95679014,33.90059635
84396330,2024,2024-09-17,3001,2024-09-16,142,A1047,NA,1,5,7,3001,0,0,0,NA,0,D-1,LINCOLN AVENUE,DALE AVENUE,0,NA,Y,A,-,N,NA,NA,NA,NA,NA,NA,NA,NA,NA,Y,3,0,1,2,A,-,01,23152,A,N,D,C,A,A,H,-,C,A,0,NA,NA,NA,NA,Y,Y,A,07,0,1,0,0,0,0,0,0,0,-,-,NA,NA,ORANGE,ANAHEIM,-117.98474884033205,33.83220672607422
8439655,2017,2017-09-01,3008,2017-05-02,1545,1296,NA,2,5,6,3008,0,0,0,NA,0,0Z3,PLACENTIA AV,RUBY DR,362,N,N,A,-,N,NA,NA,NA,NA,NA,NA,NA,NA,NA,Y,3,0,2,2,A,-,09,21804,A,N,D,C,A,A,H,-,A,D,0,NA,NA,NA,NA,Y,NA,A,01,0,1,1,0,0,0,0,0,0,-,-,NA,NA,ORANGE,FULLERTON,-117.87689953,33.88113802
84398271,2024,2024-09-18,3010,2024-09-10,1404,0147,NA,2,5,6,3010,0,0,0,NA,0,009,BOLSA AVE,VICTORIA LN,0,NA,Y,A,-,N,NA,NA,NA,NA,NA,NA,NA,NA,NA,Y,3,0,1,2,A,-,12,21453,A,N,D,C,A,A,H,-,A,A,0,NA,NA,NA,NA,Y,NA,A,07,0,1,0,0,0,0,0,0,0,-,-,33.744380950927734,-118.01138305664063,ORANGE,HUNTINGTON BEACH,-118.0114517211914,33.744483947753906
84398276,2024,2024-09-18,3010,2024-09-11,801,0147,NA,3,5,6,3010,0,0,0,NA,0,003,YORKTOWN AVE,BUSHARD ST,227,W,N,A,-,N,NA,NA,NA,NA,NA,NA,NA,NA,NA,N,3,0,1,1,A,-,03,22350,NA,N,H,I,A,A,D,-,A,A,0,NA,Y,NA,NA,Y,NA,L,04,0,1,0,0,0,0,1,0,0,-,-,33.67967987060547,-117.96250152587892,ORANGE,HUNTINGTON BEACH,-117.96337127685548,33.67955780029297
84398335,2024,2025-05-12,3008,2024-08-07,1242,1495,NA,3,5,6,3008,0,0,0,NA,0,NA,HARBOR BLVD,ORANGEFAIR AVE,97,S,N,A,-,N,NA,NA,NA,NA,NA,NA,NA,NA,NA,N,3,0,1,3,A,-,03,22350,NA,F,C,C,A,A,H,-,A,A,0,NA,NA,NA,NA,Y,NA,-,99,0,1,0,0,0,0,0,0,0,-,-,33.85559844970703,-117.92434692382813,ORANGE,FULLERTON,-117.92435455322266,33.85604476928711
84402894,2024,2024-09-20,3026,2024-07-17,1802,12434,NA,3,5,6,3026,0,0,0,NA,0,004,JAMBOREE RD,MICHELLE DR,168,N,N,A,-,N,NA,NA,NA,NA,NA,NA,NA,NA,NA,Y,3,0,1,2,A,-,07,21658,A,N,B,C,A,A,H,-,A,A,0,NA,NA,NA,NA,Y,NA,A,07,0,1,0,0,0,0,0,0,0,-,-,33.716861724853516,-117.79608154296876,ORANGE,IRVINE,-117.79705047607422,33.71779251098633
84405332,2024,2024-09-24,3019,2024-09-06,1518,3201,NA,5,5,7,3019,0,0,0,NA,0,002,TUSTIN AVENUE,4TH STREET,50,N,N,A,-,N,NA,NA,NA,NA,NA,NA,NA,NA,NA,N,4,0,1,2,A,-,08,22107,NA,N,B,D,A,A,H,-,A,D,0,NA,NA,NA,NA,Y,NA,A,07,0,0,1,0,0,0,0,0,0,-,-,33.7469596862793,-117.8342514038086,ORANGE,SANTA ANA,-117.83412933349608,33.74827575683594
84408534,2024,2024-09-26,3019,2024-07-23,2018,3592,NA,2,5,7,3019,0,0,0,NA,0,003,PARTON STREET,RICHLAND STREET,0,NA,Y,A,-,N,NA,NA,NA,NA,NA,NA,NA,NA,NA,Y,4,0,2,2,A,-,12,22450,A,N,D,C,A,A,H,-,C,D,0,NA,NA,NA,NA,Y,NA,A,01,0,0,2,0,0,0,0,0,0,-,-,33.737640380859375,-117.87467956542967,ORANGE,SANTA ANA,-117.87444305419922,33.73833465576172
8441508,2017,2017-09-15,3001,2017-08-25,2243,415,NA,5,5,7,3001,0,0,0,NA,0,0D3,SOUTH DISNEYLAND DR,WEST BALL RD,528,N,N,A,-,N,NA,NA,NA,NA,NA,NA,NA,NA,NA,Y,4,0,3,2,A,-,07,21658,A,N,D,C,A,A,H,-,C,A,0,NA,NA,NA,NA,Y,NA,A,01,0,0,3,0,0,0,0,0,0,-,-,NA,NA,ORANGE,ANAHEIM,-117.92278003,33.8195501
84415621,2024,2024-10-02,3015,2024-09-15,1629,1495,NA,7,5,6,3015,0,0,0,NA,0,712M,TUSTIN ST,BRIARDALE AVE,527,N,N,A,-,N,NA,NA,NA,NA,NA,NA,NA,NA,NA,N,4,0,1,2,A,-,03,22350,NA,N,D,G,A,A,H,-,A,D,0,NA,Y,NA,NA,Y,NA,M,91,0,0,1,0,0,0,1,0,0,-,-,33.816650390625,-117.83535003662108,ORANGE,ORANGE,-117.8359603881836,33.818904876708984
84415792,2024,2024-10-02,3002,2024-09-01,943,1744,NA,7,5,4,3002,0,0,0,NA,0,011,LAMBERT RD,BERRY ST,0,NA,Y,A,-,N,NA,NA,NA,NA,NA,NA,NA,NA,NA,Y,3,0,5,2,A,-,12,21453,A,N,D,C,A,A,H,-,A,A,0,NA,NA,NA,NA,Y,NA,A,07,0,3,2,0,0,0,0,0,0,-,-,33.92464065551758,-117.90673828125,ORANGE,BREA,-117.9067611694336,33.92463684082031
8441765,2017,2017-09-18,3019,2017-08-03,2045,3422,WE,4,5,7,3019,0,0,0,NA,0,001,1ST ST,HARBOR BL,110,W,N,A,-,N,NA,NA,NA,NA,NA,NA,NA,NA,NA,Y,4,0,4,3,A,-,03,22350,NA,M,C,C,A,A,H,-,C,D,0,NA,NA,NA,NA,Y,NA,A,01,0,0,4,0,0,0,0,0,0,-,-,33.74504,-117.92023,ORANGE,SANTA ANA,-117.920541,33.74515
84418883,2024,2024-10-04,3010,2024-10-01,1559,1107,NA,2,5,6,3010,0,0,0,NA,0,003,BEACH BL - SR39 BLVD,CLAY AVE,0,NA,Y,A,-,Y,ORA,NA,39,NA,NA,2.379,H,NA,R,N,4,0,1,2,A,-,09,21801,A,N,D,C,A,A,H,-,A,D,0,NA,NA,NA,NA,Y,NA,A,01,0,0,1,0,0,0,0,0,0,-,-,33.682899475097656,-117.98870849609376,ORANGE,HUNTINGTON BEACH,-117.98863220214844,33.682899475097656
84420709,2024,2024-10-07,3022,2024-09-29,223,1370,NA,7,5,5,3022,0,0,0,NA,0,NA,PASADENA AV,MC FADDEN AV,0,NA,Y,A,-,N,NA,NA,NA,NA,NA,NA,NA,NA,NA,N,3,0,1,2,A,-,01,23152,A,F,D,C,A,A,H,-,C,A,0,NA,NA,NA,NA,Y,Y,M,94,0,1,0,0,0,0,0,0,0,-,-,33.733768463134766,-117.83175659179688,ORANGE,TUSTIN,-117.8318099975586,33.73385238647461
84422271,2024,2024-10-08,3019,2024-08-25,1837,3609,NA,7,5,7,3019,0,0,0,NA,0,004,MCFADDEN AVENUE,SULLIVAN STREET,418,W,N,A,-,N,NA,NA,NA,NA,NA,NA,NA,NA,NA,Y,4,0,3,2,A,-,09,21801,A,N,D,C,A,A,H,-,A,D,0,NA,NA,NA,NA,Y,NA,A,01,0,0,3,0,0,0,0,0,0,-,-,33.734439849853516,-117.9023895263672,ORANGE,SANTA ANA,-117.90392303466795,33.73451232910156