CASE_ID,ACCIDENT_YEAR,PROC_DATE,JURIS,COLLISION_DATE,COLLISION_TIME,OFFICER_ID,REPORTING_DISTRICT,DAY_OF_WEEK,CHP_SHIFT,POPULATION,CNTY_CITY_LOC,SPECIAL_COND,BEAT_TYPE,CHP_BEAT_TYPE,CITY_DIVISION_LAPD,CHP_BEAT_CLASS,BEAT_NUMBER,PRIMARY_RD,SECONDARY_RD,DISTANCE,DIRECTION,INTERSECTION,WEATHER_1,WEATHER_2,STATE_HWY_IND,CALTRANS_COUNTY,CALTRANS_DISTRICT,STATE_ROUTE,ROUTE_SUFFIX,POSTMILE_PREFIX,POSTMILE,LOCATION_TYPE,RAMP_INTERSECTION,SIDE_OF_HWY,TOW_AWAY,COLLISION_SEVERITY,NUMBER_KILLED,NUMBER_INJURED,PARTY_COUNT,PRIMARY_COLL_FACTOR,PCF_CODE_OF_VIOL,PCF_VIOL_CATEGORY,PCF_VIOLATION,PCF_VIOL_SUBSECTION,HIT_AND_RUN,TYPE_OF_COLLISION,MVIW,PED_ACTION,ROAD_SURFACE,ROAD_COND_1,ROAD_COND_2,LIGHTING,CONTROL_DEVICE,CHP_ROAD_TYPE,PEDESTRIAN_ACCIDENT,BICYCLE_ACCIDENT,MOTORCYCLE_ACCIDENT,TRUCK_ACCIDENT,NOT_PRIVATE_PROPERTY,ALCOHOL_INVOLVED,STWD_VEHTYPE_AT_FAULT,CHP_VEHTYPE_AT_FAULT,COUNT_SEVERE_INJ,COUNT_VISIBLE_INJ,COUNT_COMPLAINT_PAIN,COUNT_PED_KILLED,COUNT_PED_INJURED,COUNT_BICYCLIST_KILLED,COUNT_BICYCLIST_INJURED,COUNT_MC_KILLED,COUNT_MC_INJURED,PRIMARY_RAMP,SECONDARY_RAMP,LATITUDE,LONGITUDE,COUNTY,CITY,POINT_X,POINT_Y
8592155,2018,2018-04-19,3001,2018-03-20,1433,A1355,02,2,5,7,3001,0,0,0,NA,0,NA,E LINCOLN AV,SOUTH STATE COLLEGE BL,0,NA,Y,B,-,N,NA,NA,NA,NA,NA,NA,NA,NA,NA,Y,3,0,2,2,A,-,12,21453,A,N,D,C,A,A,H,-,A,A,0,NA,NA,NA,NA,Y,NA,A,07,0,1,1,0,0,0,0,0,0,-,-,NA,NA,ORANGE,ANAHEIM,-117.88932800292967,33.84001922607422
8592178,2018,2018-05-08,3000,2018-01-07,0001,4535,952B6,7,5,4,3018,0,0,0,NA,0,432,CAMINO CAPISTRANO,CALLE CHUECA,0,NA,Y,B,-,N,NA,NA,NA,NA,NA,NA,NA,NA,NA,Y,4,0,2,5,A,-,01,23152,A,N,B,E,A,A,H,-,C,D,0,NA,NA,NA,NA,Y,Y,A,01,0,0,2,0,0,0,0,0,0,-,-,NA,NA,ORANGE,SAN JUAN CAPISTRANO,-117.6688232421875,33.514801025390625
8592993,2018,2018-04-06,3000,2018-03-05,1112,5036,892A6,1,5,5,3028,0,0,0,NA,0,750,JERONIMO RD,OBRERO DR,265,N,N,A,-,N,NA,NA,NA,NA,NA,NA,NA,NA,NA,N,3,0,1,1,A,-,03,22350,NA,N,F,A,A,A,H,-,A,D,0,NA,NA,Y,NA,Y,NA,C,02,0,1,0,0,0,0,0,0,1,-,-,NA,NA,ORANGE,MISSION VIEJO,-117.68035888671876,33.62009811401367
8593450,2018,2018-06-28,3012,2018-03-23,1850,593,34,5,5,5,3012,0,0,0,NA,0,003,W IMPERIAL HWY,CAJON,228,E,N,A,-,N,NA,NA,NA,NA,NA,NA,NA,NA,NA,Y,4,0,1,2,A,-,03,22350,NA,N,C,C,A,A,H,-,B,D,0,NA,NA,NA,NA,Y,NA,A,07,0,0,1,0,0,0,0,0,0,-,-,NA,NA,ORANGE,LA HABRA,-117.97089385986328,33.91741943359375
8593456,2017,2018-06-06,3008,2017-08-11,2207,1450,ZONE2,5,5,6,3008,0,0,0,NA,0,002,RT 90,HARBOR BL,0,NA,Y,A,-,Y,ORA,12,90,-,-,2.497,I,5,E,Y,2,0,1,2,A,-,09,21801,A,N,D,C,A,A,H,-,C,A,0,NA,NA,Y,NA,Y,NA,C,02,1,0,0,0,0,0,0,0,1,-,-,NA,NA,ORANGE,FULLERTON,-117.93307207,33.91732319
8593610,2018,2018-04-16,3000,2018-02-05,1419,5377,NA,1,5,5,3040,0,0,0,NA,0,741,CROWN VALLEY PKWY,ALICIA PKWY,30,E,N,A,-,N,NA,NA,NA,NA,NA,NA,NA,NA,NA,Y,4,0,1,2,A,-,01,23152,F,F,C,C,A,A,H,-,A,A,0,NA,NA,NA,NA,Y,NA,A,07,0,0,1,0,0,0,0,0,0,-,-,NA,NA,ORANGE,LAGUNA NIGUEL,-117.71490478515624,33.523712158203125
8593975,2018,2018-04-19,3010,2018-02-26,0319,2151,178,1,5,6,3010,0,0,0,NA,0,007,WARNER,SPRINGDALE,83,E,N,A,-,N,NA,NA,NA,NA,NA,NA,NA,NA,NA,Y,4,0,1,1,C,-,18,NA,NA,N,E,I,A,A,H,-,C,A,0,NA,NA,NA,NA,Y,NA,-,-,0,0,1,0,0,0,0,0,0,-,-,NA,NA,ORANGE,HUNTINGTON BEACH,-118.02369689941406,33.715518951416016
8595627,2018,2018-04-17,3001,2018-03-06,0747,A1555,NA,2,5,7,3001,0,0,0,NA,0,D-2,SOUTH EUCLID ST,W PAMPAS LN,0,NA,Y,A,-,N,NA,NA,NA,NA,NA,NA,NA,NA,NA,Y,3,0,2,2,A,-,09,21801,A,N,D,C,A,A,H,-,A,D,0,NA,NA,NA,NA,Y,NA,D,22,0,1,1,0,0,0,0,0,0,-,-,NA,NA,ORANGE,ANAHEIM,-117.94151306152344,33.8306999206543
8595718,2018,2018-04-17,3015,2018-02-16,1441,1421,NA,5,5,6,3015,0,0,0,NA,0,225,NOHL RANCH RD,SANTIAGO BL,45,E,N,A,-,N,NA,NA,NA,NA,NA,NA,NA,NA,NA,Y,4,0,1,2,A,-,03,22350,NA,N,C,C,A,A,H,-,A,A,0,NA,NA,NA,Y,Y,NA,F,26,0,0,1,0,0,0,0,0,0,-,-,NA,NA,ORANGE,ORANGE,-117.83380889892578,33.83501052856445
8595922,2018,2018-04-13,3001,2018-03-03,1231,2227,NA,6,5,7,3001,0,0,0,NA,0,044,NOHL RANCH RD,CANYON RIM RD,0,NA,Y,B,-,N,NA,NA,NA,NA,NA,NA,NA,NA,NA,Y,4,0,1,2,A,-,12,21453,A,N,A,C,A,B,H,-,A,A,0,NA,NA,NA,NA,Y,NA,A,01,0,0,1,0,0,0,0,0,0,-,-,NA,NA,ORANGE,ANAHEIM,-117.77597045898438,33.84328842163086
8595958,2018,2018-04-13,3001,2018-03-07,1958,415,NA,3,5,7,3001,0,0,0,NA,0,0D2,NORTH EAST ST,EAST LA PALMA AV,30,N,N,A,B,N,NA,NA,NA,NA,NA,NA,NA,NA,NA,N,4,0,1,2,A,-,03,22350,NA,N,C,C,A,A,H,-,C,A,0,NA,NA,NA,NA,Y,NA,A,01,0,0,1,0,0,0,0,0,0,-,-,NA,NA,ORANGE,ANAHEIM,-117.90572357177734,33.84737014770508
8596138,2018,2018-06-26,3015,2018-05-24,0542,1594,31,4,5,6,3015,0,0,0,NA,0,113,GARDEN GROVE BL,LEWIS ST,16,E,N,C,-,N,NA,NA,NA,NA,NA,NA,NA,NA,NA,N,2,0,1,2,A,-,11,21456,B,N,G,B,B,B,H,-,A,A,0,Y,NA,NA,NA,Y,NA,N,60,1,0,0,0,1,0,0,0,0,-,-,NA,NA,ORANGE,ORANGE,-117.89744567871094,33.77445602416992
8596177,2018,2018-04-17,3015,2018-03-14,1237,1098,87,3,5,6,3015,0,0,0,NA,0,731,NORTH TUSTIN ST,E VILLAGE TOWN CTR,278,N,N,B,-,N,NA,NA,NA,NA,NA,NA,NA,NA,NA,N,4,0,1,2,A,-,03,22350,NA,N,C,C,A,A,H,-,A,D,0,NA,NA,NA,NA,Y,NA,A,01,0,0,1,0,0,0,0,0,0,-,-,NA,NA,ORANGE,ORANGE,-117.836126,33.826866
8596346,2018,2018-05-08,3005,2018-03-30,1417,8202,C40,5,5,4,3005,0,0,0,NA,0,003,KATELLA AV,WARLAND DR,70,W,N,A,-,N,NA,NA,NA,NA,NA,NA,NA,NA,NA,N,4,0,2,2,A,-,03,22350,NA,N,C,C,A,A,H,-,A,A,0,NA,NA,NA,NA,Y,NA,A,07,0,0,2,0,0,0,0,0,0,-,-,NA,NA,ORANGE,CYPRESS,-118.03459167480467,33.80290985107422
8596804,2018,2018-04-17,3019,2018-03-19,0913,2859,SC,1,5,7,3019,0,0,0,NA,0,004,MACARTHUR BL,BEAR ST,240,W,N,A,-,N,NA,NA,NA,NA,NA,NA,NA,NA,NA,N,4,0,1,2,A,-,10,21952,NA,F,G,B,F,A,H,-,A,D,0,Y,NA,NA,NA,Y,NA,A,01,0,0,1,0,1,0,0,0,0,-,-,33.700111389160156,-117.89218139648438,ORANGE,SANTA ANA,-117.89305877685548,33.700103759765625
8596816,2018,2018-04-17,3019,2018-03-20,2235,3423,SC,2,5,7,3019,0,0,0,NA,0,NA,MCFADDEN AV,SPRUCE ST,15,E,N,A,-,N,NA,NA,NA,NA,NA,NA,NA,NA,NA,Y,4,0,2,2,A,-,03,22350,NA,N,C,C,A,A,H,-,C,D,0,NA,NA,NA,NA,Y,NA,A,01,0,0,2,0,0,0,0,0,0,-,-,33.73463821411133,-117.88993072509766,ORANGE,SANTA ANA,-117.88993072509766,33.73448181152344
8596867,2018,2018-05-07,3019,2018-03-09,2009,3531,NE,5,5,7,3019,0,0,0,NA,0,002,17TH ST,TUSTIN AV,345,E,N,A,-,N,NA,NA,NA,NA,NA,NA,NA,NA,NA,N,4,0,2,2,A,-,03,22350,NA,N,C,C,A,A,H,-,C,D,0,NA,NA,NA,NA,Y,NA,A,01,0,0,2,0,0,0,0,0,0,-,-,33.75965881347656,-117.83425903320313,ORANGE,SANTA ANA,-117.8332290649414,33.759788513183594
8597446,2018,2018-06-28,3004,2018-03-16,0021,P549,22,5,5,6,3004,0,0,0,NA,0,005,BRISTOL ST,RT 405,247,S,N,B,-,N,NA,NA,NA,NA,NA,NA,NA,NA,NA,Y,4,0,1,2,A,-,01,23152,A,N,B,C,A,A,H,-,C,D,0,NA,NA,NA,NA,Y,Y,A,01,0,0,1,0,0,0,0,0,0,-,SF,33.68516159057617,-117.88542938232422,ORANGE,COSTA MESA,-117.88567352294922,33.687259674072266
8597529,2018,2018-04-24,3008,2018-03-14,1649,1522,ZONE3,3,5,6,3008,0,0,0,NA,0,NA,CHAPMAN AV,RAYMOND AV,0,NA,Y,A,-,N,NA,NA,NA,NA,NA,NA,NA,NA,NA,Y,4,0,1,2,A,-,12,21453,A,N,D,C,A,A,H,-,A,A,0,NA,NA,NA,NA,Y,NA,A,07,0,0,1,0,0,0,0,0,0,-,-,NA,NA,ORANGE,FULLERTON,-117.9070281982422,33.87409973144531
8597580,2018,2018-04-24,3026,2018-03-18,1250,554,NA,7,5,6,3026,0,0,0,NA,0,NA,MAIN ST,SKYPARK SOUTH,0,NA,Y,A,-,N,NA,NA,NA,NA,NA,NA,NA,NA,NA,Y,3,0,2,2,A,-,12,21453,A,N,D,C,A,A,H,-,A,A,0,NA,NA,NA,NA,Y,NA,A,01,0,1,1,0,0,0,0,0,0,-,-,NA,NA,ORANGE,IRVINE,-117.86351776123048,33.6888313293457
8597610,2018,2018-04-23,3010,2018-04-03,1024,1059,169,2,5,6,3010,0,0,0,NA,0,007,HEIL AV,EDWARDS ST,0,NA,Y,A,-,N,NA,NA,NA,NA,NA,NA,NA,NA,NA,Y,3,0,2,2,D,-,00,NA,NA,N,-,C,A,A,H,-,A,A,0,NA,NA,NA,NA,Y,NA,-,-,0,1,1,0,0,0,0,0,0,-,-,NA,NA,ORANGE,HUNTINGTON BEACH,-118.01548767089844,33.722740173339844
8598331,2018,2018-08-10,3010,2018-03-10,1837,1118,242,6,5,6,3010,0,0,0,NA,0,009,RT 39,CENTER,80,N,N,C,-,Y,ORA,12,39,-,-,5.74,H,-,S,Y,4,0,2,2,A,-,01,23153,A,N,C,C,A,B,H,-,C,A,0,NA,NA,NA,NA,Y,Y,D,22,0,0,2,0,0,0,0,0,0,-,-,NA,NA,ORANGE,HUNTINGTON BEACH,-117.9894561767578,33.7316780090332
8598554,2018,2018-04-19,3003,2018-04-04,0035,1200,NA,3,5,5,3003,0,0,0,NA,0,003,LA PALMA AV,STANTON AV,0,NA,Y,A,-,N,NA,NA,NA,NA,NA,NA,NA,NA,NA,N,4,0,2,2,D,-,00,NA,NA,N,D,C,A,A,H,-,C,A,0,NA,NA,NA,NA,Y,NA,-,-,0,0,2,0,0,0,0,0,0,-,-,33.84640121459961,-117.99359893798828,ORANGE,BUENA PARK,-117.9936981201172,33.84661865234375
8599241,2018,2018-04-26,3019,2018-03-28,0507,3369,SE,3,5,7,3019,0,0,0,NA,0,003,DYER RD,RED HILL AV,200,W,N,A,-,N,NA,NA,NA,NA,NA,NA,NA,NA,NA,Y,4,0,1,3,A,-,03,22350,NA,N,C,C,A,A,H,-,C,A,0,NA,NA,NA,NA,Y,NA,A,01,0,0,1,0,0,0,0,0,0,-,-,33.70542907714844,-117.84349822998048,ORANGE,SANTA ANA,-117.84382629394533,33.70588684082031
8599301,2018,2018-04-25,3019,2018-03-03,1451,2648,WE,6,5,7,3019,0,0,0,NA,0,NA,FAIRVIEW ST,1ST ST,262,N,N,B,-,N,NA,NA,NA,NA,NA,NA,NA,NA,NA,N,2,0,1,3,A,-,11,21954,A,N,G,B,D,A,H,-,A,A,0,Y,NA,NA,NA,Y,NA,N,60,1,0,0,0,1,0,0,0,0,-,-,33.74531173706055,-117.9052505493164,ORANGE,SANTA ANA,-117.90535736083984,33.74599838256836
8599354,2018,2018-04-25,3019,2018-03-30,0454,3409,SC,5,5,7,3019,0,0,0,NA,0,001,HARBOR BL,MACARTHUR BL,24,W,N,A,-,N,NA,NA,NA,NA,NA,NA,NA,NA,NA,Y,4,0,2,3,A,-,12,21453,A,N,D,C,A,A,H,-,C,A,0,NA,NA,NA,NA,Y,NA,A,01,0,0,2,0,0,0,0,0,0,-,-,33.702178955078125,-117.92005920410156,ORANGE,SANTA ANA,-117.91947174072266,33.701961517333984
8601260,2018,2018-08-23,3010,2018-04-26,1803,1118,359,4,5,6,3010,0,0,0,NA,0,004,RT 1,11TH ST,0,NA,Y,A,-,Y,ORA,12,1,-,-,25.151,I,5,S,Y,4,0,2,3,A,-,03,22350,NA,N,C,C,A,A,H,-,A,A,0,NA,NA,NA,NA,Y,NA,A,07,0,0,2,0,0,0,0,0,0,-,-,NA,NA,ORANGE,HUNTINGTON BEACH,-118.00768280029295,33.66122817993164
8601770,2018,2018-08-23,3010,2018-04-14,1400,1118,461,6,5,6,3010,0,0,0,NA,0,004,RT 1,1ST,500,W,N,A,-,Y,ORA,12,1,-,-,24.61,H,-,S,N,2,0,1,2,D,-,00,NA,NA,N,B,G,A,A,H,-,A,D,0,NA,Y,NA,NA,Y,NA,-,-,1,0,0,0,0,0,1,0,0,-,-,NA,NA,ORANGE,HUNTINGTON BEACH,-118.00050354003906,33.65597152709961
8601834,2018,2018-05-04,3019,2018-04-09,2157,3425,WE,1,5,7,3019,0,0,0,NA,0,001,EUCLID ST,MCFADDEN AV,250,N,N,A,-,N,NA,NA,NA,NA,NA,NA,NA,NA,NA,N,4,0,2,2,A,-,03,22350,NA,N,C,C,A,A,H,-,C,D,0,NA,NA,NA,NA,Y,NA,A,01,0,0,2,0,0,0,0,0,0,-,-,33.73828125,-117.93766784667967,ORANGE,SANTA ANA,-117.93740081787108,33.738834381103516
8601990,2018,2018-05-15,3019,2018-04-26,1506,3444,NE,4,5,7,3019,0,0,0,NA,0,002,1ST ST,WRIGHT ST,0,NA,Y,A,-,N,NA,NA,NA,NA,NA,NA,NA,NA,NA,Y,4,0,1,2,A,-,09,21801,A,N,A,C,A,A,H,-,A,A,0,NA,NA,NA,NA,Y,NA,A,01,0,0,1,0,0,0,0,0,0,-,-,33.74546813964844,-117.84718322753906,ORANGE,SANTA ANA,-117.8469467163086,33.74559020996094
8602453,2018,2018-05-16,3000,2018-04-03,1945,9680,972A6,2,5,4,3029,0,0,0,NA,0,736,DOHENY PARK RD,VICTORIA BL,5,E,N,A,-,N,NA,NA,NA,NA,NA,NA,NA,NA,NA,N,3,0,1,2,A,-,01,23152,A,N,G,B,B,A,H,-,C,A,0,Y,NA,NA,NA,Y,Y,A,07,0,1,0,0,1,0,0,0,0,-,-,NA,NA,ORANGE,DANA POINT,-117.67738342285156,33.46644973754883
8603322,2018,2018-05-04,3004,2018-04-17,1404,P459,17,2,5,6,3004,0,0,0,NA,0,002,NEWPORT BL,ARLINGTON DR,110,S,N,A,-,N,NA,NA,NA,NA,NA,NA,NA,NA,NA,N,4,0,1,2,A,-,09,21802,A,N,C,C,A,A,H,-,A,D,0,NA,NA,NA,NA,Y,NA,A,01,0,0,1,0,0,0,0,0,0,-,-,33.400699615478516,-117.53330230712892,ORANGE,COSTA MESA,-117.89295959472656,33.668548583984375
8603560,2018,2018-05-08,3012,2018-04-17,1308,424,32,2,5,5,3012,0,0,0,NA,0,0SW,LAMBERT,BEACH,785,E,N,A,-,N,NA,NA,NA,NA,NA,NA,NA,NA,NA,Y,4,0,1,2,A,-,09,21804,A,N,D,C,A,A,H,-,A,D,0,NA,NA,NA,NA,Y,NA,D,22,0,0,1,0,0,0,0,0,0,-,-,NA,NA,ORANGE,LA HABRA,-117.96531677246094,33.92466354370117
8605921,2018,2018-05-11,3000,2018-04-25,0802,9680,972A3,3,5,4,3018,0,0,0,NA,0,736,CAMINO DEL AVION,DEL OBISPO ST,0,NA,Y,A,-,N,NA,NA,NA,NA,NA,NA,NA,NA,NA,Y,3,0,2,2,D,-,00,NA,NA,N,A,C,A,A,H,-,A,A,0,NA,NA,NA,NA,Y,NA,-,-,0,2,0,0,0,0,0,0,0,-,-,NA,NA,ORANGE,SAN JUAN CAPISTRANO,-117.68257904052734,33.487178802490234
8605945,2018,2018-05-11,3000,2018-04-14,0025,2742,973-D,6,5,5,3017,0,0,0,NA,0,778,AVENIDA PICO,CAMINO LA PEDRIZA,586,E,N,A,-,N,NA,NA,NA,NA,NA,NA,NA,NA,NA,Y,2,0,1,1,A,-,08,22107,NA,N,E,I,A,A,H,-,C,D,0,NA,NA,NA,NA,Y,NA,A,01,1,0,0,0,0,0,0,0,0,-,-,NA,NA,ORANGE,SAN CLEMENTE,-117.57421112060548,33.456573486328125
8605980,2018,2018-05-14,3026,2018-04-24,1635,373,UNIVE,2,5,6,3026,0,0,0,NA,0,003,UNIVERSITY DR,BERRY PL,0,NA,Y,A,-,N,NA,NA,NA,NA,NA,NA,NA,NA,NA,Y,3,0,1,2,A,-,09,21453,C,N,D,C,A,A,H,-,A,A,0,NA,NA,NA,NA,Y,NA,A,01,0,1,0,0,0,0,0,0,0,-,-,33.65837097167969,-117.8035125732422,ORANGE,IRVINE,-117.803371,33.658266
8606706,2018,2018-05-11,3010,2018-04-30,1601,4094,177,1,5,6,3010,0,0,0,NA,0,008,WARNER AV,SPRINGDALE ST,157,W,N,A,-,N,NA,NA,NA,NA,NA,NA,NA,NA,NA,N,4,0,1,3,A,-,03,22350,NA,N,C,C,A,A,H,-,A,A,0,NA,NA,NA,NA,Y,NA,A,07,0,0,1,0,0,0,0,0,0,-,-,NA,NA,ORANGE,HUNTINGTON BEACH,-118.02448272705078,33.715518951416016
8607134,2018,2018-05-16,3007,2018-04-21,2109,302,62,6,5,5,3007,0,0,0,NA,0,003,TALBERT,LIGHTHOUSE LN,0,NA,Y,A,-,N,NA,NA,NA,NA,NA,NA,NA,NA,NA,N,4,0,1,1,A,-,01,23152,A,N,F,I,A,-,H,-,C,D,0,NA,NA,NA,NA,Y,Y,A,01,0,0,1,0,0,0,0,0,0,-,-,NA,NA,ORANGE,FOUNTAIN VALLEY,-117.97891235351563,33.70132827758789
8607181,2018,2018-05-18,3012,2018-04-26,0627,624,35,4,5,5,3012,0,0,0,NA,0,003,LAMBERT RD,IDAHO ST,72,E,N,A,-,N,NA,NA,NA,NA,NA,NA,NA,NA,NA,N,4,0,1,3,A,-,08,22107,NA,N,C,C,A,A,H,-,B,A,0,NA,NA,NA,NA,Y,NA,-,-,0,0,1,0,0,0,0,0,0,-,-,NA,NA,ORANGE,LA HABRA,-117.95894622802734,33.924659729003906
8608455,2018,2018-08-20,3011,2018-04-21,1507,31241,44,6,5,4,3011,0,0,0,NA,0,003,RT 1,PEARL ST,50,S,N,A,-,Y,ORA,12,1,-,-,8.14,H,-,N,Y,3,0,2,2,A,-,03,22350,NA,N,C,C,A,A,H,-,A,D,0,NA,NA,NA,NA,Y,NA,D,22,0,1,1,0,0,0,0,0,0,-,-,NA,NA,ORANGE,LAGUNA BEACH,-117.77120208740234,33.528770446777344
8609643,2018,2018-05-09,3000,2018-04-14,0001,6717,891J2,6,5,5,3050,0,0,0,NA,0,18760,LAKE FOREST DR,SERRANO RD,30,E,N,A,-,N,NA,NA,NA,NA,NA,NA,NA,NA,NA,Y,3,0,1,2,A,-,03,22350,NA,M,C,C,A,A,H,-,C,A,0,NA,NA,NA,NA,Y,Y,D,22,0,1,0,0,0,0,0,0,0,-,-,33.384429931640625,-117.41203308105467,ORANGE,LAKE FOREST,-117.68899536132813,33.645572662353516
8609656,2018,2018-11-06,3010,2018-04-18,2244,1208,146,3,5,6,3010,0,0,0,NA,0,009,BOLSA CHICA,EDINGER,0,NA,Y,A,-,N,NA,NA,NA,NA,NA,NA,NA,NA,NA,Y,4,0,6,3,A,-,01,23153,A,N,C,C,A,A,H,-,C,A,0,NA,NA,NA,NA,Y,Y,D,22,0,0,6,0,0,0,0,0,0,-,-,NA,NA,ORANGE,HUNTINGTON BEACH,-118.04168701171876,33.7298583984375
8609866,2018,2018-05-03,3014,2018-04-15,1430,1395,RD15,7,5,5,3014,0,0,0,NA,0,0A1,26TH ST,NEWPORT BL,8,E,N,A,-,N,NA,NA,NA,NA,NA,NA,NA,NA,NA,N,3,0,1,1,A,-,08,22107,NA,N,E,I,A,A,H,-,A,D,0,NA,Y,NA,NA,Y,Y,L,04,0,1,0,0,0,0,1,0,0,-,-,33.61180114746094,-117.92890167236328,ORANGE,NEWPORT BEACH,-117.92926788330078,33.61174392700195
8610208,2018,2018-05-07,3000,2018-04-17,1048,9573,891F6,2,5,5,3050,0,0,0,NA,0,7A60,ROCKFIELD BL,WHITE DOVE DR,0,NA,Y,A,-,N,NA,NA,NA,NA,NA,NA,NA,NA,NA,Y,4,0,1,2,A,-,09,21802,A,N,D,C,A,A,H,-,A,A,0,NA,NA,NA,NA,Y,NA,A,01,0,0,1,0,0,0,0,0,0,-,-,33.621700286865234,-117.71050262451172,ORANGE,LAKE FOREST,-117.7102279663086,33.62189865112305
8610231,2018,2018-05-07,3010,2018-04-22,1518,263,264,7,5,6,3010,0,0,0,NA,0,007,WARNER AV,MAGNOLIA,86,W,N,A,-,N,NA,NA,NA,NA,NA,NA,NA,NA,NA,N,4,0,1,2,A,-,09,21453,B,N,C,C,A,A,H,-,A,A,0,NA,NA,Y,NA,Y,NA,A,01,0,0,1,0,0,0,0,0,1,-,-,NA,NA,ORANGE,HUNTINGTON BEACH,-117.97219848632813,33.71588897705078
8610292,2018,2018-05-04,3009,2018-04-13,1835,4587,122,5,5,6,3009,0,0,0,NA,0,021,CHAPMAN AV,WEST ST,0,NA,Y,A,-,N,NA,NA,NA,NA,NA,NA,NA,NA,NA,Y,3,0,1,2,A,-,12,21453,A,N,D,C,A,A,H,-,A,A,0,NA,NA,NA,NA,Y,NA,A,07,0,1,0,0,0,0,0,0,0,-,-,33.78873062133789,-117.92347717285156,ORANGE,GARDEN GROVE,-117.92373657226563,33.78879928588867
8610300,2018,2018-05-04,3009,2018-04-21,0102,4540,071,6,5,6,3009,0,0,0,NA,0,012,MAGNOLIA ST,ROSANNA AV,16,N,N,A,-,N,NA,NA,NA,NA,NA,NA,NA,NA,NA,Y,4,0,1,4,A,-,08,22107,NA,N,C,C,A,A,H,-,C,D,0,NA,NA,NA,NA,Y,NA,A,07,0,0,1,0,0,0,0,0,0,-,-,33.799320220947266,-117.9756088256836,ORANGE,GARDEN GROVE,-117.9756088256836,33.79936218261719
8610593,2018,2018-05-09,3003,2018-04-06,1325,1056,NA,5,5,5,3003,0,0,0,NA,0,NA,VALLEY VIEW AV,PATTON WY,100,S,N,A,-,N,NA,NA,NA,NA,NA,NA,NA,NA,NA,N,3,0,2,2,A,-,03,22350,NA,N,C,C,A,A,H,-,A,A,0,NA,NA,NA,NA,Y,NA,A,01,0,1,1,0,0,0,0,0,0,-,-,33.510398864746094,-118.01419830322266,ORANGE,BUENA PARK,-118.02864074707033,33.85126495361328
8612044,2017,2018-05-01,3008,2017-12-26,0703,1158,NA,2,5,6,3008,0,0,0,NA,0,III,YORBA LINDA BL,PLACENTIA AV,0,NA,Y,A,-,N,NA,NA,NA,NA,NA,NA,NA,NA,NA,Y,4,0,2,2,A,-,09,21801,A,N,D,C,A,A,H,-,A,A,0,NA,NA,NA,NA,Y,NA,A,01,0,0,2,0,0,0,0,0,0,-,-,NA,NA,ORANGE,FULLERTON,-117.87455001,33.88902001
8612182,2018,2018-04-27,3000,2018-03-14,1749,5163,951F5,3,5,5,3040,0,0,0,NA,0,743,CROWN VALLEY PKWY,NIGUEL RD,329,E,N,A,-,N,NA,NA,NA,NA,NA,NA,NA,NA,NA,Y,3,0,1,1,A,-,08,22107,NA,N,E,I,A,A,H,-,A,D,0,NA,NA,NA,NA,Y,NA,A,01,0,1,0,0,0,0,0,0,0,-,-,NA,NA,ORANGE,LAGUNA NIGUEL,-117.71063995361328,33.527034759521484
8612619,2018,2018-04-30,3015,2018-03-28,1326,1419,32E,3,5,6,3015,0,0,0,NA,0,722,N BATAVIA,W PALM AV,0,NA,Y,A,-,N,NA,NA,NA,NA,NA,NA,NA,NA,NA,Y,4,0,2,2,A,-,12,21453,A,N,D,C,A,A,H,-,A,A,0,NA,NA,NA,NA,Y,NA,A,01,0,0,2,0,0,0,0,0,0,-,-,NA,NA,ORANGE,ORANGE,-117.86183166503906,33.79151916503906
8613117,2018,2018-05-22,3019,2018-04-16,1329,3548,WE,1,5,7,3019,0,0,0,NA,0,001,NEWHOPE ST,WESTMINSTER AV,68,S,N,A,-,N,NA,NA,NA,NA,NA,NA,NA,NA,NA,Y,3,0,2,2,A,-,09,21801,A,N,D,C,A,A,H,-,A,A,0,NA,NA,NA,NA,Y,NA,A,08,0,1,1,0,0,0,0,0,0,-,-,33.759708404541016,-117.92881011962892,ORANGE,SANTA ANA,-117.9289093017578,33.75965881347656
8613144,2018,2018-05-14,3019,2018-04-17,1117,3197,NE,2,5,7,3019,0,0,0,NA,0,002,4TH ST,GOLDEN CIRCLE DR,198,W,N,A,-,N,NA,NA,NA,NA,NA,NA,NA,NA,NA,Y,3,0,3,1,A,-,08,22107,NA,N,E,I,A,A,H,-,A,D,0,NA,NA,NA,NA,Y,NA,A,01,0,2,1,0,0,0,0,0,0,-,-,33.74800109863281,-117.83838653564452,ORANGE,SANTA ANA,-117.83882904052734,33.748233795166016
8614077,2018,2018-08-21,3009,2018-04-12,2141,4626,11,4,5,6,3009,0,0,0,NA,0,055,BEACH BL,RT 22,0,NA,Y,A,-,Y,ORA,12,39,-,-,8.572,I,5,N,N,4,0,1,2,A,-,11,21956,A,N,G,B,D,A,H,-,C,D,0,Y,NA,NA,NA,Y,NA,N,60,0,0,1,0,1,0,0,0,0,-,WF,33.7711181640625,-117.99230194091795,ORANGE,GARDEN GROVE,-117.99253845214844,33.772274017333984