CASE_ID,ACCIDENT_YEAR,PROC_DATE,JURIS,COLLISION_DATE,COLLISION_TIME,OFFICER_ID,REPORTING_DISTRICT,DAY_OF_WEEK,CHP_SHIFT,POPULATION,CNTY_CITY_LOC,SPECIAL_COND,BEAT_TYPE,CHP_BEAT_TYPE,CITY_DIVISION_LAPD,CHP_BEAT_CLASS,BEAT_NUMBER,PRIMARY_RD,SECONDARY_RD,DISTANCE,DIRECTION,INTERSECTION,WEATHER_1,WEATHER_2,STATE_HWY_IND,CALTRANS_COUNTY,CALTRANS_DISTRICT,STATE_ROUTE,ROUTE_SUFFIX,POSTMILE_PREFIX,POSTMILE,LOCATION_TYPE,RAMP_INTERSECTION,SIDE_OF_HWY,TOW_AWAY,COLLISION_SEVERITY,NUMBER_KILLED,NUMBER_INJURED,PARTY_COUNT,PRIMARY_COLL_FACTOR,PCF_CODE_OF_VIOL,PCF_VIOL_CATEGORY,PCF_VIOLATION,PCF_VIOL_SUBSECTION,HIT_AND_RUN,TYPE_OF_COLLISION,MVIW,PED_ACTION,ROAD_SURFACE,ROAD_COND_1,ROAD_COND_2,LIGHTING,CONTROL_DEVICE,CHP_ROAD_TYPE,PEDESTRIAN_ACCIDENT,BICYCLE_ACCIDENT,MOTORCYCLE_ACCIDENT,TRUCK_ACCIDENT,NOT_PRIVATE_PROPERTY,ALCOHOL_INVOLVED,STWD_VEHTYPE_AT_FAULT,CHP_VEHTYPE_AT_FAULT,COUNT_SEVERE_INJ,COUNT_VISIBLE_INJ,COUNT_COMPLAINT_PAIN,COUNT_PED_KILLED,COUNT_PED_INJURED,COUNT_BICYCLIST_KILLED,COUNT_BICYCLIST_INJURED,COUNT_MC_KILLED,COUNT_MC_INJURED,PRIMARY_RAMP,SECONDARY_RAMP,LATITUDE,LONGITUDE,COUNTY,CITY,POINT_X,POINT_Y
8615472,2018,2018-05-16,3000,2018-03-26,2025,8985,972D1,1,5,4,3018,0,0,0,NA,0,8A31,ORTEGA HWY,RANCHO VIEJO RD,47,W,N,A,-,N,NA,NA,NA,NA,NA,NA,NA,NA,NA,N,4,0,1,3,A,-,21,22106,NA,N,C,C,A,A,H,-,C,A,0,NA,NA,NA,NA,Y,NA,A,01,0,0,1,0,0,0,0,0,0,-,-,NA,NA,ORANGE,SAN JUAN CAPISTRANO,-117.6549072265625,33.50355529785156
8615702,2018,2018-04-25,3022,2018-04-06,2220,1284,SOUTH,5,5,5,3022,0,0,0,NA,0,NA,NEWPORT AV,SYCAMORE AV,0,NA,Y,A,-,N,NA,NA,NA,NA,NA,NA,NA,NA,NA,Y,2,0,1,2,A,-,09,21801,A,N,D,C,A,A,H,-,C,A,0,NA,NA,Y,NA,Y,NA,A,01,1,0,0,0,0,0,0,0,1,-,-,33.72993850708008,-117.83039093017578,ORANGE,TUSTIN,-117.83039855957033,33.729820251464844
8615764,2018,2018-06-28,3000,2018-02-09,1323,9680,972A6,5,5,4,3029,0,0,0,NA,0,734,PACIFIC COAST HWY,DOHENY PARK PLZ,311,S,N,A,-,N,NA,NA,NA,NA,NA,NA,NA,NA,NA,Y,3,0,1,2,A,-,07,21658,A,N,B,C,A,A,H,-,A,D,0,NA,NA,NA,NA,Y,NA,A,01,0,1,0,0,0,0,0,0,0,-,-,NA,NA,ORANGE,DANA POINT,-117.68441009521484,33.46415328979492
8615803,2018,2018-06-28,3000,2018-02-13,1850,6532,972A6,2,5,4,3029,0,0,0,NA,0,737,PACIFIC COAST HWY,DOHENY PARK PLZ,37,N,N,A,-,N,NA,NA,NA,NA,NA,NA,NA,NA,NA,Y,4,0,2,3,A,-,03,22350,NA,N,C,C,A,A,H,-,C,A,0,NA,NA,NA,NA,Y,NA,A,07,0,0,2,0,0,0,0,0,0,-,-,NA,NA,ORANGE,DANA POINT,-117.68545532226563,33.46451187133789
8615950,2018,2018-08-27,3019,2018-04-10,1128,3196,NE,2,5,7,3019,0,0,0,NA,0,002,MAIN ST,SANTA CLARA AV,0,NA,Y,A,-,Y,ORA,12,5,-,-,33.21,R,4,N,Y,4,0,1,2,A,-,12,21453,A,N,D,C,A,A,H,-,A,A,0,NA,NA,NA,NA,Y,NA,A,01,0,0,1,0,0,0,0,0,0,-,-,33.76662826538086,-117.867431640625,ORANGE,SANTA ANA,-117.86815643310548,33.76937484741211
8617082,2018,2018-05-24,3015,2018-05-02,0701,1098,55W,3,5,6,3015,0,0,0,NA,0,731,E TAFT AV,N GLASSELL ST,0,NA,Y,A,-,N,NA,NA,NA,NA,NA,NA,NA,NA,NA,N,4,0,1,2,A,-,12,21453,A,N,C,C,A,A,H,-,A,A,0,NA,NA,NA,NA,Y,NA,A,01,0,0,1,0,0,0,0,0,0,-,-,NA,NA,ORANGE,ORANGE,-117.85295104980467,33.815731048583984
8618371,2017,2018-06-05,3008,2017-12-13,0900,1143,72,3,5,6,3008,0,0,0,NA,0,NA,CHAPMAN AV,RAYMOND AV,0,NA,Y,A,-,N,NA,NA,NA,NA,NA,NA,NA,NA,NA,Y,3,0,2,2,A,-,09,21801,A,N,A,C,A,A,H,-,A,A,0,NA,NA,NA,NA,Y,NA,A,01,0,1,1,0,0,0,0,0,0,-,-,NA,NA,ORANGE,FULLERTON,-117.90703001,33.87410004
8618441,2018,2018-05-29,3010,2018-05-07,2242,1261,272,1,5,6,3010,0,0,0,NA,0,006,WARNER,RT 1,33,W,N,A,-,N,NA,NA,NA,NA,NA,NA,NA,NA,NA,Y,4,0,1,2,A,-,03,22350,NA,N,C,C,A,A,H,-,C,A,0,NA,NA,NA,NA,Y,NA,A,01,0,0,1,0,0,0,0,0,0,-,-,NA,NA,ORANGE,HUNTINGTON BEACH,-118.063065,33.711619
8618445,2018,2018-05-29,3010,2018-05-07,1534,1261,261,1,5,6,3010,0,0,0,NA,0,007,GOLDENWEST,WARNER,10,S,N,A,-,N,NA,NA,NA,NA,NA,NA,NA,NA,NA,N,3,0,1,2,A,-,11,21456,B,N,D,G,A,A,H,-,A,A,0,NA,Y,NA,NA,Y,NA,L,04,0,1,0,0,0,0,1,0,0,-,-,NA,NA,ORANGE,HUNTINGTON BEACH,-118.00666809082033,33.71546173095703
8618841,2018,2018-05-23,3024,2018-04-23,1720,421,P27,1,5,5,3024,0,0,0,NA,0,EAST,MORAN ST,HAZARD AV,0,NA,Y,A,-,N,NA,NA,NA,NA,NA,NA,NA,NA,NA,N,3,0,1,2,A,-,05,21650,1,N,G,G,A,A,H,-,A,D,0,NA,Y,NA,NA,Y,NA,L,04,0,1,0,0,0,0,1,0,0,-,-,NA,NA,ORANGE,WESTMINSTER,-117.96788787841795,33.75217819213867
8619123,2018,2018-05-23,3005,2018-05-04,0803,8202,C09,5,5,4,3005,0,0,0,NA,0,001,MOODY ST,ALASKA AV,60,N,N,A,-,N,NA,NA,NA,NA,NA,NA,NA,NA,NA,N,3,0,2,2,A,-,09,21804,A,N,D,C,A,A,H,-,A,D,0,NA,NA,NA,NA,Y,NA,D,22,0,1,1,0,0,0,0,0,0,-,-,NA,NA,ORANGE,CYPRESS,-118.04579925537108,33.83311462402344
8620153,2018,2018-05-23,3026,2018-05-07,0843,4779,CROSS,1,5,6,3026,0,0,0,NA,0,004,IRVINE CENTER DR,VALLEY OAK,265,E,N,A,-,N,NA,NA,NA,NA,NA,NA,NA,NA,NA,Y,3,0,2,2,A,-,03,22350,NA,N,C,C,A,A,H,-,A,A,0,NA,NA,NA,NA,Y,NA,A,01,0,1,1,0,0,0,0,0,0,-,-,33.672420501708984,-117.76825714111328,ORANGE,IRVINE,-117.76798248291016,33.67192077636719
8620733,2018,2018-05-18,3015,2018-04-28,2056,1569,45E,6,5,6,3015,0,0,0,NA,0,321,N GLASSELL ST,WEST KATELLA AV,0,NA,Y,A,-,N,NA,NA,NA,NA,NA,NA,NA,NA,NA,N,4,0,1,2,A,-,09,21801,A,N,D,C,A,A,H,-,C,D,0,NA,NA,NA,NA,Y,NA,A,01,0,0,1,0,0,0,0,0,0,-,-,NA,NA,ORANGE,ORANGE,-117.85301971435548,33.80908966064453
8620765,2018,2018-05-18,3015,2018-04-30,0925,1364,23E,1,5,6,3015,0,0,0,NA,0,NA,S TUSTIN ST,EAST CHAPMAN AV,0,NA,Y,B,-,N,NA,NA,NA,NA,NA,NA,NA,NA,NA,N,3,0,1,2,A,-,08,22107,NA,N,D,G,A,A,H,-,A,A,0,NA,Y,NA,NA,Y,NA,A,07,0,1,0,0,0,0,1,0,0,-,-,NA,NA,ORANGE,ORANGE,-117.8357391357422,33.7878303527832
8621254,2018,2018-05-24,3019,2018-05-08,1246,3551,SE,2,5,7,3019,0,0,0,NA,0,004,EDINGER AV,FLOWER ST,0,NA,Y,A,-,N,NA,NA,NA,NA,NA,NA,NA,NA,NA,Y,4,0,3,3,A,-,12,21453,A,M,D,C,A,A,H,-,A,A,0,NA,NA,NA,NA,Y,NA,A,01,0,0,3,0,0,0,0,0,0,-,-,33.72726058959961,-117.87669372558594,ORANGE,SANTA ANA,-117.87657165527344,33.727210998535156
8622424,2018,2018-05-29,3006,2018-04-12,1815,320,33,4,5,3,3006,0,0,0,NA,0,002,CRESCENT,MOODY,0,NA,Y,A,-,N,NA,NA,NA,NA,NA,NA,NA,NA,NA,N,4,0,1,2,D,-,00,NA,NA,N,C,C,A,A,H,-,A,A,0,NA,NA,NA,NA,Y,NA,-,-,0,0,1,0,0,0,0,0,0,-,-,NA,NA,ORANGE,LA PALMA,-118.04596710205078,33.83898162841797
8623997,2018,2018-07-30,3026,2018-03-31,1722,358,NA,6,5,6,3026,0,0,0,NA,0,00P,IRVINE BL,RT 133,0,NA,Y,A,-,Y,ORA,12,133,-,-,11.591,R,4,N,Y,3,0,1,2,D,-,00,NA,NA,N,D,C,A,A,H,-,A,A,0,NA,NA,NA,NA,Y,NA,-,-,0,1,0,0,0,0,0,0,0,-,NF,NA,NA,ORANGE,IRVINE,-117.7387237548828,33.69312286376953
8624152,2018,2018-05-25,3001,2018-04-12,0653,A1410,NA,4,5,7,3001,0,0,0,NA,0,0D4,EAST MIRA LOMA AV,N MILLER ST,0,NA,Y,A,-,N,NA,NA,NA,NA,NA,NA,NA,NA,NA,N,4,0,1,2,A,-,12,21457,A,N,D,C,A,A,H,-,A,B,0,NA,NA,NA,NA,Y,NA,-,-,0,0,1,0,0,0,0,0,0,-,-,NA,NA,ORANGE,ANAHEIM,-117.84944152832033,33.86069869995117
8626456,2018,2018-06-07,3004,2018-05-14,0651,P480,16,1,5,6,3004,0,0,0,NA,0,011,ADAMS AV,HARBOR BL,71,W,N,A,-,N,NA,NA,NA,NA,NA,NA,NA,NA,NA,Y,3,0,3,4,A,-,03,22350,NA,N,C,C,A,A,H,-,A,A,0,NA,NA,NA,NA,Y,NA,A,07,0,1,2,0,0,0,0,0,0,-,-,33.673240661621094,-117.91973114013672,ORANGE,COSTA MESA,-117.91957092285156,33.673301696777344
8627077,2018,2018-06-06,3007,2018-05-06,1648,295,55,7,5,5,3007,0,0,0,NA,0,003,BROOKHURST,TALBERT,0,NA,Y,A,-,N,NA,NA,NA,NA,NA,NA,NA,NA,NA,Y,4,0,2,3,A,-,03,22350,NA,N,C,C,A,A,H,-,A,A,0,NA,NA,NA,NA,Y,NA,A,01,0,0,2,0,0,0,0,0,0,-,-,NA,NA,ORANGE,FOUNTAIN VALLEY,-117.95442962646484,33.701698303222656
8627405,2018,2018-06-05,3015,2018-05-17,2021,1594,31,4,5,6,3015,0,0,0,NA,0,113,THE CITY DR SOUTH,WEST METROPOLITAN WY,0,NA,Y,A,-,N,NA,NA,NA,NA,NA,NA,NA,NA,NA,N,4,0,1,2,A,-,09,21453,B,N,G,B,B,A,H,-,C,A,0,Y,NA,NA,NA,Y,NA,A,07,0,0,1,0,1,0,0,0,0,-,-,NA,NA,ORANGE,ORANGE,-117.8889389038086,33.780059814453125
8628066,2018,2018-06-07,3009,2018-05-17,0917,3972,135,4,5,6,3009,0,0,0,NA,0,2-3,HARBOR BL,BANNER DR,0,NA,Y,A,-,N,NA,NA,NA,NA,NA,NA,NA,NA,NA,Y,4,0,1,2,A,-,09,21453,B,N,D,C,A,A,H,-,A,A,0,NA,NA,NA,NA,Y,NA,A,01,0,0,1,0,0,0,0,0,0,-,-,NA,NA,ORANGE,GARDEN GROVE,-117.92046356201172,33.7692985534668
8628896,2018,2018-06-18,3019,2018-05-17,1542,3449,NE,4,5,7,3019,0,0,0,NA,0,002,ROSS ST,10TH ST N,0,NA,Y,A,-,N,NA,NA,NA,NA,NA,NA,NA,NA,NA,N,4,0,1,2,A,-,03,22350,NA,N,D,C,A,A,H,-,A,D,0,NA,NA,NA,NA,Y,NA,A,01,0,0,1,0,0,0,0,0,0,-,-,33.753501892089844,-117.87271881103516,ORANGE,SANTA ANA,-117.87249755859376,33.753631591796875
8629673,2018,2018-07-30,3003,2018-05-12,2202,1134,39,6,5,5,3003,0,0,0,NA,0,001,BEACH BL,9TH ST,63,S,N,B,-,N,NA,NA,NA,NA,NA,NA,NA,NA,NA,N,4,0,1,2,A,-,03,22350,NA,N,C,C,A,A,H,-,C,A,0,NA,NA,NA,NA,Y,NA,A,01,0,0,1,0,0,0,0,0,0,-,-,33.51539993286133,-117.59529876708984,ORANGE,BUENA PARK,-117.99823760986328,33.86513900756836
8629954,2018,2018-06-05,3024,2018-05-14,0614,433,P05,1,5,5,3024,0,0,0,NA,0,WEST,GOLDENWEST ST,TRASK AV,50,N,N,A,-,N,NA,NA,NA,NA,NA,NA,NA,NA,NA,N,4,0,1,2,A,-,03,22350,NA,N,C,C,A,A,H,-,A,A,0,NA,NA,NA,NA,Y,NA,A,01,0,0,1,0,0,0,0,0,0,-,-,33.76639938354492,-118.00714111328124,ORANGE,WESTMINSTER,-118.00724792480467,33.76650619506836
8631158,2018,2018-06-07,3019,2018-05-11,1954,3199,SC,5,5,7,3019,0,0,0,NA,0,003,SEGERSTROM AV,RAITT ST,0,NA,Y,C,-,N,NA,NA,NA,NA,NA,NA,NA,NA,NA,Y,4,0,6,3,A,-,09,21801,A,N,D,C,A,B,H,-,C,A,0,NA,NA,NA,NA,Y,NA,A,01,0,0,6,0,0,0,0,0,0,-,-,33.70751953125,-117.8973388671875,ORANGE,SANTA ANA,-117.8975067138672,33.707340240478516
8631754,2018,2018-06-07,3022,2018-05-23,2116,1284,SOUTH,3,5,5,3022,0,0,0,NA,0,NA,WALNUT AV,NEWPORT AV,0,NA,Y,A,-,N,NA,NA,NA,NA,NA,NA,NA,NA,NA,Y,4,0,2,2,A,-,09,21801,A,N,A,C,A,A,H,-,C,A,0,NA,NA,NA,NA,Y,NA,A,07,0,0,2,0,0,0,0,0,0,-,-,33.73270034790039,-117.82756042480467,ORANGE,TUSTIN,-117.8276596069336,33.73262023925781
8633638,2018,2018-06-18,3019,2018-05-19,2341,3518,SC,6,5,7,3019,0,0,0,NA,0,004,BRISTOL ST,1ST ST,44,S,N,A,-,N,NA,NA,NA,NA,NA,NA,NA,NA,NA,Y,4,0,3,3,A,-,03,22350,NA,N,C,C,A,A,H,-,E,A,0,NA,NA,NA,NA,Y,NA,A,08,0,0,3,0,0,0,0,0,0,-,-,33.74557113647461,-117.88494110107422,ORANGE,SANTA ANA,-117.88524627685548,33.745365142822266
8634933,2018,2018-07-30,3010,2018-05-30,0841,2083,173,3,5,6,3010,0,0,0,NA,0,008,WARNER,RT 1,310,N,N,B,-,N,NA,NA,NA,NA,NA,NA,NA,NA,NA,N,3,0,1,1,A,-,08,22107,NA,N,F,A,A,B,H,-,A,D,0,NA,Y,NA,NA,Y,NA,L,04,0,1,0,0,0,0,1,0,0,-,-,NA,NA,ORANGE,HUNTINGTON BEACH,NA,NA
8635056,2018,2018-06-21,3005,2018-06-03,0241,8095,C25,7,5,4,3005,0,0,0,NA,0,003,CERRITOS AV,SANTA ELISE ST,26,W,N,A,-,N,NA,NA,NA,NA,NA,NA,NA,NA,NA,Y,3,0,1,1,A,-,08,22107,NA,N,E,I,A,A,H,-,C,D,0,NA,NA,NA,NA,Y,NA,-,NA,0,1,0,0,0,0,0,0,0,-,-,NA,NA,ORANGE,CYPRESS,-118.06068420410156,33.81032943725586
8637406,2018,2018-07-17,3010,2018-05-16,1621,1261,273,3,5,6,3010,0,0,0,NA,0,007,NEWLAND,SLATER,50,N,N,A,-,N,NA,NA,NA,NA,NA,NA,NA,NA,NA,N,4,0,1,2,A,-,08,22100,A,N,D,C,A,A,H,-,A,A,0,NA,NA,NA,NA,Y,NA,A,01,0,0,1,0,0,0,0,0,0,-,-,NA,NA,ORANGE,HUNTINGTON BEACH,-117.98046112060548,33.708595275878906
8637598,2018,2018-06-20,3019,2018-05-14,0825,2460,SC,1,5,7,3019,0,0,0,NA,0,004,BRISTOL ST,WILLITS ST,0,NA,Y,A,-,N,NA,NA,NA,NA,NA,NA,NA,NA,NA,Y,4,0,1,3,A,-,12,21453,A,N,D,C,A,A,H,-,A,A,0,NA,NA,NA,NA,Y,NA,A,01,0,0,1,0,0,0,0,0,0,-,-,33.74007034301758,-117.88501739501952,ORANGE,SANTA ANA,-117.88525390625,33.73994064331055
8638219,2018,2018-07-27,3000,2018-06-03,1653,1644,921G6,7,5,5,3040,0,0,0,NA,0,6M44,LA PAZ RD,AVENIDA BREVE,27,N,N,A,-,N,NA,NA,NA,NA,NA,NA,NA,NA,NA,Y,4,0,1,2,A,-,03,22350,NA,N,C,C,A,A,H,-,A,A,0,NA,NA,NA,NA,Y,NA,A,07,0,0,1,0,0,0,0,0,0,-,-,NA,NA,ORANGE,LAGUNA NIGUEL,-117.70761108398438,33.56717300415039
8638633,2018,2018-06-19,3009,2018-06-05,1537,3927,061,2,5,6,3009,0,0,0,NA,0,012,ORANGEWOOD AV,PINE TREE LN,376,E,N,A,-,N,NA,NA,NA,NA,NA,NA,NA,NA,NA,Y,3,0,2,2,A,-,08,22107,NA,N,C,E,A,A,H,-,A,D,0,NA,NA,NA,NA,Y,NA,A,07,0,1,1,0,0,0,0,0,0,-,-,37.966609954833984,-117.98745727539063,ORANGE,GARDEN GROVE,-117.98778533935548,33.79567337036133
8638950,2018,2018-08-17,3010,2018-05-26,0117,2137,262,6,5,6,3010,0,0,0,NA,0,007,RT 39,HEIL,6,S,N,A,-,Y,ORA,12,39,-,-,5.141,I,5,N,N,2,0,2,3,A,-,11,21456,A,N,G,B,B,A,H,-,C,A,0,Y,NA,NA,NA,Y,Y,N,60,2,0,0,0,2,0,0,0,0,-,-,NA,NA,ORANGE,HUNTINGTON BEACH,-117.98911285400392,33.7230224609375
8641907,2018,2018-06-22,3026,2018-05-23,0803,4779,PORTO,3,5,6,3026,0,0,0,NA,0,007,WESTWOOD,MAYFLOWER,0,NA,Y,B,-,N,NA,NA,NA,NA,NA,NA,NA,NA,NA,Y,3,0,3,3,A,-,09,21802,A,N,D,C,A,A,H,-,A,A,0,NA,NA,NA,NA,Y,NA,A,01,0,1,2,0,0,0,0,0,0,-,-,33.71445083618164,-117.76953887939452,ORANGE,IRVINE,-117.76947021484376,33.714420318603516
8642827,2018,2018-06-29,3000,2018-04-18,2127,8948,97265,3,5,5,3017,0,0,0,NA,0,4175,AVENIDA VISTA HERMOSA,CAMINO VERA CRUZ,0,NA,Y,A,-,N,NA,NA,NA,NA,NA,NA,NA,NA,NA,Y,4,0,1,2,D,-,00,NA,NA,N,D,C,A,A,H,-,C,A,0,NA,NA,NA,NA,Y,NA,-,-,0,0,1,0,0,0,0,0,0,-,-,NA,NA,ORANGE,SAN CLEMENTE,-117.61756134033205,33.455970764160156
8642831,2018,2018-06-29,3000,2018-04-30,1108,10077,862A6,1,5,5,3050,0,0,0,NA,0,764,BAKE PKWY,DIMENSION DR,345,E,N,A,-,N,NA,NA,NA,NA,NA,NA,NA,NA,NA,Y,3,0,1,1,A,-,08,22107,NA,N,E,I,A,A,H,-,A,A,0,NA,NA,NA,NA,Y,NA,A,01,0,1,0,0,0,0,0,0,0,-,-,NA,NA,ORANGE,LAKE FOREST,-117.67486572265624,33.667884826660156
8643087,2018,2018-08-07,3010,2018-06-17,1229,1261,173,7,5,6,3010,0,0,0,NA,0,008,WARNER,RT 1,320,E,N,A,-,N,NA,NA,NA,NA,NA,NA,NA,NA,NA,Y,4,0,1,2,A,-,03,22350,NA,N,C,C,A,A,H,-,A,A,0,NA,NA,NA,NA,Y,NA,A,01,0,0,1,0,0,0,0,0,0,-,-,NA,NA,ORANGE,HUNTINGTON BEACH,NA,NA
8643324,2018,2018-06-28,3000,2018-05-19,2117,1916,921F2,6,5,4,3045,0,0,0,NA,0,746,MOULTON PKWY,GLENWOOD DR,56,N,N,A,-,N,NA,NA,NA,NA,NA,NA,NA,NA,NA,N,4,0,1,2,A,-,03,22350,NA,N,C,C,A,A,H,-,C,A,0,NA,NA,NA,NA,Y,NA,A,07,0,0,1,0,0,0,0,0,0,-,-,NA,NA,ORANGE,LAGUNA HILLS,-117.71598052978516,33.59601974487305
8646032,2018,2018-07-12,3015,2018-06-21,1420,1364,12,4,5,6,3015,0,0,0,NA,0,903,W LA VETA AV,S PEPPER,0,E,N,A,-,N,NA,NA,NA,NA,NA,NA,NA,NA,NA,Y,4,0,1,2,A,-,09,21804,A,N,D,C,A,A,H,-,A,D,0,NA,NA,NA,NA,Y,NA,A,08,0,0,1,0,0,0,0,0,0,-,-,NA,NA,ORANGE,ORANGE,-117.86486053466795,33.780330657958984
8646574,2018,2018-07-05,3001,2018-05-29,1532,1825,D2,2,5,7,3001,0,0,0,NA,0,NA,WEST BROADWAY,S CITRON ST,0,NA,Y,A,-,N,NA,NA,NA,NA,NA,NA,NA,NA,NA,Y,4,0,2,2,A,-,12,21453,A,N,D,C,A,A,H,-,A,A,0,NA,NA,NA,NA,Y,NA,A,01,0,0,2,0,0,0,0,0,0,-,-,NA,NA,ORANGE,ANAHEIM,-117.92259216308594,33.83116149902344
8646659,2018,2018-07-03,3001,2018-06-08,1715,415,NA,5,5,7,3001,0,0,0,NA,0,0D3,BALL RD,S GILBUCK DR,19,E,N,A,-,N,NA,NA,NA,NA,NA,NA,NA,NA,NA,Y,3,0,2,2,A,-,03,22350,NA,N,C,C,A,A,H,-,A,A,0,NA,NA,NA,NA,Y,NA,A,01,0,2,0,0,0,0,0,0,0,-,-,NA,NA,ORANGE,ANAHEIM,-117.93328857421876,33.81806182861328
8647025,2018,2018-07-11,3004,2018-05-10,1746,P631,33,4,5,6,3004,0,0,0,NA,0,015,SUNFLOWER AV,PLAZA DR,41,E,N,A,-,N,NA,NA,NA,NA,NA,NA,NA,NA,NA,N,3,0,1,2,A,-,09,21804,A,N,D,C,A,A,H,-,A,A,0,NA,NA,Y,NA,Y,NA,A,01,0,1,0,0,0,0,0,0,1,-,-,33.69409942626953,-117.8896026611328,ORANGE,COSTA MESA,-117.88978576660156,33.69429016113281
8647035,2018,2018-07-09,3003,2018-06-10,0706,1160,70,7,5,5,3003,0,0,0,NA,0,004,VALLEY VIEW AV,PANAMA DR,0,NA,Y,A,-,N,NA,NA,NA,NA,NA,NA,NA,NA,NA,Y,4,0,1,2,A,-,12,21453,A,N,D,C,A,A,H,-,A,A,0,NA,NA,NA,NA,Y,NA,A,01,0,0,1,0,0,0,0,0,0,-,-,33.85287094116211,-118.0286865234375,ORANGE,BUENA PARK,-118.02879333496094,33.85274124145508
8648126,2017,2018-09-12,3004,2017-12-20,0852,P542,31,3,5,6,3004,0,0,0,NA,0,015,AIRWAY AV,LEAR AV,105,S,N,A,-,N,NA,NA,NA,NA,NA,NA,NA,NA,NA,Y,1,1,0,2,D,-,00,NA,NA,N,D,C,A,A,H,-,A,D,0,NA,NA,Y,NA,Y,NA,-,-,0,0,0,0,0,0,0,1,0,-,-,33.6699,-117.877,ORANGE,COSTA MESA,-117.87694807,33.66962965
8648482,2018,2020-05-21,3026,2018-02-18,2216,522,NA,7,5,6,3026,0,0,0,NA,0,00C,BLUE LAKE SOUTH,SPRINGACRE,34,W,N,B,-,N,NA,NA,NA,NA,NA,NA,NA,NA,NA,Y,1,1,1,3,A,-,10,21950,A,N,G,B,B,A,H,-,C,D,0,Y,NA,NA,NA,Y,Y,A,01,1,0,0,1,1,0,0,0,0,-,-,NA,NA,ORANGE,IRVINE,-117.81277465820313,33.6713981628418
8648520,2018,2019-01-18,3019,2018-01-11,2323,2648,WE,4,5,7,3019,0,0,0,NA,0,NA,17TH ST,ROSEWOOD AV,297,E,N,A,-,N,NA,NA,NA,NA,NA,NA,NA,NA,NA,N,1,1,0,2,A,-,11,21954,A,F,G,B,E,A,H,-,C,A,0,Y,NA,NA,NA,Y,Y,N,60,0,0,0,1,0,0,0,0,0,-,-,33.75999069213867,-117.88195037841795,ORANGE,SANTA ANA,-117.88086700439452,33.759979248046875
8648553,2018,2019-01-25,3000,2018-01-05,2500,1800,921G1,5,5,4,3045,0,0,0,NA,0,017,PASEO DE VALENCIA,KENNINGTON DR,300,N,N,A,-,N,NA,NA,NA,NA,NA,NA,NA,NA,NA,Y,1,1,0,2,A,-,11,21954,A,N,G,B,E,A,H,-,C,D,0,Y,NA,NA,NA,Y,NA,N,60,0,0,0,1,0,0,0,0,0,-,-,33.6015510559082,-117.70191955566406,ORANGE,LAGUNA HILLS,-117.70265197753906,33.60226058959961
8648675,2018,2020-05-22,3001,2018-09-14,1734,415,NA,5,5,7,3001,0,0,0,NA,0,0D2,E LINCOLN AV,SOUTH EAST ST,317,E,N,A,-,N,NA,NA,NA,NA,NA,NA,NA,NA,NA,Y,1,1,0,3,A,-,11,21954,A,N,G,B,D,A,H,-,A,A,0,Y,NA,NA,NA,Y,NA,N,60,0,0,0,1,0,0,0,0,0,-,-,NA,NA,ORANGE,ANAHEIM,-117.90169525146484,33.838314056396484
8648702,2019,2019-03-27,3011,2019-02-13,1914,31241,43,3,5,4,3011,0,0,0,NA,0,003,RT 1,MOUNTAIN RD,7,N,N,C,-,Y,ORA,12,1,-,-,8.431,I,5,S,Y,1,1,0,2,A,-,10,21950,A,N,G,B,B,B,H,-,C,A,0,Y,NA,NA,NA,Y,Y,A,01,0,0,0,1,0,0,0,0,0,-,-,NA,NA,ORANGE,LAGUNA BEACH,-117.77489471435548,33.53176498413086
8649497,2018,2018-08-27,3011,2018-07-03,2126,31273,37,2,5,4,3011,0,0,0,NA,0,001,LAGUNA CANYON RD,CANYON ACRES DR,213,S,N,A,-,N,NA,NA,NA,NA,NA,NA,NA,NA,NA,Y,4,0,1,3,A,-,01,23152,A,N,C,C,A,A,H,-,C,D,0,NA,NA,NA,NA,Y,Y,A,01,0,0,1,0,0,0,0,0,0,-,-,NA,NA,ORANGE,LAGUNA BEACH,-117.77623748779295,33.553314208984375
8652202,2018,2018-07-31,3003,2018-06-02,1849,665,23,6,5,5,3003,0,0,0,NA,0,008,BEACH BL,LA PALMA AV,28,S,N,A,-,N,NA,NA,NA,NA,NA,NA,NA,NA,NA,N,3,0,1,2,A,-,00,21465,5,N,B,B,B,A,H,-,A,A,0,Y,NA,NA,NA,Y,NA,N,60,0,1,0,0,1,0,0,0,0,-,-,33.846500396728516,-117.99739837646484,ORANGE,BUENA PARK,-117.998046875,33.84657287597656
8654502,2018,2018-07-18,3000,2018-05-18,0735,9696,971H5,5,5,5,3040,0,0,0,NA,0,741,CAMINO DEL AVION,BEAR BRAND,0,NA,Y,A,-,N,NA,NA,NA,NA,NA,NA,NA,NA,NA,Y,4,0,1,2,A,-,12,21453,A,N,C,C,A,A,H,-,A,A,0,NA,NA,NA,NA,Y,NA,A,01,0,0,1,0,0,0,0,0,0,-,-,NA,NA,ORANGE,LAGUNA NIGUEL,-117.70272827148438,33.490840911865234