CASE_ID,ACCIDENT_YEAR,PROC_DATE,JURIS,COLLISION_DATE,COLLISION_TIME,OFFICER_ID,REPORTING_DISTRICT,DAY_OF_WEEK,CHP_SHIFT,POPULATION,CNTY_CITY_LOC,SPECIAL_COND,BEAT_TYPE,CHP_BEAT_TYPE,CITY_DIVISION_LAPD,CHP_BEAT_CLASS,BEAT_NUMBER,PRIMARY_RD,SECONDARY_RD,DISTANCE,DIRECTION,INTERSECTION,WEATHER_1,WEATHER_2,STATE_HWY_IND,CALTRANS_COUNTY,CALTRANS_DISTRICT,STATE_ROUTE,ROUTE_SUFFIX,POSTMILE_PREFIX,POSTMILE,LOCATION_TYPE,RAMP_INTERSECTION,SIDE_OF_HWY,TOW_AWAY,COLLISION_SEVERITY,NUMBER_KILLED,NUMBER_INJURED,PARTY_COUNT,PRIMARY_COLL_FACTOR,PCF_CODE_OF_VIOL,PCF_VIOL_CATEGORY,PCF_VIOLATION,PCF_VIOL_SUBSECTION,HIT_AND_RUN,TYPE_OF_COLLISION,MVIW,PED_ACTION,ROAD_SURFACE,ROAD_COND_1,ROAD_COND_2,LIGHTING,CONTROL_DEVICE,CHP_ROAD_TYPE,PEDESTRIAN_ACCIDENT,BICYCLE_ACCIDENT,MOTORCYCLE_ACCIDENT,TRUCK_ACCIDENT,NOT_PRIVATE_PROPERTY,ALCOHOL_INVOLVED,STWD_VEHTYPE_AT_FAULT,CHP_VEHTYPE_AT_FAULT,COUNT_SEVERE_INJ,COUNT_VISIBLE_INJ,COUNT_COMPLAINT_PAIN,COUNT_PED_KILLED,COUNT_PED_INJURED,COUNT_BICYCLIST_KILLED,COUNT_BICYCLIST_INJURED,COUNT_MC_KILLED,COUNT_MC_INJURED,PRIMARY_RAMP,SECONDARY_RAMP,LATITUDE,LONGITUDE,COUNTY,CITY,POINT_X,POINT_Y
8684044,2018,2018-09-06,3001,2018-08-15,1323,2478,NA,3,5,7,3001,0,0,0,NA,0,0D2,NORTH ANAHEIM BL,WILHELMINA ST,0,NA,Y,A,-,N,NA,NA,NA,NA,NA,NA,NA,NA,NA,Y,3,0,1,2,A,-,09,21802,A,N,D,C,A,A,H,-,A,D,0,NA,NA,NA,NA,Y,NA,A,08,0,1,0,0,0,0,0,0,0,-,-,NA,NA,ORANGE,ANAHEIM,-117.9160385131836,33.84202194213867
8684601,2018,2018-09-19,3015,2018-08-18,1850,1602,45W,6,5,6,3015,0,0,0,NA,0,325,W LINCOLN AV,N BATAVIA ST,114,W,N,A,-,N,NA,NA,NA,NA,NA,NA,NA,NA,NA,N,3,0,1,2,A,-,03,22350,NA,N,C,C,A,A,H,-,A,A,0,NA,NA,NA,NA,Y,NA,A,01,0,1,0,0,0,0,0,0,0,-,-,NA,NA,ORANGE,ORANGE,-117.8620834350586,33.83512496948242
8684605,2018,2018-09-19,3015,2018-08-11,1348,1419,22W,6,5,6,3015,0,0,0,NA,0,722,S BATAVIA,W ALMOND AV,0,NA,Y,A,-,N,NA,NA,NA,NA,NA,NA,NA,NA,NA,Y,3,0,2,2,D,-,00,NA,NA,N,D,C,A,A,H,-,A,A,0,NA,NA,NA,NA,Y,NA,-,-,0,2,0,0,0,0,0,0,0,-,-,NA,NA,ORANGE,ORANGE,-117.86184692382813,33.786048889160156
8684608,2018,2018-09-18,3003,2018-08-09,1134,1056,NA,4,5,5,3003,0,0,0,NA,0,NA,DALE ST,TAMARACK WY,0,NA,Y,A,-,N,NA,NA,NA,NA,NA,NA,NA,NA,NA,Y,3,0,2,2,A,-,12,21453,A,N,D,C,A,A,H,-,A,A,0,NA,NA,NA,NA,Y,NA,A,01,0,1,1,0,0,0,0,0,0,-,-,33.845298767089844,-117.98490142822266,ORANGE,BUENA PARK,-117.98486328125,33.845298767089844
8684815,2018,2018-10-03,3006,2018-07-31,1416,318,NA,2,5,3,3006,0,0,0,NA,0,001,LA PALMA AV,WALKER ST,342,W,N,A,-,N,NA,NA,NA,NA,NA,NA,NA,NA,NA,N,4,0,1,2,A,-,09,21804,A,N,D,C,A,A,H,-,A,D,0,NA,NA,NA,NA,Y,NA,A,01,0,0,1,0,0,0,0,0,0,-,-,NA,NA,ORANGE,LA PALMA,-118.03836059570313,33.84640121459961
8685085,2018,2018-08-28,3010,2018-08-12,1424,1080,435,7,5,6,3010,0,0,0,NA,0,003,MAGNOLIA,YORKTOWN,0,NA,Y,A,-,N,NA,NA,NA,NA,NA,NA,NA,NA,NA,Y,3,0,3,3,A,-,12,21453,A,N,D,C,A,A,H,-,A,A,0,NA,NA,NA,NA,Y,NA,A,01,0,3,0,0,0,0,0,0,0,-,-,NA,NA,ORANGE,HUNTINGTON BEACH,-117.97132873535156,33.67947006225586
8685177,2018,2018-08-23,3010,2018-08-10,2125,1118,422,5,5,6,3010,0,0,0,NA,0,005,GARFIELD,DELAWARE,0,NA,Y,A,-,N,NA,NA,NA,NA,NA,NA,NA,NA,NA,Y,3,0,2,2,A,-,12,21453,A,N,D,C,A,A,H,-,C,A,0,NA,NA,NA,NA,Y,NA,A,01,0,1,1,0,0,0,0,0,0,-,-,NA,NA,ORANGE,HUNTINGTON BEACH,-117.9931411743164,33.68666076660156
8685181,2018,2018-10-10,3010,2018-08-10,1427,1243,155,5,5,6,3010,0,0,0,NA,0,008,EDINGER,BOLSA CHICA,196,W,N,A,-,N,NA,NA,NA,NA,NA,NA,NA,NA,NA,Y,3,0,2,2,A,-,09,21804,A,N,D,C,A,A,H,-,A,D,0,NA,NA,NA,NA,Y,NA,A,08,0,1,1,0,0,0,0,0,0,-,-,NA,NA,ORANGE,HUNTINGTON BEACH,-118.04233551025392,33.72985076904297
8685185,2018,2018-08-23,3010,2018-08-09,1932,1118,146,4,5,6,3010,0,0,0,NA,0,009,BOLSA CHICA,MCFADDEN,0,NA,Y,A,-,N,NA,NA,NA,NA,NA,NA,NA,NA,NA,Y,3,0,2,2,A,-,09,21453,C,N,D,C,A,A,H,-,A,A,0,NA,NA,NA,NA,Y,NA,A,01,0,1,1,0,0,0,0,0,0,-,-,NA,NA,ORANGE,HUNTINGTON BEACH,-118.04155731201172,33.73712921142578
8685471,2018,2018-09-13,3015,2018-08-11,2221,1250,67N,6,5,6,3015,0,0,0,NA,0,322,E WHITECAP AV,N ORANGE-OLIVE RD,31,E,N,A,-,N,NA,NA,NA,NA,NA,NA,NA,NA,NA,Y,4,0,1,4,A,-,01,23152,A,N,B,E,A,A,H,-,C,D,0,NA,NA,NA,NA,Y,Y,A,01,0,0,1,0,0,0,0,0,0,-,-,NA,NA,ORANGE,ORANGE,-117.84656524658205,33.835208892822266
8685582,2018,2018-10-03,3009,2018-08-10,1907,3965,073,5,5,6,3009,0,0,0,NA,0,1-2,DALE ST,ROBINET ST,55,N,N,A,-,N,NA,NA,NA,NA,NA,NA,NA,NA,NA,Y,4,0,2,3,A,-,03,22350,NA,N,C,C,A,A,H,-,A,A,0,NA,NA,NA,NA,Y,NA,A,01,0,0,2,0,0,0,0,0,0,-,-,33.78215026855469,-117.98377990722656,ORANGE,GARDEN GROVE,-117.98406982421876,33.78213119506836
8685691,2018,2018-10-08,3002,2018-08-08,1617,1651,NA,3,5,4,3002,0,0,0,NA,0,011,STATE COLLEGE BL,BREA BL,5,E,N,A,-,N,NA,NA,NA,NA,NA,NA,NA,NA,NA,N,4,0,1,2,A,-,03,22350,NA,M,C,C,A,A,H,-,A,A,0,NA,NA,NA,NA,Y,NA,D,22,0,0,1,0,0,0,0,0,0,-,-,NA,NA,ORANGE,BREA,-117.89395141601563,33.93209457397461
8685746,2018,2018-09-04,3022,2018-07-14,1513,1223,NORTH,6,5,5,3022,0,0,0,NA,0,NA,EDINGER AV,RED HILL AV,0,NA,Y,A,-,N,NA,NA,NA,NA,NA,NA,NA,NA,NA,Y,3,0,1,2,A,-,12,21453,A,N,A,C,A,A,H,-,A,A,0,NA,NA,NA,NA,Y,NA,D,22,0,1,0,0,0,0,0,0,0,-,-,33.721649169921875,-117.82746887207033,ORANGE,TUSTIN,-117.82743072509766,33.72148895263672
8686882,2018,2018-08-27,3000,2018-06-23,1906,1916,922A2,6,5,4,3045,0,0,0,NA,0,746,LA PAZ RD,MCINTYRE ST,181,W,N,A,-,N,NA,NA,NA,NA,NA,NA,NA,NA,NA,Y,4,0,2,3,A,-,01,23152,A,N,E,I,A,A,H,-,A,A,0,NA,NA,NA,NA,Y,Y,A,01,0,0,2,0,0,0,0,0,0,-,-,NA,NA,ORANGE,LAGUNA HILLS,-117.68030548095705,33.59587097167969
8687523,2018,2018-10-05,3007,2018-08-03,0454,309,29,5,5,5,3007,0,0,0,NA,0,003,EDINGER AV,HARBOR BL,0,NA,Y,A,-,N,NA,NA,NA,NA,NA,NA,NA,NA,NA,N,4,0,2,3,A,-,12,21453,A,N,D,C,A,A,H,-,C,A,0,NA,NA,NA,NA,Y,NA,D,22,0,0,2,0,0,0,0,0,0,-,-,NA,NA,ORANGE,FOUNTAIN VALLEY,-117.91986846923828,33.72739028930664
8689024,2018,2018-10-29,3010,2018-08-17,1559,1118,461,5,5,6,3010,0,0,0,NA,0,004,RT 1,1ST,11,W,N,A,-,Y,ORA,12,1,-,-,24.551,I,5,N,Y,4,0,1,2,A,-,01,23153,A,F,G,B,B,A,H,-,A,A,0,Y,NA,NA,NA,Y,Y,A,07,0,0,1,0,1,0,0,0,0,-,-,NA,NA,ORANGE,HUNTINGTON BEACH,-117.9996337890625,33.655513763427734
8689032,2018,2018-10-29,3004,2018-08-14,1649,P459,33,2,5,6,3004,0,0,0,NA,0,005,BRISTOL ST,RT 405,0,NA,Y,A,-,Y,ORA,12,405,-,-,9.341,R,4,N,Y,4,0,3,2,A,-,12,21453,A,N,D,C,A,A,H,-,A,A,0,NA,NA,NA,NA,Y,NA,-,-,0,0,3,0,0,0,0,0,0,-,NF,33.6885986328125,-117.8856964111328,ORANGE,COSTA MESA,-117.88266754150392,33.68750762939453
8689789,2018,2018-09-21,3008,2018-06-13,1543,1320,NA,3,5,6,3008,0,0,0,NA,0,002,COMMONWEALTH AV,RICHMAN AV,0,NA,Y,A,-,N,NA,NA,NA,NA,NA,NA,NA,NA,NA,N,3,0,1,2,D,-,00,NA,NA,N,G,G,A,A,H,-,A,A,0,NA,Y,NA,NA,Y,NA,-,-,0,1,0,0,0,0,1,0,0,-,-,NA,NA,ORANGE,FULLERTON,-117.93305206298828,33.87031173706055
8690210,2018,2018-09-04,3008,2018-01-22,1023,1158,NA,1,5,6,3008,0,0,0,NA,0,001,PARKS RD,PIONEER AV,0,NA,Y,A,-,N,NA,NA,NA,NA,NA,NA,NA,NA,NA,Y,4,0,1,2,A,-,12,21453,A,N,D,C,A,A,H,-,A,A,0,NA,NA,NA,NA,Y,NA,A,01,0,0,1,0,0,0,0,0,0,-,-,NA,NA,ORANGE,FULLERTON,-117.95201873779295,33.88827896118164
8690238,2018,2018-09-04,3008,2018-01-09,0534,1539,NA,2,5,6,3008,0,0,0,NA,0,002,HARBOR BL,BERKELEY AV,0,NA,Y,C,-,N,NA,NA,NA,NA,NA,NA,NA,NA,NA,Y,4,0,1,1,A,-,08,22107,NA,N,E,I,A,B,H,-,C,A,0,NA,NA,NA,NA,Y,NA,A,01,0,0,1,0,0,0,0,0,0,-,-,NA,NA,ORANGE,FULLERTON,-117.9243392944336,33.879150390625
8692840,2018,2018-09-25,3000,2018-08-21,1530,9684,921H2,2,5,4,3045,0,0,0,NA,0,745,ALICIA PKWY,ALICIA PKWY 25301 (711 DRIVEWAY),584,N,N,A,-,N,NA,NA,NA,NA,NA,NA,NA,NA,NA,NA,3,0,1,3,A,-,03,22350,NA,N,C,C,A,A,H,-,A,D,0,NA,NA,NA,NA,Y,NA,A,07,0,1,0,0,0,0,0,0,0,-,-,NA,NA,ORANGE,LAGUNA HILLS,NA,NA
8692848,2018,2018-09-25,3000,2018-08-04,1940,9684,891D5,6,5,4,3045,0,0,0,NA,0,746,MOULTON PKWY,LAKE FOREST DR,0,NA,Y,A,-,N,NA,NA,NA,NA,NA,NA,NA,NA,NA,N,3,0,1,2,D,-,00,NA,NA,N,D,G,A,A,H,-,C,A,0,NA,Y,NA,NA,Y,NA,-,-,0,1,0,0,0,0,1,0,0,-,-,NA,NA,ORANGE,LAGUNA HILLS,-117.73011016845705,33.629398345947266
8693132,2018,2018-09-28,3009,2018-08-28,0946,4087,071,2,5,6,3009,0,0,0,NA,0,1-2,MAGNOLIA ST,ORANGEWOOD AV,0,NA,Y,A,-,N,NA,NA,NA,NA,NA,NA,NA,NA,NA,Y,4,0,1,2,A,-,12,21453,A,N,D,C,A,A,H,-,A,A,0,NA,NA,NA,NA,Y,NA,A,01,0,0,1,0,0,0,0,0,0,-,-,NA,NA,ORANGE,GARDEN GROVE,-117.9755630493164,33.79576110839844
8693983,2018,2018-09-20,3004,2018-08-04,1812,P629,04,6,5,6,3004,0,0,0,NA,0,015,SANTA ANA AV,CABRILLO ST,140,N,N,A,-,N,NA,NA,NA,NA,NA,NA,NA,NA,NA,N,3,0,1,2,A,-,11,21954,A,N,G,B,D,A,H,-,A,D,0,Y,NA,NA,NA,Y,NA,N,60,0,1,0,0,1,0,0,0,0,-,-,33.63444137573242,-117.91400146484376,ORANGE,COSTA MESA,-117.91407775878906,33.63439178466797
8694665,2018,2018-09-11,3010,2018-08-30,1422,2237,431,4,5,6,3010,0,0,0,NA,0,004,MAIN,YORKTOWN,449,S,N,A,-,N,NA,NA,NA,NA,NA,NA,NA,NA,NA,Y,4,0,2,3,A,-,03,22350,NA,N,C,C,A,A,H,-,A,D,0,NA,NA,NA,NA,Y,NA,A,01,0,0,2,0,0,0,0,0,0,-,-,NA,NA,ORANGE,HUNTINGTON BEACH,-118.00174713134766,33.6780891418457
8694709,2018,2018-09-11,3000,2018-08-17,2037,8962,798A1,5,5,4,3021,0,0,0,NA,0,422,DALE AV,CERRITOS AV,70,N,N,A,-,N,NA,NA,NA,NA,NA,NA,NA,NA,NA,Y,3,0,3,2,A,-,09,21801,A,N,D,C,A,A,H,-,C,D,0,NA,NA,NA,NA,Y,NA,A,01,0,2,1,0,0,0,0,0,0,-,-,NA,NA,ORANGE,STANTON,-117.98448181152344,33.81049346923828
8697228,2018,2018-09-26,3001,2018-07-31,2018,2415,NA,2,5,7,3001,0,0,0,NA,0,0D2,SOUTH HARBOR BL,WEST SOUTH ST,0,NA,Y,A,-,N,NA,NA,NA,NA,NA,NA,NA,NA,NA,Y,3,0,3,2,A,-,09,21801,A,N,A,C,A,A,H,-,C,A,0,NA,NA,NA,NA,Y,NA,A,01,0,2,1,0,0,0,0,0,0,-,-,NA,NA,ORANGE,ANAHEIM,-117.91667938232422,33.825401306152344
8698036,2018,2018-10-03,3026,2018-08-24,0853,519,UNIVE,5,5,6,3026,0,0,0,NA,0,001,JAMBOREE RD,KELVIN AV,0,NA,Y,A,-,N,NA,NA,NA,NA,NA,NA,NA,NA,NA,N,4,0,1,2,A,-,03,22350,NA,N,C,C,A,A,H,-,A,A,0,NA,NA,NA,NA,Y,NA,A,01,0,0,1,0,0,0,0,0,0,-,-,33.68357849121094,-117.8368911743164,ORANGE,IRVINE,-117.83708953857422,33.68357849121094
8698546,2018,2018-10-01,3022,2018-07-25,1749,1316,NA,3,5,5,3022,0,0,0,NA,0,NA,RED HILL AV,WALNUT AV,509,S,N,A,-,N,NA,NA,NA,NA,NA,NA,NA,NA,NA,Y,4,0,1,2,A,-,03,22350,NA,N,C,C,A,A,H,-,A,D,0,NA,NA,NA,NA,Y,NA,A,01,0,0,1,0,0,0,0,0,0,-,-,33.72795867919922,-117.82096862792967,ORANGE,TUSTIN,-117.82207489013672,33.7269401550293
8698723,2018,2018-09-19,3022,2018-08-29,1830,1321,NA,3,5,5,3022,0,0,0,NA,0,NA,BARRANCA PKWY,JAMBOREE RD,0,NA,Y,A,-,N,NA,NA,NA,NA,NA,NA,NA,NA,NA,N,3,0,1,2,A,-,09,21453,C,F,G,B,B,A,H,-,A,A,0,Y,NA,NA,NA,Y,NA,-,NA,0,1,0,0,1,0,0,0,0,-,-,33.694000244140625,-117.82705688476563,ORANGE,TUSTIN,-117.82673645019533,33.69417953491211
8698735,2018,2018-09-19,3022,2018-08-26,2309,1271,NA,7,5,5,3022,0,0,0,NA,0,NA,JAMBOREE RD,PORTOLA PKY,0,NA,Y,A,-,N,NA,NA,NA,NA,NA,NA,NA,NA,NA,Y,3,0,2,2,A,-,08,22107,NA,N,B,C,A,A,H,-,C,A,0,NA,NA,NA,NA,Y,NA,A,01,0,1,1,0,0,0,0,0,0,-,-,33.74386978149414,-117.77147674560548,ORANGE,TUSTIN,-117.77140808105467,33.743900299072266
8699391,2018,2018-10-02,3008,2018-03-06,1813,1317,NA,2,5,6,3008,0,0,0,NA,0,002,CHAPMAN AV,RAYMOND AV,0,NA,Y,A,-,N,NA,NA,NA,NA,NA,NA,NA,NA,NA,Y,4,0,1,2,D,-,00,NA,NA,N,A,D,A,A,H,-,C,A,0,NA,NA,NA,NA,Y,NA,-,-,0,0,1,0,0,0,0,0,0,-,-,NA,NA,ORANGE,FULLERTON,-117.9070281982422,33.87409973144531
8700597,2018,2019-01-07,3002,2018-09-10,0946,1628,NA,1,5,4,3002,0,0,0,NA,0,011,LAMBERT RD,RT 57,34,W,N,A,-,Y,ORA,12,57,-,-,21.204,R,4,S,Y,4,0,1,1,A,-,08,22107,NA,N,E,I,A,A,H,-,A,A,0,NA,NA,NA,NA,Y,NA,A,01,0,0,1,0,0,0,0,0,0,-,-,NA,NA,ORANGE,BREA,-117.880126953125,33.92988586425781
8701064,2018,2018-10-29,3004,2018-08-30,1219,P459,35,4,5,6,3004,0,0,0,NA,0,002,NEWPORT BL,FAIR DR,0,NA,Y,A,-,Y,ORA,12,55,-,R,3.589,R,4,S,Y,3,0,2,2,A,-,12,21453,A,N,D,C,A,A,H,-,A,A,0,NA,NA,NA,NA,Y,NA,A,01,0,1,1,0,0,0,0,0,0,-,-,33.66350173950195,-117.8979034423828,ORANGE,COSTA MESA,-117.89962005615234,33.66112518310547
8702227,2018,2018-10-03,3012,2018-09-17,2215,662,NA,1,5,5,3012,0,0,0,NA,0,004,HARBOR BL,EDWARDS DR,14,S,N,A,-,N,NA,NA,NA,NA,NA,NA,NA,NA,NA,Y,4,0,1,2,A,-,03,22350,NA,N,C,C,A,A,H,-,C,A,0,NA,NA,NA,NA,Y,NA,A,01,0,0,1,0,0,0,0,0,0,-,-,NA,NA,ORANGE,LA HABRA,-117.93305206298828,33.920963287353516
8702289,2018,2018-10-02,3000,2018-07-24,2055,6532,971H4,2,5,4,3029,0,0,0,NA,0,737,GOLDEN LANTERN,ACAPULCO DR,0,NA,Y,A,-,N,NA,NA,NA,NA,NA,NA,NA,NA,NA,Y,4,0,3,2,A,-,12,21453,A,N,D,C,A,A,H,-,C,A,0,NA,NA,NA,NA,Y,NA,A,01,0,0,3,0,0,0,0,0,0,-,-,NA,NA,ORANGE,DANA POINT,-117.69776153564452,33.47909927368164
8702290,2018,2018-09-28,3015,2018-09-03,1645,1432,715,1,5,6,3015,0,0,0,NA,0,214,THE CITY DR SOUTH,METROPOLITAN DR,0,NA,Y,A,-,N,NA,NA,NA,NA,NA,NA,NA,NA,NA,Y,4,0,1,2,A,-,08,22107,NA,N,D,C,A,A,H,-,A,A,0,NA,NA,NA,NA,Y,NA,A,01,0,0,1,0,0,0,0,0,0,-,-,NA,NA,ORANGE,ORANGE,-117.8889389038086,33.780059814453125
8702421,2018,2018-10-02,3007,2018-08-14,1708,310,67,2,5,5,3007,0,0,0,NA,0,003,TALBERT,NEWHOPE,0,NA,Y,A,-,N,NA,NA,NA,NA,NA,NA,NA,NA,NA,N,4,0,2,2,A,-,09,21453,C,N,A,C,A,A,H,-,A,A,0,NA,NA,NA,NA,Y,NA,A,01,0,0,2,0,0,0,0,0,0,-,-,NA,NA,ORANGE,FOUNTAIN VALLEY,-117.93462371826172,33.70186996459961
8704163,2018,2018-10-02,3007,2018-09-14,1901,306,28,5,5,5,3007,0,0,0,NA,0,002,NEW HOPE,HEIL,0,NA,Y,A,-,N,NA,NA,NA,NA,NA,NA,NA,NA,NA,N,4,0,1,2,A,-,10,21950,A,N,G,B,B,A,H,-,A,A,0,Y,NA,NA,NA,Y,NA,A,01,0,0,1,0,1,0,0,0,0,-,-,NA,NA,ORANGE,FOUNTAIN VALLEY,-117.92855072021484,33.72370910644531
8705740,2018,2018-10-18,3004,2018-08-25,2244,P648,19,6,5,6,3004,0,0,0,NA,0,011,MESA VERDE DR EAST,COUNTRY CLUB DR,37,W,N,A,-,N,NA,NA,NA,NA,NA,NA,NA,NA,NA,N,3,0,2,2,A,-,01,23152,A,N,C,C,A,A,H,-,C,D,0,NA,NA,NA,NA,Y,Y,D,22,0,1,1,0,0,0,0,0,0,-,-,33.680198669433594,-117.93109893798828,ORANGE,COSTA MESA,-117.93129730224608,33.6804084777832
8706159,2018,2018-10-05,3000,2018-07-28,1156,9696,951F5,6,5,5,3040,0,0,0,NA,0,741,ANDREA WY,IVY GLENN DR,0,NA,Y,A,-,N,NA,NA,NA,NA,NA,NA,NA,NA,NA,Y,4,0,1,2,A,-,09,21800,B,N,D,C,A,A,H,-,A,D,0,NA,NA,NA,NA,Y,NA,A,01,0,0,1,0,0,0,0,0,0,-,-,NA,NA,ORANGE,LAGUNA NIGUEL,-117.71382904052734,33.52861022949219
8707878,2018,2019-01-03,3004,2018-09-03,1108,P668,33,1,5,6,3004,0,0,0,NA,0,005,BRISTOL ST,RT 405,0,NA,Y,A,-,Y,ORA,12,405,-,-,9.341,R,4,N,Y,4,0,1,2,A,-,12,21453,A,N,D,C,A,A,H,-,A,A,0,NA,NA,NA,NA,Y,NA,A,01,0,0,1,0,0,0,0,0,0,-,NF,33.68899917602539,-117.8856964111328,ORANGE,COSTA MESA,-117.88266754150392,33.68750762939453
8707921,2018,2019-01-07,3010,2018-09-21,1007,1107,282,5,5,6,3010,0,0,0,NA,0,006,RT 39,TALBERT,61,N,N,A,-,Y,ORA,12,39,-,-,3.063,H,-,S,N,4,0,1,2,A,-,03,22350,NA,N,C,C,A,A,H,-,A,A,0,NA,NA,NA,NA,Y,NA,A,07,0,0,1,0,0,0,0,0,0,-,-,NA,NA,ORANGE,HUNTINGTON BEACH,-117.98895263671876,33.69291687011719
8708109,2018,2018-10-11,3012,2018-09-08,2320,653,NA,6,5,5,3012,0,0,0,NA,0,003,IDAHO,SANDLEWOOD AV,0,NA,Y,A,-,N,NA,NA,NA,NA,NA,NA,NA,NA,NA,Y,4,0,1,2,A,-,12,21453,A,N,-,C,A,A,H,-,C,A,0,NA,NA,NA,NA,Y,NA,A,01,0,0,1,0,0,0,0,0,0,-,-,NA,NA,ORANGE,LA HABRA,-117.95916748046876,33.91315841674805
8710313,2018,2018-10-16,3024,2018-09-21,1750,420,P35,5,5,5,3024,0,0,0,NA,0,EAST,BROOKHURST ST,BISHOP PL,365,N,N,A,-,N,NA,NA,NA,NA,NA,NA,NA,NA,NA,Y,4,0,1,3,A,-,03,22350,NA,N,C,C,A,A,H,-,A,A,0,NA,NA,NA,NA,Y,NA,A,01,0,0,1,0,0,0,0,0,0,-,-,33.741329193115234,-117.95474243164063,ORANGE,WESTMINSTER,-117.95492553710938,33.742340087890625
8710412,2018,2018-10-16,3008,2018-02-21,1134,1546,NA,3,5,6,3008,0,0,0,NA,0,002,CHAPMAN AV,YALE AV,0,NA,Y,A,-,N,NA,NA,NA,NA,NA,NA,NA,NA,NA,Y,3,0,1,2,A,-,00,21502,A,N,D,C,A,A,H,-,A,D,0,NA,NA,Y,NA,Y,NA,-,-,0,1,0,0,0,0,0,0,1,-,-,NA,NA,ORANGE,FULLERTON,-117.91192626953124,33.87403869628906
8711773,2018,2018-10-16,3008,2018-04-16,1807,1112,NA,1,5,6,3008,0,0,0,NA,0,001,GILBERT ST,ARTESIA AV,135,S,N,G,-,N,NA,NA,NA,NA,NA,NA,NA,NA,NA,N,4,0,1,2,A,-,09,21804,A,N,D,C,A,A,H,-,A,D,0,NA,NA,NA,Y,Y,NA,F,55,0,0,1,0,0,0,0,0,0,-,-,NA,NA,ORANGE,FULLERTON,-117.96818542480467,33.87171936035156
8714116,2018,2018-10-22,3010,2018-10-01,1254,1059,292,1,5,6,3010,0,0,0,NA,0,005,HUNTINGTON ST,ELLIS AV,51,N,N,B,-,N,NA,NA,NA,NA,NA,NA,NA,NA,NA,Y,3,0,1,2,A,-,08,22107,NA,N,C,E,A,A,H,-,A,D,0,NA,NA,NA,NA,Y,NA,A,01,0,1,0,0,0,0,0,0,0,-,-,NA,NA,ORANGE,HUNTINGTON BEACH,-117.99544525146484,33.69401931762695
8714120,2018,2018-10-26,3015,2018-10-01,2033,1605,332,1,5,6,3015,0,0,0,NA,0,44N,EAST CHAPMAN AV,S SERANADO ST,37,E,N,A,-,N,NA,NA,NA,NA,NA,NA,NA,NA,NA,Y,4,0,1,2,A,-,04,21703,NA,N,C,C,A,A,H,-,C,D,0,NA,NA,NA,NA,Y,NA,A,01,0,0,1,0,0,0,0,0,0,-,-,NA,NA,ORANGE,ORANGE,-117.81148529052734,33.78776168823242
8716038,2018,2018-10-16,3008,2018-05-14,1454,1147,NA,1,5,6,3008,0,0,0,NA,0,NORTH,GILBERT ST,ARTESIA AV,188,S,N,A,-,N,NA,NA,NA,NA,NA,NA,NA,NA,NA,N,4,0,1,2,A,-,05,21650,NA,N,D,C,A,A,H,-,A,D,0,NA,NA,NA,NA,Y,NA,A,07,0,0,1,0,0,0,0,0,0,-,-,NA,NA,ORANGE,FULLERTON,-117.96818542480467,33.87157440185547
8716793,2018,2018-10-18,3003,2018-09-19,1503,665,23,3,5,5,3003,0,0,0,NA,0,008,WESTERN AV,AUTO CENTER DR,0,NA,Y,A,-,N,NA,NA,NA,NA,NA,NA,NA,NA,NA,Y,4,0,1,2,A,-,12,21453,A,N,D,C,A,A,H,-,A,A,0,NA,NA,NA,NA,Y,NA,A,07,0,0,1,0,0,0,0,0,0,-,-,33.86989974975586,-118.00279998779295,ORANGE,BUENA PARK,-118.00260925292967,33.869998931884766
8718358,2018,2018-12-31,3010,2018-09-30,1029,1261,273,7,5,6,3010,0,0,0,NA,0,006,RT 39,WARNER,0,NA,Y,A,-,Y,ORA,12,39,-,-,4.631,I,5,N,N,3,0,1,2,A,-,08,22107,NA,F,G,B,B,A,H,-,A,A,0,Y,NA,NA,NA,Y,NA,-,99,0,1,0,0,1,0,0,0,0,-,-,NA,NA,ORANGE,HUNTINGTON BEACH,-117.98899841308594,33.71569061279297
8718470,2018,2018-11-06,3014,2018-08-10,1025,1253,RD25,5,5,5,3014,0,0,0,NA,0,0A2,RT 1,TUSTIN AV,1050,E,N,A,-,Y,ORA,12,1,-,-,19.21,H,-,N,Y,4,0,3,3,A,-,03,22350,NA,N,C,C,A,A,H,-,A,A,0,NA,NA,NA,NA,Y,NA,A,01,0,0,3,0,0,0,0,0,0,-,-,33.61819839477539,-117.9197998046875,ORANGE,NEWPORT BEACH,-117.91983795166016,33.61819839477539
8718894,2018,2019-01-24,3012,2018-10-01,2149,593,35,1,5,5,3012,0,0,0,NA,0,003,IMPERIAL HWY,IDAHO ST,0,NA,Y,A,-,Y,ORA,12,90,-,-,1.011,I,5,E,Y,4,0,1,2,A,-,09,21453,C,N,-,D,A,A,H,-,C,A,0,NA,NA,NA,NA,Y,NA,A,01,0,0,1,0,0,0,0,0,0,-,-,NA,NA,ORANGE,LA HABRA,-117.95915985107422,33.9172477722168