CASE_ID,ACCIDENT_YEAR,PROC_DATE,JURIS,COLLISION_DATE,COLLISION_TIME,OFFICER_ID,REPORTING_DISTRICT,DAY_OF_WEEK,CHP_SHIFT,POPULATION,CNTY_CITY_LOC,SPECIAL_COND,BEAT_TYPE,CHP_BEAT_TYPE,CITY_DIVISION_LAPD,CHP_BEAT_CLASS,BEAT_NUMBER,PRIMARY_RD,SECONDARY_RD,DISTANCE,DIRECTION,INTERSECTION,WEATHER_1,WEATHER_2,STATE_HWY_IND,CALTRANS_COUNTY,CALTRANS_DISTRICT,STATE_ROUTE,ROUTE_SUFFIX,POSTMILE_PREFIX,POSTMILE,LOCATION_TYPE,RAMP_INTERSECTION,SIDE_OF_HWY,TOW_AWAY,COLLISION_SEVERITY,NUMBER_KILLED,NUMBER_INJURED,PARTY_COUNT,PRIMARY_COLL_FACTOR,PCF_CODE_OF_VIOL,PCF_VIOL_CATEGORY,PCF_VIOLATION,PCF_VIOL_SUBSECTION,HIT_AND_RUN,TYPE_OF_COLLISION,MVIW,PED_ACTION,ROAD_SURFACE,ROAD_COND_1,ROAD_COND_2,LIGHTING,CONTROL_DEVICE,CHP_ROAD_TYPE,PEDESTRIAN_ACCIDENT,BICYCLE_ACCIDENT,MOTORCYCLE_ACCIDENT,TRUCK_ACCIDENT,NOT_PRIVATE_PROPERTY,ALCOHOL_INVOLVED,STWD_VEHTYPE_AT_FAULT,CHP_VEHTYPE_AT_FAULT,COUNT_SEVERE_INJ,COUNT_VISIBLE_INJ,COUNT_COMPLAINT_PAIN,COUNT_PED_KILLED,COUNT_PED_INJURED,COUNT_BICYCLIST_KILLED,COUNT_BICYCLIST_INJURED,COUNT_MC_KILLED,COUNT_MC_INJURED,PRIMARY_RAMP,SECONDARY_RAMP,LATITUDE,LONGITUDE,COUNTY,CITY,POINT_X,POINT_Y
90040276,2015,2015-10-29,9675,2015-10-23,1500,018539,NA,5,2,4,3002,0,1,3,NA,2,570,SR-57 N/B,IMPERIAL HIGHWAY,650,S,N,A,-,Y,NA,NA,57,NA,NA,NA,NA,NA,N,Y,4,0,1,2,A,-,03,22350,NA,N,C,C,A,A,H,-,A,D,0,NA,NA,NA,NA,Y,NA,A,01,0,0,1,0,0,0,0,0,0,-,-,33.908,-117.88215,ORANGE,BREA,-117.88223211,33.90796486
90042271,2015,2015-11-02,9670,2015-10-28,0650,013102,NA,3,1,5,3003,0,1,3,NA,2,192,SR-91 E/B (RIVERSIDE FREEWAY),WESTERN AVE,185,W,N,B,-,Y,NA,NA,91,NA,NA,NA,NA,NA,E,Y,4,0,2,2,A,-,03,22350,NA,N,C,C,A,A,H,-,A,D,0,NA,NA,NA,NA,Y,NA,A,01,0,0,2,0,0,0,0,0,0,-,-,33.85581,-118.00314,ORANGE,BUENA PARK,-118.00314099,33.85595005
90052770,2015,2015-11-17,9690,2015-10-12,0945,012830,NA,1,1,9,3000,0,2,4,NA,2,037,TRABUCO CANYON ROAD,TRABUCO CREEK ROAD,528,S,N,A,-,N,NA,NA,NA,NA,NA,NA,NA,NA,NA,N,3,0,1,1,A,-,08,22107,NA,N,F,A,A,A,H,-,A,D,0,NA,NA,Y,NA,Y,NA,C,02,0,1,0,0,0,0,0,0,1,-,-,33.65743,-117.58813,ORANGE,UNINCORPORATED,-117.58621927,33.65812147
90053994,2015,2015-11-19,9675,2015-10-28,2209,018983,NA,3,3,6,3026,0,1,1,NA,2,504,I-5 NORTHBOUND,SAND CANYON AVENUE,1650,N,N,A,-,Y,NA,NA,5,NA,NA,NA,NA,NA,N,Y,4,0,1,3,A,-,07,21658,A,N,C,C,A,A,H,-,C,D,0,NA,NA,NA,Y,Y,NA,D,22,0,0,1,0,0,0,0,0,0,-,-,33.68136,-117.76189,ORANGE,IRVINE,-117.76192192,33.68132383
90056400,2015,2015-11-20,9675,2015-11-12,1435,019979,NA,4,2,9,3000,0,2,4,NA,2,034,SANTIAGO CANYON ROAD,SILVERADO CANYON ROAD,1500,N,N,A,-,Y,NA,NA,NA,NA,NA,NA,NA,NA,NA,Y,2,0,2,1,A,-,08,22107,NA,N,F,C,A,A,H,-,A,D,0,NA,NA,NA,NA,Y,NA,A,07,1,1,0,0,0,0,0,0,0,-,-,33.74756,-117.67647,ORANGE,UNINCORPORATED,-117.66901872,33.74640835
90061850,2015,2015-11-30,9675,2015-11-20,1850,018539,NA,5,2,7,3001,0,1,3,NA,2,572,SR-57 S/B,LINCOLN AVE,1100,S,N,A,-,Y,NA,NA,57,NA,NA,NA,NA,NA,S,Y,4,0,1,3,A,-,03,22350,NA,N,C,C,A,A,H,-,C,D,0,NA,NA,NA,NA,Y,NA,D,22,0,0,1,0,0,0,0,0,0,-,-,33.83076,-117.87627,ORANGE,ANAHEIM,-117.8762807,33.83076007
90062275,2015,2015-12-01,9675,2015-11-19,1705,017833,NA,4,2,7,3019,0,1,1,NA,2,530,I-5 NORTHBOUND,SR-55 NORTHBOUND,1100,S,N,A,-,Y,NA,NA,NA,NA,NA,NA,NA,NA,NA,N,3,0,2,1,A,-,08,22107,NA,N,F,A,A,A,H,-,C,D,0,NA,NA,Y,NA,Y,NA,C,02,0,2,0,0,0,0,0,0,2,-,-,33.74041,-117.83233,ORANGE,SANTA ANA,-117.83375,33.74079
90064355,2015,2015-12-03,9670,2015-11-16,1833,019690,NA,1,2,7,3001,0,1,3,NA,2,093,SR-91 E/B,EUCLID ST,300,E,N,A,-,Y,NA,NA,91,NA,NA,NA,NA,NA,E,Y,4,0,1,3,A,-,03,22350,NA,N,C,C,A,A,H,-,D,D,0,NA,NA,NA,Y,Y,NA,G,25,0,0,1,0,0,0,0,0,0,-,-,33.85396,-117.93984,ORANGE,ANAHEIM,-117.93984044,33.85408373
90065041,2015,2015-12-03,9670,2015-11-14,1230,017951,NA,6,1,4,3020,0,1,1,NA,2,044,I-405 NORTHBOUND (SAN DIEGO FREEWAY),SEAL BEACH BOULEVARD,2290,S,N,A,-,Y,NA,NA,405,NA,NA,NA,NA,NA,N,Y,4,0,1,2,A,-,07,21658,A,N,C,C,A,A,H,-,A,D,0,NA,NA,Y,NA,Y,NA,A,08,0,0,1,0,0,0,0,0,1,-,-,33.77436,-118.06726,ORANGE,SEAL BEACH,-118.06726124,33.77442465
90066442,2015,2015-12-07,9675,2015-11-28,1710,020746,NA,6,2,9,3000,0,2,4,NA,2,034,SANTIAGO CANYON RD SOUTHBOUND,MODJESKA GRADE RD,10,N,N,A,-,N,NA,NA,NA,NA,NA,NA,NA,NA,NA,N,4,0,1,2,A,-,03,22350,NA,N,C,C,A,A,H,-,C,D,0,NA,NA,NA,NA,Y,NA,A,01,0,0,1,0,0,0,0,0,0,-,-,33.69595,-117.63266,ORANGE,UNINCORPORATED,-117.63327205,33.69696028
90066461,2015,2015-12-07,9670,2015-11-21,1819,020194,NA,6,2,5,3003,0,1,3,NA,2,092,SR-91 E/B,BEACH BLVD,700,W,N,A,-,Y,NA,NA,91,NA,NA,NA,NA,NA,E,Y,4,0,1,2,A,-,07,21658,A,N,C,C,A,A,H,-,C,D,0,NA,NA,NA,NA,Y,NA,A,01,0,0,1,0,0,0,0,0,0,-,-,33.85584,-117.99916,ORANGE,BUENA PARK,-117.9991615,33.85597435
90067501,2015,2015-12-08,9675,2015-11-28,1420,020766,NA,6,2,7,3001,0,1,3,NA,2,572,SR-57 S/B,BALL RD,5,S,N,A,-,Y,NA,NA,57,NA,NA,NA,NA,NA,S,Y,4,0,1,2,A,-,08,22107,NA,F,B,C,A,A,H,-,A,D,0,NA,NA,NA,NA,Y,NA,D,22,0,0,1,0,0,0,0,0,0,-,-,33.81753,-117.87642,ORANGE,ANAHEIM,-117.87653422,33.81755026
90067812,2015,2015-12-08,9675,2015-12-02,1913,017192,NA,3,2,6,3015,0,1,3,NA,2,222,SR-22 W/B (GARDEN GROVE FREEWAY),GRAND AVE,300,E,N,A,-,Y,NA,NA,22,NA,NA,NA,NA,NA,W,N,4,0,1,2,A,-,03,22350,NA,N,C,C,A,A,H,-,C,D,0,NA,NA,NA,NA,Y,NA,D,22,0,0,1,0,0,0,0,0,0,-,-,33.77567,-117.84673,ORANGE,ORANGE,-117.84671122,33.77558961
9006837,2019,2020-02-15,3007,2019-12-28,1233,320,66,6,5,5,3007,0,0,0,NA,0,003,ELLIS,PACIFIC,75,E,N,A,-,N,NA,NA,NA,NA,NA,NA,NA,NA,NA,N,4,0,2,3,A,-,07,21658,A,N,C,D,A,A,H,-,A,D,0,NA,NA,NA,NA,Y,NA,A,07,0,0,2,0,0,0,0,0,0,-,-,NA,NA,ORANGE,FOUNTAIN VALLEY,-117.93886566162108,33.69423294067383
9006861,2019,2020-02-15,3007,2019-12-10,1020,322,24,2,5,5,3007,0,0,0,NA,0,001,BROOKHURST,HEIL,0,NA,Y,A,-,N,NA,NA,NA,NA,NA,NA,NA,NA,NA,Y,3,0,1,2,A,-,09,21801,A,N,A,C,A,A,H,-,A,A,0,NA,NA,NA,NA,Y,NA,A,01,0,1,0,0,0,0,0,0,0,-,-,NA,NA,ORANGE,FOUNTAIN VALLEY,-117.95465850830078,33.723541259765625
90069452,2015,2015-12-10,9675,2015-12-08,1915,017192,NA,2,2,5,3022,0,1,3,NA,2,551,SR-55 N/B (COSTA MESA FREEWAY),17TH ST,200,S,N,A,-,Y,NA,NA,55,NA,NA,NA,NA,NA,N,Y,4,0,1,3,A,-,03,22350,NA,F,C,C,A,A,H,-,C,D,0,NA,NA,NA,NA,Y,NA,A,01,0,0,1,0,0,0,0,0,0,-,-,33.75145,-117.83156,ORANGE,TUSTIN,-117.83163045,33.75146031
90071987,2015,2015-12-14,9670,2015-11-29,1815,020455,NA,7,2,5,3003,0,1,3,NA,2,092,SR-91 E/B,KNOTT AVE.,1890,W,N,A,-,Y,NA,NA,91,NA,NA,NA,NA,NA,E,Y,3,0,3,3,A,-,03,22350,NA,N,C,C,A,A,H,-,C,D,0,NA,NA,NA,NA,Y,NA,A,01,0,1,2,0,0,0,0,0,0,-,-,33.85589,-118.01757,ORANGE,BUENA PARK,-118.01756971,33.85585328
90072728,2015,2015-12-14,9670,2015-12-06,1255,018180,NA,7,1,7,3001,0,1,3,NA,2,093,SR-91 W/B (RIVERSIDE FREEWAY),RAYMOND AVE.,330,E,N,A,-,Y,NA,NA,NA,NA,NA,NA,NA,NA,NA,N,4,0,1,2,A,-,03,22350,NA,N,C,C,A,A,H,-,A,D,0,NA,NA,NA,NA,Y,NA,A,01,0,0,1,0,0,0,0,0,0,-,-,33.83485,-118.19423,ORANGE,ANAHEIM,-117.90564583,33.85394686
90072983,2015,2015-12-15,9675,2015-12-07,0210,018868,NA,1,3,5,3022,0,1,3,NA,2,551,SR-55 S/B TO I-5 S/B,1ST ST,2000,S,N,A,-,Y,NA,NA,55,NA,NA,NA,R,NA,S,Y,3,0,1,1,A,-,03,22350,NA,F,E,I,A,A,H,-,C,D,0,NA,NA,NA,NA,Y,NA,A,01,0,1,0,0,0,0,0,0,0,-,-,33.73996,-117.83261,ORANGE,TUSTIN,-117.83261,33.73996
90073276,2015,2015-12-15,9690,2015-12-06,1520,012830,NA,7,2,9,3000,0,2,4,NA,2,037,LIVE OAK CANYON ROAD,O'NEILL REGIONAL PARK ENTRANCE,3696,N,N,A,-,N,NA,NA,NA,NA,NA,NA,NA,NA,NA,Y,2,0,2,2,A,-,05,21460,NA,N,A,C,A,A,H,-,A,D,0,NA,NA,Y,NA,Y,NA,C,02,2,0,0,0,0,0,0,0,2,-,-,33.66281,-117.60085,ORANGE,UNINCORPORATED,NA,NA
90074588,2015,2015-12-15,9675,2015-12-09,1455,019979,NA,3,2,6,3008,0,1,3,NA,2,571,SR-57 SOUTHBOUND,NUTWOOD AVE,600,N,N,A,-,Y,NA,NA,57,NA,NA,NA,NA,NA,S,Y,4,0,1,2,A,-,03,22350,NA,N,C,C,A,A,H,-,A,D,0,NA,NA,NA,NA,Y,NA,A,01,0,0,1,0,0,0,0,0,0,-,-,33.88575,-117.88086,ORANGE,FULLERTON,-117.88067432,33.88575419
9007525,2019,2020-02-06,3003,2019-12-03,1437,1200,80,2,5,5,3003,0,0,0,NA,0,004,LA PALMA AV,SAN MARINO DR,0,NA,Y,B,-,N,NA,NA,NA,NA,NA,NA,NA,NA,NA,N,2,0,1,2,A,-,09,21800,A,N,D,G,A,A,H,-,A,A,0,NA,Y,NA,NA,Y,NA,L,04,1,0,0,0,0,0,1,0,0,-,-,33.84659957885742,-118.02400207519533,ORANGE,BUENA PARK,-118.01920318603516,33.846649169921875
90079345,2015,2015-12-21,9670,2015-12-01,1525,013953,NA,2,2,6,3009,0,1,3,NA,2,025,SR-22 W/B (GARDEN GROVE FWY),NEWHOPE STREET,1528,W,N,A,-,Y,NA,NA,22,NA,NA,NA,NA,NA,W,Y,3,0,1,4,A,-,03,22350,NA,N,C,C,A,A,H,-,A,D,0,NA,NA,NA,Y,Y,NA,A,07,0,1,0,0,0,0,0,0,0,-,-,33.76628,-117.93298,ORANGE,GARDEN GROVE,-117.93297959,33.76617335
90080197,2015,2015-12-22,9675,2015-12-10,1550,019979,NA,4,2,6,3015,0,1,3,NA,2,222,SR-22 WESTBOUND,GRAND AVE,800,E,N,A,-,Y,NA,NA,22,NA,NA,NA,NA,NA,W,Y,3,0,3,3,A,-,03,22350,NA,N,C,C,A,A,H,-,A,D,0,NA,NA,NA,NA,Y,NA,D,22,0,1,2,0,0,0,0,0,0,-,-,33.77557,-117.84721,ORANGE,ORANGE,-117.84719297,33.77548433
90080489,2015,2015-12-22,9675,2015-12-18,1335,020594,NA,5,1,4,3002,0,1,3,NA,2,570,SR-57 N/B TO IMPERIAL HWY.,IMPERIAL HIGHWAY,200,S,N,A,-,Y,NA,NA,57,NA,NA,NA,R,NA,N,Y,4,0,5,2,A,-,03,22350,NA,N,C,C,A,A,H,-,A,D,0,NA,NA,NA,NA,Y,NA,A,07,0,0,5,0,0,0,0,0,0,-,-,33.90917,-117.88227,ORANGE,BREA,-117.88227,33.90917
9008097,2019,2020-01-18,3000,2019-11-12,1052,9220,972B4,2,5,4,3018,0,0,0,NA,0,730,CAMINO CAPISTRANO,AVE AEROPUERTO,0,NA,Y,A,-,N,NA,NA,NA,NA,NA,NA,NA,NA,NA,Y,4,0,1,2,C,-,18,NA,NA,N,D,C,A,A,H,-,A,A,0,NA,NA,NA,Y,Y,NA,-,-,0,0,1,0,0,0,0,0,0,-,-,NA,NA,ORANGE,SAN JUAN CAPISTRANO,-117.67079162597656,33.48114013671875
90082306,2015,2015-12-24,9670,2015-12-03,2035,019120,NA,4,2,5,3007,0,1,1,NA,2,040,I-405 N/B,WARD ST,480,N,N,A,-,Y,NA,NA,405,NA,NA,NA,NA,NA,N,Y,3,0,2,2,A,-,08,22107,NA,N,B,C,A,A,H,-,C,D,0,NA,NA,NA,NA,Y,NA,A,01,0,2,0,0,0,0,0,0,0,-,-,33.70079,-117.94719,ORANGE,FOUNTAIN VALLEY,-117.94717019,33.70083725
90088054,2015,2016-01-05,9670,2015-12-10,2215,020723,NA,4,3,5,3024,0,1,1,NA,2,042,I-405 N/B TO WESTMINSTER BLVD,WESTMINSTER BLVD,165,N,N,B,-,Y,NA,NA,405,NA,NA,NA,R,NA,N,Y,3,0,2,1,A,-,01,23152,A,N,F,A,A,B,H,-,C,D,0,NA,NA,NA,NA,Y,Y,D,22,0,2,0,0,0,0,0,0,0,-,-,33.75961,-118.02115,ORANGE,WESTMINSTER,-118.02115,33.75961
90088389,2015,2016-01-05,9675,2015-12-30,1613,016944,NA,3,2,6,3004,0,1,3,NA,2,073,SR-73 S/B,BEAR ST,200,N,N,A,-,Y,NA,NA,73,NA,NA,NA,NA,NA,S,Y,3,0,1,3,A,-,03,22350,NA,N,C,C,A,A,B,-,A,D,0,NA,NA,NA,NA,Y,NA,A,07,0,1,0,0,0,0,0,0,0,-,-,33.68286,-117.89481,ORANGE,COSTA MESA,-117.89476633,33.68289838
9008882,2019,2019-12-27,3000,2019-10-12,1855,8863,891-J,6,5,4,3045,0,0,0,NA,0,647,AVENIDA DE LA CARLOTA,PLAZA LN,832,S,N,A,-,N,NA,NA,NA,NA,NA,NA,NA,NA,NA,Y,3,0,2,2,A,-,09,21804,A,N,D,C,A,A,H,-,C,A,0,NA,NA,NA,NA,Y,NA,A,01,0,1,1,0,0,0,0,0,0,-,-,NA,NA,ORANGE,LAGUNA HILLS,-117.70497894287108,33.611793518066406
90090434,2016,2016-01-07,9675,2016-01-06,1212,017773,NA,3,1,6,3026,0,1,1,NA,2,407,I-405 N/B,SR-133,100,N,N,B,C,Y,NA,NA,405,NA,NA,NA,NA,NA,N,Y,4,0,1,1,A,-,03,22350,NA,N,E,I,A,B,H,-,A,D,0,NA,NA,NA,NA,Y,NA,A,07,0,0,1,0,0,0,0,0,0,-,-,33.65215,-117.76218,ORANGE,IRVINE,-117.76219728,33.65201586
9009152,2019,2020-09-14,3002,2019-12-11,1623,1662,NA,3,5,4,3002,0,0,0,NA,0,012,CARBON CANYON RD,MILE MARKER 142 ORA 3.9,20,E,N,A,-,Y,ORA,12,142,-,-,3.9,H,-,E,N,4,0,1,2,A,-,01,23152,A,N,C,C,A,A,H,-,C,D,0,NA,NA,NA,NA,Y,Y,A,07,0,0,1,0,0,0,0,0,0,-,-,NA,NA,ORANGE,BREA,-117.81238555908205,33.923255920410156
90091820,2015,2016-01-11,9675,2015-12-28,1308,018834,NA,1,1,7,3001,0,1,3,NA,2,571,SR-57 S/B TO SR-91 E/B,SR-91 EASTBOUND,325,S,N,A,-,Y,NA,NA,57,NA,NA,NA,R,NA,S,Y,4,0,1,2,A,-,08,22107,NA,N,E,I,A,A,H,-,A,D,0,NA,NA,NA,NA,Y,NA,A,01,0,0,1,0,0,0,0,0,0,-,-,33.84908,-117.87697,ORANGE,ANAHEIM,-117.87697,33.84908
90095238,2016,2016-01-14,9690,2016-01-11,2130,017988,NA,1,2,5,3017,0,1,1,NA,2,059,I-5 N/B (SAN DIEGO FRWY),CAMINO DE ESTRELLA,500,S,N,A,-,Y,NA,NA,5,NA,NA,NA,NA,NA,N,Y,4,0,1,2,A,-,08,22107,NA,N,B,C,A,A,D,-,D,D,0,NA,NA,NA,NA,Y,NA,A,01,0,0,1,0,0,0,0,0,0,-,-,33.45734,-117.65295,ORANGE,SAN CLEMENTE,-117.653048,33.45716158
9009536,2019,2020-02-20,3010,2019-12-06,1602,1015,437,5,5,6,3010,0,0,0,NA,0,003,YORKTOWN AV,WARD ST,0,NA,Y,C,-,N,NA,NA,NA,NA,NA,NA,NA,NA,NA,Y,3,0,1,1,A,-,08,22107,NA,N,H,I,A,B,H,-,A,A,0,NA,NA,NA,NA,Y,NA,A,07,0,1,0,0,0,0,0,0,0,-,-,NA,NA,ORANGE,HUNTINGTON BEACH,-117.94554138183594,33.679649353027344
9009580,2019,2020-06-09,3002,2019-12-06,1749,1447,NA,5,5,4,3002,0,0,0,NA,0,014,IMPERIAL HWY,ASSOCIATED RD,211,E,N,B,C,Y,ORA,12,90,-,-,5.69,H,-,W,Y,4,0,1,2,C,-,18,NA,NA,N,C,C,A,B,H,-,C,A,0,NA,NA,NA,NA,Y,NA,-,-,0,0,1,0,0,0,0,0,0,-,-,33.91033935546875,-117.88023376464844,ORANGE,BREA,-117.87944793701172,33.91086959838867
90098058,2016,2016-01-19,9670,2016-01-02,0914,017022,NA,6,1,6,3009,0,1,3,NA,2,025,SR-22 E/B (GARDEN GROVE FREEWAY),EUCLID STREET,1580,E,N,A,-,Y,NA,NA,NA,NA,NA,NA,NA,NA,NA,Y,3,0,1,3,A,-,08,22107,NA,N,B,C,A,A,H,-,A,D,0,NA,NA,NA,NA,Y,NA,A,01,0,1,0,0,0,0,0,0,0,-,-,33.45572,-117.55565,ORANGE,GARDEN GROVE,-117.93765,33.76593
90098521,2016,2016-01-20,9675,2016-01-13,0925,014558,NA,3,1,6,3026,0,1,1,NA,2,503,I-5 N/B,YALE AVENUE,50,S,N,B,-,Y,NA,NA,5,NA,NA,NA,NA,NA,N,Y,4,0,1,2,A,-,03,22350,NA,N,C,C,A,A,H,-,A,D,0,NA,NA,NA,NA,Y,NA,A,01,0,0,1,0,0,0,0,0,0,-,-,33.70049,-117.77494,ORANGE,IRVINE,-117.77505087,33.70041701
90100033,2016,2016-01-21,9670,2016-01-19,0800,014303,NA,2,1,9,3000,0,3,5,NA,2,003,HARRISBURG ROAD,SHAKESPEARE DRIVE,0,NA,Y,A,-,N,NA,NA,NA,NA,NA,NA,NA,NA,NA,Y,3,0,1,2,A,-,09,21802,A,N,D,C,A,A,H,-,A,A,0,NA,NA,NA,NA,Y,NA,A,07,0,1,0,0,0,0,0,0,0,-,-,33.795,-118.0784,ORANGE,UNINCORPORATED,-118.07845008,33.79502003
90100220,2016,2016-01-25,9690,2016-01-20,0750,012830,NA,3,1,5,3028,0,1,1,NA,2,056,I-5 S/B (SAN DIEGO FRWY),CROWN VALLEY PKWY,2112,N,N,B,-,Y,NA,NA,5,NA,NA,NA,NA,NA,S,Y,4,0,1,3,A,-,03,22350,NA,N,C,C,A,A,H,-,A,D,0,NA,NA,NA,NA,Y,NA,A,07,0,0,1,0,0,0,0,0,0,-,-,33.56511,-117.67247,ORANGE,MISSION VIEJO,-117.67256117,33.56512166
90100753,2016,2016-01-22,9675,2016-01-15,1810,020668,NA,5,2,5,3022,0,1,3,NA,2,551,SR-55 NORTHBOUND,SEVENTEENTH STREET,1000,N,N,A,-,Y,NA,NA,55,NA,NA,NA,NA,NA,N,Y,4,0,2,3,A,-,03,22350,NA,F,C,C,A,A,H,-,C,D,0,NA,NA,NA,NA,Y,NA,A,01,0,0,2,0,0,0,0,0,0,-,-,33.76403,-117.83062,ORANGE,TUSTIN,-117.83083097,33.7640313
90101856,2016,2016-01-25,9690,2016-01-16,0745,020446,NA,6,1,4,3029,0,1,1,NA,2,058,I-5 S/B (SAN DIEGO FRWY),CAMINO DE ESTRELLA,1390,N,N,B,-,Y,NA,NA,5,NA,NA,NA,NA,NA,S,Y,4,0,2,5,A,-,03,22350,NA,N,C,C,A,A,H,-,A,D,0,NA,NA,NA,NA,Y,NA,A,01,0,0,2,0,0,0,0,0,0,-,-,33.46047,-117.65961,ORANGE,DANA POINT,-117.65961878,33.46044888
90102852,2016,2016-01-26,9690,2016-01-20,0709,014552,NA,3,1,9,3000,0,2,4,NA,2,035,MEANDERING TRAIL,OSO PARKWAY,0,NA,Y,B,-,N,NA,NA,NA,NA,NA,NA,NA,NA,NA,Y,3,0,4,2,A,-,17,21451,A,N,D,C,A,B,H,-,A,A,0,NA,NA,NA,NA,Y,NA,A,01,0,3,1,0,0,0,0,0,0,-,-,33.58681,-117.62308,ORANGE,UNINCORPORATED,-117.62363014,33.58679002
90104845,2016,2016-01-28,9670,2016-01-19,0630,016209,NA,2,1,6,3009,0,1,3,NA,2,021,SR-22 W/B (GARDEN GROVE FREEWAY),SPRINGDALE ST.,2670,W,N,B,-,Y,NA,NA,22,NA,NA,NA,NA,NA,W,Y,4,0,1,4,A,-,07,21658,A,F,B,C,A,A,H,-,D,D,0,NA,NA,NA,NA,Y,NA,A,01,0,0,1,0,0,0,0,0,0,-,-,33.77447,-118.02916,ORANGE,GARDEN GROVE,-118.02916065,33.77440733
90104874,2016,2016-01-28,9670,2016-01-28,0536,017022,NA,4,3,6,3009,0,1,3,NA,2,024,SR-22 E/B (GARDEN GROVE FREEWAY),PEARCE STREET PEDESTRIAN O/C,970,W,N,A,-,Y,NA,NA,NA,NA,NA,NA,NA,NA,NA,Y,4,0,1,3,A,-,03,22350,NA,N,C,C,A,A,H,-,C,D,0,NA,NA,NA,NA,Y,NA,A,01,0,0,1,0,0,0,0,0,0,-,-,33.46095,-117.54559,ORANGE,GARDEN GROVE,NA,NA
90106238,2016,2016-02-01,9670,2016-01-31,0700,019290,NA,7,1,7,3001,0,1,3,NA,2,094,SR-91 E/B (RIVERSIDE FWY),EUCLID ST,1584,W,N,B,C,Y,NA,NA,91,NA,NA,NA,NA,NA,E,N,4,0,2,2,A,-,03,22350,NA,N,C,C,A,B,H,-,A,D,0,NA,NA,NA,NA,Y,NA,A,01,0,0,2,0,0,0,0,0,0,-,-,33.85385,-117.94914,ORANGE,ANAHEIM,-117.94914199,33.85397646
90107209,2016,2016-02-02,9675,2016-01-28,1520,017192,NA,4,2,7,3019,0,1,1,NA,2,502,I-5 S/B (SANTA ANA FREEWAY),LINCOLN AVE,300,N,N,A,-,Y,NA,NA,5,NA,NA,NA,NA,NA,S,N,4,0,1,3,A,-,03,22350,NA,F,C,C,A,A,H,-,A,D,0,NA,NA,NA,NA,Y,NA,A,01,0,0,1,0,0,0,0,0,0,-,-,33.75757,-117.85828,ORANGE,SANTA ANA,-117.85830096,33.75752685
9010853,2019,2020-02-15,3010,2019-12-13,2131,1015,445,5,5,6,3010,0,0,0,NA,0,003,MAGNOLIA ST,ADAMS AV,340,N,N,B,-,N,NA,NA,NA,NA,NA,NA,NA,NA,NA,N,3,0,1,2,A,-,11,21954,A,F,G,B,D,A,H,-,C,D,0,Y,NA,NA,NA,Y,Y,N,60,0,1,0,0,1,0,0,0,0,-,-,NA,NA,ORANGE,HUNTINGTON BEACH,-117.97119140625,33.67155075073242
9011069,2019,2020-01-15,3008,2019-11-30,1536,1147,ZONE,6,5,6,3008,0,0,0,NA,0,NA,CHAPMAN AV,ELIZABETH WY,16,W,N,C,-,N,NA,NA,NA,NA,NA,NA,NA,NA,NA,Y,3,0,1,3,A,-,08,22107,NA,N,C,E,A,A,H,-,A,D,0,NA,NA,NA,NA,Y,NA,A,07,0,1,0,0,0,0,0,0,0,-,-,NA,NA,ORANGE,FULLERTON,-117.95277404785156,33.873741149902344
90111363,2016,2016-02-08,9675,2016-01-19,0655,016199,NA,2,1,6,3015,0,1,3,NA,2,222,SR-22 W/B TO LA VETA AVE.,LA VETA AVE,14,S,N,A,-,Y,NA,NA,22,NA,NA,NA,R,NA,W,N,3,0,1,2,A,-,11,21950,B,N,G,B,B,A,H,-,A,A,0,Y,NA,NA,NA,Y,NA,N,60,0,1,0,0,1,0,0,0,0,-,-,33.78025,-117.86288,ORANGE,ORANGE,-117.86288,33.78025
9011141,2019,2020-02-14,3000,2019-12-10,0742,5377,951E4,2,5,5,3040,0,0,0,NA,0,741,NIGUEL RD,KENSINGTON DR,0,NA,Y,A,-,N,NA,NA,NA,NA,NA,NA,NA,NA,NA,Y,4,0,1,2,A,-,09,21802,A,N,D,C,A,A,H,-,A,A,0,NA,NA,NA,NA,Y,NA,A,01,0,0,1,0,0,0,0,0,0,-,-,NA,NA,ORANGE,LAGUNA NIGUEL,-117.72007751464844,33.5313606262207
9011252,2019,2020-02-01,3001,2019-10-26,1612,A1397,NA,6,5,7,3001,0,0,0,NA,0,0D1,KATELLA AV,EASY WY,392,E,N,A,-,N,NA,NA,NA,NA,NA,NA,NA,NA,NA,N,4,0,1,2,A,-,07,21658,A,N,B,C,A,A,H,-,A,D,0,NA,NA,NA,NA,Y,NA,-,-,0,0,1,0,0,0,0,0,0,-,-,NA,NA,ORANGE,ANAHEIM,-117.94659423828124,33.803199768066406
90116750,2016,2016-02-17,9675,2016-02-05,1045,016923,NA,5,1,7,3019,0,1,1,NA,2,502,I-5 S/B (SANTA ANA FWY),17TH ST,1000,N,N,A,-,Y,NA,NA,5,NA,NA,NA,NA,NA,S,Y,4,0,3,3,A,-,03,22350,NA,N,C,C,A,A,H,-,A,D,0,NA,NA,NA,NA,Y,NA,A,01,0,0,3,0,0,0,0,0,0,-,-,33.76252,-117.86471,ORANGE,SANTA ANA,-117.86461942,33.76257373