CASE_ID,ACCIDENT_YEAR,PROC_DATE,JURIS,COLLISION_DATE,COLLISION_TIME,OFFICER_ID,REPORTING_DISTRICT,DAY_OF_WEEK,CHP_SHIFT,POPULATION,CNTY_CITY_LOC,SPECIAL_COND,BEAT_TYPE,CHP_BEAT_TYPE,CITY_DIVISION_LAPD,CHP_BEAT_CLASS,BEAT_NUMBER,PRIMARY_RD,SECONDARY_RD,DISTANCE,DIRECTION,INTERSECTION,WEATHER_1,WEATHER_2,STATE_HWY_IND,CALTRANS_COUNTY,CALTRANS_DISTRICT,STATE_ROUTE,ROUTE_SUFFIX,POSTMILE_PREFIX,POSTMILE,LOCATION_TYPE,RAMP_INTERSECTION,SIDE_OF_HWY,TOW_AWAY,COLLISION_SEVERITY,NUMBER_KILLED,NUMBER_INJURED,PARTY_COUNT,PRIMARY_COLL_FACTOR,PCF_CODE_OF_VIOL,PCF_VIOL_CATEGORY,PCF_VIOLATION,PCF_VIOL_SUBSECTION,HIT_AND_RUN,TYPE_OF_COLLISION,MVIW,PED_ACTION,ROAD_SURFACE,ROAD_COND_1,ROAD_COND_2,LIGHTING,CONTROL_DEVICE,CHP_ROAD_TYPE,PEDESTRIAN_ACCIDENT,BICYCLE_ACCIDENT,MOTORCYCLE_ACCIDENT,TRUCK_ACCIDENT,NOT_PRIVATE_PROPERTY,ALCOHOL_INVOLVED,STWD_VEHTYPE_AT_FAULT,CHP_VEHTYPE_AT_FAULT,COUNT_SEVERE_INJ,COUNT_VISIBLE_INJ,COUNT_COMPLAINT_PAIN,COUNT_PED_KILLED,COUNT_PED_INJURED,COUNT_BICYCLIST_KILLED,COUNT_BICYCLIST_INJURED,COUNT_MC_KILLED,COUNT_MC_INJURED,PRIMARY_RAMP,SECONDARY_RAMP,LATITUDE,LONGITUDE,COUNTY,CITY,POINT_X,POINT_Y
90311654,2016,2016-11-04,9675,2016-10-21,1612,021224,NA,5,2,6,3026,0,1,1,NA,2,503,I-5 NORTHBOUND,CULVER DR,1700,N,N,A,-,Y,NA,NA,5,NA,NA,NA,NA,NA,N,Y,4,0,1,2,A,-,07,21658,A,N,B,C,A,A,H,-,A,D,0,NA,NA,Y,NA,Y,NA,A,01,0,0,1,0,0,0,0,0,1,-,-,33.71392,-117.78687,ORANGE,IRVINE,-117.78681908,33.71399299
90313094,2016,2016-11-07,9670,2016-11-04,1630,021286,NA,5,2,5,3024,0,1,1,NA,2,045,I-405 SOUTHBOUND (SAN DIEGO FWY),SR-22 E/B,528,S,N,A,-,Y,NA,NA,405,NA,NA,NA,NA,NA,S,Y,4,0,1,2,A,-,01,23152,A,F,A,C,A,A,H,-,A,D,0,NA,NA,NA,NA,Y,Y,A,07,0,0,1,0,0,0,0,0,0,-,-,33.77371,-118.0403,ORANGE,WESTMINSTER,-118.04030521,33.77369866
90313124,2016,2016-11-07,9670,2016-10-25,0945,014558,NA,2,1,5,3024,0,1,1,NA,2,043,I-405 S/B,BOLSA AVE,300,S,N,A,-,Y,NA,NA,405,NA,NA,NA,NA,NA,S,Y,3,0,1,3,A,-,03,22350,NA,N,B,C,A,A,H,-,A,D,0,NA,NA,Y,NA,Y,NA,C,02,0,1,0,0,0,0,0,0,1,-,-,33.74402,-118.00409,ORANGE,WESTMINSTER,-118.00415406,33.74394538
90314354,2016,2016-11-08,9690,2016-11-07,0642,016885,NA,1,1,4,3018,0,1,1,NA,2,057,I-5 S/B (SAN DIEGO FRWY),STONEHILL DRIVE,600,N,N,A,-,Y,NA,NA,5,NA,NA,NA,NA,NA,S,Y,3,0,1,3,A,-,03,22350,NA,N,C,C,A,A,H,-,A,D,0,NA,NA,NA,Y,Y,NA,F,27,0,1,0,0,0,0,0,0,0,-,-,33.47533,-117.67446,ORANGE,SAN JUAN CAPISTRANO,-117.67455327,33.47536239
90314667,2016,2016-11-09,9675,2016-11-04,0900,021397,NA,5,1,5,3022,0,3,5,NA,2,002,BULLARD LN,RED HILL AVE,22,W,N,A,-,N,NA,NA,NA,NA,NA,NA,NA,NA,NA,N,4,0,1,2,A,-,21,22106,NA,N,B,C,A,A,H,-,A,A,0,NA,NA,NA,NA,Y,NA,A,07,0,0,1,0,0,0,0,0,0,-,-,33.74792,-117.80138,ORANGE,TUSTIN,-117.80148,33.74753
9031470,2019,2020-02-18,3001,2019-06-01,2108,415,NA,6,5,7,3001,0,0,0,NA,0,D-1,NORTH MAGNOLIA AV,CRESCENT AV,25,S,N,A,-,N,NA,NA,NA,NA,NA,NA,NA,NA,NA,N,3,0,2,3,A,-,01,23152,A,F,C,C,A,A,H,-,C,A,0,NA,NA,NA,NA,Y,Y,D,22,0,2,0,0,0,0,0,0,0,-,-,NA,NA,ORANGE,ANAHEIM,-117.97606658935548,33.839481353759766
90314727,2016,2016-11-09,9675,2016-11-01,0346,021322,NA,2,3,5,3022,0,1,1,NA,2,503,I-5 NORTHBOUND TO SR-55 NORTHBOUND,MAIN ST,150,S,N,A,-,Y,NA,NA,5,NA,NA,NA,R,NA,N,Y,3,0,1,2,A,-,01,23152,A,N,E,I,A,A,H,-,C,D,0,NA,NA,NA,NA,Y,Y,A,01,0,1,0,0,0,0,0,0,0,-,-,33.74155,-117.83361,ORANGE,TUSTIN,-117.83361,33.74155
9031489,2019,2020-01-31,3009,2019-12-22,1800,4658,113,7,5,6,3009,0,0,0,NA,0,2 1,EUCLID ST,LAMPSON AV,0,NA,Y,A,-,N,NA,NA,NA,NA,NA,NA,NA,NA,NA,Y,4,0,2,3,A,-,12,21453,A,N,D,C,A,A,H,-,C,A,0,NA,NA,NA,NA,Y,NA,A,07,0,0,2,0,0,0,0,0,0,-,-,33.78144836425781,-117.94114685058594,ORANGE,GARDEN GROVE,-117.94114685058594,33.78144836425781
90320200,2016,2016-11-15,9675,2016-11-04,1929,021224,NA,5,2,6,3015,0,1,3,NA,2,222,SR-22 WESTBOUND,CAMBRIDGE ST,100,W,N,A,-,Y,NA,NA,22,NA,NA,NA,NA,NA,W,Y,4,0,3,3,A,-,03,22350,NA,N,C,C,A,A,H,-,C,D,0,NA,NA,NA,NA,Y,NA,A,01,0,0,3,0,0,0,0,0,0,-,-,33.77617,-117.84476,ORANGE,ORANGE,-117.84474383,33.77610978
90320882,2016,2016-11-16,9675,2016-11-10,1630,021322,NA,4,2,7,3001,0,1,3,NA,2,072,SR-57 NORTHBOUND,KATELLA AVE,2640,N,N,A,-,Y,NA,NA,57,NA,NA,NA,NA,NA,N,Y,3,0,1,2,A,-,03,22350,NA,N,B,C,A,A,H,-,A,D,0,NA,NA,Y,NA,Y,NA,C,02,0,1,0,0,0,0,0,0,1,-,-,33.81328,-117.87764,ORANGE,ANAHEIM,-117.87762639,33.8132751
90321038,2016,2016-11-16,9670,2016-10-31,0204,020860,NA,1,3,6,3009,0,1,3,NA,2,020,SR-22 E/B,GOLDENWEST ST,1650,W,N,A,-,Y,NA,NA,22,NA,NA,NA,NA,NA,E,Y,4,0,1,1,A,-,08,22107,NA,N,E,I,A,A,H,-,C,D,0,NA,NA,NA,NA,Y,NA,D,22,0,0,1,0,0,0,0,0,0,-,-,33.77421,-118.01246,ORANGE,GARDEN GROVE,-118.01246873,33.77435514
90321557,2016,2016-11-17,9675,2016-11-11,1834,021394,NA,5,2,5,3022,0,1,1,NA,2,502,I-5 N/B TO SR-55 N/B,SR-55,100,S,N,A,-,Y,NA,NA,5,NA,NA,NA,R,NA,N,N,4,0,1,2,A,-,03,22350,NA,N,C,C,A,A,H,-,C,D,0,NA,NA,NA,NA,Y,NA,A,01,0,0,1,0,0,0,0,0,0,-,-,33.74055,-117.83239,ORANGE,TUSTIN,-117.83239,33.74055
90324892,2016,2016-11-18,9670,2016-11-15,1410,017951,NA,2,2,6,3009,0,1,3,NA,2,022,SR-22 EASTBOUND (GARDEN GROVE FREEWAY),BROOKHURST STREET,1407,E,N,A,-,Y,NA,NA,22,NA,NA,NA,NA,NA,E,N,4,0,1,2,A,-,07,21658,A,N,B,C,A,A,H,-,A,D,0,NA,NA,NA,NA,Y,NA,A,01,0,0,1,0,0,0,0,0,0,-,-,33.76579,-117.95024,ORANGE,GARDEN GROVE,-117.95024115,33.76592799
90327323,2016,2016-11-22,9670,2016-11-08,1938,017022,NA,2,2,6,3010,0,1,1,NA,2,040,I-405 N/B (SAN DIEGO FREEWAY),HEIL AVENUE PED O/C,109,S,N,A,-,Y,NA,NA,405,NA,NA,NA,NA,NA,N,Y,3,0,2,4,A,-,03,22350,NA,N,C,C,A,A,H,-,C,D,0,NA,NA,NA,NA,Y,NA,A,01,0,2,0,0,0,0,0,0,0,-,-,33.72252,-117.97484,ORANGE,HUNTINGTON BEACH,-117.97482295,33.72253981
90328057,2016,2016-11-23,9670,2016-11-10,2037,019925,NA,4,2,7,3001,0,1,3,NA,2,093,SR-91 W/B,HARBOR BLVD.,75,W,N,A,-,Y,NA,NA,91,NA,NA,NA,NA,NA,W,Y,3,0,2,2,A,-,03,22350,NA,N,C,C,A,A,H,-,C,D,0,NA,NA,NA,NA,Y,NA,A,01,0,1,1,0,0,0,0,0,0,-,-,33.85375,-117.92424,ORANGE,ANAHEIM,-117.92426239,33.85396304
90328063,2016,2016-11-23,9675,2016-11-09,1340,018539,NA,3,1,4,3002,0,1,3,NA,2,570,SR-57 N/B,LAMBERT RD,575,S,N,A,-,Y,NA,NA,57,NA,NA,NA,NA,NA,N,Y,4,0,1,2,A,-,03,22350,NA,N,C,C,A,A,H,-,A,D,0,NA,NA,NA,Y,Y,NA,D,22,0,0,1,0,0,0,0,0,0,-,-,33.91991,-117.88029,ORANGE,BREA,-117.88025128,33.91990393
90328085,2016,2016-11-23,9675,2016-11-10,0730,018005,NA,4,1,7,3019,0,1,3,NA,2,552,SR-55 SOUTHBOUND,DYER RD,80,S,N,A,-,Y,NA,NA,55,NA,NA,NA,NA,NA,S,Y,4,0,3,7,A,-,03,22350,NA,F,C,C,A,A,H,-,A,D,0,NA,NA,NA,NA,Y,NA,A,01,0,0,3,0,0,0,0,0,0,-,-,33.70737,-117.85336,ORANGE,SANTA ANA,-117.853172,33.70718163
90328779,2016,2016-11-23,9690,2016-11-21,1300,014953,NA,1,1,4,3045,0,1,1,NA,2,055,I-5 S/B (SD FWY) TO AVE DE LA CARLOTA,PASEO DE VALENCIA,639,N,N,B,-,Y,NA,NA,5,NA,NA,NA,R,NA,S,N,4,0,1,3,A,-,03,22350,NA,N,C,C,A,A,H,-,A,D,0,NA,NA,NA,NA,Y,NA,D,22,0,0,1,0,0,0,0,0,0,-,-,33.61723,-117.71077,ORANGE,LAGUNA HILLS,-117.71077,33.61723
90330926,2016,2016-11-28,9670,2016-11-27,0530,018867,NA,7,3,6,3009,0,1,3,NA,2,022,SR-22 E/B FROM SR-39(BEACH BLVD) N/B,SR-39 (BEACH BLVD),1400,E,N,C,-,Y,NA,NA,22,NA,NA,NA,R,NA,E,Y,3,0,1,1,A,-,01,23152,A,M,E,I,A,B,H,-,C,D,0,NA,NA,NA,NA,Y,Y,A,01,0,1,0,0,0,0,0,0,0,-,-,33.77061,-117.98732,ORANGE,GARDEN GROVE,-117.98732,33.77061
90334163,2016,2016-12-01,9670,2016-11-03,1328,021302,NA,4,1,6,3008,0,1,1,NA,2,501,INTERSTATE 5 SOUTHBOUND,MAGNOLIA AVENUE,660,N,N,A,-,Y,NA,NA,5,NA,NA,NA,NA,NA,S,Y,3,0,1,1,A,-,08,22107,NA,N,E,I,A,A,H,-,A,D,0,NA,NA,NA,NA,Y,NA,A,01,0,1,0,0,0,0,0,0,0,-,-,33.85537,-117.9774,ORANGE,FULLERTON,-117.97735533,33.85546274
90335680,2016,2016-12-02,9690,2016-11-30,1114,014953,NA,3,1,4,3018,0,1,1,NA,2,057,I-5 N/B FROM CAMINO LAS RAMBLAS,CAMINO LAS RAMBLAS,308,N,N,A,-,Y,NA,NA,5,NA,NA,NA,R,NA,N,Y,4,0,1,1,A,-,08,22107,NA,N,E,I,A,A,D,-,A,A,0,NA,NA,NA,NA,Y,NA,A,01,0,0,1,0,0,0,0,0,0,-,-,33.46786,-117.67034,ORANGE,SAN JUAN CAPISTRANO,-117.67034,33.46786
90338468,2016,2016-12-28,9690,2016-11-20,0700,018479,NA,7,1,5,3050,0,1,1,NA,2,055,I-5 N/B (SAN DIEGO FRWY),EL TORO RD,3323,N,N,B,-,Y,NA,NA,5,NA,NA,NA,NA,NA,N,Y,2,0,4,2,C,-,18,NA,NA,N,B,C,A,A,H,-,A,D,0,NA,NA,NA,NA,Y,NA,-,-,1,0,3,0,0,0,0,0,0,-,-,33.62217,-117.71436,ORANGE,LAKE FOREST,-117.71447305,33.62206477
90339680,2016,2016-12-07,9670,2016-11-22,1940,020325,NA,2,2,7,3001,0,1,1,NA,2,500,I-5 N/B,MAGNOLIA AVE,528,S,N,A,-,Y,NA,NA,5,NA,NA,NA,NA,NA,N,Y,4,0,2,4,A,-,03,22350,NA,N,C,C,A,A,H,-,D,D,0,NA,NA,NA,NA,Y,NA,A,01,0,0,2,0,0,0,0,0,0,-,-,33.85197,-117.97129,ORANGE,ANAHEIM,-117.97127929,33.85199048
90340902,2016,2016-12-09,9675,2016-11-17,0135,021388,NA,4,3,7,3019,0,1,1,NA,2,502,I-5 S/B TO 17TH ST.,17TH ST,690,S,N,A,-,Y,NA,NA,5,NA,NA,NA,R,NA,S,Y,3,0,1,5,A,-,03,22350,NA,N,E,I,A,A,H,-,C,D,0,NA,NA,NA,NA,Y,NA,D,22,0,1,0,0,0,0,0,0,0,-,-,33.758070000000004,-117.86006,ORANGE,SANTA ANA,-117.86006,33.758070000000004
90340903,2016,2016-12-09,9675,2016-11-11,2055,019018,NA,5,2,7,3001,0,1,3,NA,2,093,SR-91 WB TO SR-57 SB,STATE COLLEGE BLVD,1000,E,N,A,-,Y,NA,NA,NA,NA,NA,NA,NA,NA,NA,Y,4,0,1,1,A,-,03,22350,NA,N,E,I,A,A,H,-,C,D,0,NA,NA,NA,NA,Y,NA,A,01,0,0,1,0,0,0,0,0,0,-,-,33.84661,-117.87639,ORANGE,ANAHEIM,-117.88619125,33.85409328
90341388,2016,2016-12-09,9675,2016-11-22,1720,021297,NA,2,2,5,3022,0,1,1,NA,2,503,I-5 SOUTHBOUND,TUSTIN RANCH RD,2000,N,N,A,-,Y,NA,NA,5,NA,NA,NA,NA,NA,S,Y,4,0,1,1,A,-,03,22350,NA,N,F,A,A,A,H,-,C,D,0,NA,NA,Y,NA,Y,NA,C,02,0,0,1,0,0,0,0,0,1,-,-,33.73188,-117.81307,ORANGE,TUSTIN,-117.8131555,33.73175426
90342108,2016,2016-12-12,9690,2016-12-05,1855,017988,NA,1,2,5,3017,0,1,1,NA,2,059,I-5 N/B (SAN DIEGO FRWY),CAMINO DE ESTRELLA,700,S,N,A,-,Y,NA,NA,5,NA,NA,NA,NA,NA,N,Y,3,0,1,3,A,-,07,21658,A,N,B,C,A,A,D,-,C,D,0,NA,NA,NA,NA,Y,Y,D,22,0,1,0,0,0,0,0,0,0,-,-,33.45791,-117.65411,ORANGE,SAN CLEMENTE,-117.65416136,33.45782482
90343273,2016,2016-12-13,9670,2016-11-30,0620,012927,NA,3,1,7,3001,0,1,1,NA,2,503,I-5 S/B (SANTA ANA FWY),EUCLID ST,400,N,N,A,-,Y,NA,NA,5,NA,NA,NA,NA,NA,S,N,4,0,1,3,A,-,03,22350,NA,N,C,C,A,A,H,-,A,D,0,NA,NA,NA,NA,Y,NA,A,01,0,0,1,0,0,0,0,0,0,-,-,33.83594,-117.94248,ORANGE,ANAHEIM,-117.94242931,33.836034
90343595,2016,2016-12-13,9675,2016-11-26,1430,021272,NA,6,2,6,3004,0,1,3,NA,2,553,SR-55 NORTHBOUND,19TH ST.,230,N,N,C,-,Y,NA,NA,55,NA,NA,NA,NA,NA,N,Y,3,0,1,1,A,-,03,22350,NA,N,E,I,A,B,H,-,A,D,0,NA,NA,NA,NA,Y,NA,A,01,0,1,0,0,0,0,0,0,0,-,-,33.64402,-117.91582,ORANGE,COSTA MESA,-117.91590139,33.64409197
90343800,2016,2016-12-13,9675,2016-11-29,1715,014818,NA,2,2,7,3019,0,1,3,NA,2,551,SR-55 SOUTHBOUND,17TH ST,500,S,N,A,-,Y,NA,NA,55,NA,NA,NA,NA,NA,S,Y,3,0,1,4,A,-,03,22350,NA,N,C,C,A,A,H,-,D,D,0,NA,NA,NA,NA,Y,NA,A,07,0,1,0,0,0,0,0,0,0,-,-,33.75429,-117.83177,ORANGE,SANTA ANA,-117.83168702,33.7542822
90343906,2016,2016-12-13,9675,2016-11-30,1740,019407,NA,3,2,7,3019,0,1,1,NA,2,502,I-5 SOUTHBOUND,1ST ST.,400,S,N,A,-,Y,NA,NA,5,NA,NA,NA,NA,NA,S,Y,4,0,1,4,A,-,03,22350,NA,N,C,C,A,A,H,-,C,D,0,NA,NA,NA,NA,Y,NA,A,01,0,0,1,0,0,0,0,0,0,-,-,33.74404,-117.84159,ORANGE,SANTA ANA,-117.84153164,33.74409635
90346599,2016,2016-12-16,9675,2016-12-07,1637,021438,675,3,2,6,3026,0,1,1,NA,2,407,I-405 SOUTHBOUND,VON KARMAN AVE,10,S,N,A,-,Y,NA,NA,405,NA,NA,NA,NA,NA,S,Y,4,0,1,2,A,-,03,22350,NA,N,C,C,A,A,H,-,B,D,0,NA,NA,NA,NA,Y,NA,D,22,0,0,1,0,0,0,0,0,0,-,-,33.67987,-117.85051,ORANGE,IRVINE,-117.85057108,33.67973236
90346722,2016,2016-12-16,9675,2016-12-08,0855,015927,NA,4,1,6,3004,0,1,3,NA,2,073,SR-73 NORTHBOUND,RED HILL AVE,270,N,N,A,-,Y,NA,NA,73,NA,NA,NA,NA,NA,N,Y,4,0,2,2,A,-,03,22350,NA,N,C,C,A,A,H,-,A,D,0,NA,NA,NA,NA,Y,NA,A,01,0,0,2,0,0,0,0,0,0,-,-,33.66867,-117.88184,ORANGE,COSTA MESA,-117.88190216,33.66861654
9034678,2020,2020-02-08,3001,2020-01-05,1718,A1278,NA,7,5,7,3001,0,0,0,NA,0,0D1,BROADWAY,EMPIRE ST,13,W,N,A,-,N,NA,NA,NA,NA,NA,NA,NA,NA,NA,Y,4,0,1,2,A,-,03,22350,NA,N,C,C,A,A,H,-,C,D,0,NA,NA,NA,NA,Y,NA,A,01,0,0,1,0,0,0,0,0,0,-,-,33.828739166259766,-117.95423889160156,ORANGE,ANAHEIM,-117.95451354980467,33.828880310058594
90346866,2016,2016-12-16,9690,2016-12-16,0755,018646,NA,5,1,9,3000,0,1,3,NA,1,074,SR 74 W/B (ORTEGA HWY),HOT SPRINGS CANYON ROAD,10560,E,N,C,-,Y,NA,NA,74,NA,NA,NA,NA,NA,W,Y,4,0,1,1,A,-,03,22350,NA,N,E,I,A,B,H,-,A,D,0,NA,NA,NA,NA,Y,NA,A,01,0,0,1,0,0,0,0,0,0,-,-,33.59217,-117.51236,ORANGE,UNINCORPORATED,-117.51234592,33.59213159
9034912,2020,2020-02-14,3001,2020-01-05,2223,A1278,NA,7,5,7,3001,0,0,0,NA,0,D-3,VERMONT AV,STATE COLLEGE BL,289,W,N,A,-,N,NA,NA,NA,NA,NA,NA,NA,NA,NA,Y,3,0,1,2,A,-,01,23152,A,N,A,C,A,A,H,-,C,D,0,NA,NA,NA,NA,Y,Y,A,01,0,1,0,0,0,0,0,0,0,-,-,33.827880859375,-117.88894653320313,ORANGE,ANAHEIM,-117.8902587890625,33.82768249511719
9034942,2019,2020-02-01,3001,2019-10-25,2307,A1047,NA,5,5,7,3001,0,0,0,NA,0,0D2,BROADWAY,CITRON ST,0,NA,Y,A,-,N,NA,NA,NA,NA,NA,NA,NA,NA,NA,Y,4,0,1,2,A,-,01,23152,A,N,A,C,A,A,H,-,C,A,0,NA,NA,NA,NA,Y,Y,A,07,0,0,1,0,0,0,0,0,0,-,-,33.831058502197266,-117.92268371582033,ORANGE,ANAHEIM,-117.92259216308594,33.83116149902344
90349432,2016,2016-12-20,9675,2016-12-01,1450,018834,NA,4,2,9,3000,0,3,5,NA,2,002,BRENAN WAY N/B,17TH ST,0,NA,Y,A,-,N,NA,NA,NA,NA,NA,NA,NA,NA,NA,N,2,0,1,2,A,-,05,21650,NA,N,D,G,A,A,H,-,A,A,0,NA,Y,NA,NA,Y,NA,L,04,1,0,0,0,0,0,1,0,0,-,-,33.75959,-117.81095,ORANGE,UNINCORPORATED,-117.81126001,33.75975003
90352209,2016,2016-12-27,9675,2016-12-20,1655,018834,NA,2,2,6,3026,0,1,1,NA,2,407,I-405 NORTHBOUND,JEFFREY RD,1800,N,N,A,-,Y,NA,NA,405,NA,NA,NA,NA,NA,N,N,4,0,1,2,A,-,03,22350,NA,N,C,C,A,A,H,-,A,D,0,NA,NA,NA,NA,Y,NA,A,01,0,0,1,0,0,0,0,0,0,-,-,33.66452,-117.80086,ORANGE,IRVINE,-117.80087819,33.66439107
90352887,2016,2016-12-27,9670,2016-11-26,1035,019290,NA,6,1,4,3020,0,1,1,NA,2,044,I-405 S/B (SAN DIEGO FWY),I-605 N/B U/C,1056,S,N,B,-,Y,NA,NA,405,NA,NA,NA,NA,NA,S,Y,4,0,2,3,A,-,03,22350,NA,N,C,C,A,A,H,-,A,D,0,NA,NA,NA,NA,Y,NA,A,01,0,0,2,0,0,0,0,0,0,-,-,33.78221,-118.09075,ORANGE,SEAL BEACH,-118.09093752,33.78215813
90353956,2016,2017-01-23,9675,2016-12-12,1800,021438,NA,1,2,6,3026,0,1,1,NA,2,406,I-405 NORTHBOUND,JAMBOREE RD,500,S,N,A,-,Y,NA,NA,NA,NA,NA,NA,NA,NA,NA,Y,4,0,1,3,A,-,03,22350,NA,N,C,C,A,A,H,-,C,D,0,NA,NA,NA,NA,Y,NA,A,01,0,0,1,0,0,0,0,0,0,-,-,33.67907,-117.84066,ORANGE,IRVINE,-117.8424833,33.6761811
90354158,2016,2016-12-27,9690,2016-12-17,1515,019398,NA,6,2,5,3017,0,1,1,NA,2,059,I-5 N/B (SAN DIEGO FRWY),AVENUE PICO,300,S,N,A,-,Y,NA,NA,5,NA,NA,NA,NA,NA,N,Y,4,0,1,3,A,-,03,22350,NA,N,C,C,A,A,H,-,A,D,0,NA,NA,NA,NA,Y,NA,A,07,0,0,1,0,0,0,0,0,0,-,-,33.43815,-117.62082,ORANGE,SAN CLEMENTE,-117.62082293,33.43814481
90354368,2016,2016-12-27,9675,2016-12-16,1615,021297,NA,5,2,6,3004,0,1,3,NA,2,553,SR-55 SOUTHBOUND,WILSON ST,75,N,N,B,-,Y,NA,NA,55,NA,NA,NA,NA,NA,S,N,4,0,1,2,A,-,01,23152,A,N,C,C,A,A,H,-,C,D,0,NA,NA,NA,NA,Y,Y,A,01,0,0,1,0,0,0,0,0,0,-,-,33.65355,-117.90703,ORANGE,COSTA MESA,-117.90699717,33.65352042
90355355,2016,2016-12-27,9690,2016-12-21,1308,014552,NA,3,1,9,3000,0,2,4,NA,2,035,OSO PKWY,PLAZA,0,NA,Y,C,-,N,NA,NA,NA,NA,NA,NA,NA,NA,NA,Y,3,0,1,2,A,-,12,21453,A,N,D,C,A,B,H,-,A,A,0,NA,NA,NA,NA,Y,NA,A,08,0,1,0,0,0,0,0,0,0,-,-,33.58387,-117.63291,ORANGE,UNINCORPORATED,-117.633159,33.583847
90355476,2016,2016-12-27,9690,2016-12-22,1150,020194,NA,4,1,5,3028,0,1,3,NA,2,041,SR 241 N/B (FOOTHILL TRANS CORRIDOR),LOS ALISOS BLVD.,350,N,N,B,C,Y,NA,NA,241,NA,NA,NA,NA,NA,N,Y,4,0,1,1,A,-,03,22350,NA,N,B,I,A,B,H,-,A,D,0,NA,NA,NA,NA,Y,NA,A,07,0,0,1,0,0,0,0,0,0,-,-,33.65689,-117.63101,ORANGE,MISSION VIEJO,-117.63076026,33.65736744
90355741,2016,2016-12-28,9675,2016-12-14,1420,021322,NA,3,2,6,3026,0,1,1,NA,2,503,I-5 NORTHBOUND,YALE AVE.,1100,N,N,A,-,Y,NA,NA,5,NA,NA,NA,NA,NA,N,Y,4,0,1,3,A,-,03,22350,NA,N,C,C,A,A,H,-,A,D,0,NA,NA,NA,NA,Y,NA,A,07,0,0,1,0,0,0,0,0,0,-,-,33.70365,-117.77707,ORANGE,IRVINE,-117.77713029,33.7036108
90355763,2016,2016-12-28,9675,2016-12-15,0225,021397,NA,4,3,4,3002,0,1,3,NA,2,570,SR-57 S/B FROM BREA CANYON RD.,TONNER CYN RD,1955,N,N,A,-,N,NA,NA,NA,NA,NA,NA,NA,NA,NA,Y,3,0,1,1,A,-,08,22107,NA,N,E,I,A,A,H,-,C,D,0,NA,NA,Y,NA,Y,NA,C,02,0,1,0,0,0,0,0,0,1,-,-,33.94323,-117.87355,ORANGE,BREA,-117.8730341,33.9426479
90356912,2016,2016-12-29,9675,2016-12-16,0450,021377,NA,5,3,6,3026,0,1,1,NA,2,504,I-5 NORTHBOUND,SAND CANYON AVE,350,N,N,C,-,Y,NA,NA,NA,NA,NA,NA,NA,NA,NA,Y,4,0,1,1,A,-,03,22350,NA,N,E,I,A,B,H,-,C,D,0,NA,NA,NA,NA,Y,NA,A,01,0,0,1,0,0,0,0,0,0,-,-,33.67953,-117.75847,ORANGE,IRVINE,-117.7589806,33.67870052
90358841,2016,2017-01-31,9675,2016-12-16,1515,021297,NA,5,2,9,3000,0,2,4,NA,2,020,NEWPORT AVE. N/B,WINDSOR LN,75,S,N,B,-,N,NA,NA,NA,NA,NA,NA,NA,NA,NA,Y,3,0,2,2,A,-,03,22350,NA,N,C,C,A,A,H,-,A,D,0,NA,NA,NA,NA,Y,NA,A,01,0,1,1,0,0,0,0,0,0,-,-,33.75382,-117.8065,ORANGE,UNINCORPORATED,-117.80646779,33.75387221
90359122,2016,2017-01-02,9675,2016-12-16,1535,021327,NA,5,2,6,3008,0,1,3,NA,2,570,SR-57 SOUTHBOUND,IMPERIAL HIGHWAY,500,S,N,A,-,Y,NA,NA,57,NA,NA,NA,NA,NA,S,Y,4,0,1,3,A,-,03,22350,NA,N,C,C,A,A,H,-,A,D,0,NA,NA,NA,NA,Y,NA,D,22,0,0,1,0,0,0,0,0,0,-,-,33.9018,-117.88104,ORANGE,FULLERTON,-117.88126929,33.90182414
9036030,2019,2020-01-29,3001,2019-12-09,2115,A1278,NA,1,5,7,3001,0,0,0,NA,0,D 1,BROADWAY,BROOKHURST ST,0,NA,Y,A,-,N,NA,NA,NA,NA,NA,NA,NA,NA,NA,Y,3,0,3,2,A,-,12,21453,A,N,D,C,A,A,H,-,C,A,0,NA,NA,NA,NA,Y,NA,A,01,0,1,2,0,0,0,0,0,0,-,-,33.82878112792969,-117.95873260498048,ORANGE,ANAHEIM,-117.95895385742188,33.82889175415039
9036181,2020,2020-03-18,3001,2020-01-15,1658,A1830,NA,3,5,7,3001,0,0,0,NA,0,0D1,LINCOLN AV,WESTCHESTER DR,115,W,N,A,-,N,NA,NA,NA,NA,NA,NA,NA,NA,NA,NA,4,0,1,2,A,-,21,22106,NA,N,C,C,A,B,H,-,A,A,0,NA,NA,NA,NA,Y,NA,A,01,0,0,1,0,0,0,0,0,0,-,-,33.83197021484375,-118.0052490234375,ORANGE,ANAHEIM,-118.00579833984376,33.83201599121094
9036205,2020,2020-03-18,3001,2020-01-08,2144,A1622,NA,3,5,7,3001,0,0,0,NA,0,0D1,WESTERN AV,ORANGE AV,0,NA,Y,A,-,N,NA,NA,NA,NA,NA,NA,NA,NA,NA,Y,3,0,1,2,A,-,12,21453,A,N,D,C,A,A,H,-,C,A,0,NA,NA,NA,NA,Y,NA,A,01,0,1,0,0,0,0,0,0,0,-,-,33.82463073730469,-118.0021514892578,ORANGE,ANAHEIM,-118.0021514892578,33.82461929321289