CASE_ID,ACCIDENT_YEAR,PROC_DATE,JURIS,COLLISION_DATE,COLLISION_TIME,OFFICER_ID,REPORTING_DISTRICT,DAY_OF_WEEK,CHP_SHIFT,POPULATION,CNTY_CITY_LOC,SPECIAL_COND,BEAT_TYPE,CHP_BEAT_TYPE,CITY_DIVISION_LAPD,CHP_BEAT_CLASS,BEAT_NUMBER,PRIMARY_RD,SECONDARY_RD,DISTANCE,DIRECTION,INTERSECTION,WEATHER_1,WEATHER_2,STATE_HWY_IND,CALTRANS_COUNTY,CALTRANS_DISTRICT,STATE_ROUTE,ROUTE_SUFFIX,POSTMILE_PREFIX,POSTMILE,LOCATION_TYPE,RAMP_INTERSECTION,SIDE_OF_HWY,TOW_AWAY,COLLISION_SEVERITY,NUMBER_KILLED,NUMBER_INJURED,PARTY_COUNT,PRIMARY_COLL_FACTOR,PCF_CODE_OF_VIOL,PCF_VIOL_CATEGORY,PCF_VIOLATION,PCF_VIOL_SUBSECTION,HIT_AND_RUN,TYPE_OF_COLLISION,MVIW,PED_ACTION,ROAD_SURFACE,ROAD_COND_1,ROAD_COND_2,LIGHTING,CONTROL_DEVICE,CHP_ROAD_TYPE,PEDESTRIAN_ACCIDENT,BICYCLE_ACCIDENT,MOTORCYCLE_ACCIDENT,TRUCK_ACCIDENT,NOT_PRIVATE_PROPERTY,ALCOHOL_INVOLVED,STWD_VEHTYPE_AT_FAULT,CHP_VEHTYPE_AT_FAULT,COUNT_SEVERE_INJ,COUNT_VISIBLE_INJ,COUNT_COMPLAINT_PAIN,COUNT_PED_KILLED,COUNT_PED_INJURED,COUNT_BICYCLIST_KILLED,COUNT_BICYCLIST_INJURED,COUNT_MC_KILLED,COUNT_MC_INJURED,PRIMARY_RAMP,SECONDARY_RAMP,LATITUDE,LONGITUDE,COUNTY,CITY,POINT_X,POINT_Y
90427617,2017,2017-04-05,9670,2017-03-29,1615,021286,NA,3,2,6,3008,0,1,3,NA,2,193,SR-91 WESTBOUND (RIVERSIDE FWY),LEMON STREET OVERCROSSING,528,W,N,A,-,Y,NA,NA,91,NA,NA,NA,NA,NA,W,N,4,0,1,2,A,-,07,21658,A,N,B,C,A,A,H,-,A,D,0,NA,NA,NA,NA,Y,NA,A,07,0,0,1,0,0,0,0,0,0,-,-,33.85498,-117.92212,ORANGE,FULLERTON,-117.92205563,33.85416707
90430575,2017,2017-04-10,9675,2017-04-02,0800,019979,NA,7,1,6,3004,0,1,3,NA,2,553,SR-55 NORTHBOUND,MESA DR,100,N,N,A,-,Y,NA,NA,55,NA,NA,NA,NA,NA,N,Y,4,0,4,2,A,-,03,22350,NA,N,C,C,A,A,H,-,A,D,0,NA,NA,NA,NA,Y,NA,A,07,0,0,4,0,0,0,0,0,0,-,-,33.66737,-117.89313,ORANGE,COSTA MESA,-117.89326695,33.66750474
90430620,2017,2017-04-10,9675,2017-04-02,1130,019979,NA,7,1,6,3008,0,1,3,NA,2,071,SR-57 SOUTHBOUND,ORANGETHORPE AVE,500,N,N,A,-,Y,NA,NA,57,NA,NA,NA,NA,NA,S,Y,4,0,3,2,A,-,03,22350,NA,N,C,C,A,A,H,-,A,D,0,NA,NA,NA,NA,Y,NA,D,22,0,0,3,0,0,0,0,0,0,-,-,33.86575,-117.87873,ORANGE,FULLERTON,-117.87872953,33.86575014
90431167,2017,2017-04-10,9690,2017-04-04,0620,014919,NA,2,1,9,3000,0,1,3,NA,1,074,SR-74 (ORTEGA HWY),SAN JUAN CREEK BRIDGE,761,E,N,A,-,Y,NA,NA,74,NA,NA,NA,NA,NA,NA,Y,3,0,1,3,A,-,03,22350,NA,N,C,C,A,A,H,-,B,D,0,NA,NA,Y,NA,Y,NA,A,01,0,1,0,0,0,0,0,0,1,-,-,33.575450000000004,-117.53946,ORANGE,UNINCORPORATED,-117.53946098,33.57545134
90433808,2017,2017-04-13,9675,2017-04-03,1800,017993,NA,1,2,7,3001,0,1,3,NA,2,094,SR-91 EASTBOUND,WEIR CYN RD,6300,W,N,A,-,Y,NA,NA,91,NA,NA,NA,NA,NA,E,Y,4,0,2,3,A,-,07,21658,A,N,C,C,A,A,H,-,A,D,0,NA,NA,NA,NA,Y,NA,A,01,0,0,2,0,0,0,0,0,0,-,-,33.87026,-117.74482,ORANGE,ANAHEIM,-117.74481617000001,33.87023428
90435313,2017,2017-04-17,9675,2017-04-08,0445,019618,NA,6,3,7,3001,0,1,3,NA,2,571,SR-57 S/B TO SR-91 W/B,MIRALOMA AVE.,531,E,N,B,-,Y,NA,NA,NA,NA,NA,NA,NA,NA,NA,N,4,0,1,3,A,-,02,22400,A,F,C,C,A,B,H,-,C,D,0,NA,NA,NA,Y,Y,NA,-,99,0,0,1,0,0,0,0,0,0,-,-,33.51535,-117.5237,ORANGE,ANAHEIM,-117.87573,33.854
90437036,2017,2017-04-18,9690,2017-04-14,1420,018646,NA,5,2,4,3045,0,1,1,NA,2,055,I-5 S/B (SAN DIEGO FRWY),EL TORO RD,1200,N,N,A,-,Y,NA,NA,5,NA,NA,NA,NA,NA,S,N,4,0,1,3,A,-,03,22350,NA,N,C,C,A,A,H,-,A,D,0,NA,NA,NA,NA,Y,NA,A,07,0,0,1,0,0,0,0,0,0,-,-,33.61869,-117.71217,ORANGE,LAGUNA HILLS,-117.71205104,33.61879806
90438277,2017,2017-04-20,9670,2017-04-07,1210,021585,NA,5,1,7,3001,0,1,3,NA,2,194,SR-91 E/B (RIVERSIDE FREEWAY),EUCLID AVE,3168,W,N,A,-,Y,NA,NA,91,NA,NA,NA,NA,NA,E,Y,3,0,1,3,A,-,03,22350,NA,N,B,C,A,A,H,-,A,D,0,NA,NA,Y,NA,Y,NA,C,02,0,1,0,0,0,0,0,0,1,-,-,33.85401,-117.95313,ORANGE,ANAHEIM,-117.95312936,33.85393675
90438304,2017,2017-04-20,9675,2017-04-12,2015,021438,NA,3,2,7,3019,0,1,3,NA,2,552,SR-55 N/B FROM DYER RD. W/B,DYER RD,65,N,N,A,-,Y,NA,NA,55,NA,NA,NA,R,NA,N,Y,2,0,1,1,A,-,03,22350,NA,N,E,I,A,A,H,-,C,D,0,NA,NA,Y,NA,Y,NA,C,02,1,0,0,0,0,0,0,0,1,-,-,33.70915,-117.8505,ORANGE,SANTA ANA,-117.8505,33.70915
90439631,2017,2017-04-21,9675,2017-04-20,2127,018868,NA,4,2,6,3008,0,1,3,NA,2,571,SR-57 NORTHBOUND,NUTWOOD AVE,500,S,N,A,-,Y,NA,NA,57,NA,NA,NA,NA,NA,N,Y,4,0,1,2,A,-,07,21658,A,N,B,C,A,A,H,-,C,D,0,NA,NA,NA,NA,Y,NA,A,01,0,0,1,0,0,0,0,0,0,-,-,33.87499,-117.8801,ORANGE,FULLERTON,-117.88024114,33.87498358
90442514,2017,2017-04-26,9670,2017-04-10,1057,018887,NA,1,1,5,3003,0,1,3,NA,2,091,SR-91 W/B - ARTESIA FREEWAY,VALLEY VIEW ST,364,E,N,A,-,Y,NA,NA,91,NA,NA,NA,NA,NA,W,Y,4,0,1,2,A,-,08,22107,NA,N,D,C,A,A,H,-,A,D,0,NA,NA,NA,Y,Y,NA,A,01,0,0,1,0,0,0,0,0,0,-,-,33.85662,-118.02733,ORANGE,BUENA PARK,-118.0273613,33.85649871
90443376,2017,2017-04-27,9675,2017-04-21,1550,019348,NA,5,2,6,3026,0,1,1,NA,2,407,I-405 NORTHBOUND,JEFFREY RD,700,N,N,A,-,Y,NA,NA,NA,NA,NA,NA,NA,NA,NA,Y,4,0,2,3,A,-,03,22350,NA,N,C,C,A,A,H,-,A,D,0,NA,NA,NA,NA,Y,NA,A,01,0,0,2,0,0,0,0,0,0,-,-,33.46059,-117.50285,ORANGE,IRVINE,-117.79705878,33.66390672
90445031,2017,2017-04-28,9675,2017-04-22,1320,016748,NA,6,1,7,3001,0,1,3,NA,2,572,SR-57 SOUTHBOUND,BALL RD,800,S,N,A,-,Y,NA,NA,NA,NA,NA,NA,NA,NA,NA,N,4,0,1,2,A,-,03,22350,NA,N,C,C,A,A,H,-,A,D,0,NA,NA,NA,NA,Y,NA,A,07,0,0,1,0,0,0,0,0,0,-,-,33.48569,-117.52369,ORANGE,ANAHEIM,-117.87688502,33.81594292
90445500,2017,2017-04-28,9670,2017-04-26,1824,018212,NA,3,2,7,3001,0,1,1,NA,2,502,I-5 N/B TO EUCLID STREET,EUCLID ST,80,S,N,A,-,Y,NA,NA,5,NA,NA,NA,R,NA,N,N,4,0,2,3,A,-,03,22350,NA,N,C,C,A,A,H,-,C,A,0,NA,NA,NA,NA,Y,NA,A,08,0,0,2,0,0,0,0,0,0,-,-,33.83652,-117.94079,ORANGE,ANAHEIM,-117.94079,33.83652
90449637,2017,2017-05-05,9675,2017-04-30,0943,016748,NA,7,1,7,3019,0,1,1,NA,2,502,I-5 NORTHBOUND,MAIN ST,400,N,N,A,-,Y,NA,NA,NA,NA,NA,NA,NA,NA,NA,Y,3,0,2,2,A,-,08,22107,NA,N,E,I,A,A,H,-,A,D,0,NA,NA,NA,NA,Y,NA,A,01,0,1,1,0,0,0,0,0,0,-,-,33.46132,-117.5208,ORANGE,SANTA ANA,-117.86811094,33.76939058
9045618,2019,2020-02-15,3009,2019-12-02,0922,4722,125,1,5,6,3009,0,0,0,NA,0,2-1,TRASK AV,NEWHOPE ST,0,NA,Y,A,-,N,NA,NA,NA,NA,NA,NA,NA,NA,NA,Y,2,0,1,3,A,-,12,21453,A,N,D,C,A,A,H,-,A,A,0,NA,NA,NA,NA,Y,NA,A,01,1,0,0,0,0,0,0,0,0,-,-,NA,NA,ORANGE,GARDEN GROVE,-117.92902374267578,33.766998291015625
90456480,2017,2017-05-16,9670,2017-05-10,1515,021679,NA,3,2,6,3009,0,1,3,NA,2,024,SR-22 E/B (GARDEN GROVE FREEWAY),NEWHOPE ST. U/C,1056,W,N,B,-,Y,NA,NA,22,NA,NA,NA,NA,NA,E,Y,4,0,1,2,A,-,03,22350,NA,N,C,C,A,A,H,-,A,D,0,NA,NA,NA,NA,Y,NA,D,22,0,0,1,0,0,0,0,0,0,-,-,33.76604,-117.93533,ORANGE,GARDEN GROVE,-117.93533004,33.76604518
90459336,2017,2017-05-19,9670,2017-05-11,0800,015207,NA,4,1,6,3009,0,1,3,NA,2,024,SR-22 E/B,HARBOR BLVD,1056,E,N,A,-,Y,NA,NA,NA,NA,NA,NA,NA,NA,NA,Y,4,0,1,3,A,-,03,22350,NA,N,C,C,A,A,H,-,A,D,0,NA,NA,NA,NA,Y,NA,A,01,0,0,1,0,0,0,0,0,0,-,-,33.76713,-117.91801,ORANGE,GARDEN GROVE,-117.91725014,33.76875329
90459504,2017,2017-05-19,9690,2017-05-14,1312,020194,NA,7,1,9,3000,0,3,5,NA,2,004,CROWN VALLEY PKWY,SIENNA PKWY,0,NA,Y,A,-,N,NA,NA,NA,NA,NA,NA,NA,NA,NA,Y,4,0,2,2,A,-,12,21453,A,N,D,C,A,A,H,-,A,A,0,NA,NA,NA,NA,Y,NA,A,01,0,0,2,0,0,0,0,0,0,-,-,33.56649,-117.63189,ORANGE,UNINCORPORATED,-117.63207009,33.56631008
90459507,2017,2017-05-19,9670,2017-05-12,1115,021670,NA,5,1,7,3001,0,1,3,NA,2,094,SR-91 E/B,GILBERT ST,460,E,N,A,-,Y,NA,NA,91,NA,NA,NA,NA,NA,E,Y,4,0,1,4,A,-,07,21658,A,F,B,C,A,A,H,-,A,D,0,NA,NA,NA,NA,Y,NA,-,99,0,0,1,0,0,0,0,0,0,-,-,33.85374,-117.96556,ORANGE,ANAHEIM,-117.96554294,33.85384616
90460261,2017,2017-05-22,9675,2017-05-18,2215,021225,NA,4,3,7,3001,0,1,3,NA,2,572,SR-57 NORTHBOUND,KATELLA AVE,1500,S,N,A,-,Y,NA,NA,57,NA,NA,NA,NA,NA,N,Y,4,0,2,2,A,-,03,22350,NA,N,C,C,A,A,H,-,D,D,0,NA,NA,NA,NA,Y,NA,A,01,0,0,2,0,0,0,0,0,0,-,-,33.80141,-117.87858,ORANGE,ANAHEIM,-117.87863717,33.80137392
9046189,2020,2020-02-21,3012,2020-01-28,0824,624,47,2,5,5,3012,0,0,0,NA,0,004,EUCLID ST,COUNTRY HILLS DR,630,S,N,A,-,N,NA,NA,NA,NA,NA,NA,NA,NA,NA,N,3,0,3,1,A,-,08,22107,NA,N,E,I,A,A,H,-,A,D,0,NA,NA,NA,NA,Y,NA,A,01,0,1,2,0,0,0,0,0,0,-,-,NA,NA,ORANGE,LA HABRA,-117.94760131835938,33.908199310302734
9046231,2020,2020-02-21,3012,2020-01-23,1332,629,12,4,5,5,3012,0,0,0,NA,0,001,WHITTIER BL,IDAHO ST,230,W,N,A,-,N,NA,NA,NA,NA,NA,NA,NA,NA,NA,Y,4,0,1,4,A,-,09,21804,A,N,D,C,A,A,H,-,A,D,0,NA,NA,NA,NA,Y,NA,A,01,0,0,1,0,0,0,0,0,0,-,-,NA,NA,ORANGE,LA HABRA,-117.95995330810548,33.939170837402344
90462477,2017,2017-05-24,9690,2017-05-22,1705,018296,NA,1,2,5,3028,0,1,1,NA,2,056,I-5 S/B (SAN DIEGO FRWY),CROWN VALLEY PKWY,4224,N,N,A,-,Y,NA,NA,5,NA,NA,NA,NA,NA,S,Y,4,0,1,2,A,-,03,22350,NA,N,C,C,A,A,H,-,A,D,0,NA,NA,NA,NA,Y,NA,A,01,0,0,1,0,0,0,0,0,0,-,-,33.5708,-117.67214,ORANGE,MISSION VIEJO,-117.67205492,33.57079871
9046887,2020,2020-06-08,3001,2020-02-08,2200,A2498,2,6,5,7,3001,0,0,0,NA,0,024,E LINCOLN AV,N OLIVE ST,480,W,N,A,-,N,NA,NA,NA,NA,NA,NA,NA,NA,NA,Y,4,0,1,1,A,-,01,23152,A,N,E,I,A,A,H,-,C,D,0,NA,NA,NA,NA,Y,Y,A,01,0,0,1,0,0,0,0,0,0,-,-,NA,NA,ORANGE,ANAHEIM,-117.9120635986328,33.837276458740234
90469076,2017,2017-06-01,9690,2017-05-31,1010,016128,NA,3,1,4,3045,0,1,3,NA,2,073,SR 73 S/B (SAN JOAQUIN HILLS TRANS COR),GREENFIELD DRIVE,20,S,N,A,B,Y,NA,NA,73,NA,NA,NA,NA,NA,S,Y,4,0,2,2,A,-,07,21658,A,N,B,C,A,A,H,-,A,D,0,NA,NA,NA,NA,Y,NA,A,01,0,0,2,0,0,0,0,0,0,-,-,33.5579,-117.68569,ORANGE,LAGUNA HILLS,-117.68567945,33.55797915
9046915,2020,2020-05-29,3001,2020-02-04,1737,A1278,NA,2,5,7,3001,0,0,0,NA,0,0D2,HARBOR BL,SANTA ANA ST,0,NA,Y,A,-,N,NA,NA,NA,NA,NA,NA,NA,NA,NA,Y,3,0,2,2,A,-,01,23153,A,N,D,C,A,A,H,-,B,C,0,NA,NA,NA,NA,Y,Y,A,07,0,1,1,0,0,0,0,0,0,-,-,33.8297004699707,-117.91824340820313,ORANGE,ANAHEIM,-117.9181900024414,33.82978820800781
90472476,2017,2017-06-07,9675,2017-06-01,0506,020699,NA,4,3,6,3026,0,1,3,NA,2,222,SR-22 E/B TO SR-57 N/B,I-5 NORTHBOUND,840,E,N,A,B,Y,NA,NA,NA,NA,NA,NA,NA,NA,NA,Y,4,0,1,2,A,-,03,22350,NA,N,D,C,A,B,H,-,A,D,0,NA,NA,NA,NA,Y,NA,A,01,0,0,1,0,0,0,0,0,0,-,-,33.77784,-117.87261,ORANGE,IRVINE,-117.87624,33.77888
90472766,2017,2017-06-07,9690,2017-05-24,0640,015109,NA,3,1,9,3000,0,1,3,NA,2,072,SR-73 SOUTHBOUND,LAGUNA CANYON RD.,2112,N,N,B,-,Y,NA,NA,73,NA,NA,NA,NA,NA,S,Y,3,0,1,1,C,-,18,NA,NA,N,E,I,A,A,H,-,A,D,0,NA,NA,NA,NA,Y,NA,-,-,0,1,0,0,0,0,0,0,0,-,-,33.59582,-117.76507,ORANGE,UNINCORPORATED,-117.76515626,33.59569146
90476142,2017,2017-06-12,9690,2017-06-10,1225,018840,NA,6,1,5,3017,0,1,1,NA,2,059,I-5 N/B (SAN DIEGO FRWY),AVENIDA MENDOCINO,1000,N,N,A,-,Y,NA,NA,5,NA,NA,NA,NA,NA,N,N,3,0,1,3,A,-,08,22107,NA,N,C,C,A,A,D,-,A,D,0,NA,NA,NA,NA,Y,NA,A,01,0,1,0,0,0,0,0,0,0,-,-,33.414789999999996,-117.60271,ORANGE,SAN CLEMENTE,-117.60284361,33.41472276
90476710,2017,2017-06-13,9675,2017-06-09,0620,014751,NA,5,1,6,3026,0,1,1,NA,2,406,I-405 NORTHBOUND,JAMBOREE RD,3000,S,N,A,-,Y,NA,NA,405,NA,NA,NA,NA,NA,N,N,4,0,1,2,A,-,03,22350,NA,N,C,C,A,A,H,-,A,D,0,NA,NA,NA,NA,Y,NA,A,01,0,0,1,0,0,0,0,0,0,-,-,33.67484,-117.83766,ORANGE,IRVINE,-117.83771948,33.67467282
90477979,2017,2017-06-14,9670,2017-06-07,0747,019290,NA,3,1,5,3007,0,1,1,NA,2,041,INTERSTATE 405 S/B (SAN DIEGO FREEWAY),EUCLID ST,528,N,N,B,-,Y,NA,NA,405,NA,NA,NA,NA,NA,S,Y,2,0,1,2,A,-,17,21658,NA,F,B,C,A,A,H,-,A,D,0,NA,NA,Y,NA,Y,NA,A,01,1,0,0,0,0,0,0,0,1,-,-,33.69635,-117.93688,ORANGE,FOUNTAIN VALLEY,-117.9369157,33.69626331
90478538,2017,2017-06-15,9690,2017-06-09,1526,020194,NA,5,2,4,3045,0,3,5,NA,2,005,I-5 N/B (SAN DIEGO FRWY),LAKE FOREST DR.,600,S,N,A,-,Y,NA,NA,5,NA,NA,NA,NA,NA,N,Y,4,0,1,3,A,-,08,22107,NA,N,A,C,A,A,H,-,A,D,0,NA,NA,NA,NA,Y,NA,A,01,0,0,1,0,0,0,0,0,0,-,-,33.6238,-117.71591,ORANGE,LAGUNA HILLS,-117.7159995,33.62371749
90480303,2017,2017-06-19,9675,2017-05-27,1052,020694,NA,6,1,6,3004,0,1,3,NA,2,553,SR-55 SOUTHBOUND,I-405 NORTHBOUND,1200,N,N,A,-,Y,NA,NA,55,NA,NA,NA,NA,NA,S,Y,3,0,4,3,A,-,03,22350,NA,N,C,C,A,A,H,-,A,D,0,NA,NA,NA,NA,Y,NA,A,01,0,1,3,0,0,0,0,0,0,-,-,33.68842,-117.871,ORANGE,COSTA MESA,-117.87113008,33.68854436
90480626,2017,2017-06-19,9670,2017-06-15,1540,020134,NA,4,2,5,3007,0,1,1,NA,2,040,I-405 N/B,BROOKHURST ST,2000,S,N,A,-,Y,NA,NA,405,NA,NA,NA,NA,NA,N,N,4,0,1,2,A,-,07,21658,A,N,B,C,A,A,H,-,A,D,0,NA,NA,Y,NA,Y,NA,A,08,0,0,1,0,0,0,0,0,1,-,-,33.70294,-117.95135,ORANGE,FOUNTAIN VALLEY,-117.95130104,33.70301013
90480666,2017,2017-06-19,9675,2017-06-13,1636,021349,NA,2,2,6,3026,0,1,1,NA,2,504,I-5 S/B,SAND CANYON AVE,1500,S,N,A,-,Y,NA,NA,5,NA,NA,NA,NA,NA,S,Y,4,0,1,4,A,-,03,22350,NA,F,C,C,A,A,H,-,A,D,0,NA,NA,NA,NA,Y,NA,A,01,0,0,1,0,0,0,0,0,0,-,-,33.67071,-117.75558,ORANGE,IRVINE,-117.75544643,33.67075917
90480889,2017,2017-06-19,9675,2017-06-17,1155,020694,NA,6,1,7,3019,0,1,3,NA,2,552,SR-55 NORTHBOUND,WARNER AVE,200,S,N,A,-,Y,NA,NA,NA,NA,NA,NA,NA,NA,NA,Y,4,0,1,2,A,-,03,22350,NA,N,C,C,A,A,H,-,A,D,0,NA,NA,NA,NA,Y,NA,A,01,0,0,1,0,0,0,0,0,0,-,-,33.72255,-117.83606,ORANGE,SANTA ANA,-117.8451204,33.71507908
90482046,2017,2017-06-20,9675,2017-06-14,1740,018027,NA,3,2,6,3026,0,1,1,NA,2,407,I-405 NORTHBOUND,SAND CANYON AVE,500,S,N,A,-,Y,NA,NA,NA,NA,NA,NA,NA,NA,NA,Y,4,0,2,2,A,-,03,22350,NA,N,C,C,A,A,H,-,A,D,0,NA,NA,NA,NA,Y,NA,A,07,0,0,2,0,0,0,0,0,0,-,-,33.659440000000004,-117.776,ORANGE,IRVINE,-117.77645003,33.65705122
9048217,2019,2020-02-25,3022,2019-10-17,0726,1169,NA,4,5,5,3022,0,0,0,NA,0,NA,1ST ST,NEWPORT AV,302,E,N,B,-,N,NA,NA,NA,NA,NA,NA,NA,NA,NA,N,4,0,1,2,A,-,09,21804,A,N,H,G,A,A,H,-,A,D,0,NA,Y,NA,NA,Y,NA,A,01,0,0,1,0,0,0,1,0,0,-,-,33.74515914916992,-117.81449127197266,ORANGE,TUSTIN,-117.81397247314452,33.74498748779297
90483672,2017,2017-06-22,9675,2017-06-21,0312,020650,NA,3,3,6,3026,0,1,1,NA,2,503,I-5 NORTHBOUND,JEFFREY RD,1800,N,N,A,-,Y,NA,NA,5,NA,NA,NA,NA,NA,N,Y,3,0,1,2,A,-,01,23152,A,N,B,E,A,A,H,-,D,D,0,NA,NA,NA,Y,Y,Y,A,01,0,1,0,0,0,0,0,0,0,-,-,33.69652,-117.77187,ORANGE,IRVINE,-117.77230764,33.69623461
9048412,2019,2020-02-25,3022,2019-12-09,1422,1193,NORTH,1,5,5,3022,0,0,0,NA,0,NA,EL CAMINO REAL,AUTO CENTER DR,0,NA,Y,A,-,N,NA,NA,NA,NA,NA,NA,NA,NA,NA,N,3,0,2,2,A,-,12,21453,A,N,D,C,A,A,H,-,A,A,0,NA,NA,NA,NA,Y,NA,A,01,0,1,1,0,0,0,0,0,0,-,-,33.7269287109375,-117.79733276367188,ORANGE,TUSTIN,-117.79723358154295,33.72740173339844
9048447,2019,2020-02-26,3026,2019-11-02,1345,358,CROSS,6,5,6,3026,0,0,0,NA,0,005,YALE LOOP,GREENMOOR,81,W,N,A,D,N,NA,NA,NA,NA,NA,NA,NA,NA,NA,N,2,0,1,2,A,-,03,22350,NA,N,H,G,A,A,H,-,A,D,0,NA,Y,NA,NA,Y,NA,L,04,1,0,0,0,0,0,1,0,0,-,-,33.6662712097168,-117.79884338378906,ORANGE,IRVINE,-117.79934692382813,33.66678237915039
9048518,2019,2020-02-26,3022,2019-11-07,1150,1359,NA,4,5,5,3022,0,0,0,NA,0,NA,TUSTIN RANCH RD,BRYAN AV,142,S,N,A,-,N,NA,NA,NA,NA,NA,NA,NA,NA,NA,N,3,0,2,4,A,-,03,22350,NA,N,C,C,A,A,D,-,A,A,0,NA,NA,NA,NA,Y,NA,A,01,0,1,1,0,0,0,0,0,0,-,-,33.73065948486328,-117.79849243164063,ORANGE,TUSTIN,-117.79884338378906,33.73086929321289
9048641,2020,2020-06-03,3001,2020-01-04,1747,A1047,NA,6,5,7,3001,0,0,0,NA,0,D-1,LINCOLN AV,CRESCENT WY,0,NA,Y,A,-,N,NA,NA,NA,NA,NA,NA,NA,NA,NA,Y,4,0,2,2,A,-,09,21801,A,N,D,C,A,A,H,-,C,A,0,NA,NA,NA,NA,Y,NA,A,01,0,0,2,0,0,0,0,0,0,-,-,33.832820892333984,-117.94737243652344,ORANGE,ANAHEIM,-117.9472885131836,33.83256912231445
9048686,2019,2020-02-25,3001,2019-11-29,2030,A1047,NA,5,5,7,3001,0,0,0,NA,0,0D3,KATELLA AV,STADIUM CROSSINGS,0,NA,Y,B,-,N,NA,NA,NA,NA,NA,NA,NA,NA,NA,NA,4,0,1,2,A,-,08,22101,D,M,D,C,A,A,H,-,C,A,0,NA,NA,NA,NA,Y,NA,A,01,0,0,1,0,0,0,0,0,0,-,-,NA,NA,ORANGE,ANAHEIM,-117.886723,33.803569
9048700,2019,2020-02-25,3001,2019-11-22,1544,A2227,NA,5,5,7,3001,0,0,0,NA,0,0D3,RIO VISTA ST,AMES AV,0,NA,Y,A,-,N,NA,NA,NA,NA,NA,NA,NA,NA,NA,NA,4,0,1,2,A,-,09,21802,A,M,D,G,A,A,H,-,A,D,0,NA,Y,NA,NA,Y,NA,A,01,0,0,1,0,0,0,1,0,0,-,-,33.828128814697266,-117.87139892578124,ORANGE,ANAHEIM,-117.87171936035156,33.828338623046875
9048762,2020,2020-02-25,3026,2020-01-24,0932,8929,UNIVE,5,5,6,3026,0,0,0,NA,0,002,UNIVERSITY DR,CAMPUS DR,61,S,N,A,-,N,NA,NA,NA,NA,NA,NA,NA,NA,NA,NA,3,0,1,4,A,-,12,21453,A,N,D,C,A,A,H,-,A,A,0,NA,NA,NA,NA,Y,NA,A,01,0,1,0,0,0,0,0,0,0,-,-,33.65497970581055,-117.84474182128906,ORANGE,IRVINE,-117.84494018554688,33.654911041259766
9048769,2020,2020-02-25,3022,2020-01-15,1730,1225,NORTH,3,5,5,3022,0,0,0,NA,0,NA,MAIN ST,PACIFIC ST W,65,W,N,B,-,N,NA,NA,NA,NA,NA,NA,NA,NA,NA,NA,3,0,3,2,A,-,03,22350,NA,N,C,C,A,A,H,-,D,A,0,NA,NA,NA,NA,Y,NA,A,07,0,1,2,0,0,0,0,0,0,-,-,33.74214172363281,-117.82972717285156,ORANGE,TUSTIN,-117.82998657226563,33.742088317871094
90487823,2017,2017-06-26,9670,2017-06-24,1250,013414,NA,6,1,5,3007,0,1,1,NA,2,040,I-405 N/B,EUCLID STREET,1000,N,N,A,-,Y,NA,NA,405,NA,NA,NA,NA,NA,N,Y,4,0,1,3,A,-,03,22350,NA,N,C,C,A,A,H,-,A,D,0,NA,NA,NA,NA,Y,NA,A,01,0,0,1,0,0,0,0,0,0,-,-,33.697540000000004,-117.93896,ORANGE,FOUNTAIN VALLEY,-117.93899014,33.69747045
9048791,2020,2020-06-26,3026,2020-01-04,1109,358,NA,6,5,6,3026,0,0,0,NA,0,NA,IRVINE BL,PUEBLO NORTE,0,NA,Y,A,-,N,NA,NA,NA,NA,NA,NA,NA,NA,NA,Y,4,0,2,2,A,-,09,21453,B,N,D,C,A,A,H,-,A,A,0,NA,NA,NA,NA,Y,NA,A,01,0,0,2,0,0,0,0,0,0,-,-,33.71284103393555,-117.76744842529295,ORANGE,IRVINE,-117.75865936279295,33.71268844604492
90488263,2017,2017-06-27,9675,2017-06-19,1758,021349,NA,1,2,5,3022,0,1,1,NA,2,503,I-5 N/B,TUSTIN RANCH RD,300,S,N,A,-,Y,NA,NA,5,NA,NA,NA,NA,NA,N,N,4,0,1,2,A,-,03,22350,NA,N,C,C,A,A,H,-,A,D,0,NA,NA,NA,NA,Y,NA,A,01,0,0,1,0,0,0,0,0,0,-,-,33.72365,-117.80053,ORANGE,TUSTIN,-117.80057917,33.72357959
90489809,2017,2017-06-28,9675,2017-06-20,1730,018102,NA,2,2,7,3001,0,1,3,NA,2,240,SR-241 NORTHBOUND,SR-91,1500,S,N,A,-,Y,NA,NA,241,NA,NA,NA,NA,NA,N,Y,3,0,1,2,A,-,08,22107,NA,N,B,C,A,A,H,-,A,D,0,NA,NA,Y,NA,Y,NA,A,01,0,1,0,0,0,0,0,0,1,-,-,33.85746,-117.71675,ORANGE,ANAHEIM,-117.71677679,33.85746
90491435,2017,2017-06-30,9670,2017-06-22,0750,016793,NA,4,1,9,3000,0,3,5,NA,2,003,MONTECITO RD.,OAK GROVE RD.,0,NA,Y,A,-,N,NA,NA,NA,NA,NA,NA,NA,NA,NA,Y,4,0,1,2,A,-,09,21801,A,N,D,C,A,A,H,-,A,A,0,NA,NA,NA,NA,Y,NA,A,01,0,0,1,0,0,0,0,0,0,-,-,33.7868,-118.07627,ORANGE,UNINCORPORATED,-118.07623008,33.78681004