CASE_ID,ACCIDENT_YEAR,PROC_DATE,JURIS,COLLISION_DATE,COLLISION_TIME,OFFICER_ID,REPORTING_DISTRICT,DAY_OF_WEEK,CHP_SHIFT,POPULATION,CNTY_CITY_LOC,SPECIAL_COND,BEAT_TYPE,CHP_BEAT_TYPE,CITY_DIVISION_LAPD,CHP_BEAT_CLASS,BEAT_NUMBER,PRIMARY_RD,SECONDARY_RD,DISTANCE,DIRECTION,INTERSECTION,WEATHER_1,WEATHER_2,STATE_HWY_IND,CALTRANS_COUNTY,CALTRANS_DISTRICT,STATE_ROUTE,ROUTE_SUFFIX,POSTMILE_PREFIX,POSTMILE,LOCATION_TYPE,RAMP_INTERSECTION,SIDE_OF_HWY,TOW_AWAY,COLLISION_SEVERITY,NUMBER_KILLED,NUMBER_INJURED,PARTY_COUNT,PRIMARY_COLL_FACTOR,PCF_CODE_OF_VIOL,PCF_VIOL_CATEGORY,PCF_VIOLATION,PCF_VIOL_SUBSECTION,HIT_AND_RUN,TYPE_OF_COLLISION,MVIW,PED_ACTION,ROAD_SURFACE,ROAD_COND_1,ROAD_COND_2,LIGHTING,CONTROL_DEVICE,CHP_ROAD_TYPE,PEDESTRIAN_ACCIDENT,BICYCLE_ACCIDENT,MOTORCYCLE_ACCIDENT,TRUCK_ACCIDENT,NOT_PRIVATE_PROPERTY,ALCOHOL_INVOLVED,STWD_VEHTYPE_AT_FAULT,CHP_VEHTYPE_AT_FAULT,COUNT_SEVERE_INJ,COUNT_VISIBLE_INJ,COUNT_COMPLAINT_PAIN,COUNT_PED_KILLED,COUNT_PED_INJURED,COUNT_BICYCLIST_KILLED,COUNT_BICYCLIST_INJURED,COUNT_MC_KILLED,COUNT_MC_INJURED,PRIMARY_RAMP,SECONDARY_RAMP,LATITUDE,LONGITUDE,COUNTY,CITY,POINT_X,POINT_Y
90791874,2018,2018-08-16,9675,2018-08-11,1220,020027,NA,6,1,5,3014,0,1,3,NA,2,074,SR-73 SOUTHBOUND,NEWPORT COAST DR,1000,N,N,A,-,Y,NA,NA,73,NA,NA,NA,NA,NA,S,N,4,0,1,2,A,-,07,21658,A,N,B,C,A,A,H,-,A,D,0,NA,NA,NA,NA,Y,NA,A,01,0,0,1,0,0,0,0,0,0,-,-,33.624149322509766,-117.83045196533205,ORANGE,NEWPORT BEACH,-117.8302993774414,33.624324798583984
90797354,2018,2018-08-24,9675,2018-08-20,1812,020240,NA,1,2,7,3001,0,1,3,NA,2,094,SR-91 EASTBOUND,WEIR CYN RD,3105,W,N,A,-,Y,NA,NA,91,NA,NA,NA,NA,NA,E,Y,2,0,5,4,A,-,03,22350,NA,N,C,C,A,A,H,-,A,D,0,NA,NA,NA,NA,Y,NA,D,22,1,3,1,0,0,0,0,0,0,-,-,33.868980407714844,-117.75482177734376,ORANGE,ANAHEIM,-117.75482177734376,33.868961334228516
90797497,2018,2018-08-24,9670,2018-08-15,1343,021910,NA,3,1,9,3000,0,3,5,NA,2,005,"BOLSA AVE, 8100 BLOCK",ADAMS ST,70,E,N,A,-,N,NA,NA,NA,NA,NA,NA,NA,NA,NA,Y,3,0,2,1,A,-,08,22107,NA,N,E,I,A,A,H,-,A,D,0,NA,NA,NA,NA,Y,NA,A,01,0,2,0,0,0,0,0,0,0,-,-,33.74467086791992,-117.98834991455078,ORANGE,UNINCORPORATED,-117.9884033203125,33.74467849731445
90798077,2018,2018-08-27,9670,2018-08-18,1645,021900,NA,6,2,6,3009,0,1,3,NA,2,024,SR-22 E/B,LEWIS ST. O/C,500,W,N,A,-,Y,NA,NA,22,NA,NA,NA,NA,NA,E,Y,4,0,1,2,A,-,01,23152,A,F,C,C,A,A,H,-,A,D,0,NA,NA,NA,NA,Y,Y,A,07,0,0,1,0,0,0,0,0,0,-,-,33.777740478515625,-117.8979263305664,ORANGE,GARDEN GROVE,-117.8979949951172,33.77789306640625
90799661,2018,2018-08-28,9675,2018-08-21,1734,019804,NA,2,2,5,3022,0,1,1,NA,2,503,I-5 NORTHBOUND,RED HILL AVENUE,1500,N,N,A,-,Y,NA,NA,5,NA,NA,NA,NA,NA,N,N,4,0,2,3,A,-,03,22350,NA,N,C,C,A,A,H,-,A,D,0,NA,NA,NA,NA,Y,NA,A,01,0,0,2,0,0,0,0,0,0,-,-,33.735328674316406,-117.81812286376952,ORANGE,TUSTIN,-117.81806182861328,33.735450744628906
90801617,2018,2018-08-30,9675,2018-08-23,0640,020550,NA,4,1,5,3022,0,1,3,NA,2,551,SR-55 SOUTHBOUND,I-5 NORTHBOUND,500,N,N,A,-,Y,NA,NA,55,NA,NA,NA,NA,NA,S,N,4,0,1,2,A,-,03,22350,NA,N,C,C,A,A,H,-,A,D,0,NA,NA,NA,NA,Y,NA,A,01,0,0,1,0,0,0,0,0,0,-,-,33.742469787597656,-117.83390045166016,ORANGE,TUSTIN,-117.83386993408205,33.742469787597656
90803674,2018,2018-08-31,9675,2018-08-24,1404,021984,NA,5,2,4,3002,0,1,3,NA,2,570,SR-57 SOUTHBOUND,IMPERIAL HIGHWAY,200,N,N,A,-,Y,NA,NA,57,NA,NA,NA,NA,NA,S,Y,3,0,4,4,A,-,07,21658,A,N,B,C,A,A,H,-,A,D,0,NA,NA,NA,NA,Y,NA,A,07,0,1,3,0,0,0,0,0,0,-,-,33.91545104980469,-117.88214111328124,ORANGE,BREA,-117.88222503662108,33.915489196777344
90803703,2018,2018-08-31,9675,2018-08-29,0715,019088,NA,3,1,5,3016,0,1,3,NA,2,571,SR-57 N/B,PLACENTIA AVE,100,S,N,A,-,Y,NA,NA,57,NA,NA,NA,NA,NA,N,Y,4,0,1,3,A,-,03,22350,NA,N,C,C,A,A,H,-,A,D,0,NA,NA,NA,NA,Y,NA,A,01,0,0,1,0,0,0,0,0,0,-,-,33.869930267333984,-117.87973022460938,ORANGE,PLACENTIA,-117.87972259521484,33.86993408203125
90805127,2018,2018-09-04,9670,2018-08-29,1450,017951,NA,3,2,6,3009,0,1,3,NA,2,022,SR-22 EASTBOUND (GARDEN GROVE FREEWAY),TAFT STREET,696,W,N,A,-,Y,NA,NA,22,NA,NA,NA,NA,NA,E,Y,4,0,1,2,A,-,03,22350,NA,N,C,C,A,A,H,-,A,D,0,NA,NA,NA,NA,Y,NA,A,07,0,0,1,0,0,0,0,0,0,-,-,33.7657585144043,-117.94448852539063,ORANGE,GARDEN GROVE,-117.94448852539063,33.76597595214844
90805705,2018,2018-09-05,9670,2018-08-31,0828,019290,NA,5,1,6,3009,0,1,3,NA,2,022,SR-22 E/B (GARDEN GROVE FWY),MAGNOLIA ST,1584,W,N,A,-,Y,NA,NA,22,NA,NA,NA,NA,NA,E,N,4,0,1,2,A,-,03,22350,NA,N,C,C,A,A,H,-,A,B,0,NA,NA,NA,NA,Y,NA,A,01,0,0,1,0,0,0,0,0,0,-,-,33.77056121826172,-117.98419189453124,ORANGE,GARDEN GROVE,-117.98419189453124,33.77056884765625
90807389,2018,2018-10-12,9690,2018-09-01,1217,016128,NA,6,1,4,3018,0,1,1,NA,2,057,I-5 S/B (SAN DIEGO FRWY),SR-74 (ORTEGA HWY),1200,N,N,A,-,Y,NA,NA,5,NA,NA,NA,NA,NA,S,Y,3,0,1,2,A,-,03,22350,NA,N,C,C,A,A,H,-,A,D,0,NA,NA,Y,NA,Y,NA,C,02,0,1,0,0,0,0,0,0,1,-,-,33.507530212402344,-117.66034698486328,ORANGE,SAN JUAN CAPISTRANO,-117.6603546142578,33.507530212402344
90808812,2018,2018-09-10,9675,2018-08-31,0810,018714,NA,5,1,6,3026,0,1,1,NA,2,406,I-405 N/B,JAMBOREE RD,1300,N,N,A,-,Y,NA,NA,NA,NA,NA,NA,NA,NA,NA,Y,4,0,2,3,A,-,03,22350,NA,N,C,C,A,A,H,-,A,D,0,NA,NA,NA,NA,Y,NA,A,01,0,0,2,0,0,0,0,0,0,-,-,33.404300689697266,-117.50499725341795,ORANGE,IRVINE,-117.84725189208984,33.678550720214844
90809425,2018,2018-09-10,9675,2018-06-09,1920,021809,NA,6,2,6,3015,0,1,3,NA,2,572,STATE ROUTE 57 SOUTHBOUND,CHAPMAN AVE,1200,N,N,A,-,Y,NA,NA,57,NA,NA,NA,NA,NA,S,Y,1,1,0,1,A,-,08,22107,NA,N,E,A,A,A,H,-,A,D,0,NA,NA,NA,NA,Y,NA,A,01,0,0,0,0,0,0,0,0,0,-,-,33.791908264160156,-117.87989807128906,ORANGE,ORANGE,-117.87980651855467,33.7918815612793
90812451,2018,2018-09-13,9675,2018-09-07,0900,017833,NA,5,1,6,3026,0,1,1,NA,2,407,I-405 NORTHBOUND,SAND CANYON AVE,727,S,N,A,-,Y,NA,NA,405,NA,NA,NA,NA,NA,N,Y,3,0,1,3,A,-,03,22350,NA,N,C,C,A,A,H,-,A,D,0,NA,NA,NA,Y,Y,NA,G,25,0,1,0,0,0,0,0,0,0,-,-,33.65671157836914,-117.77588653564452,ORANGE,IRVINE,-117.7759017944336,33.65669250488281
90813095,2018,2018-09-14,9675,2018-09-08,0050,021874,NA,6,3,6,3026,0,1,1,NA,2,503,I-5 SOUTHBOUND,JEFFREY RD,1000,N,N,A,-,Y,NA,NA,5,NA,NA,NA,NA,NA,S,N,4,0,1,2,A,-,03,22350,NA,F,C,C,A,A,H,-,D,D,0,NA,NA,NA,NA,Y,NA,-,99,0,0,1,0,0,0,0,0,0,-,-,33.692138671875,-117.76991271972656,ORANGE,IRVINE,-117.76998901367188,33.69208526611328
90814241,2018,2018-09-17,9670,2018-09-10,1338,022055,NA,1,1,5,3007,0,1,1,NA,2,041,I-405 S/B,MAGNOLIA ST.,100,N,N,A,-,Y,NA,NA,NA,NA,NA,NA,NA,NA,NA,Y,3,0,2,1,A,-,08,22107,NA,N,E,I,A,A,D,-,A,D,0,NA,NA,NA,NA,Y,NA,A,01,0,2,0,0,0,0,0,0,0,-,-,33.72233963012695,-117.97519683837892,ORANGE,FOUNTAIN VALLEY,-117.97219848632813,33.7200927734375
90815325,2018,2018-09-18,9670,2018-09-13,1751,020175,NA,4,2,5,3003,0,1,3,NA,2,092,SR-91 E/B,SR-39 (BEACH BLVD.),1584,W,N,A,-,Y,NA,NA,91,NA,NA,NA,NA,NA,E,Y,2,0,1,3,A,-,07,21658,A,N,B,C,A,A,H,-,A,D,0,NA,NA,Y,NA,Y,NA,A,01,1,0,0,0,0,0,0,0,1,-,-,33.85581970214844,-118.00376129150392,ORANGE,BUENA PARK,-118.00376129150392,33.8559455871582
90815602,2018,2018-09-18,9675,2018-09-11,1000,019979,NA,2,1,7,3019,0,1,3,NA,2,222,SR-22 EASTBOUND,BRISTOL ST,700,E,N,A,-,Y,NA,NA,22,NA,NA,NA,NA,NA,E,Y,4,0,2,2,A,-,03,22350,NA,N,C,C,A,A,H,-,A,D,0,NA,NA,NA,NA,Y,NA,A,07,0,0,2,0,0,0,0,0,0,-,-,33.778831481933594,-117.88043975830078,ORANGE,SANTA ANA,-117.88043975830078,33.7789192199707
90815607,2018,2018-09-18,9670,2018-09-12,0940,018757,NA,3,1,6,3009,0,1,3,NA,2,021,SR-22 W/B,SPRINGDALE ST,500,W,N,A,-,Y,NA,NA,22,NA,NA,NA,NA,NA,W,Y,4,0,2,3,A,-,03,22350,NA,N,C,C,A,A,H,-,A,D,0,NA,NA,NA,NA,Y,NA,A,01,0,0,2,0,0,0,0,0,0,-,-,33.77436065673828,-118.02172088623048,ORANGE,GARDEN GROVE,-118.02172088623048,33.77439498901367
90818827,2018,2018-09-21,9675,2018-09-12,0755,017833,NA,3,1,6,3026,0,1,1,NA,2,530,I-5 SOUTHBOUND,CULVER DR,2640,N,N,B,-,Y,NA,NA,5,NA,NA,NA,NA,NA,S,Y,2,0,1,2,A,-,08,22107,NA,N,F,A,A,A,H,-,A,D,0,NA,NA,Y,NA,Y,NA,C,02,1,0,0,0,0,0,0,0,1,-,-,33.71384811401367,-117.78701782226563,ORANGE,IRVINE,-117.78707122802734,33.71377944946289
90820146,2018,2018-09-24,9670,2018-09-22,1528,022055,NA,6,2,6,3010,0,1,1,NA,2,041,I-405 S/B,MAGNOLIA ST.,200,N,N,A,-,Y,NA,NA,405,NA,NA,NA,NA,NA,S,N,3,0,1,2,A,-,03,22350,NA,N,C,C,A,A,D,-,A,D,0,NA,NA,NA,NA,Y,NA,A,01,0,1,0,0,0,0,0,0,0,-,-,33.72222137451172,-117.974853515625,ORANGE,HUNTINGTON BEACH,-117.97482299804688,33.722251892089844
9082194,2020,2020-07-13,3004,2020-03-04,2010,P603,11,3,5,6,3004,0,0,0,NA,0,015,HAMILTON AV,THURIN ST,312,W,N,A,-,N,NA,NA,NA,NA,NA,NA,NA,NA,NA,N,3,0,1,2,A,-,11,21954,A,N,G,B,D,A,H,-,C,D,0,Y,NA,NA,NA,Y,NA,N,60,0,1,0,0,1,0,0,0,0,-,-,NA,NA,ORANGE,COSTA MESA,-117.91503143310548,33.65078353881836
90824542,2018,2018-09-28,9675,2018-09-22,0625,018714,NA,6,1,6,3004,0,1,1,NA,2,405,I-405 N/B,HARBOR BLVD,3700,N,N,A,-,Y,NA,NA,NA,NA,NA,NA,NA,NA,NA,Y,3,0,1,2,A,-,03,22350,NA,N,C,C,A,A,H,-,B,D,0,NA,NA,NA,NA,Y,NA,A,01,0,1,0,0,0,0,0,0,0,-,-,33.41379928588867,-117.55500030517578,ORANGE,COSTA MESA,-117.9228515625,33.69078826904297
90824719,2018,2018-09-28,9675,2018-09-21,1705,022074,NA,5,2,7,3001,0,1,3,NA,2,095,SR-91 EASTBOUND,WEIR CYN RD,500,E,N,A,-,Y,NA,NA,91,NA,NA,NA,NA,NA,E,Y,3,0,1,2,A,-,07,21658,A,N,B,C,A,A,H,-,A,D,0,NA,NA,Y,NA,Y,NA,A,08,0,1,0,0,0,0,0,0,1,-,-,33.870269775390625,-117.74120330810548,ORANGE,ANAHEIM,-117.7412567138672,33.8707160949707
90826360,2018,2018-10-02,9675,2018-09-24,2022,019938,NA,1,2,6,3026,0,1,1,NA,2,407,I-405 SOUTHBOUND,LAGUNA CANYON RD,500,S,N,A,-,Y,NA,NA,405,NA,NA,NA,NA,NA,S,Y,4,0,1,2,A,-,08,22107,NA,N,E,I,A,A,H,-,C,D,0,NA,NA,NA,NA,Y,NA,A,01,0,0,1,0,0,0,0,0,0,-,-,33.65237045288086,-117.76567840576172,ORANGE,IRVINE,-117.76569366455078,33.65227127075195
90828031,2018,2018-10-03,9675,2018-09-25,0815,019394,NA,2,1,7,3019,0,1,1,NA,2,502,I-5 NORTHBOUND,MAIN ST,1070,S,N,B,-,Y,NA,NA,NA,NA,NA,NA,NA,NA,NA,Y,4,0,2,4,A,-,03,22350,NA,N,C,C,A,A,H,-,A,D,0,NA,NA,NA,NA,Y,NA,A,07,0,0,2,0,0,0,0,0,0,-,-,33.455501556396484,-117.5156021118164,ORANGE,SANTA ANA,-117.8673095703125,33.768089294433594
90828918,2018,2018-10-04,9675,2018-09-26,1208,022058,NA,3,1,7,3019,0,1,1,NA,2,503,INTERSTATE 5 SOUTHBOUND,STATE ROUTE 55,500,N,N,A,-,Y,NA,NA,NA,NA,NA,NA,NA,NA,NA,N,4,0,1,2,A,-,04,21706,NA,N,B,C,A,A,H,-,A,D,0,NA,NA,NA,NA,Y,NA,A,01,0,0,1,0,0,0,0,0,0,-,-,33.74079895019531,-117.83439636230467,ORANGE,SANTA ANA,NA,NA
90828955,2018,2018-10-04,9675,2018-09-25,1708,021377,NA,2,2,6,3026,0,1,1,NA,2,406,I-405 NORTHBOUND,MACARTHUR BLVD,1000,S,N,A,-,Y,NA,NA,405,NA,NA,NA,NA,NA,N,Y,4,0,1,2,D,-,00,NA,NA,N,C,C,A,A,H,-,A,D,0,NA,NA,Y,NA,Y,NA,-,-,0,0,1,0,0,0,0,0,1,-,-,33.681549072265625,-117.85382843017578,ORANGE,IRVINE,-117.85385131835938,33.68149948120117
90830842,2018,2018-10-08,9675,2018-09-27,1905,022073,NA,4,2,7,3019,0,1,3,NA,2,551,SR-55 SOUTHBOUND,17TH,1450,S,N,A,-,Y,NA,NA,55,NA,NA,NA,NA,NA,S,Y,4,0,1,3,A,-,03,22350,NA,N,C,C,A,A,H,-,C,D,0,NA,NA,NA,NA,Y,NA,A,01,0,0,1,0,0,0,0,0,0,-,-,33.75413131713867,-117.83174896240234,ORANGE,SANTA ANA,-117.83170318603516,33.75412368774414
90831015,2018,2018-10-08,9675,2018-09-30,1555,021960,NA,7,2,7,3019,0,1,1,NA,2,502,I-5 N/B,LINCOLN AVE,236,N,N,A,-,Y,NA,NA,5,NA,NA,NA,NA,NA,N,Y,4,0,4,4,A,-,03,22350,NA,N,C,C,A,A,H,-,A,D,0,NA,NA,NA,NA,Y,NA,A,01,0,0,4,0,0,0,0,0,0,-,-,33.757381439208984,-117.85700988769533,ORANGE,SANTA ANA,-117.85700988769533,33.75737380981445
90832591,2018,2018-10-10,9675,2018-10-02,0740,018005,NA,2,1,9,3000,0,1,1,NA,2,406,I-405 NORTHBOUND,REDHILL,900,S,N,B,-,Y,NA,NA,405,NA,NA,NA,NA,NA,N,N,4,0,1,2,A,-,03,22350,NA,N,C,C,A,A,H,-,A,D,0,NA,NA,NA,NA,Y,NA,A,01,0,0,1,0,0,0,0,0,0,-,-,33.685699462890625,-117.86329650878906,ORANGE,UNINCORPORATED,-117.86331176757813,33.6856689453125
90832754,2018,2018-10-10,9675,2018-10-03,1142,017043,NA,3,1,6,3004,0,1,1,NA,2,405,I-405 N/B,MACARTHUR BLVD,50,S,N,B,-,Y,NA,NA,NA,NA,NA,NA,NA,NA,NA,Y,3,0,1,3,A,-,03,22350,NA,N,C,C,A,A,H,-,A,D,0,NA,NA,NA,NA,Y,NA,A,01,0,1,0,0,0,0,0,0,0,-,-,33.68312072753906,-117.85723114013672,ORANGE,COSTA MESA,-117.85694122314452,33.68286895751953
90834859,2018,2018-10-12,9675,2018-10-10,1100,017833,NA,3,1,7,3019,0,1,3,NA,2,552,SR-55 NORTHBOUND,DYER RD,500,N,N,A,-,Y,NA,NA,55,NA,NA,NA,NA,NA,N,Y,4,0,2,3,A,-,03,22350,NA,N,C,C,A,A,H,-,A,D,0,NA,NA,NA,NA,Y,NA,E,22,0,0,2,0,0,0,0,0,0,-,-,33.71134948730469,-117.84874725341795,ORANGE,SANTA ANA,-117.84891510009766,33.71150588989258
90835520,2018,2018-10-15,9675,2018-10-03,1735,021983,NA,3,2,6,3004,0,1,1,NA,2,405,I-405 NORTHBOUND,HARBOR BLVD,1500,N,N,A,-,Y,NA,NA,405,NA,NA,NA,NA,NA,N,Y,4,0,1,2,A,-,03,22350,NA,N,C,C,A,A,H,-,A,D,0,NA,NA,NA,NA,Y,NA,A,07,0,0,1,0,0,0,0,0,0,-,-,33.691009521484375,-117.9233627319336,ORANGE,COSTA MESA,-117.92337799072266,33.690982818603516
90836618,2018,2018-10-16,9670,2018-09-25,0949,021242,NA,2,1,6,3008,0,1,3,NA,2,093,SR-91 WESTBOUND TO EUCLID STREET,EUCLID ST,12,E,N,B,-,Y,NA,NA,91,NA,NA,NA,R,NA,W,N,3,0,1,2,D,-,00,NA,NA,N,G,B,B,A,H,-,A,A,0,Y,NA,NA,NA,Y,NA,-,-,0,1,0,0,1,0,0,0,0,-,-,33.85472869873047,-117.9416275024414,ORANGE,FULLERTON,-117.9416275024414,33.85472869873047
90838431,2018,2018-10-17,9675,2018-10-10,1515,018102,NA,3,2,9,3000,0,3,5,NA,2,002,NEWPORT AVENUE,HYDE PARK DRIVE,0,NA,Y,A,-,N,NA,NA,NA,NA,NA,NA,NA,NA,NA,Y,4,0,1,2,A,-,09,21801,A,N,D,C,A,A,H,-,A,D,0,NA,NA,NA,NA,Y,NA,A,07,0,0,1,0,0,0,0,0,0,-,-,33.77219009399414,-117.79019165039063,ORANGE,UNINCORPORATED,-117.79029846191406,33.772090911865234
90840511,2018,2018-10-22,9675,2018-10-09,0228,019888,NA,2,3,7,3001,0,1,3,NA,2,571,SR-57 NORTHBOUND,ORANGETHORPE AVE,189,N,N,A,-,Y,NA,NA,NA,NA,NA,NA,NA,NA,NA,Y,4,0,1,1,A,-,01,23152,A,N,E,I,A,A,H,-,C,D,0,NA,NA,NA,NA,Y,Y,A,07,0,0,1,0,0,0,0,0,0,-,-,33.856201171875,-117.87747192382813,ORANGE,ANAHEIM,-117.87722778320313,33.86178970336914
90841402,2018,2018-10-22,9670,2018-10-13,1153,021286,NA,6,1,6,3009,0,1,3,NA,2,025,SR-22 WESTBOUND FROM GARDEN GROVE BLVD,GARDEN GROVE BLVD,166,W,N,C,-,Y,NA,NA,22,NA,NA,NA,R,NA,W,Y,4,0,1,1,A,-,08,22107,NA,N,E,I,A,B,H,-,A,D,0,NA,NA,NA,NA,Y,NA,A,01,0,0,1,0,0,0,0,0,0,-,-,33.77391052246094,-117.90650177001952,ORANGE,GARDEN GROVE,-117.90650177001952,33.77391052246094
90842304,2018,2019-09-05,9675,2018-10-12,1615,021982,NA,5,2,9,3000,0,3,5,NA,2,004,"SANTA ANA AVE, 20100 BLOCK",BRISTOL ST,500,S,N,A,-,Y,NA,NA,NA,NA,NA,NA,NA,NA,NA,N,3,0,1,2,A,-,08,22107,NA,N,B,G,A,A,H,-,A,D,0,NA,Y,NA,NA,Y,NA,A,07,0,1,0,0,0,0,1,0,0,-,-,33.66339874267578,-117.88516998291016,ORANGE,UNINCORPORATED,-117.8830795288086,33.66557693481445
90847750,2018,2018-10-29,9670,2018-10-25,1855,019748,NA,4,2,6,3009,0,1,3,NA,2,024,SR-22 E/B (GARDEN GROVE FWY),NEWHOPE ST,50,E,N,A,-,Y,NA,NA,22,NA,NA,NA,NA,NA,E,N,4,0,1,3,A,-,03,22350,NA,F,C,C,A,A,H,-,C,D,0,NA,NA,NA,NA,Y,NA,-,99,0,0,1,0,0,0,0,0,0,-,-,33.766048431396484,-117.92874908447266,ORANGE,GARDEN GROVE,-117.92874908447266,33.76609802246094
90850500,2018,2018-11-01,9675,2018-10-25,1710,015041,NA,4,2,6,3026,0,1,1,NA,2,503,I-5 N/B (SAN DIEGO FRWY),CULVER DRIVE,3000,S,N,A,-,Y,NA,NA,5,NA,NA,NA,NA,NA,N,Y,2,0,1,1,A,-,03,22350,NA,N,F,A,A,A,H,-,A,D,0,NA,NA,Y,NA,Y,NA,C,02,1,0,0,0,0,0,0,0,1,-,-,33.703128814697266,-117.77689361572266,ORANGE,IRVINE,-117.77684020996094,33.703163146972656
90851564,2018,2018-11-02,9670,2018-10-04,0926,021286,NA,4,1,5,3007,0,1,1,NA,2,040,I-405 NORTHBOUND (SAN DIEGO FWY),NEWLAND STREET O/C,1056,S,N,A,-,Y,NA,NA,NA,NA,NA,NA,NA,NA,NA,Y,2,0,3,5,A,-,03,22350,NA,N,C,C,A,A,D,-,A,D,0,NA,NA,NA,NA,Y,NA,A,01,1,1,1,0,0,0,0,0,0,-,-,33.72563934326172,-117.97901153564452,ORANGE,FOUNTAIN VALLEY,-117.97808074951172,33.72499084472656
90855706,2018,2018-12-18,9675,2018-10-29,1455,021438,NA,1,2,7,3001,0,1,3,NA,2,572,SR-57 S/B,BALL RD,340,N,N,A,-,Y,NA,NA,57,NA,NA,NA,NA,NA,S,Y,3,0,1,2,A,-,03,22350,NA,N,C,C,A,A,H,-,A,D,0,NA,NA,Y,NA,Y,NA,C,02,0,1,0,0,0,0,0,0,1,-,-,33.819149017333984,-117.876220703125,ORANGE,ANAHEIM,-117.87631988525392,33.81916046142578
90857629,2018,2018-11-09,9675,2018-11-05,0835,017833,NA,1,1,7,3019,0,1,1,NA,2,503,I-5 SOUTHBOUND,SR-55,1056,S,N,A,-,Y,NA,NA,NA,NA,NA,NA,NA,NA,NA,Y,4,0,1,2,A,-,21,22106,NA,N,C,C,A,A,H,-,A,D,0,NA,NA,NA,NA,Y,NA,A,01,0,0,1,0,0,0,0,0,0,-,-,33.73905944824219,-117.8295669555664,ORANGE,SANTA ANA,NA,NA
90857661,2018,2018-11-12,9675,2018-11-05,1730,020091,NA,1,2,6,3026,0,1,1,NA,2,504,I-5 NORTHBOUND,BAKE PKWY,1500,N,N,A,-,Y,NA,NA,5,NA,NA,NA,NA,NA,N,Y,4,0,1,3,A,-,03,22350,NA,N,C,C,A,A,H,-,B,D,0,NA,NA,NA,NA,Y,NA,A,01,0,0,1,0,0,0,0,0,0,-,-,33.64289855957031,-117.73306274414063,ORANGE,IRVINE,-117.73332214355467,33.64268493652344
90857664,2018,2018-11-12,9675,2018-11-06,1135,020627,NA,2,1,6,3008,0,1,3,NA,2,571,SR-57 NORTHBOUND,YORBA LINDA BLVD,1000,S,N,A,-,Y,NA,NA,57,NA,NA,NA,NA,NA,N,Y,3,0,1,1,C,-,18,NA,NA,N,E,J,A,A,C,-,A,D,0,NA,NA,NA,NA,Y,NA,-,-,0,1,0,0,0,0,0,0,0,-,-,33.893070220947266,-117.88037872314452,ORANGE,FULLERTON,-117.88052368164063,33.89306640625
90860073,2018,2018-11-14,9670,2018-11-12,1050,016194,NA,1,1,6,3010,0,1,1,NA,2,040,I-405 N/B,EDINGER AVE,1056,S,N,A,-,Y,NA,NA,405,NA,NA,NA,NA,NA,N,N,4,0,1,2,A,-,03,22350,NA,N,C,C,A,A,D,-,A,D,0,NA,NA,NA,NA,Y,NA,A,07,0,0,1,0,0,0,0,0,0,-,-,33.72795867919922,-117.98223876953124,ORANGE,HUNTINGTON BEACH,-117.98225402832033,33.727935791015625
90861999,2018,2018-11-16,9675,2018-11-13,0820,018005,NA,2,1,7,3019,0,1,1,NA,2,503,I-5 SOUTHBOUND,FIRST ST,100,N,N,B,-,Y,NA,NA,NA,NA,NA,NA,NA,NA,NA,N,4,0,1,2,A,-,07,21658,A,M,C,C,A,A,H,-,A,D,0,NA,NA,NA,NA,Y,NA,A,07,0,0,1,0,0,0,0,0,0,-,-,33.44459915161133,-117.50331115722656,ORANGE,SANTA ANA,-117.84263610839844,33.74593734741211
90863203,2018,2018-11-19,9670,2018-11-16,1855,022075,NA,5,2,6,3009,0,1,3,NA,2,024,SR-22 E/B,HARBOR BLVD,100,E,N,A,-,Y,NA,NA,22,NA,NA,NA,NA,NA,E,N,3,0,1,3,A,-,03,22350,NA,N,C,C,A,A,H,-,C,D,0,NA,NA,NA,NA,Y,NA,A,01,0,1,0,0,0,0,0,0,0,-,-,33.76789093017578,-117.91927337646484,ORANGE,GARDEN GROVE,-117.91934967041016,33.768123626708984