CASE_ID,ACCIDENT_YEAR,PROC_DATE,JURIS,COLLISION_DATE,COLLISION_TIME,OFFICER_ID,REPORTING_DISTRICT,DAY_OF_WEEK,CHP_SHIFT,POPULATION,CNTY_CITY_LOC,SPECIAL_COND,BEAT_TYPE,CHP_BEAT_TYPE,CITY_DIVISION_LAPD,CHP_BEAT_CLASS,BEAT_NUMBER,PRIMARY_RD,SECONDARY_RD,DISTANCE,DIRECTION,INTERSECTION,WEATHER_1,WEATHER_2,STATE_HWY_IND,CALTRANS_COUNTY,CALTRANS_DISTRICT,STATE_ROUTE,ROUTE_SUFFIX,POSTMILE_PREFIX,POSTMILE,LOCATION_TYPE,RAMP_INTERSECTION,SIDE_OF_HWY,TOW_AWAY,COLLISION_SEVERITY,NUMBER_KILLED,NUMBER_INJURED,PARTY_COUNT,PRIMARY_COLL_FACTOR,PCF_CODE_OF_VIOL,PCF_VIOL_CATEGORY,PCF_VIOLATION,PCF_VIOL_SUBSECTION,HIT_AND_RUN,TYPE_OF_COLLISION,MVIW,PED_ACTION,ROAD_SURFACE,ROAD_COND_1,ROAD_COND_2,LIGHTING,CONTROL_DEVICE,CHP_ROAD_TYPE,PEDESTRIAN_ACCIDENT,BICYCLE_ACCIDENT,MOTORCYCLE_ACCIDENT,TRUCK_ACCIDENT,NOT_PRIVATE_PROPERTY,ALCOHOL_INVOLVED,STWD_VEHTYPE_AT_FAULT,CHP_VEHTYPE_AT_FAULT,COUNT_SEVERE_INJ,COUNT_VISIBLE_INJ,COUNT_COMPLAINT_PAIN,COUNT_PED_KILLED,COUNT_PED_INJURED,COUNT_BICYCLIST_KILLED,COUNT_BICYCLIST_INJURED,COUNT_MC_KILLED,COUNT_MC_INJURED,PRIMARY_RAMP,SECONDARY_RAMP,LATITUDE,LONGITUDE,COUNTY,CITY,POINT_X,POINT_Y
91441110,2021,2021-04-01,9675,2021-03-26,1100,021633,NA,5,1,7,3001,0,1,3,NA,2,094,SR-91 W/B,LAKEVIEW AVE,1420,E,N,A,-,Y,NA,NA,91,NA,NA,NA,NA,NA,W,N,4,0,1,2,A,-,03,22350,NA,F,C,C,A,A,H,-,A,D,0,NA,NA,NA,NA,Y,NA,-,99,0,0,1,0,0,0,0,0,0,-,-,33.853309631347656,-117.8114013671875,ORANGE,ANAHEIM,-117.81139373779295,33.853302001953125
91448550,2021,2021-04-12,9675,2021-04-03,1400,021274,NA,6,2,6,3008,0,1,3,NA,2,570,STATE ROUTE 57 S/B,NUTWOOD AVE,120,N,N,A,-,Y,NA,NA,57,NA,NA,NA,NA,NA,S,Y,3,0,1,3,A,-,03,22350,NA,N,C,C,A,A,H,-,A,D,0,NA,NA,NA,NA,Y,NA,D,22,0,1,0,0,0,0,0,0,0,-,-,33.8785400390625,-117.88052368164063,ORANGE,FULLERTON,-117.88053131103516,33.8785400390625
9144866,2020,2020-10-21,3000,2020-08-11,2012,4246,993A5,2,5,5,3017,0,0,0,NA,0,776,SOUTH EL CAMINO REAL,W PASEO DE CRISTOBAL,0,NA,Y,A,-,N,NA,NA,NA,NA,NA,NA,NA,NA,NA,Y,3,0,2,2,A,-,08,22100,B,N,B,C,A,A,H,-,C,A,0,NA,NA,NA,NA,Y,NA,A,01,0,1,1,0,0,0,0,0,0,-,-,NA,NA,ORANGE,SAN CLEMENTE,-117.6076889038086,33.420379638671875
91451220,2021,2021-04-15,9675,2021-03-17,2012,018714,NA,3,2,6,3004,0,1,3,NA,2,073,SR-73 S/B TO BEAR ST,BEAR ST,20,N,N,A,-,Y,NA,NA,NA,NA,NA,NA,NA,NA,NA,N,4,0,1,2,A,-,01,23152,A,F,B,C,A,A,H,-,C,D,0,NA,NA,NA,NA,Y,Y,D,22,0,0,1,0,0,0,0,0,0,-,-,33.40530014038086,-117.53389739990234,ORANGE,COSTA MESA,-117.89373779296876,33.68167495727539
91463368,2021,2021-04-30,9675,2021-04-25,0510,020131,NA,7,3,9,3000,0,3,5,NA,2,002,OLD FOOTHILL BLVD,HEWES ST,700,E,N,A,-,Y,NA,NA,NA,NA,NA,NA,NA,NA,NA,Y,4,0,1,1,A,-,03,22350,NA,N,E,I,A,A,H,-,D,D,0,NA,NA,NA,NA,Y,NA,A,07,0,0,1,0,0,0,0,0,0,-,-,33.77503967285156,-117.80290222167967,ORANGE,UNINCORPORATED,-117.80330657958984,33.77495193481445
9146342,2020,2020-10-19,3015,2020-08-10,1416,1098,55E,1,5,6,3015,0,0,0,NA,0,731M,KATELLA AV,TUSTIN ST,837,W,N,A,-,N,NA,NA,NA,NA,NA,NA,NA,NA,NA,N,4,0,1,2,A,-,09,21804,A,N,D,C,A,A,H,-,A,D,0,NA,NA,NA,NA,Y,NA,D,22,0,0,1,0,0,0,0,0,0,-,-,33.80836868286133,-117.83535003662108,ORANGE,ORANGE,-117.83848571777344,33.809181213378906
9146403,2020,2021-03-05,3015,2020-08-14,2233,1458,54E,5,5,6,3015,0,0,0,NA,0,123,MEATS AV,SANTIAGO BL,0,NA,Y,A,-,N,NA,NA,NA,NA,NA,NA,NA,NA,NA,Y,4,0,5,2,A,-,12,21453,A,N,D,C,A,A,H,-,C,A,0,NA,NA,NA,NA,Y,NA,A,01,0,0,5,0,0,0,0,0,0,-,-,NA,NA,ORANGE,ORANGE,-117.82585906982422,33.823081970214844
91464347,2021,2021-05-03,9690,2021-04-26,0455,021875,NA,1,3,5,3028,0,1,1,NA,2,056,I-5 N/B (SAN DIEGO FRWY),AVERY PKWY,1000,S,N,B,C,Y,NA,NA,5,NA,NA,NA,NA,NA,N,Y,3,0,1,2,A,-,07,21658,A,N,B,C,A,B,C,D,D,D,0,NA,NA,NA,NA,Y,NA,A,01,0,1,0,0,0,0,0,0,0,-,-,33.54452133178711,-117.67327117919922,ORANGE,MISSION VIEJO,-117.67323303222656,33.54450988769531
9146454,2020,2020-10-10,3015,2020-08-04,0338,1556,RD24,2,5,6,3015,0,0,0,NA,0,133,CHAPMAN AV,WHEELER ST,2,W,N,A,-,N,NA,NA,NA,NA,NA,NA,NA,NA,NA,Y,3,0,1,1,A,-,08,22107,NA,N,E,I,A,A,H,-,C,D,0,NA,NA,NA,NA,Y,NA,A,01,0,1,0,0,0,0,0,0,0,-,-,NA,NA,ORANGE,ORANGE,-117.82461547851563,33.787811279296875
91468822,2021,2021-05-10,9675,2021-04-30,1427,020699,NA,5,2,5,3022,0,1,1,NA,2,503,I-5 SB TO NEWPORT AVE.,NEWPORT AVE,340,N,N,A,-,Y,NA,NA,5,NA,NA,NA,R,NA,S,Y,3,0,2,2,A,-,03,22350,NA,N,C,C,A,A,H,-,A,A,0,NA,NA,NA,NA,Y,NA,A,01,0,1,1,0,0,0,0,0,0,-,-,33.73714828491211,-117.82483673095705,ORANGE,TUSTIN,-117.82483673095705,33.73714828491211
91470507,2021,2021-05-11,9690,2021-05-05,1550,018953,NA,3,2,5,3028,0,1,1,NA,2,056,I-5 N/B (SAN DIEGO FRWY),CROWN VALLEY PKWY,150,S,N,A,-,Y,NA,NA,5,NA,NA,NA,NA,NA,N,N,4,0,1,2,A,-,03,22350,NA,N,C,C,A,A,D,-,A,D,0,NA,NA,NA,Y,Y,NA,G,27,0,0,1,0,0,0,0,0,0,-,-,33.55857849121094,-117.67292022705078,ORANGE,MISSION VIEJO,-117.67288208007813,33.5585823059082
91470821,2021,2021-05-12,9675,2021-05-03,2249,018983,NA,1,3,6,3026,0,1,1,NA,2,407,I-405 S/B,SAND CANYON AVENUE,1260,S,N,A,-,Y,NA,NA,405,NA,NA,NA,NA,NA,S,Y,3,0,2,3,A,-,03,22350,NA,N,C,C,A,A,H,-,D,D,0,NA,NA,NA,NA,Y,NA,A,07,0,2,0,0,0,0,0,0,0,-,-,33.65549850463867,-117.77456665039063,ORANGE,IRVINE,-117.77452850341795,33.65557098388672
91471035,2021,2021-05-12,9675,2021-05-05,0255,021305,NA,3,3,9,3000,0,3,5,NA,2,001,BREA BLVD,CANYON COUNTRY RD,1800,N,N,A,-,N,NA,NA,NA,NA,NA,NA,NA,NA,NA,N,4,0,1,2,A,-,08,22107,NA,F,B,C,A,A,H,-,D,D,0,NA,NA,NA,NA,Y,NA,-,99,0,0,1,0,0,0,0,0,0,-,-,33.94068908691406,-117.88961791992188,ORANGE,UNINCORPORATED,NA,NA
91474459,2021,2021-05-17,9690,2021-05-07,1332,016722,NA,5,1,4,3018,0,1,1,NA,2,057,I-5 N/B (SAN DIEGO FRWY),JUNIPERO SERRA RD,4000,N,N,A,-,Y,NA,NA,5,NA,NA,NA,NA,NA,N,Y,4,0,1,3,A,-,03,22350,NA,N,C,C,A,A,H,-,A,D,0,NA,NA,NA,NA,Y,NA,A,01,0,0,1,0,0,0,0,0,0,-,-,33.535240173339844,-117.67471313476563,ORANGE,SAN JUAN CAPISTRANO,-117.67477416992188,33.53524398803711
91475190,2021,2021-05-18,9670,2021-05-09,0214,022081,NA,7,3,7,3001,0,1,1,NA,2,500,I-5 N/B,BALL ROAD,400,N,N,A,-,Y,NA,NA,5,NA,NA,NA,NA,NA,N,Y,4,0,1,2,A,-,01,23152,A,N,B,C,A,A,H,-,C,D,0,NA,NA,NA,NA,Y,Y,A,01,0,0,1,0,0,0,0,0,0,-,-,33.82878875732422,-117.92796325683594,ORANGE,ANAHEIM,-117.92799377441406,33.82875442504883
91479509,2021,2021-05-24,9670,2021-05-14,1935,021459,NA,5,2,9,3000,0,3,5,NA,2,004,ENDRY ST N/B (9500 BLOCK),BANTA AVE,200,N,N,A,-,N,NA,NA,NA,NA,NA,NA,NA,NA,NA,N,2,0,1,2,A,-,11,21954,A,N,G,B,D,A,H,-,A,D,0,Y,NA,NA,NA,Y,NA,N,60,1,0,0,0,1,0,0,0,0,-,-,33.80611038208008,-117.96697235107422,ORANGE,UNINCORPORATED,-117.96701049804688,33.80603790283203
91480286,2021,2021-05-24,9670,2021-05-15,0600,021579,NA,6,1,7,3001,0,1,1,NA,2,500,I-5 N/B,SR-91 W/B HOV,100,S,N,B,-,Y,NA,NA,5,NA,NA,NA,NA,NA,N,Y,4,0,1,1,A,-,08,22107,NA,N,E,I,A,A,H,-,B,D,0,NA,NA,NA,NA,Y,NA,D,22,0,0,1,0,0,0,0,0,0,-,-,33.85728073120117,-117.97895050048828,ORANGE,ANAHEIM,-117.97897338867188,33.85722351074219
91484739,2021,2021-05-28,9675,2021-05-19,1530,018714,NA,3,2,6,3026,0,1,1,NA,2,405,I-405 S/B TO SR-55 N/B,SR-55 SOUTHBOUND,300,N,N,A,-,Y,NA,NA,NA,NA,NA,NA,NA,NA,NA,Y,3,0,1,1,A,-,08,22107,NA,N,E,I,A,A,H,-,A,D,0,NA,NA,NA,NA,Y,NA,A,01,0,1,0,0,0,0,0,0,0,-,-,33.41109848022461,-117.52279663085938,ORANGE,IRVINE,-117.87242126464844,33.68724822998047
91484811,2021,2021-05-28,9670,2021-05-14,0112,021910,NA,5,3,7,3001,0,1,1,NA,2,501,I-5 SOUTHBOUND FROM MAGNOLIA ST,MAGNOLIA ST,20,E,N,A,-,Y,NA,NA,5,NA,NA,NA,R,NA,S,Y,4,0,1,1,A,-,08,22107,NA,N,E,I,A,A,H,-,C,D,0,NA,NA,NA,NA,Y,NA,A,07,0,0,1,0,0,0,0,0,0,-,-,33.85424041748047,-117.97605895996094,ORANGE,ANAHEIM,-117.97605895996094,33.85424041748047
9148537,2020,2020-10-26,3000,2020-08-07,0720,8832,891E5,5,5,4,3045,0,0,0,NA,0,145,LAKE FOREST DR,AVENIDA DE LA CARLOTA,40,E,N,A,-,N,NA,NA,NA,NA,NA,NA,NA,NA,NA,Y,4,0,1,2,A,-,03,22350,NA,N,A,C,A,A,H,-,A,A,0,NA,NA,NA,NA,Y,NA,A,01,0,0,1,0,0,0,0,0,0,-,-,NA,NA,ORANGE,LAGUNA HILLS,-117.72383880615234,33.62864685058594
91486043,2021,2021-06-01,9675,2021-02-04,1907,021834,NA,4,2,7,3001,0,1,3,NA,2,095,STATE ROUTE 91 EASTBOUND,COAL CANYON ROAD,1500,W,N,A,-,Y,NA,NA,91,NA,NA,NA,NA,NA,E,N,4,0,1,2,A,-,03,22350,NA,F,B,C,A,A,H,-,D,D,0,NA,NA,NA,NA,Y,NA,-,99,0,0,1,0,0,0,0,0,0,-,-,33.87245178222656,-117.69880676269533,ORANGE,ANAHEIM,-117.69883728027344,33.87250518798828
9149016,2020,2021-01-21,3009,2020-09-01,2307,4662,095,2,5,6,3009,0,0,0,NA,0,013,CENTRAL AV,BROOKHURST ST,24,W,N,A,-,N,NA,NA,NA,NA,NA,NA,NA,NA,NA,Y,2,0,3,2,A,-,09,21801,A,N,D,C,A,A,H,-,C,D,0,NA,NA,NA,NA,Y,NA,A,01,2,1,0,0,0,0,0,0,0,-,-,NA,NA,ORANGE,GARDEN GROVE,-117.95519256591795,33.77040100097656
91493692,2021,2021-06-10,9670,2021-05-21,2015,021579,NA,5,2,5,3003,0,1,1,NA,2,500,I-5 N/B (SANTA ANA FREEWAY),BEACH BLVD,300,S,N,A,-,Y,NA,NA,5,NA,NA,NA,NA,NA,N,Y,4,0,3,4,A,-,08,22107,NA,N,D,C,A,A,H,-,D,D,0,NA,NA,NA,Y,Y,NA,A,01,0,0,3,0,0,0,0,0,0,-,-,33.863460540771484,-117.99315643310548,ORANGE,BUENA PARK,-117.99298095703124,33.863765716552734
9149464,2020,2020-11-05,3000,2020-06-24,1508,1920,797J1,3,5,4,3021,0,0,0,NA,0,721,BEACH BL,CERRITOS AV,43,S,N,A,-,Y,ORA,12,39,-,-,11.17,H,-,S,Y,2,0,1,1,A,-,08,22107,NA,N,E,C,A,A,H,-,A,D,0,NA,NA,NA,NA,Y,NA,A,07,1,0,0,0,0,0,0,0,0,-,-,NA,NA,ORANGE,STANTON,-117.99330902099608,33.81007385253906
91495178,2021,2021-06-11,9675,2021-06-07,1420,020550,NA,1,2,5,3016,0,1,3,NA,2,571,SR-57 NORTHBOUND,ORANGETHORPE AVE,600,N,N,A,-,Y,NA,NA,57,NA,NA,NA,NA,NA,N,N,4,0,1,2,A,-,07,21658,A,N,B,C,A,A,H,-,A,D,0,NA,NA,NA,NA,Y,NA,A,07,0,0,1,0,0,0,0,0,0,-,-,33.86566162109375,-117.87835693359376,ORANGE,PLACENTIA,-117.87844848632813,33.86563491821289
9149653,2020,2020-11-30,3010,2020-08-23,2138,1065,242,7,5,6,3010,0,0,0,NA,0,009,RT 39,CENTER,165,N,N,A,-,Y,ORA,12,39,-,-,5.75,H,-,S,Y,4,0,2,3,A,-,03,22350,NA,N,C,C,A,A,D,-,D,D,0,NA,NA,NA,NA,Y,NA,A,01,0,0,2,0,0,0,0,0,0,-,-,NA,NA,ORANGE,HUNTINGTON BEACH,-117.9894561767578,33.73181915283203
91498765,2021,2021-06-16,9675,2021-06-05,1620,021960,NA,6,2,7,3001,0,1,3,NA,2,095,SR-91 WESTBOUND,GYPSUM CYN ROAD,3168,W,N,A,-,Y,NA,NA,91,NA,NA,NA,NA,NA,W,Y,3,0,4,4,A,-,03,22350,NA,N,C,C,A,A,H,-,A,D,0,NA,NA,NA,NA,Y,NA,A,01,0,3,1,0,0,0,0,0,0,-,-,33.86745834350586,-117.72260284423828,ORANGE,ANAHEIM,-117.72264099121094,33.86713790893555
9150033,2020,2020-11-30,3001,2020-07-03,1248,A2367,D4,5,5,7,3001,0,0,0,NA,0,0D4,LA PALMA AV,IMPERIAL HWY W,50,W,N,A,-,Y,ORA,12,90,-,-,12.462,I,6,E,N,3,0,1,2,A,-,11,21954,A,N,G,B,D,A,H,-,A,A,0,Y,NA,NA,NA,Y,NA,N,60,0,1,0,0,1,0,0,0,0,-,-,33.856990814208984,-117.78986358642578,ORANGE,ANAHEIM,-117.79054260253906,33.859703063964844
91506290,2021,2021-06-25,9675,2021-06-16,1525,018102,NA,3,2,7,3001,0,1,3,NA,2,094,SR-91 WESTBOUND,IMPERIAL HIGHWAY,1500,E,N,A,-,Y,NA,NA,91,NA,NA,NA,NA,NA,W,Y,4,0,1,2,A,-,03,22350,NA,N,C,C,A,A,H,-,A,D,0,NA,NA,NA,NA,Y,NA,A,01,0,0,1,0,0,0,0,0,0,-,-,33.858158111572266,-117.78286743164063,ORANGE,ANAHEIM,-117.78273010253906,33.85786437988281
91506539,2021,2021-06-25,9675,2021-06-19,1010,021613,NA,6,1,7,3001,0,1,3,NA,2,094,SR-91 WESTBOUND,IMPERIAL HIGHWAY,1000,E,N,A,-,Y,NA,NA,91,NA,NA,NA,NA,NA,W,N,4,0,1,3,A,-,03,22350,NA,N,C,C,A,A,H,-,A,D,0,NA,NA,NA,NA,Y,NA,A,07,0,0,1,0,0,0,0,0,0,-,-,33.86096954345703,-117.77632904052734,ORANGE,ANAHEIM,-117.77633666992188,33.86098861694336
9150698,2020,2020-09-18,3013,2020-07-03,0913,219,L08,5,5,3,3013,0,0,0,NA,0,20-004,FARQUHAR AV,REAGAN ST,0,NA,Y,A,-,N,NA,NA,NA,NA,NA,NA,NA,NA,NA,Y,3,0,1,2,D,-,00,NA,NA,N,D,C,A,A,H,-,A,A,0,NA,NA,NA,NA,Y,NA,-,-,0,1,0,0,0,0,0,0,0,-,-,NA,NA,ORANGE,LOS ALAMITOS,-118.0692901611328,33.799461364746094
9151398,2020,2020-10-20,3026,2020-08-05,1222,313,NA,3,5,6,3026,0,0,0,NA,0,NA,SAN CANYON AV,ALTON,61,S,N,A,-,N,NA,NA,NA,NA,NA,NA,NA,NA,NA,N,3,0,1,2,A,-,03,22350,NA,N,D,G,A,A,H,-,A,A,0,NA,Y,NA,NA,Y,NA,L,04,0,1,0,0,0,0,1,0,0,-,-,33.66041946411133,-117.77526092529295,ORANGE,IRVINE,-117.77548980712892,33.66008377075195
9151587,2020,2021-01-19,3009,2020-09-14,1129,4352,114,1,5,6,3009,0,0,0,NA,0,021,EUCLID ST,COLLEGE AV,119,N,N,A,-,N,NA,NA,NA,NA,NA,NA,NA,NA,NA,N,4,0,1,2,A,-,08,22107,NA,N,B,C,A,A,H,-,A,A,0,NA,NA,NA,NA,Y,NA,A,01,0,0,1,0,0,0,0,0,0,-,-,NA,NA,ORANGE,GARDEN GROVE,-117.94080352783205,33.77986145019531
91517614,2021,2021-07-12,9675,2021-07-04,1705,021274,NA,7,2,7,3001,0,1,3,NA,2,572,STATE ROUTE 57 N/B,KATELLA AVE,380,S,N,A,-,Y,NA,NA,57,NA,NA,NA,NA,NA,N,Y,2,0,1,1,A,-,01,23152,A,N,F,A,A,A,H,-,A,D,0,NA,NA,NA,NA,Y,Y,A,07,1,0,0,0,0,0,0,0,0,-,-,33.804908752441406,-117.87999725341795,ORANGE,ANAHEIM,-117.88003540039063,33.80490493774414
91522138,2021,2021-07-16,9670,2021-07-04,0810,019138,NA,7,1,5,3007,0,1,1,NA,2,040,I-405 NB,BROOKHURSRT ST,800,S,N,A,-,Y,NA,NA,405,NA,NA,NA,NA,NA,N,Y,4,0,1,2,A,-,03,22350,NA,N,B,C,A,A,D,-,A,D,0,NA,NA,NA,NA,Y,NA,A,01,0,0,1,0,0,0,0,0,0,-,-,33.70314025878906,-117.95127105712892,ORANGE,FOUNTAIN VALLEY,-117.95133972167967,33.70303726196289
91522336,2021,2021-07-16,9670,2021-07-02,2045,017951,NA,5,2,6,3009,0,1,3,NA,2,023,SR-22 WESTBOUND,BEACH BOULEVARD,1387,E,N,A,-,Y,NA,NA,22,NA,NA,NA,NA,NA,W,Y,4,0,2,3,A,-,07,21658,A,F,B,C,A,A,H,-,C,D,0,NA,NA,NA,NA,Y,NA,-,99,0,0,2,0,0,0,0,0,0,-,-,33.77101135253906,-117.9875030517578,ORANGE,GARDEN GROVE,-117.9875030517578,33.77093505859375
91522993,2021,2021-07-19,9670,2021-07-16,1140,018687,NA,5,1,6,3008,0,1,1,NA,2,501,I-5S TO SR-91E,MAGNOLIA STREET,500,E,N,A,-,Y,NA,NA,5,NA,NA,NA,R,NA,NA,Y,4,0,1,2,A,-,03,22350,NA,N,C,C,A,A,H,-,A,D,0,NA,NA,NA,Y,Y,NA,F,55,0,0,1,0,0,0,0,0,0,-,-,33.85649871826172,-117.97457122802734,ORANGE,FULLERTON,-117.97457122802734,33.85649871826172
9152727,2020,2020-10-20,3004,2020-08-29,1305,P651,15,6,5,6,3004,0,0,0,NA,0,011,ADAMS AV,MESA VERDE DR EAST,0,NA,Y,A,-,N,NA,NA,NA,NA,NA,NA,NA,NA,NA,Y,4,0,1,2,A,-,12,21453,A,N,D,C,A,A,H,-,A,A,0,NA,NA,Y,NA,Y,NA,C,02,0,0,1,0,0,0,0,0,1,-,-,NA,NA,ORANGE,COSTA MESA,-117.9252471923828,33.672828674316406
91531389,2021,2021-07-29,9690,2021-07-18,1255,021875,NA,7,1,5,3028,0,1,1,NA,2,056,I-5 S/B (SAN DIEGO FRWY),CROWN VALLEY PKWY,3000,N,N,A,-,Y,NA,NA,5,NA,NA,NA,NA,NA,S,Y,4,0,1,4,A,-,03,22350,NA,N,C,C,A,A,D,-,A,D,0,NA,NA,NA,NA,Y,NA,A,07,0,0,1,0,0,0,0,0,0,-,-,33.56734085083008,-117.67225646972656,ORANGE,MISSION VIEJO,-117.67227935791016,33.56734085083008
91531914,2021,2021-07-29,9675,2021-07-24,1050,020027,NA,6,1,6,3004,0,1,3,NA,2,553,SR-55 SOUTHBOUND TO VICTORIA ST,WILSON ST,10,S,N,A,-,Y,NA,NA,55,NA,NA,NA,R,NA,S,Y,4,0,1,2,A,-,03,22350,NA,N,C,C,A,A,H,-,A,D,0,NA,NA,NA,NA,Y,NA,A,01,0,0,1,0,0,0,0,0,0,-,-,33.65644836425781,-117.90464019775392,ORANGE,COSTA MESA,-117.90464019775392,33.65644836425781
91534503,2021,2021-08-02,9690,2021-07-23,0928,016722,NA,5,1,9,3000,0,1,3,NA,2,072,SR-73 S/B,SR-133 (LAGUNA CANYON ROAD),5808,N,N,A,-,Y,NA,NA,NA,NA,NA,NA,NA,NA,NA,N,3,0,2,3,A,-,07,21658,A,N,B,C,A,A,H,-,A,D,0,NA,NA,NA,NA,Y,NA,A,07,0,2,0,0,0,0,0,0,0,-,-,33.61174011230469,-117.81625366210938,ORANGE,UNINCORPORATED,-117.77609252929688,33.59906005859375
91534893,2021,2021-08-02,9675,2021-07-25,2059,021225,NA,7,2,6,3004,0,1,1,NA,2,405,I-405 NORTHBOUND TO HARBOR BLVD,HARBOR BLVD,650,S,N,A,-,Y,NA,NA,405,NA,NA,NA,R,NA,N,Y,3,0,1,3,A,-,01,23152,A,N,C,E,A,A,H,-,D,D,0,NA,NA,NA,NA,Y,Y,A,01,0,1,0,0,0,0,0,0,0,-,-,33.68954849243164,-117.91734313964844,ORANGE,COSTA MESA,-117.91734313964844,33.68954849243164
9153584,2020,2020-09-22,3000,2020-07-15,1838,1916,921G4,3,5,4,3045,0,0,0,NA,0,746,ALICIA PKWY,MOULTON PKWY,0,NA,Y,A,-,N,NA,NA,NA,NA,NA,NA,NA,NA,NA,Y,2,0,3,2,D,-,00,NA,NA,N,A,C,A,A,H,-,A,A,0,NA,NA,NA,NA,Y,NA,-,-,3,0,0,0,0,0,0,0,0,-,-,NA,NA,ORANGE,LAGUNA HILLS,-117.70688629150392,33.58359146118164
91538658,2021,2021-08-06,9670,2021-07-24,0210,021983,NA,6,3,6,3008,0,1,S,NA,2,904,SR-91 EASTBOUND,I-5 NORTHBOUND,1930,E,N,A,-,Y,NA,NA,91,NA,NA,NA,NA,NA,E,N,2,0,1,1,A,-,01,23152,A,N,E,I,A,A,H,-,C,D,0,NA,NA,NA,NA,Y,Y,A,01,1,0,0,0,0,0,0,0,0,-,-,33.855411529541016,-117.97026824951172,ORANGE,FULLERTON,-117.97029876708984,33.855308532714844
91539848,2021,2021-08-09,9670,2021-07-27,1612,020325,NA,2,2,7,3001,0,1,1,NA,2,502,I-5 N/B  TO BROOKHURST ST.,BROOKHURST ST.,1056,S,N,A,-,Y,NA,NA,5,NA,NA,NA,R,NA,N,Y,3,0,1,1,A,-,08,22107,NA,N,E,8,A,A,H,-,A,D,0,NA,NA,NA,NA,Y,NA,A,07,0,1,0,0,0,0,0,0,0,-,-,33.84423065185547,-117.955810546875,ORANGE,ANAHEIM,-117.955810546875,33.84423065185547
91541062,2021,2021-08-10,9675,2021-08-08,0220,021716,NA,7,3,6,3004,0,1,3,NA,2,553,SR-55 NORTHBOUND TO I-405 SOUTHBOUND,PAULARINO AVE.,2830,N,N,A,-,Y,NA,NA,55,NA,NA,NA,R,NA,N,Y,3,0,2,1,A,-,01,23152,A,N,E,8,A,A,H,-,C,D,0,NA,NA,NA,NA,Y,Y,A,01,0,2,0,0,0,0,0,0,0,-,-,33.6868896484375,-117.86974334716795,ORANGE,COSTA MESA,-117.86974334716795,33.6868896484375
91542243,2021,2021-08-11,9675,2021-07-31,1610,021377,NA,6,2,7,3001,0,1,3,NA,2,094,SR-91 W/B,IMPERIAL HIGHWAY,2000,W,N,A,-,Y,NA,NA,91,NA,NA,NA,NA,NA,W,N,3,0,2,4,A,-,03,22350,NA,N,C,C,A,A,H,-,A,D,0,NA,NA,NA,NA,Y,NA,A,07,0,1,1,0,0,0,0,0,0,-,-,33.85441970825195,-117.79776763916016,ORANGE,ANAHEIM,-117.79776763916016,33.85446548461914
91542595,2021,2021-08-11,9675,2021-08-02,1435,021274,NA,1,2,6,3008,0,1,3,NA,2,570,STATE ROUTE 57 N/B FROM YORBA LINDA BLVD.,YORBA LINDA BLVD.,510,N,N,A,-,Y,NA,NA,57,NA,NA,NA,R,NA,N,N,3,0,1,2,A,-,03,22350,NA,N,C,C,A,A,H,-,A,A,0,NA,NA,NA,NA,Y,NA,D,22,0,1,0,0,0,0,0,0,0,-,-,33.890621185302734,-117.8802490234375,ORANGE,FULLERTON,-117.8802490234375,33.890621185302734
91543520,2021,2021-08-12,9690,2021-08-03,0752,016722,NA,2,1,5,3028,0,1,1,NA,2,056,I-5 FREEWAY SOUTHBOUND (SAN DIEGO FREEWAY),OSO PARKWAY,20,N,N,A,-,Y,NA,NA,5,NA,NA,NA,NA,NA,S,N,3,0,1,2,A,-,08,22107,NA,N,B,D,A,A,D,-,A,D,0,NA,NA,NA,Y,Y,NA,A,07,0,1,0,0,0,0,0,0,0,-,-,33.58026123046875,-117.6719207763672,ORANGE,MISSION VIEJO,-117.67190551757813,33.58026123046875
91543783,2021,2021-08-12,9690,2021-08-01,0030,022237,NA,7,3,9,3000,0,2,4,NA,2,034,ANTONIO PARKWAY,CROWN VALLEY PARKWAY,500,S,N,A,-,N,NA,NA,NA,NA,NA,NA,NA,NA,NA,Y,3,0,1,1,A,-,01,23152,A,N,E,I,A,A,H,-,C,D,0,NA,NA,NA,NA,Y,Y,A,01,0,1,0,0,0,0,0,0,0,-,-,33.56385040283203,-117.62921142578124,ORANGE,UNINCORPORATED,-117.62931060791016,33.5639762878418