CASE_ID,ACCIDENT_YEAR,PROC_DATE,JURIS,COLLISION_DATE,COLLISION_TIME,OFFICER_ID,REPORTING_DISTRICT,DAY_OF_WEEK,CHP_SHIFT,POPULATION,CNTY_CITY_LOC,SPECIAL_COND,BEAT_TYPE,CHP_BEAT_TYPE,CITY_DIVISION_LAPD,CHP_BEAT_CLASS,BEAT_NUMBER,PRIMARY_RD,SECONDARY_RD,DISTANCE,DIRECTION,INTERSECTION,WEATHER_1,WEATHER_2,STATE_HWY_IND,CALTRANS_COUNTY,CALTRANS_DISTRICT,STATE_ROUTE,ROUTE_SUFFIX,POSTMILE_PREFIX,POSTMILE,LOCATION_TYPE,RAMP_INTERSECTION,SIDE_OF_HWY,TOW_AWAY,COLLISION_SEVERITY,NUMBER_KILLED,NUMBER_INJURED,PARTY_COUNT,PRIMARY_COLL_FACTOR,PCF_CODE_OF_VIOL,PCF_VIOL_CATEGORY,PCF_VIOLATION,PCF_VIOL_SUBSECTION,HIT_AND_RUN,TYPE_OF_COLLISION,MVIW,PED_ACTION,ROAD_SURFACE,ROAD_COND_1,ROAD_COND_2,LIGHTING,CONTROL_DEVICE,CHP_ROAD_TYPE,PEDESTRIAN_ACCIDENT,BICYCLE_ACCIDENT,MOTORCYCLE_ACCIDENT,TRUCK_ACCIDENT,NOT_PRIVATE_PROPERTY,ALCOHOL_INVOLVED,STWD_VEHTYPE_AT_FAULT,CHP_VEHTYPE_AT_FAULT,COUNT_SEVERE_INJ,COUNT_VISIBLE_INJ,COUNT_COMPLAINT_PAIN,COUNT_PED_KILLED,COUNT_PED_INJURED,COUNT_BICYCLIST_KILLED,COUNT_BICYCLIST_INJURED,COUNT_MC_KILLED,COUNT_MC_INJURED,PRIMARY_RAMP,SECONDARY_RAMP,LATITUDE,LONGITUDE,COUNTY,CITY,POINT_X,POINT_Y
91927564,2022,2022-12-08,9690,2022-11-16,0805,014351,NA,3,1,5,3028,0,1,1,NA,2,056,I-5 S/B (SAN DIEGO FRWY),CROWN VALLEY PARKWAY,1056,S,N,A,-,Y,ORA,NA,5,NA,NA,13.531,H,NA,L,Y,4,0,2,6,A,-,07,21658,A,N,C,C,A,A,D,-,A,D,0,NA,NA,NA,NA,Y,NA,A,07,0,0,2,0,0,0,0,0,0,-,-,33.55561828613281,-117.67315673828124,ORANGE,MISSION VIEJO,-117.673095703125,33.55562210083008
91927676,2022,2022-11-28,9675,2022-11-20,2251,018924,NA,7,3,6,3026,0,1,1,NA,2,407,I-405 N/B FROM SAND CANYON AVE W/B,SAND CANYON AVE,170,N,N,A,-,Y,NA,NA,NA,NA,NA,NA,NA,NA,NA,N,3,0,1,1,A,-,01,23152,A,N,E,I,A,A,H,-,C,D,0,NA,NA,NA,NA,Y,Y,A,01,0,1,0,0,0,0,0,0,0,-,-,33.658538818359375,-117.77789306640624,ORANGE,IRVINE,-117.77789306640624,33.658538818359375
9192917,2020,2021-02-18,3000,2020-11-11,1723,4647,971J6,3,5,4,3029,0,0,0,NA,0,6M39,PACIFIC COAST HWY,CRYSTAL LANTERN,108,E,N,A,-,N,NA,NA,NA,NA,NA,NA,NA,NA,NA,Y,3,0,1,3,A,-,03,22350,NA,N,C,C,A,A,H,-,C,D,0,NA,NA,Y,NA,Y,NA,A,01,0,1,0,0,0,0,0,0,0,-,-,NA,NA,ORANGE,DANA POINT,-117.6900634765625,33.46575164794922
9192921,2020,2021-02-18,3000,2020-11-15,0005,9940,971J6,7,5,4,3029,0,0,0,NA,0,435,PACIFIC COAST HWY,DANA POINT HARBOR DR,0,NA,Y,A,-,N,NA,NA,NA,NA,NA,NA,NA,NA,NA,N,4,0,1,2,A,-,03,22350,NA,N,C,C,A,A,H,-,C,A,0,NA,NA,Y,NA,Y,NA,A,01,0,0,1,0,0,0,0,0,1,-,-,NA,NA,ORANGE,DANA POINT,-117.68753051757813,33.46508026123047
91930636,2022,2022-11-30,9675,2022-11-23,1324,020699,NA,3,1,6,3026,0,1,1,NA,2,503,I-5 NORTHBOUND,JEFFREY RD.,1500,N,N,A,-,Y,ORA,NA,5,NA,R,25.598,H,NA,R,N,4,0,1,2,A,-,03,22350,NA,N,C,C,A,A,H,-,A,D,0,NA,NA,NA,NA,Y,NA,A,08,0,0,1,0,0,0,0,0,0,-,-,33.69771957397461,-117.77335357666016,ORANGE,IRVINE,-117.77329254150392,33.69774627685547
9193232,2020,2021-02-02,3002,2020-11-22,1430,1382,NA,7,5,4,3002,0,0,0,NA,0,014,BREA BL,ALDER ST,238,N,N,A,-,N,NA,NA,NA,NA,NA,NA,NA,NA,NA,Y,4,0,1,2,A,-,03,22350,NA,N,H,G,A,A,H,-,A,D,0,NA,Y,NA,NA,Y,NA,A,01,0,0,1,0,0,0,1,0,0,-,-,33.91136169433594,-117.90318298339844,ORANGE,BREA,-117.90274810791016,33.912105560302734
9193263,2020,2020-12-14,3000,2020-10-20,1020,2849,891J2,2,5,5,3050,0,0,0,NA,0,764,TRABUCO RD,LAKE FOREST DR,0,NA,Y,A,-,N,NA,NA,NA,NA,NA,NA,NA,NA,NA,Y,3,0,1,2,A,-,12,21453,A,N,D,C,A,A,H,-,A,A,0,NA,NA,NA,NA,Y,NA,A,01,0,1,0,0,0,0,0,0,0,-,-,NA,NA,ORANGE,LAKE FOREST,-117.68607330322266,33.64698028564453
91935241,2022,2022-12-06,9675,2022-11-28,1633,020544,NA,1,2,6,3004,0,1,3,NA,2,553,SR-55 NORTHBOUND,BAKER ST,1056,S,N,A,-,Y,ORA,NA,55,NA,R,5.143,H,NA,R,Y,3,0,2,2,A,-,03,22350,NA,N,C,C,A,A,H,-,B,D,0,NA,NA,NA,NA,Y,NA,A,01,0,1,1,0,0,0,0,0,0,-,-,33.67766189575195,-117.88126373291016,ORANGE,COSTA MESA,-117.88129425048828,33.67768096923828
91939395,2022,2022-12-12,9675,2022-11-30,1722,019135,NA,3,2,6,3015,0,1,3,NA,2,222,SR-22 WESTBOUND,MAIN ST,200,E,N,A,-,Y,ORA,NA,22,NA,R,11.052,H,NA,L,N,4,0,1,2,A,-,03,22350,NA,N,C,C,A,A,H,-,C,D,0,NA,NA,NA,NA,Y,NA,A,07,0,0,1,0,0,0,0,0,0,-,-,33.778411865234375,-117.86627960205078,ORANGE,ORANGE,-117.86627960205078,33.778358459472656
91946387,2022,2022-12-19,9675,2022-12-11,0600,022927,NA,7,1,7,3001,0,1,3,NA,2,572,SR-57 S/B (ORANGE FWY),KATELLA AVE.,200,N,N,B,C,Y,ORA,NA,57,NA,NA,12.584,H,NA,L,Y,2,0,1,2,A,-,03,22350,NA,N,B,2,A,B,H,-,D,D,0,NA,NA,NA,Y,Y,NA,A,01,1,0,0,0,0,0,0,0,0,-,-,33.80678939819336,-117.88025665283205,ORANGE,ANAHEIM,-117.88028717041016,33.806793212890625
91949453,2022,2022-12-22,9675,2022-12-13,0715,018027,NA,2,1,7,3001,0,1,3,NA,2,094,SR-91 WESTBOUND,LAKEVIEW AVE,500,E,N,A,-,Y,ORA,NA,91,NA,R,10.77,H,NA,L,Y,3,0,1,3,A,-,03,22350,NA,N,C,C,A,A,H,-,A,D,0,NA,NA,NA,Y,Y,NA,D,22,0,1,0,0,0,0,0,0,0,-,-,33.85472106933594,-117.80445098876952,ORANGE,ANAHEIM,-117.80445098876952,33.8546257019043
9195007,2020,2021-01-15,3000,2020-11-12,0915,5348,993B2,4,5,5,3017,0,0,0,NA,0,6M75,AVENIDA VISTA MONTANA,VIA OPTIMA,0,NA,Y,A,-,N,NA,NA,NA,NA,NA,NA,NA,NA,NA,Y,4,0,1,2,A,-,09,21802,A,N,D,C,A,A,H,-,A,D,0,NA,NA,NA,NA,Y,NA,A,07,0,0,1,0,0,0,0,0,0,-,-,NA,NA,ORANGE,SAN CLEMENTE,-117.5934600830078,33.444480895996094
91952934,2022,2023-02-06,9675,2022-12-16,1705,021274,NA,5,2,7,3001,0,1,3,NA,2,572,STATE ROUTE 57 S/B,CERRITOS AVENUE,590,S,N,A,-,Y,ORA,NA,57,NA,NA,12.853,H,NA,L,N,3,0,1,3,A,-,08,22107,NA,N,B,C,A,A,H,-,C,D,0,NA,NA,Y,NA,Y,NA,A,01,0,1,0,0,0,0,0,0,1,-,-,33.81032943725586,-117.87899017333984,ORANGE,ANAHEIM,-117.87905883789063,33.81034851074219
91953120,2022,2022-12-27,9670,2022-12-21,1514,019304,NA,3,2,3,3013,0,1,1,NA,2,061,I-605 S/B,KATELLA AVE,1320,S,N,A,-,Y,ORA,NA,605,NA,R,0.302,H,NA,L,Y,4,0,1,2,A,-,03,22350,NA,N,C,C,A,A,H,-,A,D,0,NA,NA,NA,NA,Y,NA,A,01,0,0,1,0,0,0,0,0,0,-,-,33.78837966918945,-118.0897216796875,ORANGE,LOS ALAMITOS,-118.08976745605467,33.788394927978516
91953368,2022,2022-12-27,9675,2022-12-17,0943,020544,NA,6,1,6,3004,0,1,1,NA,2,405,I-405 NORTHBOUND,SR-55 SOUTHBOUND,344,N,N,A,-,Y,ORA,NA,405,NA,NA,8.824,H,NA,R,Y,3,0,1,1,A,-,08,22107,NA,N,E,I,A,A,H,-,A,D,0,NA,NA,NA,NA,Y,NA,A,07,0,1,0,0,0,0,0,0,0,-,-,33.687339782714844,-117.87364959716795,ORANGE,COSTA MESA,-117.87364959716795,33.687469482421875
91957807,2022,2023-01-02,9675,2022-12-21,1200,018252,NA,3,1,5,3016,0,1,3,NA,2,571,SR-57 SOUTHBOUND,CHAPMAN AVE,60,S,N,A,-,Y,ORA,NA,57,NA,NA,17.294,H,NA,L,Y,4,0,1,2,A,-,03,22350,NA,N,C,C,A,A,H,-,A,D,0,NA,NA,NA,Y,Y,Y,A,01,0,0,1,0,0,0,0,0,0,-,-,33.873870849609375,-117.88050842285156,ORANGE,PLACENTIA,-117.88055419921876,33.873870849609375
91958250,2022,2023-01-03,9670,2022-12-22,0745,016454,NA,4,1,6,3009,0,1,3,NA,2,024,SR-22 E/B,LEWIS STREET,900,W,N,B,-,Y,ORA,NA,22,NA,R,9.254,H,NA,R,Y,4,0,1,3,A,-,03,22350,NA,F,C,C,A,A,H,-,A,D,0,NA,NA,NA,NA,Y,NA,D,22,0,0,1,0,0,0,0,0,0,-,-,33.77742004394531,-117.8988037109375,ORANGE,GARDEN GROVE,-117.89881134033205,33.777435302734375
91961935,2022,2023-01-06,9675,2022-12-28,0640,018252,NA,3,1,5,3022,0,1,1,NA,2,503,I-5 SOUTHBOUND,NEWPORT AVE,1584,N,N,B,-,Y,ORA,NA,5,NA,NA,29.923,H,NA,L,Y,4,0,2,2,A,-,03,22350,NA,N,B,C,A,B,H,-,A,D,0,NA,NA,NA,NA,Y,NA,A,01,0,0,2,0,0,0,0,0,0,-,-,33.738521575927734,-117.82801818847656,ORANGE,TUSTIN,-117.82801818847656,33.738521575927734
91962059,2022,2023-01-06,9675,2022-12-28,1517,018985,NA,3,2,6,3026,0,1,1,NA,2,406,I-405 N/B FROM JEFFREY RD.,JEFFREY RD.,400,N,N,A,-,Y,ORA,NA,405,NA,NA,4.023,H,NA,R,N,4,0,1,3,A,-,03,22350,NA,N,C,C,A,A,H,-,A,A,0,NA,NA,NA,NA,Y,NA,A,08,0,0,1,0,0,0,0,0,0,-,-,33.663970947265625,-117.79605102539063,ORANGE,IRVINE,-117.79610443115234,33.66371536254883
91963387,2022,2023-01-09,9690,2022-12-27,2245,022237,NA,2,3,5,3050,0,1,1,NA,2,055,INTERSTATE 5 NORTHBOUND,LOS ALISOS BOULEVARD,500,S,N,B,C,Y,ORA,NA,5,NA,NA,17.82,H,NA,R,Y,4,0,1,2,A,-,03,22350,NA,N,D,C,A,B,D,-,C,D,0,NA,NA,NA,Y,Y,NA,A,07,0,0,1,0,0,0,0,0,0,-,-,33.60749053955078,-117.69541168212892,ORANGE,LAKE FOREST,-117.69545745849608,33.60741424560547
91963428,2023,2023-01-09,9670,2023-01-05,755,018278,NA,4,1,6,3009,0,1,3,NA,2,023,SR-22 E/B,YOCKEY ST.,70,W,N,B,C,Y,ORA,NA,22,NA,R,4.518,H,NA,L,Y,4,0,1,1,A,-,03,22350,NA,N,E,I,A,B,H,-,B,D,0,NA,NA,NA,NA,Y,NA,A,07,0,0,1,0,0,0,0,0,0,-,-,33.768070220947266,-117.97711181640624,ORANGE,GARDEN GROVE,-117.97719573974608,33.76799392700195
91964581,2022,2023-01-10,9675,2022-12-31,0833,019897,NA,6,1,7,3001,0,1,3,NA,2,093,SR-91 WESTBOUND,SR-55,400,W,N,B,-,Y,ORA,NA,91,NA,R,9.104,H,NA,L,Y,4,0,1,1,A,-,03,22350,NA,N,E,8,A,B,H,-,A,D,0,NA,NA,NA,NA,Y,NA,A,08,0,0,1,0,0,0,0,0,0,-,-,33.84469985961914,-117.82861328125,ORANGE,ANAHEIM,-117.82857513427734,33.844791412353516
91966437,2022,2023-01-12,9675,2022-03-06,1835,021694,NA,7,2,7,3001,0,1,3,NA,2,095,STATE ROUTE 91 WESTBOUND,WEIR CANYON ROAD,60,E,N,B,-,Y,ORA,NA,91,NA,R,14.478,H,NA,L,Y,1,1,0,1,A,-,08,22107,NA,N,E,8,A,A,H,-,C,D,0,NA,NA,NA,NA,Y,NA,A,07,0,0,0,0,0,0,0,0,0,-,-,33.87063980102539,-117.74424743652344,ORANGE,ANAHEIM,-117.74429321289063,33.87080764770508
91966662,2023,2023-01-12,9675,2023-01-04,554,018252,NA,3,3,7,3019,0,1,1,NA,2,502,I-5 S/B TO SANTA ANA BLVD,SANTA ANA BLVD,410,N,N,C,-,Y,NA,NA,NA,NA,NA,NA,NA,NA,NA,Y,4,0,1,3,A,-,03,22350,NA,N,C,C,A,B,H,-,C,D,0,NA,NA,NA,NA,Y,NA,A,07,0,0,1,0,0,0,0,0,0,-,-,33.75529098510742,-117.85424041748048,ORANGE,SANTA ANA,-117.85424041748048,33.75529098510742
91969765,2023,2023-01-17,9690,2023-01-14,1205,020236,NA,6,1,9,3000,0,2,4,NA,2,034,ANTONIO PARKWAY (SOUTHBOUND),SENDERO WAY,1880,N,N,C,-,N,NA,NA,NA,NA,NA,NA,NA,NA,NA,N,4,0,1,1,A,-,03,22350,NA,N,E,I,A,B,H,-,A,A,0,NA,NA,NA,NA,Y,NA,A,01,0,0,1,0,0,0,0,0,0,-,-,33.533329010009766,-117.6230010986328,ORANGE,UNINCORPORATED,-117.622802734375,33.5330924987793
91977241,2023,2023-01-25,9675,2023-01-15,220,022052,NA,7,3,5,3022,0,1,1,NA,2,503,I-5 N/B TO SR-55 N/B,MAIN ST,100,S,N,B,-,Y,ORA,NA,55,NA,NA,10.532,H,NA,R,Y,4,0,1,1,A,-,03,22350,NA,N,E,8,A,B,H,-,C,D,0,NA,NA,NA,NA,Y,NA,A,01,0,0,1,0,0,0,0,0,0,-,-,33.74188995361328,-117.83363342285156,ORANGE,TUSTIN,-117.833740234375,33.74188995361328
91981903,2023,2023-12-01,9675,2023-01-17,1730,023160,NA,2,2,7,3019,0,1,3,NA,2,552,SR-55 SOUTHBOUND,DYER RD,1056,S,N,A,-,Y,ORA,NA,55,NA,R,7.661,H,NA,L,N,4,0,1,2,A,-,03,22350,NA,F,C,C,A,A,H,-,C,D,0,NA,NA,NA,NA,Y,NA,A,01,0,0,1,0,0,0,0,0,0,-,-,33.7063102722168,-117.85426330566406,ORANGE,SANTA ANA,-117.85420989990234,33.706275939941406
9198290,2020,2021-03-11,3002,2020-12-13,1728,1447,NA,7,5,4,3002,0,0,0,NA,0,011,CENTRAL AV,SITE DR,313,W,N,A,-,N,NA,NA,NA,NA,NA,NA,NA,NA,NA,Y,3,0,1,2,C,-,18,NA,NA,N,E,I,A,A,H,-,C,A,0,NA,NA,NA,NA,Y,NA,-,-,0,1,0,0,0,0,0,0,0,-,-,33.931968688964844,-117.90220642089844,ORANGE,BREA,-117.90320587158205,33.93197250366211
91984915,2023,2023-02-02,9690,2023-01-23,224,017988,NA,1,3,5,3017,0,1,1,NA,2,059,I-5 N/B (SAN DIEGO FRWY),AVENIDA VAQUERO,600,S,N,A,G,Y,ORA,NA,5,NA,NA,4.856,H,NA,R,Y,3,0,1,1,A,-,01,23152,A,N,E,I,A,A,H,-,C,D,0,NA,NA,NA,NA,Y,Y,A,01,0,1,0,0,0,0,0,0,0,-,-,33.45193099975586,-117.64190673828124,ORANGE,SAN CLEMENTE,-117.64197540283205,33.45185852050781
9198579,2020,2021-02-03,3008,2020-11-22,0438,1571,ZONE3,7,5,6,3008,0,0,0,NA,0,NA,CHAPMAN AV,HARRINGTON DR,72,W,N,A,-,N,NA,NA,NA,NA,NA,NA,NA,NA,NA,Y,3,0,1,6,A,-,01,23152,A,N,B,E,A,A,H,-,C,A,0,NA,NA,NA,NA,Y,Y,A,01,0,1,0,0,0,0,0,0,0,-,-,NA,NA,ORANGE,FULLERTON,-117.90010833740234,33.874141693115234
91988823,2023,2023-02-07,9670,2023-02-06,730,016209,NA,1,1,5,3003,0,1,3,NA,2,192,SR-91 E/B (ARTESIA FREEWAY),BEACH BLVD.,2112,E,N,A,-,Y,ORA,NA,91,NA,R,3.067,H,NA,R,Y,4,0,1,3,A,-,07,21658,A,N,B,B,A,A,H,-,A,D,0,NA,NA,NA,NA,Y,NA,A,07,0,0,1,0,0,0,0,0,0,-,-,33.85607147216797,-117.99015808105467,ORANGE,BUENA PARK,-117.99015808105467,33.856040954589844
91989049,2023,2023-02-07,9675,2023-01-29,555,019394,NA,7,3,6,3004,0,1,1,NA,2,405,I-405 SOUTHBOUND,RED HILL AVE.,1225,S,N,B,-,Y,ORA,NA,405,NA,NA,8.202,H,NA,L,Y,4,0,1,1,A,-,08,22107,NA,N,E,I,A,A,H,-,C,D,0,NA,NA,NA,NA,Y,NA,A,01,0,0,1,0,0,0,0,0,0,-,-,33.68526840209961,-117.86344909667967,ORANGE,COSTA MESA,-117.86338043212892,33.68537521362305
91989655,2023,2023-02-08,9690,2023-01-31,2256,020375,NA,2,3,4,3045,0,1,1,NA,2,055,I-5 S/B (SAN DIEGO FRWY),LAKE FOREST DR,2000,S,N,A,-,Y,ORA,NA,5,NA,NA,19.505,H,NA,L,Y,4,0,1,2,A,-,03,22350,NA,N,C,C,A,A,H,-,C,D,0,NA,NA,NA,Y,Y,NA,G,27,0,0,1,0,0,0,0,0,0,-,-,33.62385177612305,-117.71672821044922,ORANGE,LAGUNA HILLS,-117.71669006347656,33.62387466430664
91989675,2023,2023-02-08,9670,2023-01-27,1545,020505,NA,5,2,4,3020,0,1,1,NA,2,061,I-605 S/B TO I-405 S/B,I-405 S/B,20,N,N,A,-,Y,ORA,NA,405,NA,NA,23.368,H,NA,L,Y,3,0,3,2,A,-,03,22350,NA,N,C,C,A,A,H,-,A,D,0,NA,NA,NA,NA,Y,NA,A,01,0,1,2,0,0,0,0,0,0,-,-,33.7755012512207,-118.08746337890624,ORANGE,SEAL BEACH,-118.08751678466795,33.77543640136719
91993959,2023,2023-02-14,9670,2023-02-13,1820,021459,NA,1,2,4,3020,0,1,1,NA,2,044,I-405 N/B,BOLSA CHICA RD,2640,N,N,A,-,Y,ORA,NA,405,NA,NA,21.098,H,NA,R,N,4,0,1,3,A,-,03,22350,NA,N,C,C,A,A,D,E,C,D,0,NA,NA,NA,NA,Y,NA,A,01,0,0,1,0,0,0,0,0,0,-,-,33.77450180053711,-118.0481185913086,ORANGE,SEAL BEACH,-118.04813385009766,33.77457046508789
91998266,2023,2023-02-20,9675,2023-02-10,1755,021377,NA,5,2,7,3001,0,1,3,NA,2,094,SR-91 WESTBOUND,IMPERIAL HIGHWAY,1500,W,N,A,-,Y,ORA,NA,91,NA,R,11.268,H,NA,L,Y,4,0,1,4,A,-,03,22350,NA,N,C,C,A,A,H,-,C,D,0,NA,NA,NA,NA,Y,NA,A,07,0,0,1,0,0,0,0,0,0,-,-,33.85438919067383,-117.79605865478516,ORANGE,ANAHEIM,-117.79605865478516,33.85442352294922
92001152,2023,2023-02-23,9675,2023-02-10,1630,018102,NA,5,2,6,3026,0,1,1,NA,2,503,I-5 NORTHBOUND,JAMBOREE ROAD,200,S,N,A,-,Y,ORA,NA,5,NA,NA,27.512,H,NA,R,Y,3,0,1,4,A,-,07,21658,A,N,B,C,A,A,H,-,A,D,0,NA,NA,Y,NA,Y,NA,A,01,0,1,0,0,0,0,0,0,1,-,-,33.71887969970703,-117.79396057128906,ORANGE,IRVINE,-117.79390716552734,33.71893310546875
92002288,2023,2023-02-24,9675,2023-02-17,8,021914,NA,5,3,6,3026,0,1,3,NA,2,130,SR-133 N/B TO BARRANCA PKWY,ALTON PARKWAY,20,S,N,A,-,Y,ORA,NA,133,NA,NA,8.728,H,NA,R,N,4,0,1,1,A,-,08,22107,NA,N,E,I,A,A,H,-,C,D,0,NA,NA,NA,NA,Y,NA,A,01,0,0,1,0,0,0,0,0,0,-,-,33.656280517578125,-117.75820159912108,ORANGE,IRVINE,-117.75830078125,33.65632629394531
92004240,2023,2023-02-27,9690,2023-02-16,2220,021924,NA,4,3,9,3000,0,2,4,NA,2,037,LIVE OAK CANYON ROAD,MONASTERY ROAD,200,S,N,A,-,N,NA,NA,NA,NA,NA,NA,NA,NA,NA,N,3,0,1,1,A,-,01,23152,A,N,F,J,A,A,H,-,D,D,0,NA,NA,Y,NA,Y,Y,C,02,0,1,0,0,0,0,0,0,1,-,-,33.670040130615234,-117.60247039794922,ORANGE,UNINCORPORATED,NA,NA
92005509,2023,2023-02-28,9675,2023-02-18,1857,021305,NA,6,2,6,3026,0,1,1,NA,2,504,I-5 SOUTHBOUND,ALTON PKWY,400,N,N,A,-,Y,ORA,NA,5,NA,NA,22.288,H,NA,L,N,4,0,1,2,A,-,03,22350,NA,N,C,C,A,A,H,-,C,D,0,NA,NA,NA,NA,Y,NA,A,07,0,0,1,0,0,0,0,0,0,-,-,33.65658187866211,-117.7448501586914,ORANGE,IRVINE,-117.74483489990234,33.65658950805664
9200629,2020,2021-01-14,3000,2020-11-20,2235,9940,972C6,5,5,4,3029,0,0,0,NA,0,4355,VIA CALIFORNIA,VIA FORTUNA,0,NA,Y,F,-,N,NA,NA,NA,NA,NA,NA,NA,NA,NA,N,2,0,1,2,D,-,00,NA,NA,N,G,B,E,A,H,-,D,D,0,Y,NA,NA,NA,Y,NA,-,-,1,0,0,0,1,0,0,0,0,-,-,NA,NA,ORANGE,DANA POINT,-117.66860961914063,33.46466064453125
92007083,2023,2023-03-01,9690,2023-02-18,1150,020236,NA,6,1,9,3000,0,2,4,NA,2,034,ANTONIO PARKWAY,CROWN VALLEY PARKWAY,0,NA,Y,B,-,N,NA,NA,NA,NA,NA,NA,NA,NA,NA,Y,3,0,2,2,A,-,12,21453,A,N,D,C,A,A,H,-,A,A,0,NA,NA,NA,NA,Y,NA,A,01,0,1,1,0,0,0,0,0,0,-,-,33.56536865234375,-117.6290283203125,ORANGE,UNINCORPORATED,-117.62899017333984,33.5653190612793
92012404,2023,2023-03-08,9670,2023-02-23,1603,020505,NA,4,2,4,3020,0,1,1,NA,2,045,I-405 S/B TO I-605 N/B,STUDEBAKER RD,2640,E,N,B,-,Y,ORA,NA,605,NA,R,0.081,H,NA,L,Y,4,0,1,2,A,-,03,22350,NA,N,C,C,A,A,H,-,A,D,0,NA,NA,NA,NA,Y,NA,A,07,0,0,1,0,0,0,0,0,0,-,-,33.78535079956055,-118.09121704101563,ORANGE,SEAL BEACH,-118.09130859375,33.78538131713867
92013970,2023,2023-03-09,9675,2023-02-15,1055,017993,NA,3,1,6,3004,0,1,3,NA,2,553,SR-55 SOUTHBOUND,BAKER ST.,180,S,N,A,-,Y,ORA,NA,55,NA,R,5.29,H,NA,L,Y,4,0,1,3,A,-,03,22350,NA,N,C,C,A,A,H,-,A,D,0,NA,NA,NA,NA,Y,NA,A,01,0,0,1,0,0,0,0,0,0,-,-,33.67947006225586,-117.87998962402344,ORANGE,COSTA MESA,-117.87994384765624,33.679443359375
92014216,2023,2023-03-09,9675,2023-03-01,547,019394,NA,3,3,6,3004,0,1,3,NA,2,553,SR-55 SOUTHBOUND,SR-73 NORTHBOUND,830,N,N,B,C,Y,ORA,NA,55,NA,R,4.909,H,NA,L,Y,4,0,1,1,A,-,08,22107,NA,N,E,I,A,B,H,-,C,D,0,NA,NA,NA,NA,Y,NA,A,07,0,0,1,0,0,0,0,0,0,-,-,33.675289154052734,-117.88404846191406,ORANGE,COSTA MESA,-117.88402557373048,33.675270080566406
92019415,2023,2023-03-16,9675,2023-03-06,1412,023105,NA,1,2,4,3002,0,1,3,NA,2,570,SR-57 NORTHBOUND,IMPERIAL HIGHWAY,250,N,N,B,-,Y,ORA,NA,57,NA,NA,19.915,H,NA,R,N,4,0,1,2,A,-,03,22350,NA,N,C,C,A,A,H,-,A,D,0,NA,NA,NA,NA,Y,NA,D,22,0,0,1,0,0,0,0,0,0,-,-,33.911598205566406,-117.8834991455078,ORANGE,BREA,-117.88340759277344,33.91159439086914
92022961,2023,2023-03-21,9675,2023-03-12,1230,019897,NA,7,1,7,3019,0,1,3,NA,2,552,SR-55 SOUTHBOUND,MACARTHUR BLVD,2112,N,N,B,-,Y,ORA,NA,55,NA,R,7.399,H,NA,L,Y,4,0,1,2,A,-,07,21658,A,N,B,C,A,A,D,-,A,D,0,NA,NA,NA,NA,Y,NA,J,41,0,0,1,0,0,0,0,0,0,-,-,33.70341873168945,-117.85719299316406,ORANGE,SANTA ANA,-117.85710144042967,33.7033576965332
92026648,2023,2023-03-23,9675,2023-03-13,810,020018,NA,1,1,7,3019,0,1,1,NA,2,502,I-5 SOUTHBOUND,BROADWAY,1000,N,N,B,-,Y,ORA,NA,5,NA,NA,33.471,H,NA,L,N,4,0,1,4,A,-,03,22350,NA,N,C,C,A,A,H,-,A,D,0,NA,NA,NA,NA,Y,NA,A,07,0,0,1,0,0,0,0,0,0,-,-,33.77227020263672,-117.87130737304688,ORANGE,SANTA ANA,-117.87109375,33.77239227294922
92029239,2023,2023-03-27,9675,2023-03-21,1019,015899,NA,2,1,6,3026,0,1,1,NA,2,504,INTERSTATE 5 NORTHBOUND,SAND CANYON AVENUE,800,N,N,B,C,Y,ORA,NA,5,NA,R,24.131,H,NA,R,Y,4,0,1,1,A,-,03,22350,NA,N,E,I,A,B,H,-,A,D,0,NA,NA,NA,NA,Y,NA,A,01,0,0,1,0,0,0,0,0,0,-,-,33.679588317871094,-117.76017761230467,ORANGE,IRVINE,-117.76007843017578,33.67967224121094