CASE_ID,ACCIDENT_YEAR,PROC_DATE,JURIS,COLLISION_DATE,COLLISION_TIME,OFFICER_ID,REPORTING_DISTRICT,DAY_OF_WEEK,CHP_SHIFT,POPULATION,CNTY_CITY_LOC,SPECIAL_COND,BEAT_TYPE,CHP_BEAT_TYPE,CITY_DIVISION_LAPD,CHP_BEAT_CLASS,BEAT_NUMBER,PRIMARY_RD,SECONDARY_RD,DISTANCE,DIRECTION,INTERSECTION,WEATHER_1,WEATHER_2,STATE_HWY_IND,CALTRANS_COUNTY,CALTRANS_DISTRICT,STATE_ROUTE,ROUTE_SUFFIX,POSTMILE_PREFIX,POSTMILE,LOCATION_TYPE,RAMP_INTERSECTION,SIDE_OF_HWY,TOW_AWAY,COLLISION_SEVERITY,NUMBER_KILLED,NUMBER_INJURED,PARTY_COUNT,PRIMARY_COLL_FACTOR,PCF_CODE_OF_VIOL,PCF_VIOL_CATEGORY,PCF_VIOLATION,PCF_VIOL_SUBSECTION,HIT_AND_RUN,TYPE_OF_COLLISION,MVIW,PED_ACTION,ROAD_SURFACE,ROAD_COND_1,ROAD_COND_2,LIGHTING,CONTROL_DEVICE,CHP_ROAD_TYPE,PEDESTRIAN_ACCIDENT,BICYCLE_ACCIDENT,MOTORCYCLE_ACCIDENT,TRUCK_ACCIDENT,NOT_PRIVATE_PROPERTY,ALCOHOL_INVOLVED,STWD_VEHTYPE_AT_FAULT,CHP_VEHTYPE_AT_FAULT,COUNT_SEVERE_INJ,COUNT_VISIBLE_INJ,COUNT_COMPLAINT_PAIN,COUNT_PED_KILLED,COUNT_PED_INJURED,COUNT_BICYCLIST_KILLED,COUNT_BICYCLIST_INJURED,COUNT_MC_KILLED,COUNT_MC_INJURED,PRIMARY_RAMP,SECONDARY_RAMP,LATITUDE,LONGITUDE,COUNTY,CITY,POINT_X,POINT_Y
6376662,2014,2016-03-08,9670,2014-02-26,0750,012927,NA,3,1,7,3001,0,1,1,NA,2,503,RT 5,HARBOR BL,200,S,N,B,-,Y,ORA,12,5,-,-,37.36,H,-,S,N,4,0,1,2,A,-,03,22350,NA,N,C,C,A,A,H,-,A,D,6,NA,NA,NA,NA,Y,NA,D,22,0,0,1,0,0,0,0,0,0,-,-,33.81466,-117.91459,ORANGE,ANAHEIM,-117.9148751,33.81469619
6376820,2014,2014-06-19,3010,2014-02-18,1502,251,282,2,5,6,3010,0,0,0,NA,0,006,NEWLAND,WARNER,475,S,N,A,-,N,NA,NA,NA,NA,NA,NA,NA,NA,NA,N,4,0,1,2,A,-,05,21650,1,N,D,G,A,A,H,-,A,D,0,NA,Y,NA,NA,Y,NA,L,04,0,0,1,0,0,0,1,0,0,-,-,NA,NA,ORANGE,HUNTINGTON BEACH,-117.98055854,33.71437778
6377789,2014,2015-12-23,3010,2014-01-20,1630,1210,293,1,5,6,3010,0,0,0,NA,0,005,TAYLOR,RT 39,10,W,N,A,-,Y,ORA,12,39,-,-,3.385,I,6,S,N,3,0,1,2,A,-,05,21650,NA,N,D,G,A,A,H,-,A,D,0,NA,Y,NA,NA,Y,NA,L,04,0,1,0,0,0,0,1,0,0,-,-,NA,NA,ORANGE,HUNTINGTON BEACH,-117.98916241,33.69761943
6377815,2014,2014-06-10,3022,2014-01-21,1443,1250,NA,2,5,5,3022,0,0,0,NA,0,NA,B ST,MCFADDEN AV,145,N,N,A,-,N,NA,NA,NA,NA,NA,NA,NA,NA,NA,Y,3,0,1,2,A,-,09,21804,A,N,D,G,A,A,H,-,A,D,0,NA,Y,NA,NA,Y,NA,A,07,0,1,0,0,0,0,1,0,0,-,-,33.44355,-117.49404,ORANGE,TUSTIN,-117.82801725,33.73423371
6378389,2014,2015-12-23,3010,2014-02-01,0915,2116,292,6,5,6,3010,0,0,0,NA,0,006,RT 39,MAIN ST,0,NA,Y,A,-,Y,ORA,12,39,-,-,3.12,I,5,S,N,3,0,1,2,A,-,11,21950,B,N,D,B,B,A,H,-,A,A,0,Y,NA,NA,NA,Y,NA,N,60,0,1,0,0,1,0,0,0,0,-,-,NA,NA,ORANGE,HUNTINGTON BEACH,-117.98895584,33.69374972
6378399,2014,2014-06-18,3001,2014-02-02,0257,415,NA,7,5,7,3001,0,0,0,NA,0,0D1,KNOTT AV,DANBROOK AV,125,N,N,A,-,N,NA,NA,NA,NA,NA,NA,NA,NA,NA,Y,3,0,1,2,A,-,09,21804,A,N,D,C,A,A,H,-,C,D,0,NA,NA,NA,NA,Y,NA,-,NA,0,1,0,0,0,0,0,0,0,-,-,NA,NA,ORANGE,ANAHEIM,-118.01092497,33.8280827
6379236,2014,2014-06-16,3026,2014-02-08,1544,7094,NA,6,5,6,3026,0,0,0,NA,0,00P,CULVER,IRVINE BL,31,S,N,B,-,N,NA,NA,NA,NA,NA,NA,NA,NA,NA,Y,4,0,3,2,A,-,08,22107,NA,N,E,I,A,A,H,-,A,A,0,NA,NA,NA,NA,Y,NA,A,01,0,0,3,0,0,0,0,0,0,-,-,NA,NA,ORANGE,IRVINE,-117.77120459,33.72134437
6380794,2014,2014-06-03,3007,2014-01-10,0519,283,64,5,5,5,3007,0,0,0,NA,0,103,BUSHARD ST,ELLIS AV,0,NA,Y,A,-,N,NA,NA,NA,NA,NA,NA,NA,NA,NA,Y,4,0,2,2,A,-,-,NA,NA,N,D,C,A,A,H,-,C,A,0,NA,NA,NA,NA,Y,NA,A,01,0,0,2,0,0,0,0,0,0,-,-,NA,NA,ORANGE,FOUNTAIN VALLEY,-117.96286,33.69408007
6382067,2014,2014-06-18,3015,2014-02-14,0928,919,38,5,5,6,3015,0,0,0,NA,0,712,EAST CHAPMAN AV,N SHATTUCK ST,0,NA,Y,A,-,N,NA,NA,NA,NA,NA,NA,NA,NA,NA,Y,4,0,1,2,A,-,09,21801,A,N,D,C,A,A,H,-,A,D,0,NA,NA,NA,NA,Y,NA,A,01,0,0,1,0,0,0,0,0,0,-,-,NA,NA,ORANGE,ORANGE,-117.83721004,33.78782001
6384243,2014,2016-03-15,3026,2014-02-14,1249,6352,NA,5,5,6,3026,0,0,0,NA,0,00C,SHADY CANYON AV,RT 405,36,S,N,A,-,Y,ORA,12,405,-,-,2.93,R,4,S,Y,4,0,3,2,A,-,03,22350,NA,N,C,C,A,A,H,-,A,A,0,NA,NA,NA,Y,Y,NA,F,27,0,0,3,0,0,0,0,0,0,-,-,NA,NA,ORANGE,IRVINE,-117.77886699,33.65805853
6385762,2014,2016-03-07,9690,2014-01-25,0936,020623,NA,6,1,4,3018,0,1,1,NA,2,057,RT 5,EL HORNO ST,40,S,N,A,-,Y,ORA,12,5,-,-,9.99,H,-,S,Y,4,0,1,4,A,-,03,22350,NA,N,C,C,A,A,E,H,A,D,1,NA,NA,NA,NA,Y,NA,A,08,0,0,1,0,0,0,0,0,0,-,-,33.50795,-117.66067,ORANGE,SAN JUAN CAPISTRANO,-117.66041425,33.5076648
6386165,2014,2014-06-04,3003,2014-01-16,1151,1056,NA,4,5,5,3003,0,0,0,NA,0,NA,ROSECRANS AV,BEACH BL,134,E,N,A,-,N,NA,NA,NA,NA,NA,NA,NA,NA,NA,Y,4,0,1,2,A,-,09,21804,A,N,D,C,A,A,H,-,A,C,0,NA,NA,NA,NA,Y,NA,A,01,0,0,1,0,0,0,0,0,0,-,-,33.896,-117.9867,ORANGE,BUENA PARK,-117.986792,33.89611
6386185,2014,2014-06-26,3000,2014-02-03,0900,2391,922A7,1,5,5,3040,0,0,0,NA,0,140,CROWN VALLEY PKWY,CABOT RD,0,NA,Y,A,-,N,NA,NA,NA,NA,NA,NA,NA,NA,NA,Y,3,0,1,2,A,-,12,21453,A,N,D,C,A,A,H,-,A,A,0,NA,NA,NA,NA,Y,NA,D,22,0,1,0,0,0,0,0,0,0,-,-,NA,NA,ORANGE,LAGUNA NIGUEL,-117.6790701,33.55708008
6386363,2014,2014-06-17,3000,2014-02-03,0726,5705,891H5,1,5,5,3050,0,0,0,NA,0,6M60,MUIRLANDS BL,LOS ALISOS DR,104,N,N,A,-,N,NA,NA,NA,NA,NA,NA,NA,NA,NA,Y,4,0,1,1,A,-,08,22107,NA,N,E,I,A,A,H,-,A,D,0,NA,NA,NA,NA,Y,NA,A,01,0,0,1,0,0,0,0,0,0,-,-,33.61745,-117.69297,ORANGE,LAKE FOREST,-117.69294571,33.61742723
6386821,2014,2014-06-25,3008,2014-01-29,1341,1297,NA,3,5,6,3008,0,0,0,NA,0,0Z3,ORANGETHORPE AV,STATE COLLEGE BL,27,E,N,A,-,N,NA,NA,NA,NA,NA,NA,NA,NA,NA,Y,3,0,2,2,A,-,01,23152,A,N,C,C,A,A,H,-,A,A,0,NA,NA,NA,NA,Y,NA,A,01,0,1,1,0,0,0,0,0,0,-,-,NA,NA,ORANGE,FULLERTON,-117.8893213,33.85964177
6387115,2014,2014-06-17,3009,2014-02-12,1551,3486,91,3,5,6,3009,0,0,0,NA,0,1-2,ORANGEWOOD AV,BROOKHURST ST,87,W,N,A,-,N,NA,NA,NA,NA,NA,NA,NA,NA,NA,Y,4,0,1,2,A,-,08,22107,NA,N,E,I,A,A,H,-,A,D,0,NA,NA,NA,NA,Y,NA,A,01,0,0,1,0,0,0,0,0,0,-,-,NA,NA,ORANGE,GARDEN GROVE,-117.95909556,33.79582745
6387337,2014,2014-06-11,3003,2014-01-18,0308,657,NA,6,5,5,3003,0,0,0,NA,0,NA,HOLDER ST,BALL RD,0,NA,Y,A,-,N,NA,NA,NA,NA,NA,NA,NA,NA,NA,Y,4,0,1,1,A,-,03,22350,NA,N,E,I,A,A,H,-,C,A,0,NA,NA,NA,NA,Y,NA,A,01,0,0,1,0,0,0,0,0,0,-,-,NA,NA,ORANGE,BUENA PARK,-118.01950012,33.81718009
6389385,2014,2014-07-03,3000,2014-02-01,2305,854,971F3,6,5,4,3029,0,0,0,NA,0,18436,NIGUEL RD,MONARCH BEACH DR,0,NA,Y,A,-,N,NA,NA,NA,NA,NA,NA,NA,NA,NA,Y,2,0,3,2,A,-,01,23153,A,N,D,C,A,A,H,-,C,A,0,NA,NA,NA,NA,Y,Y,A,01,2,0,1,0,0,0,0,0,0,-,-,NA,NA,ORANGE,DANA POINT,-117.71234001,33.48728009
6390228,2014,2016-03-09,9675,2014-02-12,1700,13509,NA,3,2,6,3015,0,1,3,NA,2,551,RT 55,KATELLA AV,974,S,N,A,-,Y,ORA,12,55,-,-,15.06,H,-,N,Y,4,0,1,3,A,-,03,22350,NA,N,C,C,A,A,H,-,A,D,6,NA,NA,NA,NA,Y,NA,A,07,0,0,1,0,0,0,0,0,0,-,-,33.48488,-117.49906,ORANGE,ORANGE,-117.83177322,33.80735377
6393247,2014,2016-03-08,9670,2014-01-20,1450,16194,NA,1,2,6,3009,0,1,3,NA,2,024,RT 22,HARBOR BL,20,E,N,A,-,Y,ORA,12,22,-,R,7.86,H,-,E,Y,4,0,1,2,A,-,03,22350,NA,N,C,C,A,A,H,-,A,D,1,NA,NA,NA,NA,Y,NA,A,01,0,0,1,0,0,0,0,0,0,-,-,33.76808,-117.91942,ORANGE,GARDEN GROVE,-117.92017732,33.76783719
6393358,2014,2016-03-15,3026,2014-02-27,1718,6352,NA,4,5,6,3026,0,0,0,NA,0,00U,JAMBOREE RD,RT 405,0,NA,Y,B,-,Y,ORA,12,405,-,-,6.717,R,4,N,Y,4,0,3,4,A,-,03,22350,NA,N,C,C,A,A,H,-,A,A,0,NA,NA,NA,NA,Y,NA,D,22,0,0,3,0,0,0,0,0,0,-,-,NA,NA,ORANGE,IRVINE,-117.84035001,33.67561884
6393543,2014,2015-10-06,3000,2014-02-10,0758,6682,3000,1,5,4,3029,0,0,0,NA,0,971F5,PACIFIC COAST HWY,NIGUEL RANCH,0,NA,Y,A,-,N,NA,NA,NA,NA,NA,NA,NA,NA,NA,Y,3,0,1,3,A,-,03,22350,NA,N,C,C,A,A,H,-,A,A,0,NA,NA,NA,NA,Y,NA,A,07,0,1,0,0,0,0,0,0,0,-,-,NA,NA,ORANGE,DANA POINT,-117.71663002,33.47593006
6393786,2014,2016-02-01,9670,2014-02-19,1904,19261,NA,3,2,6,3008,0,1,3,NA,2,093,RT 91,STATE COLLEGE,1056,W,N,A,-,Y,ORA,12,91,-,-,5,H,-,W,Y,4,0,1,3,A,-,08,22107,NA,N,C,C,A,A,H,-,C,D,1,NA,NA,NA,NA,Y,NA,A,01,0,0,1,0,0,0,0,0,0,-,-,33.85455,-117.89135,ORANGE,FULLERTON,-117.89407256,33.85419625
6395065,2014,2014-06-24,3019,2014-02-11,1359,3322,SC,2,5,7,3019,0,0,0,NA,0,004,FAIRVIEW ST,CENTENNIAL RD,66,S,N,A,-,N,NA,NA,NA,NA,NA,NA,NA,NA,NA,N,4,0,3,2,A,-,03,22350,NA,N,C,C,A,A,H,-,A,D,0,NA,NA,NA,NA,Y,NA,D,22,0,0,3,0,0,0,0,0,0,-,-,NA,NA,ORANGE,SANTA ANA,-117.90764295,33.72329687
6396917,2014,2016-03-21,9675,2014-02-28,2045,19018,NA,5,2,7,3001,0,1,3,NA,2,094,RT 91,IMPERIAL HWY,25,E,N,C,-,Y,ORA,12,91,-,R,11.57,H,-,W,Y,4,0,1,2,A,-,03,22350,NA,N,D,C,A,B,H,-,C,D,1,NA,NA,NA,NA,Y,NA,A,01,0,0,1,0,0,0,0,0,0,-,-,33.85493,-117.78955,ORANGE,ANAHEIM,-117.79003714,33.85463172
6398147,2014,2014-06-25,3001,2014-02-20,1237,A1655,NA,4,5,7,3001,0,0,0,NA,0,NA,EAST LA PALMA AV,NORTH KRAEMER BL,175,E,N,A,-,N,NA,NA,NA,NA,NA,NA,NA,NA,NA,Y,4,0,1,2,A,-,09,21804,A,N,D,C,A,A,H,-,A,D,0,NA,NA,NA,NA,Y,NA,A,01,0,0,1,0,0,0,0,0,0,-,-,NA,NA,ORANGE,ANAHEIM,-117.85675921,33.8512877
6398186,2014,2014-06-17,3009,2014-02-28,1912,444,74,5,5,6,3009,0,0,0,NA,0,012,DALE ST,LAMPSON AV,0,NA,Y,C,-,N,NA,NA,NA,NA,NA,NA,NA,NA,NA,Y,4,0,1,2,A,-,09,21801,A,N,D,C,A,-,H,-,C,A,0,NA,NA,NA,NA,Y,NA,A,08,0,0,1,0,0,0,0,0,0,-,-,NA,NA,ORANGE,GARDEN GROVE,-117.98409011,33.78116007
6398206,2014,2014-06-18,3000,2014-02-14,1912,7734,922C5,5,5,5,3028,0,0,0,NA,0,753,MARGUERITE PKWY,LA MANCHA,38,N,N,A,-,N,NA,NA,NA,NA,NA,NA,NA,NA,NA,N,4,0,1,2,A,-,21,22106,NA,N,C,C,A,A,H,-,C,D,0,NA,NA,NA,NA,Y,NA,A,01,0,0,1,0,0,0,0,0,0,-,-,NA,NA,ORANGE,MISSION VIEJO,-117.65837656,33.57336032
6399030,2014,2015-12-24,3014,2014-02-21,0948,1374,24,5,5,5,3014,0,0,0,NA,0,NA,RT 1,SUPERIOR AV,0,NA,Y,A,-,Y,ORA,12,1,-,-,20.37,I,5,N,N,4,0,1,2,A,-,08,22101,D,N,H,G,A,A,H,-,A,A,0,NA,Y,NA,NA,Y,NA,L,04,0,0,1,0,0,0,1,0,0,-,-,33.6232,-117.9394,ORANGE,NEWPORT BEACH,-117.93921456,33.62303543
6399040,2014,2016-03-08,9675,2014-02-07,0818,017993,NA,5,1,5,3022,0,1,3,NA,2,222,RT 22,TUSTIN AV,120,E,N,A,-,Y,ORA,12,22,-,R,12.9,H,-,E,Y,4,0,1,2,A,-,03,22350,NA,N,C,C,A,A,H,-,A,D,6,NA,NA,NA,NA,Y,NA,A,07,0,0,1,0,0,0,0,0,0,TO,-,33.77583,-117.83439,ORANGE,TUSTIN,-117.83512157,33.77613877
6400286,2014,2016-02-16,9675,2014-02-07,0645,19566,NA,5,1,5,3022,0,1,1,NA,2,503,RT 5,NEWPORT AV,1000,S,N,C,-,Y,ORA,12,5,-,R,29.42,H,-,N,Y,4,0,1,3,A,-,07,21658,A,N,B,C,A,B,H,-,B,D,1,NA,NA,NA,NA,Y,NA,A,01,0,0,1,0,0,0,0,0,0,-,-,33.73672,-117.82124,ORANGE,TUSTIN,-117.81990749,33.73621299
6400462,2014,2016-03-09,9675,2014-02-18,1207,016797,NA,2,1,7,3001,0,1,3,NA,2,093,RT 91,KRAEMER BL,3000,E,N,A,-,Y,ORA,12,91,-,-,7.92,H,-,W,Y,4,0,1,2,A,-,03,22350,NA,N,C,C,A,A,H,-,A,D,6,NA,NA,NA,NA,Y,NA,A,07,0,0,1,0,0,0,0,0,0,-,-,33.85047,-117.84681,ORANGE,ANAHEIM,-117.84604531,33.85038965
6401374,2014,2014-06-18,3016,2014-02-11,1827,1176,3,2,5,5,3016,0,0,0,NA,0,001,PLACENTIA AV,SAINT JOHN WY,0,NA,Y,A,-,N,NA,NA,NA,NA,NA,NA,NA,NA,NA,N,2,0,1,1,A,-,12,21453,A,N,H,A,A,A,H,-,C,A,0,NA,NA,NA,NA,Y,NA,-,NA,1,0,0,0,0,0,0,0,0,-,-,NA,NA,ORANGE,PLACENTIA,-117.87233011,33.89344007
6401416,2014,2016-02-16,9675,2014-01-21,1841,15826,NA,2,2,5,3022,0,1,1,NA,2,503,RT 5,REDHILL AV,1100,S,N,B,-,Y,ORA,12,5,-,R,28.88,H,-,N,N,4,0,1,2,A,-,03,22350,NA,N,C,C,A,A,H,-,D,D,1,NA,NA,NA,NA,Y,NA,A,01,0,0,1,0,0,0,0,0,0,-,-,33.73333,-117.81415,ORANGE,TUSTIN,-117.8122613,33.73153852
6401489,2014,2016-02-25,9675,2014-01-25,1410,18714,NA,6,2,7,3001,0,1,3,NA,2,074,RT 91,LAKEVIEW AV,2000,E,N,A,-,Y,ORA,12,91,-,R,10.47,H,-,W,Y,4,0,6,3,A,-,-,NA,NA,N,C,C,A,A,H,-,A,D,1,NA,NA,NA,NA,Y,NA,A,01,0,0,6,0,0,0,0,0,0,-,-,33.85463,-117.79793,ORANGE,ANAHEIM,-117.80894383,33.85429851
6401594,2014,2014-06-06,3001,2014-01-29,1702,1740,NA,3,5,7,3001,0,0,0,NA,0,0D2,ANAHEIM BL,EAST CENTER ST,0,NA,Y,A,-,N,NA,NA,NA,NA,NA,NA,NA,NA,NA,Y,4,0,1,2,A,-,09,21801,A,N,D,C,A,A,H,-,A,A,0,NA,NA,NA,NA,Y,NA,A,07,0,0,1,0,0,0,0,0,0,-,-,NA,NA,ORANGE,ANAHEIM,-117.91391011,33.83555001
6402967,2014,2014-07-01,3001,2014-03-06,1410,41555,NA,4,5,7,3001,0,0,0,NA,0,0D1,ROMNEYA DR,LA PALMA AV,22,N,N,A,-,N,NA,NA,NA,NA,NA,NA,NA,NA,NA,N,4,0,2,2,A,-,03,22350,NA,N,C,C,A,A,H,-,A,A,0,NA,NA,NA,NA,Y,NA,D,22,0,0,2,0,0,0,0,0,0,-,-,NA,NA,ORANGE,ANAHEIM,NA,NA
6406018,2014,2014-07-01,3001,2014-02-13,1843,1373,NA,4,5,7,3001,0,0,0,NA,0,0D4,SANTA ANA CANYON,FAIRMONT BL,0,NA,Y,A,-,N,NA,NA,NA,NA,NA,NA,NA,NA,NA,Y,4,0,1,2,D,-,00,NA,NA,N,D,C,A,A,H,-,C,A,0,NA,NA,NA,NA,Y,Y,-,-,0,0,1,0,0,0,0,0,0,-,-,NA,NA,ORANGE,ANAHEIM,-117.77073002,33.85779006
6406795,2014,2016-02-01,9670,2014-02-12,1710,10000,NA,3,2,7,3001,0,1,3,NA,2,093,RT 91,STATE COLLEGE BL,800,W,N,A,-,Y,ORA,12,91,-,-,5.11,H,-,W,N,4,0,1,2,A,-,03,22350,NA,N,C,C,A,A,H,-,B,D,1,NA,NA,NA,NA,Y,NA,A,01,0,0,1,0,0,0,0,0,0,-,-,33.85438,-117.89347,ORANGE,ANAHEIM,-117.89217496,33.85426875
6406969,2014,2014-06-11,9675,2014-01-26,1420,20650,NA,7,2,9,3000,0,2,4,NA,2,034,SANTIAGO CANYON RD,RED ROCK RIDGE RD,2000,N,N,A,-,N,NA,NA,NA,NA,NA,NA,NA,NA,NA,Y,2,0,1,2,A,-,08,22107,NA,N,C,G,A,A,H,-,A,D,0,NA,Y,NA,NA,Y,NA,A,01,1,0,0,0,0,0,1,0,0,-,-,33.75261,-117.69224,ORANGE,UNINCORPORATED,-117.678973,33.748695
6407146,2014,2015-12-23,3010,2014-02-03,1132,12001234,413,1,5,6,3010,0,0,0,NA,0,005,RT 39,GRAZIADIO,65,N,N,A,-,Y,ORA,12,39,-,-,2.96,H,-,N,Y,4,0,4,3,A,-,04,21703,NA,N,C,C,A,A,H,-,A,A,0,NA,NA,NA,NA,Y,NA,A,08,0,0,4,0,0,0,0,0,0,-,-,NA,NA,ORANGE,HUNTINGTON BEACH,-117.98872803,33.69140114
6408639,2014,2016-03-08,3015,2014-03-18,1527,1240,11,2,5,6,3015,0,0,0,NA,0,723M,THE CITY DR,RT 5,0,NA,Y,A,-,Y,ORA,12,5,-,-,35.684,R,4,S,Y,4,0,1,2,A,-,12,21453,A,N,D,C,A,A,H,-,A,A,0,NA,NA,NA,NA,Y,NA,A,01,0,0,1,0,0,0,0,0,0,-,SF,NA,NA,ORANGE,ORANGE,-117.89591345,33.79682141
6410521,2014,2016-02-16,3022,2014-01-28,1305,1109,NORTH,2,5,5,3022,0,0,0,NA,0,004,RED HILL AV,RT 5,0,NA,Y,A,-,Y,ORA,12,5,-,R,28.976,R,4,N,Y,3,0,1,2,A,-,09,21453,B,N,D,C,A,A,H,-,A,A,0,NA,NA,Y,NA,Y,NA,A,01,0,1,0,0,0,0,0,0,1,-,NF,33.73766,-117.82117,ORANGE,TUSTIN,-117.81356117,33.73241022
6413755,2014,2014-07-10,3010,2014-02-14,2230,2061,432,5,5,6,3010,0,0,0,NA,0,005,MAIN ST,YORKTOWN AV,635,S,N,B,-,N,NA,NA,NA,NA,NA,NA,NA,NA,NA,Y,4,0,1,2,A,-,03,22350,NA,N,C,C,A,A,H,-,C,A,0,NA,NA,NA,NA,Y,NA,J,48,0,0,1,0,0,0,0,0,0,-,-,NA,NA,ORANGE,HUNTINGTON BEACH,-118.00174068,33.67757896
6414491,2014,2014-06-10,3019,2014-01-14,1925,3321,SC,2,5,7,3019,0,0,0,NA,0,004,HARBOR BL,SEGERSTROM AV,0,NA,Y,A,-,N,NA,NA,NA,NA,NA,NA,NA,NA,NA,Y,4,0,1,2,A,-,12,21453,A,N,D,C,A,A,H,-,C,A,0,NA,NA,NA,NA,Y,NA,A,07,0,0,1,0,0,0,0,0,0,-,-,NA,NA,ORANGE,SANTA ANA,-117.91975,33.70876005
6414572,2014,2014-06-20,3024,2014-02-13,1214,312,P22,4,5,5,3024,0,0,0,NA,0,WEST,GOLDENWEST ST,WESTMINSTER MALL ACCESS RD,3,S,N,A,-,N,NA,NA,NA,NA,NA,NA,NA,NA,NA,N,4,0,1,2,A,-,03,22350,NA,N,C,C,A,A,H,-,A,A,0,NA,NA,NA,NA,Y,NA,A,08,0,0,1,0,0,0,0,0,0,-,-,NA,NA,ORANGE,WESTMINSTER,-118.007007,33.745462
6414579,2014,2014-06-20,3000,2014-02-06,0755,8896,971G5,4,5,4,3029,0,0,0,NA,0,734,BLUE LANTERN,ALTA VISTA DR,0,NA,Y,A,-,N,NA,NA,NA,NA,NA,NA,NA,NA,NA,N,3,0,1,2,A,-,05,21650,NA,N,H,G,A,A,H,-,A,A,0,NA,Y,NA,NA,Y,NA,A,07,0,1,0,0,0,0,1,0,0,-,-,NA,NA,ORANGE,DANA POINT,-117.70436,33.47426
6417002,2014,2014-06-30,3014,2014-03-06,0858,1244,RD36,4,5,5,3014,0,0,0,NA,0,NA,JAMBOREE RD,EASTBLUFF DR,1461,N,N,A,-,N,NA,NA,NA,NA,NA,NA,NA,NA,NA,N,4,0,1,3,A,-,08,22107,NA,N,C,C,A,A,H,-,A,A,0,NA,NA,NA,NA,Y,NA,A,01,0,0,1,0,0,0,0,0,0,-,-,33.612,-117.8701,ORANGE,NEWPORT BEACH,-117.87235795,33.6347778
6417010,2014,2014-06-30,3014,2014-03-04,1019,1244,RD15,2,5,5,3014,0,0,0,NA,0,NA,NEWPORT BL,28TH ST,0,NA,Y,A,-,N,NA,NA,NA,NA,NA,NA,NA,NA,NA,Y,4,0,1,3,A,-,09,21802,A,N,H,A,A,A,H,-,A,A,0,NA,NA,NA,NA,Y,NA,A,07,0,0,1,0,0,0,0,0,0,-,-,33.6128,-117.9297,ORANGE,NEWPORT BEACH,-117.92974,33.61282009
6417157,2014,2015-12-24,3014,2014-03-16,1136,1396,RD17,7,5,5,3014,0,0,0,NA,0,0A2,RT 1,60TH ST,227,W,N,A,-,Y,ORA,12,1,-,-,20.96,H,-,N,Y,4,0,1,3,A,-,03,22350,NA,N,B,C,A,A,H,-,A,D,0,NA,NA,Y,NA,Y,NA,C,02,0,0,1,0,0,0,0,0,1,-,-,33.6212,-117.8701,ORANGE,NEWPORT BEACH,-117.94817538,33.62587037
6417196,2014,2014-06-25,3014,2014-03-14,0213,1253,RD34,5,5,5,3014,0,0,0,NA,0,NA,MACARTHUR BL,CAMPUS DR,30,S,N,A,-,N,NA,NA,NA,NA,NA,NA,NA,NA,NA,Y,3,0,1,1,A,-,01,23152,A,N,E,I,A,A,H,-,C,A,0,NA,NA,NA,NA,Y,Y,A,07,0,1,0,0,0,0,0,0,0,-,-,33.6715,-117.8643,ORANGE,NEWPORT BEACH,-117.86404854,33.67162923
6417392,2014,2016-01-08,9670,2014-03-07,0845,15587,NA,5,1,5,3003,0,1,3,NA,2,092,RT 91,STANTON AV,300,E,N,A,-,Y,ORA,12,91,-,R,2.93,H,-,E,N,4,0,1,2,D,-,00,NA,NA,N,C,C,A,A,H,-,A,D,1,NA,NA,NA,NA,Y,NA,-,-,0,0,1,0,0,0,0,0,0,-,-,33.85588,-117.99262,ORANGE,BUENA PARK,-117.9925414,33.85603064
6417876,2014,2015-02-12,3001,2014-03-10,2136,A1252,NA,1,5,7,3001,0,0,0,NA,0,0D1,WEST BROADWAY,NUTWOOD ST,75,W,N,A,-,N,NA,NA,NA,NA,NA,NA,NA,NA,NA,N,3,0,1,2,A,-,08,22107,NA,N,D,G,A,A,H,-,C,D,0,NA,Y,NA,NA,Y,NA,L,04,0,1,0,0,0,0,1,0,0,-,-,NA,NA,ORANGE,ANAHEIM,-117.95005638,33.82887
6418594,2014,2014-06-25,3012,2014-02-28,1454,269,NE,5,5,5,3012,0,0,0,NA,0,NA,WALNUT,ERNA AV,11,N,N,B,C,N,NA,NA,NA,NA,NA,NA,NA,NA,NA,N,4,0,1,3,A,-,09,21804,A,N,D,C,A,B,H,-,A,D,0,NA,NA,NA,NA,Y,NA,A,NA,0,0,1,0,0,0,0,0,0,-,-,NA,NA,ORANGE,LA HABRA,-117.95051,33.93279016
6418598,2014,2014-06-17,3026,2014-02-07,1947,492,UNIVE,5,5,6,3026,0,0,0,NA,0,00U,CULVER,RT 405,306,S,N,A,-,N,NA,NA,NA,NA,NA,NA,NA,NA,NA,Y,4,0,1,3,A,-,03,22350,NA,N,C,C,A,A,H,-,C,D,0,NA,NA,NA,NA,Y,NA,A,01,0,0,1,0,0,0,0,0,0,-,-,NA,NA,ORANGE,IRVINE,-117.8234952,33.6687548
6419229,2014,2014-06-27,3000,2014-02-18,2200,1393,921G5,2,5,4,3045,0,0,0,NA,0,045,OSO PKWY,MOULTON PKWY,0,NA,Y,A,-,N,NA,NA,NA,NA,NA,NA,NA,NA,NA,Y,4,0,2,2,D,-,00,NA,NA,N,A,C,A,A,H,-,C,A,0,NA,NA,NA,NA,Y,NA,-,-,0,0,2,0,0,0,0,0,0,-,-,NA,NA,ORANGE,LAGUNA HILLS,-117.70040001,33.57272008
6419635,2014,2016-03-09,9675,2014-03-14,0245,15585,NA,5,3,7,3019,0,1,3,NA,2,552,RT 55,DYER RD,1700,N,N,A,-,Y,ORA,12,55,-,R,8.14,H,-,N,Y,3,0,2,1,A,-,08,22107,NA,N,E,I,A,A,H,-,C,D,6,NA,NA,NA,NA,Y,NA,D,22,0,2,0,0,0,0,0,0,0,-,-,33.7114,-117.84875,ORANGE,SANTA ANA,-117.84886705,33.71155396
6419709,2014,2014-06-13,3002,2014-02-03,0724,1463,430Z,1,5,4,3002,0,0,0,NA,0,012,COUNTRY HILL RD,KRAEMER BL,0,NA,Y,A,-,N,NA,NA,NA,NA,NA,NA,NA,NA,NA,N,3,0,1,2,A,-,09,21804,A,N,D,G,A,A,H,-,A,D,0,NA,Y,NA,NA,Y,NA,L,04,0,1,0,0,0,0,1,0,0,-,-,NA,NA,ORANGE,BREA,-117.86389002,33.91959006