CASE_ID,ACCIDENT_YEAR,PROC_DATE,JURIS,COLLISION_DATE,COLLISION_TIME,OFFICER_ID,REPORTING_DISTRICT,DAY_OF_WEEK,CHP_SHIFT,POPULATION,CNTY_CITY_LOC,SPECIAL_COND,BEAT_TYPE,CHP_BEAT_TYPE,CITY_DIVISION_LAPD,CHP_BEAT_CLASS,BEAT_NUMBER,PRIMARY_RD,SECONDARY_RD,DISTANCE,DIRECTION,INTERSECTION,WEATHER_1,WEATHER_2,STATE_HWY_IND,CALTRANS_COUNTY,CALTRANS_DISTRICT,STATE_ROUTE,ROUTE_SUFFIX,POSTMILE_PREFIX,POSTMILE,LOCATION_TYPE,RAMP_INTERSECTION,SIDE_OF_HWY,TOW_AWAY,COLLISION_SEVERITY,NUMBER_KILLED,NUMBER_INJURED,PARTY_COUNT,PRIMARY_COLL_FACTOR,PCF_CODE_OF_VIOL,PCF_VIOL_CATEGORY,PCF_VIOLATION,PCF_VIOL_SUBSECTION,HIT_AND_RUN,TYPE_OF_COLLISION,MVIW,PED_ACTION,ROAD_SURFACE,ROAD_COND_1,ROAD_COND_2,LIGHTING,CONTROL_DEVICE,CHP_ROAD_TYPE,PEDESTRIAN_ACCIDENT,BICYCLE_ACCIDENT,MOTORCYCLE_ACCIDENT,TRUCK_ACCIDENT,NOT_PRIVATE_PROPERTY,ALCOHOL_INVOLVED,STWD_VEHTYPE_AT_FAULT,CHP_VEHTYPE_AT_FAULT,COUNT_SEVERE_INJ,COUNT_VISIBLE_INJ,COUNT_COMPLAINT_PAIN,COUNT_PED_KILLED,COUNT_PED_INJURED,COUNT_BICYCLIST_KILLED,COUNT_BICYCLIST_INJURED,COUNT_MC_KILLED,COUNT_MC_INJURED,PRIMARY_RAMP,SECONDARY_RAMP,LATITUDE,LONGITUDE,COUNTY,CITY,POINT_X,POINT_Y
6420478,2014,2014-06-23,3019,2014-03-24,1829,3151,SC,1,5,7,3019,0,0,0,NA,0,004,HARBOR BL,SEGERSTROM AV,0,NA,Y,B,-,N,NA,NA,NA,NA,NA,NA,NA,NA,NA,Y,3,0,2,2,A,-,12,21453,A,N,D,C,A,A,H,-,A,A,0,NA,NA,NA,NA,Y,NA,A,01,0,1,1,0,0,0,0,0,0,-,-,NA,NA,ORANGE,SANTA ANA,-117.91975,33.70876005
6420668,2014,2016-02-16,9690,2014-02-21,0750,18646,NA,5,1,5,3050,0,1,1,NA,2,055,RT 5,EL TORO RD,300,S,N,A,-,Y,ORA,12,5,-,-,18.631,R,1,N,N,4,0,3,2,A,-,03,22350,NA,F,C,C,A,A,H,-,A,A,1,NA,NA,NA,NA,Y,NA,A,01,0,0,3,0,0,0,0,0,0,-,-,33.61443,-117.70604,ORANGE,LAKE FOREST,-117.70672555,33.61413329
6421598,2014,2016-03-08,9670,2014-03-19,1353,17086,NA,3,1,5,3024,0,1,1,NA,2,043,RT 405,GOLDENWEST ST,1320,N,N,A,-,Y,ORA,12,405,-,-,18.19,H,-,S,N,4,0,1,2,A,-,03,22350,NA,N,C,C,A,A,H,-,A,D,1,NA,NA,NA,NA,Y,NA,-,99,0,0,1,0,0,0,0,0,0,-,-,33.77403,-118.01359,ORANGE,WESTMINSTER,-118.01011912,33.74893684
6423027,2014,2014-06-13,3024,2014-02-13,1039,133,P21,4,5,5,3024,0,0,0,NA,0,EAST,MAGNOLIA ST,WESTMINSTER BL,450,S,N,A,-,N,NA,NA,NA,NA,NA,NA,NA,NA,NA,Y,3,0,2,2,A,-,08,22102,NA,N,D,C,A,A,H,-,A,D,0,NA,NA,NA,NA,Y,NA,A,01,0,1,1,0,0,0,0,0,0,-,-,NA,NA,ORANGE,WESTMINSTER,-117.9724,33.75817648
6423366,2014,2015-10-06,3001,2014-03-08,0139,415,NA,6,5,7,3001,0,0,0,NA,0,0D4,IMPERIAL HWY,RT 91,6,S,N,A,-,N,NA,NA,NA,NA,NA,NA,NA,NA,NA,Y,4,0,3,2,A,-,03,22350,NA,N,C,C,A,A,H,-,C,A,0,NA,NA,NA,NA,Y,Y,A,01,0,0,3,0,0,0,0,0,0,-,EF,NA,NA,ORANGE,ANAHEIM,NA,NA
6424494,2014,2014-06-25,3019,2014-03-18,0916,1799,SE,2,5,7,3019,0,0,0,NA,0,003,MAIN,EDINGER,14,N,N,A,-,N,NA,NA,NA,NA,NA,NA,NA,NA,NA,N,4,0,1,2,D,-,00,NA,NA,N,G,B,B,A,H,-,A,A,0,Y,NA,NA,NA,Y,NA,-,-,0,0,1,0,1,0,0,0,0,-,-,NA,NA,ORANGE,SANTA ANA,-117.86779,33.72730838
6424798,2014,2016-02-25,3001,2014-03-24,1429,1508,NA,1,5,7,3001,0,0,0,NA,0,0D2,LINCOLN AV,RT 57,0,NA,Y,A,-,Y,ORA,12,57,-,-,14.937,R,4,S,N,4,0,2,2,A,-,12,21453,A,N,D,C,A,A,H,-,A,A,0,NA,NA,NA,NA,Y,NA,D,22,0,0,2,0,0,0,0,0,0,-,SF,NA,NA,ORANGE,ANAHEIM,-117.8762212,33.84015177
6424974,2014,2014-06-10,3019,2014-01-30,1408,1561,NE,4,5,7,3019,0,0,0,NA,0,002,MAIN ST,16TH ST,57,N,N,B,-,N,NA,NA,NA,NA,NA,NA,NA,NA,NA,Y,4,0,1,2,A,-,09,21804,A,N,D,C,A,A,H,-,A,D,0,NA,NA,NA,NA,Y,NA,A,07,0,0,1,0,0,0,0,0,0,-,-,NA,NA,ORANGE,SANTA ANA,-117.86759,33.75906626
6426033,2014,2014-06-26,3022,2014-03-23,1206,1250,NORTH,7,5,5,3022,0,0,0,NA,0,NA,JAMBOREE RD,TUSTIN RANCH RD,40,N,N,A,-,N,NA,NA,NA,NA,NA,NA,NA,NA,NA,N,4,0,1,2,A,-,17,21209,A,M,B,G,A,A,H,-,A,D,0,NA,Y,NA,NA,Y,NA,A,08,0,0,1,0,0,0,1,0,0,-,-,33.74741,-117.76792,ORANGE,TUSTIN,-117.7676579,33.7477366
6426612,2014,2016-06-07,3022,2014-03-02,1448,1006,NA,7,5,5,3022,0,0,0,NA,0,NA,NISSON RD,NEWPORT AV,0,NA,Y,A,-,Y,ORA,12,5,-,-,29.863,R,4,S,N,4,0,1,2,A,-,10,21950,A,N,D,B,B,A,H,-,A,A,0,Y,NA,NA,NA,Y,NA,A,07,0,0,1,0,1,0,0,0,0,-,-,33.4412,-117.4924,ORANGE,TUSTIN,-117.82711296,33.73823264
6428273,2014,2016-03-09,9670,2014-03-06,1243,15587,NA,4,1,6,3008,0,1,1,NA,2,500,RT 5,ORANGETHORPE AV,60,N,N,A,-,Y,ORA,12,5,-,-,42.57,H,-,N,Y,3,0,3,2,A,-,03,22350,NA,N,C,C,A,A,H,-,A,D,6,NA,NA,NA,NA,Y,NA,A,01,0,1,2,0,0,0,0,0,0,-,-,33.85929,-117.98484,ORANGE,FULLERTON,-117.98549381,33.8593924
6428388,2014,2015-12-24,3014,2014-03-02,1657,1346,41,7,5,5,3014,0,0,0,NA,0,NA,RT 1,BAYSIDE DR,18,W,N,A,-,Y,ORA,12,1,-,R,18.073,I,5,N,Y,4,0,1,2,A,-,08,22107,NA,N,H,G,A,A,H,-,A,A,0,NA,Y,NA,NA,Y,NA,A,01,0,0,1,0,0,0,1,0,0,-,-,NA,NA,ORANGE,NEWPORT BEACH,-117.90092297,33.61635365
6428537,2014,2016-03-04,3014,2014-02-23,1242,1428,25,7,5,5,3014,0,0,0,NA,0,NA,RT 1,RT 55,335,W,N,A,-,Y,ORA,12,1,-,-,19.881,I,5,S,N,4,0,1,2,A,-,12,21453,A,N,D,C,A,A,H,-,A,A,0,NA,NA,NA,NA,Y,NA,A,01,0,0,1,0,0,0,0,0,0,-,-,NA,NA,ORANGE,NEWPORT BEACH,-117.93079163,33.62120794
6429548,2014,2016-03-08,9675,2014-03-20,1700,19942,NA,4,2,7,3019,0,1,3,NA,2,222,RT 22,RT 5,400,E,N,A,-,Y,ORA,12,22,-,R,10.59,H,-,W,Y,4,0,1,3,A,-,03,22350,NA,N,C,C,A,A,H,-,A,D,6,NA,NA,NA,NA,Y,NA,A,07,0,0,1,0,0,0,0,0,0,-,-,33.77914,-117.87532,ORANGE,SANTA ANA,-117.8745601,33.77893485
6430286,2014,2016-05-10,9675,2014-03-17,0740,016356,NA,1,1,7,3001,0,1,3,NA,2,093,RT 91,LA PALMA AV,5,E,N,A,-,Y,ORA,12,91,-,-,6.42,H,-,W,Y,4,0,1,2,A,-,03,22350,NA,N,C,C,A,A,H,-,B,D,6,NA,NA,NA,NA,Y,NA,A,01,0,0,1,0,0,0,0,0,0,-,-,33.84793,-117.87132,ORANGE,ANAHEIM,-117.8709271,33.84770348
6432163,2014,2014-06-30,3004,2014-03-22,2240,604,26,6,5,6,3004,0,0,0,NA,0,002,HARBOR BL,GISLER AV,0,NA,Y,A,-,N,NA,NA,NA,NA,NA,NA,NA,NA,NA,Y,4,0,1,2,A,-,08,22100,A,N,D,C,A,A,H,-,C,A,0,NA,NA,NA,NA,Y,Y,A,01,0,0,1,0,0,0,0,0,0,-,-,33.68694,-117.9194,ORANGE,COSTA MESA,-117.91946003,33.68698006
6432179,2014,2014-06-30,3004,2014-03-25,1934,573,19,2,5,6,3004,0,0,0,NA,0,010,BAKER ST,HARBOR BL,60,W,N,B,-,N,NA,NA,NA,NA,NA,NA,NA,NA,NA,Y,3,0,4,2,A,-,09,21804,A,N,D,C,A,A,H,-,C,D,0,NA,NA,NA,NA,Y,NA,A,07,0,1,3,0,0,0,0,0,0,-,-,33.6801,-117.9197,ORANGE,COSTA MESA,-117.91963654,33.68001771
6432304,2014,2015-10-06,3008,2014-03-05,0001,1342,NA,3,5,6,3008,0,0,0,NA,0,003,YORBA LINDA BL,ASSOCIATED RD,0,NA,Y,A,-,N,NA,NA,NA,NA,NA,NA,NA,NA,NA,Y,4,0,1,2,A,-,12,21453,A,N,D,C,A,A,H,-,C,A,0,NA,NA,NA,NA,Y,Y,A,01,0,0,1,0,0,0,0,0,0,-,-,NA,NA,ORANGE,FULLERTON,-117.88557003,33.88896001
6432411,2014,2014-06-25,3019,2014-03-25,1717,2776,WE,2,5,7,3019,0,0,0,NA,0,001,NEWHOPE ST,FLIGHT AV,25,N,N,B,-,N,NA,NA,NA,NA,NA,NA,NA,NA,NA,N,3,0,1,2,A,-,11,21954,A,M,G,B,D,A,H,-,A,D,0,Y,NA,NA,NA,Y,NA,N,60,0,1,0,0,1,0,0,0,0,-,-,NA,NA,ORANGE,SANTA ANA,-117.92864031,33.73606854
6433124,2014,2015-01-28,3000,2014-02-26,2340,3207,921ES,3,5,4,3049,0,0,0,NA,0,481,ALISO CREEK,PARK PLAZA,0,NA,Y,A,-,N,NA,NA,NA,NA,NA,NA,NA,NA,NA,Y,4,0,2,2,D,-,00,NA,NA,N,B,C,A,A,H,-,C,A,0,NA,NA,NA,NA,Y,NA,-,-,0,0,2,0,0,0,0,0,0,-,-,NA,NA,ORANGE,ALISO VIEJO,-117.7235401,33.57375011
6433756,2014,2014-07-09,3000,2014-03-12,1707,5301,893C2,3,5,4,3048,0,0,0,NA,0,766,PLANO TRABUCO RD,DOVE CANYON,90,N,N,A,-,N,NA,NA,NA,NA,NA,NA,NA,NA,NA,Y,3,0,2,4,A,-,08,22107,NA,N,B,C,A,A,H,-,A,A,0,NA,NA,NA,NA,Y,NA,A,01,0,1,1,0,0,0,0,0,0,-,-,NA,NA,ORANGE,RANCHO SANTA MARGARITA,-117.5781678,33.64314101
6434388,2014,2014-07-22,3010,2014-04-07,0855,1225,431,1,5,6,3010,0,0,0,NA,0,004,MAIN ST,YORKTOWN,500,S,N,A,-,N,NA,NA,NA,NA,NA,NA,NA,NA,NA,N,4,0,1,2,A,-,08,22107,NA,N,B,G,A,A,H,-,A,D,0,NA,Y,NA,NA,Y,NA,A,01,0,0,1,0,0,0,1,0,0,-,-,NA,NA,ORANGE,HUNTINGTON BEACH,-118.00174387,33.6779491
6434420,2014,2014-07-08,3008,2014-03-23,1026,1145,NA,7,5,6,3008,0,0,0,NA,0,NA,CENTRAL AV,HARRINGTON DR,33,E,N,B,-,N,NA,NA,NA,NA,NA,NA,NA,NA,NA,Y,4,0,1,2,A,-,08,22107,NA,N,B,C,A,A,H,-,A,D,0,NA,NA,NA,NA,Y,NA,-,NA,0,0,1,0,0,0,0,0,0,-,-,NA,NA,ORANGE,FULLERTON,-117.90084154,33.87502
6434448,2014,2014-07-08,3008,2014-03-22,1522,1436,NA,6,5,6,3008,0,0,0,NA,0,NA,PLACENTIA AV,YORBA LINDA BL,0,NA,Y,A,-,N,NA,NA,NA,NA,NA,NA,NA,NA,NA,Y,4,0,4,2,A,-,09,21801,A,N,A,C,A,A,H,-,A,A,0,NA,NA,NA,NA,Y,NA,A,01,0,0,4,0,0,0,0,0,0,-,-,NA,NA,ORANGE,FULLERTON,-117.87455001,33.88902001
6435340,2014,2014-07-01,3002,2014-02-21,1447,1382,528X,5,5,4,3002,0,0,0,NA,0,013,STATE COLLEGE BL,BIRCH ST,20,S,N,A,-,N,NA,NA,NA,NA,NA,NA,NA,NA,NA,Y,4,0,1,1,A,-,08,22107,NA,N,E,I,A,A,H,-,A,A,0,NA,NA,Y,NA,Y,NA,C,02,0,0,1,0,0,0,0,0,1,-,-,NA,NA,ORANGE,BREA,-117.8830053,33.91783939
6435932,2014,2014-07-07,3019,2014-03-10,1231,1291,NEAST,1,5,7,3019,0,0,0,NA,0,002,17TH ST,BROADWAY,36,E,N,A,-,N,NA,NA,NA,NA,NA,NA,NA,NA,NA,Y,4,0,1,3,A,-,03,22350,NA,N,C,C,A,A,H,-,A,A,0,NA,NA,NA,NA,Y,NA,A,01,0,0,1,0,0,0,0,0,0,-,-,NA,NA,ORANGE,SANTA ANA,-117.86951184,33.76011
6437006,2014,2014-07-08,3010,2014-03-31,0707,1145,147,1,5,6,3010,0,0,0,NA,0,009,SPRINGDALE,EDINGER,38,N,N,A,-,N,NA,NA,NA,NA,NA,NA,NA,NA,NA,N,4,0,1,2,A,-,01,23152,NA,M,C,C,A,A,H,-,A,D,0,NA,NA,NA,NA,Y,Y,D,22,0,0,1,0,0,0,0,0,0,-,-,NA,NA,ORANGE,HUNTINGTON BEACH,-118.02411944,33.73007382
6437607,2014,2016-04-09,9670,2014-04-08,0830,20797,NA,2,1,7,3001,0,1,3,NA,2,094,RT 91,EUCLID ST,1000,W,N,B,-,Y,ORA,12,91,-,-,2.04,H,-,E,N,4,0,1,2,A,-,03,22350,NA,N,C,C,A,A,H,-,A,D,1,NA,NA,NA,NA,Y,NA,D,22,0,0,1,0,0,0,0,0,0,-,-,33.85397,-117.94647,ORANGE,ANAHEIM,-117.94542133,33.85402366
6438204,2014,2014-07-01,3026,2014-02-21,1157,7094,NA,5,5,6,3026,0,0,0,NA,0,00C,WALNUT,FRANCISCAN,100,W,N,A,-,N,NA,NA,NA,NA,NA,NA,NA,NA,NA,N,4,0,1,2,A,-,07,21658,A,N,B,C,A,A,H,-,A,A,0,NA,NA,NA,NA,Y,NA,A,01,0,0,1,0,0,0,0,0,0,-,-,NA,NA,ORANGE,IRVINE,-117.78668144,33.70401601
6439470,2014,2014-07-02,3019,2014-03-08,1943,3249,SC,6,5,7,3019,0,0,0,NA,0,004,EDINGER AV,FAIRVIEW ST,300,E,N,A,-,N,NA,NA,NA,NA,NA,NA,NA,NA,NA,N,4,0,1,2,A,-,01,23152,A,N,D,C,A,A,H,-,C,D,0,NA,NA,NA,NA,Y,Y,A,01,0,0,1,0,0,0,0,0,0,-,-,NA,NA,ORANGE,SANTA ANA,-117.9051881,33.72726311
6439481,2014,2014-07-01,3015,2014-03-06,1518,1098,44N,4,5,6,3015,0,0,0,NA,0,731,EAST CHAPMAN AV,N PROSPECT ST,538,E,N,A,-,N,NA,NA,NA,NA,NA,NA,NA,NA,NA,N,4,0,1,2,A,-,03,22350,NA,N,C,C,A,A,H,-,A,D,0,NA,NA,NA,NA,Y,NA,A,07,0,0,1,0,0,0,0,0,0,-,-,NA,NA,ORANGE,ORANGE,-117.81663371,33.7878
6439528,2014,2014-07-01,3001,2014-03-15,1502,1555,NA,6,5,7,3001,0,0,0,NA,0,0D1,LINCOLN AV,MONTEREY ST,0,NA,Y,A,-,N,NA,NA,NA,NA,NA,NA,NA,NA,NA,Y,3,0,1,2,A,-,09,21801,A,N,D,C,A,A,H,-,A,A,0,NA,NA,NA,NA,Y,Y,A,01,0,1,0,0,0,0,0,0,0,-,-,NA,NA,ORANGE,ANAHEIM,-117.96240012,33.83254004
6441777,2014,2014-07-02,3015,2014-02-07,1746,1240,31,5,5,6,3015,0,0,0,NA,0,723M,W GARDEN GROVE BL,SIEMON ST,0,N,N,A,-,N,NA,NA,NA,NA,NA,NA,NA,NA,NA,Y,4,0,3,4,A,-,21,22106,NA,N,B,C,A,A,H,-,A,A,0,NA,NA,NA,NA,Y,NA,A,07,0,0,3,0,0,0,0,0,0,-,-,NA,NA,ORANGE,ORANGE,-117.89495013,33.77450008
6441987,2014,2014-07-01,3015,2014-03-23,1357,1483,775,7,5,6,3015,0,0,0,NA,0,NA,TUSTIN ST,VILLAGE TOWN CENTER,150,N,N,A,-,N,NA,NA,NA,NA,NA,NA,NA,NA,NA,Y,4,0,1,2,A,-,09,21804,A,N,B,C,A,A,H,-,A,D,0,NA,NA,NA,NA,Y,NA,A,01,0,0,1,0,0,0,0,0,0,-,-,NA,NA,ORANGE,ORANGE,-117.836122,33.826512
6443656,2014,2014-07-01,3000,2014-03-29,0940,1056,993A5,6,5,5,3017,0,0,0,NA,0,075,SOUTH EL CAMINO REAL,W AVENIDA GAVIOTA,36,N,N,A,-,N,NA,NA,NA,NA,NA,NA,NA,NA,NA,Y,3,0,1,2,A,-,04,21703,NA,N,C,C,A,A,H,-,A,D,0,NA,NA,NA,NA,Y,NA,A,01,0,1,0,0,0,0,0,0,0,-,-,33.41949,-117.60682,ORANGE,SAN CLEMENTE,-117.60672073,33.41946282
6443711,2014,2014-07-02,3019,2014-03-11,0705,2630,NE,2,5,7,3019,0,0,0,NA,0,002,SANTA ANA BL,GRAND AV,0,NA,Y,A,-,N,NA,NA,NA,NA,NA,NA,NA,NA,NA,N,3,0,1,2,A,-,17,21451,A,N,D,G,A,A,H,-,A,A,0,NA,Y,NA,NA,Y,NA,A,07,0,1,0,0,0,0,1,0,0,-,-,NA,NA,ORANGE,SANTA ANA,-117.85195008,33.75435004
6444619,2014,2016-03-09,3012,2014-03-25,1854,288,25,2,5,5,3012,0,0,0,NA,0,0NE,WHITTIER BL,CYPRESS ST,312,W,N,A,-,Y,ORA,12,39,-,-,22.16,H,-,N,N,4,0,1,2,A,-,03,22350,NA,N,C,C,A,A,H,-,B,A,0,NA,NA,NA,NA,Y,NA,A,08,0,0,1,0,0,0,0,0,0,-,-,NA,NA,ORANGE,LA HABRA,-117.94293658,33.93903931
6444676,2014,2014-07-09,3022,2014-03-29,1610,1223,NORTH,6,5,5,3022,0,0,0,NA,0,NA,TUSTIN RANCH RD,AUTO CENTER DR,0,NA,Y,A,-,N,NA,NA,NA,NA,NA,NA,NA,NA,NA,N,3,0,1,2,A,-,11,21950,B,N,D,B,D,A,H,-,A,A,0,Y,NA,NA,NA,Y,NA,N,60,0,1,0,0,1,0,0,0,0,-,-,33.434,-117.4805,ORANGE,TUSTIN,-117.80170008,33.72802009
6444857,2014,2014-07-15,3022,2014-04-02,0001,989,NA,3,5,5,3022,0,0,0,NA,0,004,TUSTIN RANCH RD,EL CAMINO REAL,294,N,N,B,-,N,NA,NA,NA,NA,NA,NA,NA,NA,NA,Y,4,0,1,1,A,-,01,23152,A,N,E,I,A,A,H,-,C,D,0,NA,NA,NA,NA,Y,Y,A,01,0,0,1,0,0,0,0,0,0,-,-,33.7301,-117.79936,ORANGE,TUSTIN,-117.79956284,33.73013935
6446821,2014,2016-03-08,9675,2014-03-14,1510,020031,NA,5,2,6,3015,0,1,3,NA,2,222,RT 22,BEDFORD RD,620,W,N,A,-,Y,ORA,12,22,-,R,10.75,H,-,W,Y,2,0,1,2,A,-,03,22350,NA,N,C,C,A,A,H,-,A,D,6,NA,NA,Y,NA,Y,NA,C,02,1,0,0,0,0,0,0,0,1,-,-,33.77835,-117.87162,ORANGE,ORANGE,-117.87179164,33.77840389
6447159,2014,2014-07-17,3008,2014-04-02,0804,1320,NA,3,5,6,3008,0,0,0,NA,0,002,BASTANCHURY RD,LAGUNA RD,51,S,N,B,-,N,NA,NA,NA,NA,NA,NA,NA,NA,NA,Y,4,0,3,2,A,-,09,21801,A,N,B,C,A,A,H,-,A,A,0,NA,NA,NA,NA,Y,NA,-,NA,0,0,3,0,0,0,0,0,0,-,-,NA,NA,ORANGE,FULLERTON,-117.9306986,33.89460117
6448871,2014,2014-07-11,3015,2014-03-11,1550,1240,37W,2,5,6,3015,0,0,0,NA,0,723M,W BROOKSHIRE ST,PAMPAS ST,456,N,N,A,-,N,NA,NA,NA,NA,NA,NA,NA,NA,NA,N,3,0,1,2,A,-,05,21650,1,N,B,G,A,A,H,-,A,D,0,NA,Y,NA,NA,Y,NA,L,04,0,1,0,0,0,0,1,0,0,-,-,NA,NA,ORANGE,ORANGE,-117.85748726,33.83248397
6450750,2014,2014-07-17,3019,2014-03-31,0554,2528,SE,1,5,7,3019,0,0,0,NA,0,003,MAIN ST,CENTRAL AV,50,N,N,A,-,N,NA,NA,NA,NA,NA,NA,NA,NA,NA,N,3,0,1,2,A,-,09,21804,A,F,G,B,F,A,H,-,C,D,0,Y,NA,NA,NA,Y,NA,D,22,0,1,0,0,1,0,0,0,0,-,-,NA,NA,ORANGE,SANTA ANA,-117.86799463,33.714027
6451006,2014,2014-07-07,3001,2014-03-26,2150,415,NA,3,5,7,3001,0,0,0,NA,0,0D1,BROOKHURST ST,ORANGE AV,550,S,N,C,-,N,NA,NA,NA,NA,NA,NA,NA,NA,NA,N,3,0,1,2,A,-,10,21954,B,N,G,B,D,B,H,-,C,D,0,Y,NA,NA,NA,Y,NA,A,01,0,1,0,0,1,0,0,0,0,-,-,NA,NA,ORANGE,ANAHEIM,-117.95894,33.82352208
6453452,2014,2016-04-09,3003,2014-04-20,0717,1119,NA,7,5,5,3003,0,0,0,NA,0,001,BEACH BL,RT 5,0,NA,Y,A,-,Y,ORA,12,39,-,-,15.056,I,5,S,Y,3,0,2,2,A,-,12,21453,A,N,A,C,A,A,H,-,A,A,0,NA,NA,NA,NA,Y,NA,-,NA,0,2,0,0,0,0,0,0,0,-,-,NA,NA,ORANGE,BUENA PARK,-117.99826004,33.86599338
6453657,2014,2014-07-22,3001,2014-04-18,1358,1655,NA,5,5,7,3001,0,0,0,NA,0,0D3,KATELLA AV,DISNEYLAND DR,1056,E,N,A,-,N,NA,NA,NA,NA,NA,NA,NA,NA,NA,Y,3,0,2,7,A,-,03,22350,NA,N,C,C,A,A,H,-,A,-,0,NA,NA,NA,NA,Y,NA,A,01,0,2,0,0,0,0,0,0,0,-,-,NA,NA,ORANGE,ANAHEIM,-117.92061212,33.80342
6453900,2014,2014-07-18,3001,2014-04-11,1438,1740,NA,5,5,7,3001,0,0,0,NA,0,0D2,PLACENTIA AV,STATE COLLEGE BL,20,E,N,A,-,N,NA,NA,NA,NA,NA,NA,NA,NA,NA,Y,4,0,2,4,A,-,08,22107,NA,N,B,C,A,A,H,-,A,A,0,NA,NA,NA,Y,Y,NA,G,27,0,0,2,0,0,0,0,0,0,-,-,NA,NA,ORANGE,ANAHEIM,-117.88912635,33.85088364
6454346,2014,2016-04-04,3026,2014-04-15,1401,4779,NA,2,5,6,3026,0,0,0,NA,0,00U,CULVER DR,RT 405,50,S,N,A,-,Y,ORA,12,405,-,-,5.831,R,4,S,Y,2,0,1,2,A,-,04,21703,NA,N,C,C,A,A,H,-,A,A,0,NA,NA,NA,NA,Y,NA,A,01,1,0,0,0,0,0,0,0,0,-,SF,NA,NA,ORANGE,IRVINE,-117.82630566,33.67051354
6454736,2014,2014-07-03,3019,2014-03-29,2005,3303,SC,6,5,7,3019,0,0,0,NA,0,004,BAKER ST,CUBBON ST,0,NA,Y,A,-,N,NA,NA,NA,NA,NA,NA,NA,NA,NA,N,4,0,1,3,A,-,09,21802,A,N,D,C,A,A,H,-,C,A,0,NA,NA,NA,NA,Y,NA,A,07,0,0,1,0,0,0,0,0,0,-,-,NA,NA,ORANGE,SANTA ANA,-117.88294003,33.73539007
6454848,2014,2014-07-22,3015,2014-04-10,2106,1453,047E,4,5,6,3015,0,0,0,NA,0,322,E LINCOLN AV,N COTTONWOOD ST,108,W,N,A,-,N,NA,NA,NA,NA,NA,NA,NA,NA,NA,Y,4,0,1,1,A,-,08,22107,NA,N,E,I,A,A,H,-,C,D,0,NA,NA,NA,NA,Y,NA,A,01,0,0,1,0,0,0,0,0,0,-,-,NA,NA,ORANGE,ORANGE,-117.84839317,33.83616175
6455162,2014,2014-07-03,3000,2014-03-28,1441,1916,921F2,5,5,4,3045,0,0,0,NA,0,746,MOULTON PKY,INDIAN CREEK LN,0,NA,Y,B,-,N,NA,NA,NA,NA,NA,NA,NA,NA,NA,Y,4,0,2,2,A,-,12,21453,A,N,D,C,A,A,H,-,A,A,0,NA,NA,NA,NA,Y,NA,A,07,0,0,2,0,0,0,0,0,0,-,-,NA,NA,ORANGE,LAGUNA HILLS,-117.71574001,33.59592006
6459108,2014,2014-07-14,3000,2014-04-21,0800,5489,921E6,1,5,4,3049,0,0,0,NA,0,782,ALISO CREEK RD,PACIFIC PARK,0,NA,Y,A,-,N,NA,NA,NA,NA,NA,NA,NA,NA,NA,Y,4,0,2,2,D,-,00,NA,NA,N,B,C,A,A,H,-,A,A,0,NA,NA,NA,NA,Y,NA,-,-,0,0,2,0,0,0,0,0,0,-,-,NA,NA,ORANGE,ALISO VIEJO,-117.72346002,33.57092005
6459420,2014,2014-07-31,3000,2014-05-07,0035,5036,922E2,3,5,5,3028,0,0,0,NA,0,754,BACCARA DR,BELCANTO,84,S,N,A,-,N,NA,NA,NA,NA,NA,NA,NA,NA,NA,Y,2,0,2,1,A,-,01,23152,A,N,E,I,A,A,H,-,C,D,0,NA,NA,NA,NA,Y,Y,A,01,2,0,0,0,0,0,0,0,0,-,-,NA,NA,ORANGE,MISSION VIEJO,-117.64546037,33.5963554
6460239,2014,2014-07-05,3001,2014-03-02,1437,A1555,1,7,5,7,3001,0,0,0,NA,0,016,BALL RD,PERDIDO ST,373,E,N,B,-,N,NA,NA,NA,NA,NA,NA,NA,NA,NA,N,4,0,2,2,A,-,05,21650,NA,N,D,C,A,B,H,-,A,D,0,NA,NA,NA,NA,Y,NA,A,01,0,0,2,0,0,0,0,0,0,-,-,NA,NA,ORANGE,ANAHEIM,-117.96159493,33.81776
6461889,2014,2014-07-10,3000,2014-04-13,2245,5013,891J5,7,5,5,3050,0,0,0,NA,0,765,2ND ST,EL TORO RD,0,S,N,A,-,N,NA,NA,NA,NA,NA,NA,NA,NA,NA,Y,3,0,1,3,A,-,03,22350,NA,M,D,E,A,A,H,-,C,A,0,NA,NA,NA,NA,Y,NA,A,01,0,1,0,0,0,0,0,0,0,-,-,NA,NA,ORANGE,LAKE FOREST,-117.68893002,33.62977011
6461899,2014,2016-04-05,9675,2014-04-11,2340,018924,NA,5,3,7,3019,0,1,3,NA,2,222,RT 22,CAMBRIDGE ST,100,E,N,B,-,Y,ORA,12,22,-,R,12.37,H,-,W,Y,3,0,1,1,A,-,01,23152,A,N,E,I,A,A,G,-,C,D,6,NA,NA,NA,NA,Y,Y,D,22,0,1,0,0,0,0,0,0,0,-,-,33.77653,-117.84391,ORANGE,SANTA ANA,-117.84424339,33.77625403
6461922,2014,2016-04-04,9670,2014-04-17,1658,19502,NA,4,2,5,3007,0,1,1,NA,2,040,RT 405,BUSHARD ST,300,N,N,A,-,Y,ORA,12,405,-,-,14.56,H,-,N,Y,4,0,1,3,A,-,03,22350,NA,N,C,C,A,A,H,-,A,D,1,NA,NA,NA,NA,Y,NA,A,07,0,0,1,0,0,0,0,0,0,-,-,33.71342,-117.96378,ORANGE,FOUNTAIN VALLEY,-117.96391113,33.71347023
6464010,2014,2015-10-06,3019,2014-03-14,2049,3194,NE,5,5,7,3019,0,0,0,NA,0,002,GRAND AV,EDINGER,30,N,N,A,-,N,NA,NA,NA,NA,NA,NA,NA,NA,NA,N,4,0,2,2,A,-,01,23152,A,M,C,C,A,A,H,-,C,A,0,NA,NA,NA,NA,Y,Y,A,07,0,0,2,0,0,0,0,0,0,-,-,NA,NA,ORANGE,SANTA ANA,-117.85049369,33.72680207