CASE_ID,ACCIDENT_YEAR,PROC_DATE,JURIS,COLLISION_DATE,COLLISION_TIME,OFFICER_ID,REPORTING_DISTRICT,DAY_OF_WEEK,CHP_SHIFT,POPULATION,CNTY_CITY_LOC,SPECIAL_COND,BEAT_TYPE,CHP_BEAT_TYPE,CITY_DIVISION_LAPD,CHP_BEAT_CLASS,BEAT_NUMBER,PRIMARY_RD,SECONDARY_RD,DISTANCE,DIRECTION,INTERSECTION,WEATHER_1,WEATHER_2,STATE_HWY_IND,CALTRANS_COUNTY,CALTRANS_DISTRICT,STATE_ROUTE,ROUTE_SUFFIX,POSTMILE_PREFIX,POSTMILE,LOCATION_TYPE,RAMP_INTERSECTION,SIDE_OF_HWY,TOW_AWAY,COLLISION_SEVERITY,NUMBER_KILLED,NUMBER_INJURED,PARTY_COUNT,PRIMARY_COLL_FACTOR,PCF_CODE_OF_VIOL,PCF_VIOL_CATEGORY,PCF_VIOLATION,PCF_VIOL_SUBSECTION,HIT_AND_RUN,TYPE_OF_COLLISION,MVIW,PED_ACTION,ROAD_SURFACE,ROAD_COND_1,ROAD_COND_2,LIGHTING,CONTROL_DEVICE,CHP_ROAD_TYPE,PEDESTRIAN_ACCIDENT,BICYCLE_ACCIDENT,MOTORCYCLE_ACCIDENT,TRUCK_ACCIDENT,NOT_PRIVATE_PROPERTY,ALCOHOL_INVOLVED,STWD_VEHTYPE_AT_FAULT,CHP_VEHTYPE_AT_FAULT,COUNT_SEVERE_INJ,COUNT_VISIBLE_INJ,COUNT_COMPLAINT_PAIN,COUNT_PED_KILLED,COUNT_PED_INJURED,COUNT_BICYCLIST_KILLED,COUNT_BICYCLIST_INJURED,COUNT_MC_KILLED,COUNT_MC_INJURED,PRIMARY_RAMP,SECONDARY_RAMP,LATITUDE,LONGITUDE,COUNTY,CITY,POINT_X,POINT_Y
6534393,2014,2015-03-23,3008,2014-05-28,1358,1297,NA,3,5,6,3008,0,0,0,NA,0,0Z2,BREA BL,LONGVIEW DR,60,N,N,A,-,N,NA,NA,NA,NA,NA,NA,NA,NA,NA,N,3,0,1,2,A,-,13,22515,A,N,G,B,E,A,H,-,A,D,0,Y,NA,NA,NA,Y,NA,A,01,0,1,0,0,1,0,0,0,0,-,-,NA,NA,ORANGE,FULLERTON,-117.91860079,33.88873121
6536013,2014,2016-04-04,9690,2014-05-23,1425,18479,NA,5,2,5,3017,0,1,1,NA,2,059,RT 5,AVENIDA VISTA HERMOSA,615,N,N,A,-,Y,ORA,12,5,-,-,4.2,H,-,N,N,4,0,1,2,A,-,03,22350,NA,N,C,C,A,A,H,-,A,D,1,NA,NA,NA,NA,Y,NA,A,07,0,0,1,0,0,0,0,0,0,-,-,33.44763,-117.63557,ORANGE,SAN CLEMENTE,-117.63282754,33.44629105
6536025,2014,2016-04-04,9690,2014-05-29,1735,019304,NA,4,2,4,3018,0,1,1,NA,2,057,RT 5,RT 73,900,S,N,A,-,Y,ORA,12,5,-,-,12.09,H,-,N,Y,4,0,1,2,A,-,-,NA,NA,N,B,C,A,A,H,-,A,D,1,NA,NA,NA,NA,Y,NA,A,01,0,0,1,0,0,0,0,0,0,-,-,33.53788,-117.67417,ORANGE,SAN JUAN CAPISTRANO,-117.67478281,33.53477158
6536775,2014,2014-07-29,3000,2014-05-27,1145,05314,952B2,2,5,5,3040,0,0,0,NA,0,6M40,CAMINO CAPISTRANO,AVERY PKY,640,S,N,A,-,N,NA,NA,NA,NA,NA,NA,NA,NA,NA,Y,4,0,1,2,A,-,09,21801,A,N,D,C,A,A,H,-,A,D,0,NA,NA,NA,NA,Y,NA,A,07,0,0,1,0,0,0,0,0,0,-,-,NA,NA,ORANGE,LAGUNA NIGUEL,-117.67417991,33.54552618
6537338,2014,2016-04-04,9670,2014-06-14,1335,17022,NA,6,1,5,3007,0,1,1,NA,2,040,RT 405,EUCLID ST,1350,N,N,A,-,Y,ORA,12,405,-,-,12.76,H,-,N,N,4,0,1,3,A,-,03,22350,NA,N,C,C,A,A,H,-,A,D,1,NA,NA,NA,NA,Y,NA,A,01,0,0,1,0,0,0,0,0,0,-,-,33.6985,-117.94151,ORANGE,FOUNTAIN VALLEY,-117.93950376,33.69769299
6537954,2014,2016-04-04,3002,2014-06-28,2149,1576,631W,6,5,4,3002,0,0,0,NA,0,014,IMPERIAL HWY,KRAEMER BL,25,W,N,A,-,Y,ORA,12,90,-,-,6.57,H,-,E,N,4,0,1,2,A,-,03,22350,NA,M,C,C,A,A,H,-,C,A,0,NA,NA,NA,NA,Y,NA,A,01,0,0,1,0,0,0,0,0,0,-,-,NA,NA,ORANGE,BREA,-117.86386657,33.910965590000004
6538444,2014,2016-04-05,9690,2014-06-18,0855,014919,NA,3,1,5,3050,0,1,1,NA,2,055,RT 5,LOS ALISOS,200,N,N,A,-,Y,ORA,12,5,-,-,17.99,H,-,N,Y,4,0,1,3,A,-,03,22350,NA,N,C,C,A,A,H,-,A,D,1,NA,NA,NA,NA,Y,NA,A,01,0,0,1,0,0,0,0,0,0,-,-,33.60858,-117.69787,ORANGE,LAKE FOREST,-117.698063,33.6085394
6538467,2014,2014-08-13,3000,2014-06-09,1415,7193,972H7,1,5,5,3017,0,0,0,NA,0,278,AVENIDA VISTA HERMOSA,AVENIDA LA PATA,1000,N,N,A,-,N,NA,NA,NA,NA,NA,NA,NA,NA,NA,Y,4,0,1,2,A,-,03,22350,NA,N,C,C,A,A,H,-,A,D,0,NA,NA,NA,NA,Y,NA,A,01,0,0,1,0,0,0,0,0,0,-,-,NA,NA,ORANGE,SAN CLEMENTE,-117.60322,33.46453
6538479,2014,2014-08-13,3000,2014-06-17,0755,7734,892F4,2,5,5,3028,0,0,0,NA,0,750,ALICIA PKWY,RUSTIC OAK,169,E,N,A,-,N,NA,NA,NA,NA,NA,NA,NA,NA,NA,Y,4,0,2,2,A,-,01,23152,E,N,C,C,A,A,H,-,A,A,0,NA,NA,NA,NA,Y,NA,A,07,0,0,2,0,0,0,0,0,0,-,-,NA,NA,ORANGE,MISSION VIEJO,-117.63041288,33.63097557
6538573,2014,2016-04-04,9690,2014-05-26,1745,016749,NA,1,2,5,3028,0,1,1,NA,2,056,RT 5,CROWN VALLEY PKWY,120,S,N,A,-,Y,ORA,12,5,-,-,13.609,R,1,S,N,4,0,1,2,A,-,03,22350,NA,N,C,C,A,A,H,-,A,A,1,NA,NA,NA,NA,Y,NA,D,22,0,0,1,0,0,0,0,0,0,FR,-,33.55737,-117.67338,ORANGE,MISSION VIEJO,-117.67312155,33.55675199
6539509,2014,2014-08-27,3010,2014-06-21,0954,0147,426,6,5,6,3010,0,0,0,NA,0,002,TARPON,WEAKFISH,80,E,N,A,-,N,NA,NA,NA,NA,NA,NA,NA,NA,NA,Y,4,0,1,1,A,-,08,22107,NA,N,E,I,A,A,H,-,A,D,0,NA,NA,NA,NA,Y,NA,A,01,0,0,1,0,0,0,0,0,0,-,-,NA,NA,ORANGE,HUNTINGTON BEACH,-117.96182767,33.68068312
6540925,2014,2014-09-04,3015,2014-07-26,1753,1459,745,6,5,6,3015,0,0,0,NA,0,332,N RANCHO SANTIAGO BL,E ORANGE GROVE AV,0,NA,Y,A,-,N,NA,NA,NA,NA,NA,NA,NA,NA,NA,Y,3,0,3,2,A,-,09,21801,A,N,D,C,A,A,H,-,A,D,0,NA,NA,NA,NA,Y,NA,A,01,0,2,1,0,0,0,0,0,0,-,-,NA,NA,ORANGE,ORANGE,-117.80135005,33.79652008
6541610,2014,2014-09-02,3022,2014-07-24,2106,1248,NA,4,5,5,3022,0,0,0,NA,0,NA,WALNUT AV,NEWPORT AV,0,NA,Y,A,-,N,NA,NA,NA,NA,NA,NA,NA,NA,NA,Y,3,0,1,2,A,-,09,21801,A,N,D,C,A,A,H,-,C,A,0,NA,NA,NA,NA,Y,NA,A,01,0,1,0,0,0,0,0,0,0,-,-,33.4357,-117.4939,ORANGE,TUSTIN,-117.82766008,33.73262002
6542675,2014,2014-08-09,3007,2014-06-30,0948,280,27,1,5,5,3007,0,0,0,NA,0,002,EUCLID ST,BELLFLOWER,7,N,N,A,-,N,NA,NA,NA,NA,NA,NA,NA,NA,NA,N,4,0,1,2,A,-,10,21950,A,N,G,B,E,A,H,-,A,D,0,Y,NA,NA,NA,Y,NA,A,01,0,0,1,0,1,0,0,0,0,-,-,NA,NA,ORANGE,FOUNTAIN VALLEY,-117.93733,33.72893919
6542749,2014,2016-03-30,3010,2014-06-28,0749,2084,282,6,5,6,3010,0,0,0,NA,0,006,RT 39,SPEER,141,S,N,B,-,Y,ORA,12,39,-,-,3.97,H,-,S,Y,4,0,1,2,A,-,03,22350,NA,N,C,C,A,A,H,-,A,D,0,NA,NA,NA,NA,Y,NA,A,01,0,0,1,0,0,0,0,0,0,-,-,NA,NA,ORANGE,HUNTINGTON BEACH,-117.98932915,33.70617403
6543479,2014,2016-04-04,3014,2014-06-25,2048,1434,RD16,3,5,5,3014,0,0,0,NA,0,0A2,RT 1,SUPERIOR AV,0,NA,Y,A,-,Y,ORA,12,1,-,-,20.37,I,5,N,Y,4,0,1,2,A,-,09,21453,C,N,D,C,A,A,H,-,C,A,0,NA,NA,NA,NA,Y,NA,D,22,0,0,1,0,0,0,0,0,0,-,-,33.37,-117.56206,ORANGE,NEWPORT BEACH,-117.93921456,33.62303543
6544076,2014,2014-08-12,3008,2014-06-16,1804,1479,NJC,1,5,6,3008,0,0,0,NA,0,ZONE3,STATE COLLEGE BL,KIMBERLY AV,0,NA,Y,A,-,N,NA,NA,NA,NA,NA,NA,NA,NA,NA,Y,3,0,1,2,A,-,09,21802,A,N,D,C,A,A,H,-,A,A,0,NA,NA,NA,NA,Y,NA,A,08,0,1,0,0,0,0,0,0,0,-,-,NA,NA,ORANGE,FULLERTON,-117.88945005,33.86323001
6544507,2014,2015-12-04,3014,2014-06-13,1048,1441,RD39,5,5,5,3014,0,0,0,NA,0,0A3,RT 1,IRVINE TERRACE,260,W,N,A,-,N,NA,NA,NA,NA,NA,NA,NA,NA,NA,Y,3,0,3,3,A,-,03,22350,NA,N,C,C,A,A,H,-,A,A,0,NA,NA,NA,NA,Y,NA,A,01,0,1,2,0,0,0,0,0,0,-,-,33.61012,-117.88212,ORANGE,NEWPORT BEACH,-117.882365,33.610228
6544545,2014,2014-08-12,3020,2014-06-13,2357,298,NA,5,5,4,3020,0,0,0,NA,0,TRAFFI,WESTMINSTER AV,CA EDISON POLE #1775175E,12,S,N,A,-,N,NA,NA,NA,NA,NA,NA,NA,NA,NA,Y,4,0,2,3,A,-,03,22350,NA,N,C,C,A,A,D,-,C,A,0,NA,NA,NA,NA,Y,NA,A,NA,0,0,2,0,0,0,0,0,0,-,-,NA,NA,ORANGE,SEAL BEACH,NA,NA
6544597,2014,2014-08-13,3019,2014-06-24,2313,3119,SOUTH,2,5,7,3019,0,0,0,NA,0,003,FLOWER ST,ALTON,712,N,N,A,-,N,NA,NA,NA,NA,NA,NA,NA,NA,NA,Y,3,0,1,1,A,-,01,23152,A,N,E,I,A,A,H,-,C,A,0,NA,NA,NA,NA,Y,Y,A,08,0,1,0,0,0,0,0,0,0,-,-,NA,NA,ORANGE,SANTA ANA,-117.87686,33.70739162
6544969,2014,2014-08-19,3001,2014-06-26,1143,0705,NA,4,5,7,3001,0,0,0,NA,0,0D3,S CASA VISTA ST,WEST KATELLA AV,7,S,N,A,-,N,NA,NA,NA,NA,NA,NA,NA,NA,NA,N,3,0,1,2,A,-,10,21950,A,N,G,B,B,A,H,-,A,A,0,Y,NA,NA,NA,Y,NA,A,01,0,1,0,0,1,0,0,0,0,-,-,NA,NA,ORANGE,ANAHEIM,-117.92697,33.80322081
6544985,2014,2014-08-19,3001,2014-06-24,1143,1622,NA,2,5,7,3001,0,0,0,NA,0,0D2,ROMNEYA DR,CITRON ST,269,W,N,A,-,N,NA,NA,NA,NA,NA,NA,NA,NA,NA,N,4,0,2,2,A,-,08,22100,B,N,B,C,A,A,H,-,A,D,0,NA,NA,NA,NA,Y,NA,A,01,0,0,2,0,0,0,0,0,0,-,-,NA,NA,ORANGE,ANAHEIM,-117.92964389,33.85077604
6545001,2014,2016-02-18,3001,2014-06-19,1255,1373,NA,4,5,7,3001,0,0,0,NA,0,0D2,STATE COLLEGE BL,RT 91,0,NA,Y,A,-,Y,ORA,12,91,-,-,5.379,R,4,W,Y,4,0,2,2,A,-,12,21453,A,N,D,C,A,A,H,-,A,A,0,NA,NA,NA,NA,Y,NA,-,-,0,0,2,0,0,0,0,0,0,-,SF,NA,NA,ORANGE,ANAHEIM,-117.88752582,33.85428586
6546891,2014,2016-06-15,3001,2014-07-07,1217,1508,NA,1,5,7,3001,0,0,0,NA,0,0D2,HARBOR BL,RT 91 FRONTAGE RD,0,NA,Y,A,-,Y,ORA,12,91,-,-,3.502,R,4,W,Y,4,0,1,2,A,-,12,21453,A,N,D,C,A,A,H,-,A,A,0,NA,NA,NA,Y,Y,NA,F,21,0,0,1,0,0,0,0,0,0,-,-,NA,NA,ORANGE,ANAHEIM,-117.92005848,33.85432519
6547163,2014,2014-08-13,3000,2014-06-02,1730,5301,893B3,1,5,4,3048,0,0,0,NA,0,766,LA PROMESA,ALMA ALDEA,270,E,N,A,-,N,NA,NA,NA,NA,NA,NA,NA,NA,NA,Y,3,0,1,2,A,-,09,21801,A,N,D,C,A,A,H,-,A,D,0,NA,NA,NA,NA,Y,NA,A,07,0,1,0,0,0,0,0,0,0,-,-,NA,NA,ORANGE,RANCHO SANTA MARGARITA,-117.59050689,33.63917349
6549193,2014,2016-02-18,3014,2014-06-20,2030,1376,RD15,5,5,5,3014,0,0,0,NA,0,0A1,RT 55,VIA LIDO,130,N,N,A,-,Y,ORA,12,55,-,-,0.12,H,-,N,N,4,0,1,1,A,-,01,23152,A,N,E,I,A,A,H,-,B,D,0,NA,NA,NA,NA,Y,Y,A,01,0,0,1,0,0,0,0,0,0,-,-,33.61,-117.92,ORANGE,NEWPORT BEACH,-117.93006926,33.61894234
6549214,2014,2014-08-15,3000,2014-06-23,1830,662,992J2,1,5,5,3017,0,0,0,NA,0,476,E AVENIDA PICO,CALLE DEL CERRO,693,E,N,A,-,N,NA,NA,NA,NA,NA,NA,NA,NA,NA,Y,4,0,2,1,A,-,07,21658,A,N,E,I,A,A,H,-,A,D,0,NA,NA,NA,NA,Y,NA,A,01,0,0,2,0,0,0,0,0,0,-,-,NA,NA,ORANGE,SAN CLEMENTE,-117.61208416,33.44585774
6549322,2014,2016-04-09,9675,2014-06-19,1620,15826,NA,4,2,5,3022,0,1,1,NA,2,503,RT 5,REDHILL AV,200,N,N,A,-,Y,ORA,12,5,-,R,29.16,H,-,N,N,3,0,1,3,A,-,07,21658,A,N,B,C,A,A,H,-,A,D,1,NA,NA,Y,NA,Y,NA,A,07,0,1,0,0,0,0,0,0,1,-,-,33.73422,-117.81586,ORANGE,TUSTIN,-117.81598123,33.73419023
6549354,2014,2016-04-21,9675,2014-06-27,0615,17993,NA,5,1,7,3001,0,1,3,NA,2,095,RT 91,ORANGE CO LINE,600,W,N,A,-,Y,LA,7,91,-,R,20.63,H,-,W,Y,4,0,1,2,A,-,03,22350,NA,N,C,C,A,A,H,-,A,D,0,NA,NA,NA,NA,Y,NA,A,01,0,0,1,0,0,0,0,0,0,-,-,33.86959,-117.68218,ORANGE,ANAHEIM,-118.04366142,33.86278369
6550265,2014,2016-04-09,3014,2014-06-29,0855,1374,RD25,7,5,5,3014,0,0,0,NA,0,0A2,RT 1,TUSTIN AV,115,W,N,A,-,Y,ORA,12,1,-,D,19.44,H,-,S,N,3,0,1,2,A,-,08,22107,NA,N,H,G,A,A,H,-,A,D,0,NA,Y,NA,NA,Y,NA,A,01,0,1,0,0,0,0,1,0,0,-,-,33.6198,-117.9233,ORANGE,NEWPORT BEACH,-117.92336702,33.61984542
6550380,2014,2014-08-11,3008,2014-06-19,1848,1117,NA,4,5,6,3008,0,0,0,NA,0,0Z1,BROOKHURST RD,PAGE AV,300,N,N,A,-,N,NA,NA,NA,NA,NA,NA,NA,NA,NA,Y,3,0,1,3,A,-,03,22350,NA,N,B,C,A,A,H,-,A,D,0,NA,NA,NA,NA,Y,NA,A,01,0,1,0,0,0,0,0,0,0,-,-,NA,NA,ORANGE,FULLERTON,-117.95928,33.85700245
6555378,2014,2014-09-23,3001,2014-07-14,0614,1508,2,1,5,7,3001,0,0,0,NA,0,023,N LEMON ST,RT 91 FRONTAGE RD,0,NA,Y,B,-,N,NA,NA,NA,NA,NA,NA,NA,NA,NA,Y,3,0,2,2,A,-,12,21453,A,N,D,C,A,A,H,-,A,A,0,NA,NA,NA,NA,Y,NA,J,48,0,2,0,0,0,0,0,0,0,-,-,NA,NA,ORANGE,ANAHEIM,-117.919939,33.854487
6557166,2014,2016-04-04,9690,2014-06-02,1347,14552,NA,1,1,5,3017,0,1,1,NA,2,059,RT 5,AVENIDA VAQUERO,1584,N,N,A,-,Y,ORA,12,5,-,-,5.29,H,-,N,Y,3,0,2,4,A,-,03,22350,NA,F,C,C,A,A,H,-,A,D,1,NA,NA,NA,NA,Y,NA,A,01,0,2,0,0,0,0,0,0,0,-,-,33.45542,-117.64912,ORANGE,SAN CLEMENTE,-117.64846322,33.45502875
6557168,2014,2016-04-04,9690,2014-06-08,2140,018953,NA,7,2,4,3045,0,1,1,NA,2,055,RT 5,EL TORO RD,600,N,N,A,-,Y,ORA,12,5,-,-,18.913,R,2,S,N,4,0,1,2,A,-,03,22350,NA,N,C,C,A,A,H,-,D,A,1,NA,NA,NA,NA,Y,NA,D,22,0,0,1,0,0,0,0,0,0,-,-,33.61538,-117.71011,ORANGE,LAGUNA HILLS,-117.71032607,33.61693823
6558486,2014,2014-08-13,3007,2014-05-14,1625,289,53,3,5,5,3007,0,0,0,NA,0,003,SLATER AV,MAGNOLIA ST,0,NA,Y,A,-,N,NA,NA,NA,NA,NA,NA,NA,NA,NA,N,3,0,1,2,D,-,00,NA,NA,N,A,C,A,A,H,-,A,A,0,NA,NA,NA,NA,Y,NA,-,-,0,1,0,0,0,0,0,0,0,-,-,NA,NA,ORANGE,FOUNTAIN VALLEY,-117.97184001,33.70853002
6558533,2014,2014-08-13,3024,2014-05-02,1516,159,P39,5,5,5,3024,0,0,0,NA,0,EAST,MAGNOLIA ST,OBSIDIAN DR,0,NA,Y,A,-,N,NA,NA,NA,NA,NA,NA,NA,NA,NA,Y,4,0,1,2,A,-,09,21802,A,N,C,A,A,A,D,-,A,D,0,NA,NA,NA,NA,Y,NA,A,07,0,0,1,0,0,0,0,0,0,-,-,NA,NA,ORANGE,WESTMINSTER,-117.97212009,33.73219001
6558566,2014,2014-08-14,3024,2014-06-04,1922,149,P 15,3,5,5,3024,0,0,0,NA,0,WEST,WESTMINSTER BL,WILLOW LN,0,NA,Y,A,-,N,NA,NA,NA,NA,NA,NA,NA,NA,NA,N,4,0,1,2,A,-,09,21804,A,N,D,C,A,A,H,-,B,A,0,NA,NA,NA,NA,Y,NA,-,NA,0,0,1,0,0,0,0,0,0,-,-,NA,NA,ORANGE,WESTMINSTER,-118.01916,33.75896008
6558829,2014,2014-08-22,3022,2014-07-11,1546,1269,NA,5,5,5,3022,0,0,0,NA,0,NA,EDINGER AV,JAMBOREE,69,E,N,A,-,N,NA,NA,NA,NA,NA,NA,NA,NA,NA,N,4,0,2,2,A,-,01,23152,A,F,C,C,A,A,H,-,A,A,0,NA,NA,NA,NA,Y,Y,A,01,0,0,2,0,0,0,0,0,0,-,-,NA,NA,ORANGE,TUSTIN,-117.80623432,33.70416505
6559457,2014,2015-04-11,3009,2014-06-20,1456,3700,144,5,5,6,3009,0,0,0,NA,0,022,HARBOR BL,LAMPSON AV,0,S,N,A,-,N,NA,NA,NA,NA,NA,NA,NA,NA,NA,N,4,0,1,2,A,-,09,21801,A,N,D,C,A,A,H,-,A,D,0,NA,NA,NA,NA,Y,NA,A,01,0,0,1,0,0,0,0,0,0,-,-,NA,NA,ORANGE,GARDEN GROVE,-117.91495001,33.78165008
6559746,2014,2014-08-15,3019,2014-05-20,0730,2630,NE,2,5,7,3019,0,0,0,NA,0,002,FAIRHAVEN AV,GRAND AV,100,E,N,A,-,N,NA,NA,NA,NA,NA,NA,NA,NA,NA,N,4,0,1,2,A,-,11,21954,A,N,G,B,D,A,H,-,A,A,0,Y,NA,NA,NA,Y,NA,N,60,0,0,1,0,1,0,0,0,0,-,-,NA,NA,ORANGE,SANTA ANA,-117.85260174,33.7733
6559790,2014,2014-08-14,3002,2014-05-29,1425,1347,329Y,4,5,4,3002,0,0,0,NA,0,014,ASSOCIATED RD,IMPERIAL HWY,661,N,N,A,-,N,NA,NA,NA,NA,NA,NA,NA,NA,NA,Y,4,0,1,2,A,-,09,21804,A,N,D,C,A,A,H,-,A,A,0,NA,NA,NA,NA,Y,NA,A,08,0,0,1,0,0,0,0,0,0,-,-,NA,NA,ORANGE,BREA,-117.87971036,33.91259009
6560045,2014,2016-05-28,9675,2014-07-08,1710,15114,NA,2,2,7,3001,0,1,3,NA,2,095,RT 91,GYPSUM CANYON RD,4200,W,N,A,-,Y,ORA,12,91,-,R,16.4,H,-,E,Y,4,0,4,5,A,-,03,22350,NA,F,C,C,A,A,H,-,A,D,1,NA,NA,NA,NA,Y,NA,-,99,0,0,4,0,0,0,0,0,0,-,-,33.86727,-117.72547,ORANGE,ANAHEIM,-117.71175045,33.86669995
6560213,2014,2016-06-15,9670,2014-07-04,0337,20194,NA,5,3,7,3001,0,1,3,NA,2,094,RT 91,EUCLID ST,400,E,N,A,-,Y,ORA,12,91,-,-,2.35,H,-,E,Y,4,0,1,3,A,-,08,22107,NA,N,C,C,A,A,H,-,C,D,1,NA,NA,NA,NA,Y,NA,A,01,0,0,1,0,0,0,0,0,0,-,-,33.85394,-117.93191,ORANGE,ANAHEIM,-117.94002866,33.85408312
6560310,2014,2014-08-21,3026,2014-07-04,0945,4779,NA,5,5,6,3026,0,0,0,NA,0,00C,ANTIVO,GITANO,230,S,N,A,-,N,NA,NA,NA,NA,NA,NA,NA,NA,NA,Y,3,0,1,1,A,-,08,22107,NA,N,E,I,A,A,H,-,A,D,0,NA,NA,Y,NA,Y,NA,C,02,0,1,0,0,0,0,0,0,1,-,-,NA,NA,ORANGE,IRVINE,-117.74769443,33.64263224
6560540,2014,2014-08-13,3009,2014-06-13,1505,3972,106,5,5,6,3009,0,0,0,NA,0,1 3,FLOWER ST,TEAL DR,50,S,N,A,-,N,NA,NA,NA,NA,NA,NA,NA,NA,NA,Y,3,0,1,1,A,-,-,NA,NA,N,E,I,A,A,H,-,A,D,0,NA,NA,Y,NA,Y,NA,C,02,0,1,0,0,0,0,0,0,1,-,-,NA,NA,ORANGE,GARDEN GROVE,-117.95352,33.76418292
6561672,2014,2016-04-26,9675,2014-07-06,0228,020027,NA,7,3,6,3004,0,1,3,NA,2,553,RT 55,MACARTHUR BL,630,S,N,A,-,Y,ORA,12,55,-,R,6.85,H,-,N,Y,3,0,1,1,A,-,01,23152,A,N,E,I,A,A,H,-,C,D,6,NA,NA,NA,NA,Y,Y,A,01,0,1,0,0,0,0,0,0,0,-,-,33.69691,-117.86267,ORANGE,COSTA MESA,-117.86300832,33.69711635
6562269,2014,2015-04-08,3013,2014-06-14,1727,184,NA,6,5,3,3013,0,0,0,NA,0,NA,KATELLA AV,WALLINGSFORD RD,0,W,N,A,-,N,NA,NA,NA,NA,NA,NA,NA,NA,NA,N,4,0,2,2,A,-,03,22350,NA,F,C,C,A,A,H,-,A,A,0,NA,NA,NA,NA,Y,NA,A,01,0,0,2,0,0,0,0,0,0,-,-,NA,NA,ORANGE,LOS ALAMITOS,-118.07444001,33.80303
6564402,2014,2014-08-22,3001,2014-07-12,1625,406,1617,6,5,7,3001,0,0,0,NA,0,014,CRESCENT AV,LA REINA ST,0,NA,Y,A,-,N,NA,NA,NA,NA,NA,NA,NA,NA,NA,Y,3,0,4,2,A,-,09,21801,B,N,D,C,A,A,H,-,A,D,0,NA,NA,NA,NA,Y,NA,A,01,0,1,3,0,0,0,0,0,0,-,-,NA,NA,ORANGE,ANAHEIM,-117.97999006,33.83951004
6565374,2014,2014-08-25,3008,2014-07-03,1657,1177,NA,4,5,6,3008,0,0,0,NA,0,0Z2,EUCLID ST,CHAPMAN AV,0,NA,Y,A,-,N,NA,NA,NA,NA,NA,NA,NA,NA,NA,Y,3,0,2,3,A,-,12,21453,A,N,D,C,A,A,H,-,A,A,0,NA,NA,NA,NA,Y,NA,A,08,0,2,0,0,0,0,0,0,0,-,-,NA,NA,ORANGE,FULLERTON,-117.94201012,33.87382003
6566436,2014,2014-08-27,3009,2014-07-13,0751,3976,153,7,5,6,3009,0,0,0,NA,0,153,HASTER ST,ALLARD AV,300,N,N,A,-,N,NA,NA,NA,NA,NA,NA,NA,NA,NA,Y,3,0,1,2,A,-,21,22106,NA,N,D,C,A,A,H,-,A,D,0,NA,NA,NA,NA,Y,NA,A,01,0,1,0,0,0,0,0,0,0,-,-,NA,NA,ORANGE,GARDEN GROVE,-117.90614945,33.78650242
6567041,2014,2014-08-27,3001,2014-07-17,1547,1006,NA,4,5,7,3001,0,0,0,NA,0,0D2,HARBOR BL,LA PALMA AV,9,S,N,A,-,N,NA,NA,NA,NA,NA,NA,NA,NA,NA,Y,3,0,1,2,A,-,10,21950,A,N,G,B,B,A,H,-,A,A,0,Y,NA,NA,NA,Y,Y,A,01,0,1,0,0,1,0,0,0,0,-,-,NA,NA,ORANGE,ANAHEIM,-117.92384245,33.84718614
6567067,2014,2014-08-28,9670,2014-07-15,0935,13826,NA,2,1,5,3024,0,1,1,NA,2,430,RT 405,MCFADDEN AV,800,N,N,B,-,Y,NA,NA,405,NA,NA,NA,NA,NA,NA,Y,3,0,2,2,A,-,07,21658,A,N,C,C,A,A,H,-,A,D,0,NA,NA,NA,NA,Y,NA,A,01,0,1,1,0,0,0,0,0,0,-,-,33.74123,-118.00096,ORANGE,WESTMINSTER,-118.00092385,33.7412733
6567179,2014,2014-08-01,3007,2014-06-24,1702,292,57,2,5,5,3007,0,0,0,NA,0,301,TALBERT AV,NEWHOPE ST,0,NA,Y,A,-,N,NA,NA,NA,NA,NA,NA,NA,NA,NA,Y,3,0,2,3,A,-,09,21453,C,N,A,C,A,A,H,-,A,A,0,NA,NA,NA,NA,Y,NA,A,01,0,1,1,0,0,0,0,0,0,-,-,NA,NA,ORANGE,FOUNTAIN VALLEY,-117.93462003,33.70187007
6567853,2014,2014-08-25,3019,2014-07-07,2015,3325,SC,1,5,7,3019,0,0,0,NA,0,002,TOWNER ST,HEMLOCK WY,0,NA,Y,A,-,N,NA,NA,NA,NA,NA,NA,NA,NA,NA,Y,3,0,1,1,A,-,03,22350,NA,N,F,J,A,A,H,-,B,D,0,NA,NA,Y,NA,Y,NA,C,02,0,1,0,0,0,0,0,0,1,-,-,NA,NA,ORANGE,SANTA ANA,-117.88031012,33.70970008
6567869,2014,2014-08-25,3019,2014-07-04,1320,2001,SE,5,5,7,3019,0,0,0,NA,0,003,MAIN ST,GARRY AV,168,S,N,A,-,N,NA,NA,NA,NA,NA,NA,NA,NA,NA,N,4,0,1,2,A,-,07,21658,A,N,B,C,A,A,H,-,A,D,0,NA,NA,NA,NA,Y,NA,A,01,0,0,1,0,0,0,0,0,0,-,-,NA,NA,ORANGE,SANTA ANA,-117.86805658,33.70599947
6569099,2014,2014-09-04,3008,2014-07-05,1345,1457,NA,6,5,6,3008,0,0,0,NA,0,022,BERKLEY AV,LEMON AV,0,NA,Y,A,-,N,NA,NA,NA,NA,NA,NA,NA,NA,NA,Y,4,0,1,3,A,-,12,21453,A,N,D,C,A,A,H,-,A,A,0,NA,NA,NA,NA,Y,NA,A,01,0,0,1,0,0,0,0,0,0,-,-,NA,NA,ORANGE,FULLERTON,-117.91985004,33.87877011
6570590,2014,2014-09-03,3019,2014-07-24,2251,2595,SOUTH,4,5,7,3019,0,0,0,NA,0,004,WALNUT ST,BRISTOL ST,0,NA,Y,A,-,N,NA,NA,NA,NA,NA,NA,NA,NA,NA,N,2,0,1,3,A,-,01,23152,A,N,A,E,A,A,H,-,C,D,0,NA,NA,NA,NA,Y,Y,D,22,1,0,0,0,0,0,0,0,0,-,-,NA,NA,ORANGE,SANTA ANA,-117.8852701,33.74449012
6570778,2014,2016-05-28,9675,2014-07-28,0735,017833,NA,1,1,6,3004,0,1,1,NA,2,405,RT 405,RT 73,1100,N,N,B,-,Y,ORA,12,405,-,-,10.64,H,-,S,N,4,0,1,3,A,-,03,22350,NA,N,C,C,A,A,H,-,A,D,6,NA,NA,NA,NA,Y,NA,A,07,0,0,1,0,0,0,0,0,0,-,-,33.68744,-117.89951,ORANGE,COSTA MESA,-117.90524656,33.68768001