CASE_ID,ACCIDENT_YEAR,PROC_DATE,JURIS,COLLISION_DATE,COLLISION_TIME,OFFICER_ID,REPORTING_DISTRICT,DAY_OF_WEEK,CHP_SHIFT,POPULATION,CNTY_CITY_LOC,SPECIAL_COND,BEAT_TYPE,CHP_BEAT_TYPE,CITY_DIVISION_LAPD,CHP_BEAT_CLASS,BEAT_NUMBER,PRIMARY_RD,SECONDARY_RD,DISTANCE,DIRECTION,INTERSECTION,WEATHER_1,WEATHER_2,STATE_HWY_IND,CALTRANS_COUNTY,CALTRANS_DISTRICT,STATE_ROUTE,ROUTE_SUFFIX,POSTMILE_PREFIX,POSTMILE,LOCATION_TYPE,RAMP_INTERSECTION,SIDE_OF_HWY,TOW_AWAY,COLLISION_SEVERITY,NUMBER_KILLED,NUMBER_INJURED,PARTY_COUNT,PRIMARY_COLL_FACTOR,PCF_CODE_OF_VIOL,PCF_VIOL_CATEGORY,PCF_VIOLATION,PCF_VIOL_SUBSECTION,HIT_AND_RUN,TYPE_OF_COLLISION,MVIW,PED_ACTION,ROAD_SURFACE,ROAD_COND_1,ROAD_COND_2,LIGHTING,CONTROL_DEVICE,CHP_ROAD_TYPE,PEDESTRIAN_ACCIDENT,BICYCLE_ACCIDENT,MOTORCYCLE_ACCIDENT,TRUCK_ACCIDENT,NOT_PRIVATE_PROPERTY,ALCOHOL_INVOLVED,STWD_VEHTYPE_AT_FAULT,CHP_VEHTYPE_AT_FAULT,COUNT_SEVERE_INJ,COUNT_VISIBLE_INJ,COUNT_COMPLAINT_PAIN,COUNT_PED_KILLED,COUNT_PED_INJURED,COUNT_BICYCLIST_KILLED,COUNT_BICYCLIST_INJURED,COUNT_MC_KILLED,COUNT_MC_INJURED,PRIMARY_RAMP,SECONDARY_RAMP,LATITUDE,LONGITUDE,COUNTY,CITY,POINT_X,POINT_Y
6753980,2014,2015-02-11,3019,2014-12-23,1950,2724,9E,2,5,7,3019,0,0,0,NA,0,003,EDINGER,MAPLE,15,E,N,A,-,N,NA,NA,NA,NA,NA,NA,NA,NA,NA,N,3,0,1,2,A,-,12,21453,A,F,D,G,A,A,H,-,C,A,0,NA,Y,NA,NA,Y,NA,A,07,0,1,0,0,0,0,1,0,0,-,-,NA,NA,ORANGE,SANTA ANA,-117.86403079,33.72724
6755400,2014,2015-02-05,3002,2014-12-11,1835,1395,626W,4,5,4,3002,0,0,0,NA,0,014,ACACIA ST,BREA BL,120,E,N,A,-,N,NA,NA,NA,NA,NA,NA,NA,NA,NA,N,3,0,1,3,A,-,11,21954,A,N,G,B,D,A,H,-,C,D,0,Y,NA,NA,NA,Y,NA,N,60,0,1,0,0,1,0,0,0,0,-,-,NA,NA,ORANGE,BREA,-117.90451918,33.9079969
6756056,2014,2015-01-08,3001,2014-12-03,1658,0845,NA,3,5,7,3001,0,0,0,NA,0,0D2,PLACENTIA AV,STATE COLLEGE BL,11,E,N,B,C,N,NA,NA,NA,NA,NA,NA,NA,NA,NA,N,4,0,1,2,A,-,10,21950,A,N,G,B,B,B,H,-,C,A,0,Y,NA,NA,NA,Y,NA,A,01,0,0,1,0,1,0,0,0,0,-,-,NA,NA,ORANGE,ANAHEIM,-117.88915499,33.8508775
6756185,2014,2016-06-18,9675,2014-12-17,1702,18834,NA,3,2,6,3026,0,1,1,NA,2,407,RT 405,RT 5,1000,N,N,A,-,Y,ORA,12,405,-,-,0.54,H,-,S,Y,4,0,2,2,A,-,03,22350,NA,N,C,C,A,A,H,-,C,D,6,NA,NA,NA,NA,Y,NA,A,01,0,0,2,0,0,0,0,0,0,-,-,33.64524,-117.73839,ORANGE,IRVINE,-117.73837585,33.6453828
6757683,2015,2016-10-24,3011,2015-01-05,1450,31004,84,1,5,4,3011,0,0,0,NA,0,003,RT 1,3RD AV,25,S,N,A,-,Y,ORA,12,1,-,-,5.72,H,-,N,N,4,0,2,3,A,-,03,22350,NA,N,C,C,A,A,H,-,A,A,0,NA,NA,NA,NA,Y,NA,D,22,0,0,2,0,0,0,0,0,0,-,-,NA,NA,ORANGE,LAGUNA BEACH,-117.74400223,33.50197751
6759268,2014,2015-03-05,3000,2014-11-23,1928,2229,892G2,7,5,4,3048,0,0,0,NA,0,466,SANTA MARGARITA PKWY,MELINDA RD,60,E,N,A,-,N,NA,NA,NA,NA,NA,NA,NA,NA,NA,Y,4,0,2,3,A,-,03,22350,NA,N,C,C,A,A,H,-,E,A,0,NA,NA,NA,NA,Y,NA,A,01,0,0,2,0,0,0,0,0,0,-,-,NA,NA,ORANGE,RANCHO SANTA MARGARITA,-117.62503277,33.6453123
6759615,2014,2016-06-20,9690,2014-11-20,1745,018840,NA,4,2,5,3017,0,1,1,NA,2,059,RT 5,AVENIDA PALIZADA,1500,N,N,B,-,Y,ORA,12,5,-,-,2.98,H,-,S,Y,3,0,3,3,A,-,03,22350,NA,N,C,C,A,A,H,-,D,D,1,NA,NA,NA,NA,Y,NA,A,01,0,2,1,0,0,0,0,0,0,-,-,33.43438,-117.61737,ORANGE,SAN CLEMENTE,-117.6173473,33.43462197
6759639,2014,2016-06-20,9690,2014-11-15,1820,018840,NA,6,2,5,3017,0,1,1,NA,2,059,RT 5,CAMINO DE ESTRELLA,2640,S,N,B,-,Y,ORA,12,5,-,-,5.3,H,-,S,Y,3,0,1,2,A,-,03,22350,NA,N,C,C,A,A,D,-,D,D,1,NA,NA,Y,NA,Y,NA,C,02,0,1,0,0,0,0,0,0,1,-,-,33.4543,-117.64739,ORANGE,SAN CLEMENTE,-117.64877547,33.45493144
6759651,2014,2015-01-27,9690,2014-11-07,1940,19279,NA,5,2,4,3045,0,1,1,NA,2,055,RT 5,EL TORO RD,3960,S,N,A,-,Y,NA,NA,5,NA,NA,NA,NA,NA,NA,Y,4,0,1,1,C,-,18,NA,NA,N,E,J,A,A,H,-,C,D,0,NA,NA,NA,NA,Y,NA,-,-,0,0,1,0,0,0,0,0,0,-,-,33.61,-117.70156,ORANGE,LAGUNA HILLS,-117.70148889,33.61012443
6760766,2014,2016-06-18,9675,2014-12-08,0240,020535,NA,1,3,7,3019,0,1,1,NA,2,502,RT 5,MAIN ST,100,S,N,A,-,Y,ORA,12,5,-,-,33.09,H,-,N,Y,3,0,1,2,A,-,01,23152,A,N,C,C,A,A,H,-,C,D,1,NA,NA,NA,NA,Y,Y,D,22,0,1,0,0,0,0,0,0,0,-,-,33.7684,-117.86737,ORANGE,SANTA ANA,-117.86724178,33.76788024
6760773,2014,2016-06-18,9675,2014-12-09,0737,15784,NA,2,1,6,3015,0,1,3,NA,2,550,RT 55,LINCOLN AV,400,S,N,A,-,Y,ORA,12,55,-,-,1.9,H,-,N,Y,4,0,1,2,A,-,03,22350,NA,N,C,C,A,A,H,-,A,D,0,NA,NA,NA,Y,Y,NA,F,26,0,0,1,0,0,0,0,0,0,-,-,33.83417,-117.83527,ORANGE,ORANGE,-117.91792325,33.64197361
6762642,2014,2016-06-15,9670,2014-12-17,1835,20455,NA,3,2,5,3003,0,1,3,NA,2,091,RT 91,HOLDER ST,50,E,N,A,-,Y,ORA,12,91,-,R,1.33,H,-,W,N,4,0,1,2,A,-,03,22350,NA,N,C,C,A,A,H,-,D,D,1,NA,NA,NA,NA,Y,NA,A,07,0,0,1,0,0,0,0,0,0,-,-,33.85618,-118.01939,ORANGE,BUENA PARK,-118.02033113,33.85603214
6762675,2014,2016-06-15,9670,2014-12-11,1505,018180,NA,4,2,5,3003,0,1,3,NA,2,092,RT 91,STANTON AV,105,E,N,A,-,Y,ORA,12,91,-,R,2.89,H,-,E,Y,4,0,1,2,A,-,07,21658,A,N,B,C,A,A,H,-,A,D,1,NA,NA,NA,Y,Y,NA,G,25,0,0,1,0,0,0,0,0,0,-,-,33.85592,-117.99325,ORANGE,BUENA PARK,-117.99323647,33.85602726
6763687,2014,2015-02-03,3000,2014-12-12,1850,1917,972A5,5,5,4,3029,0,0,0,NA,0,434,DEL OBISPO,STONEHILL,366,N,N,A,-,N,NA,NA,NA,NA,NA,NA,NA,NA,NA,Y,4,0,2,2,A,-,01,23152,A,N,C,C,A,B,H,-,C,A,0,NA,NA,NA,NA,Y,Y,A,01,0,0,2,0,0,0,0,0,0,-,-,NA,NA,ORANGE,DANA POINT,-117.68521506,33.47654018
6763726,2014,2015-01-22,3000,2014-11-21,1937,7840,797J6,5,5,4,3021,0,0,0,NA,0,423,GARDEN GROVE BL,BEACH BL,372,E,N,A,-,N,NA,NA,NA,NA,NA,NA,NA,NA,NA,N,2,0,1,2,A,-,11,21954,A,N,G,B,D,A,H,-,C,D,0,Y,NA,NA,NA,Y,Y,N,60,1,0,0,0,1,0,0,0,0,-,-,NA,NA,ORANGE,STANTON,-117.99145875,33.77386165
6764184,2014,2015-02-02,3001,2014-12-07,0737,1670,NA,7,5,7,3001,0,0,0,NA,0,0D1,GILBERT ST,LINCOLN AV,0,NA,Y,A,-,N,NA,NA,NA,NA,NA,NA,NA,NA,NA,Y,4,0,4,2,A,-,12,21453,A,N,A,C,A,A,-,-,A,A,0,NA,NA,NA,NA,Y,NA,A,07,0,0,4,0,0,0,0,0,0,-,-,NA,NA,ORANGE,ANAHEIM,-117.96768012,33.83243002
6765075,2014,2015-01-30,9675,2014-12-03,1830,13300,NA,3,2,6,3026,0,1,1,NA,2,530,RT 5,CULVER DR,300,N,N,A,-,Y,NA,NA,5,NA,NA,NA,NA,NA,NA,Y,4,0,1,1,A,-,03,22350,NA,N,F,A,A,A,H,-,C,D,0,NA,NA,Y,NA,Y,NA,C,02,0,0,1,0,0,0,0,0,1,-,-,33.71081,-117.78326,ORANGE,IRVINE,-117.78328631,33.71078199
6765392,2014,2015-02-02,3019,2014-12-02,1714,3346,NE,2,5,7,3019,0,0,0,NA,0,002,SANTA CLARA AV,OLD GRAND ST,3,N,N,C,-,N,NA,NA,NA,NA,NA,NA,NA,NA,NA,N,3,0,1,2,A,-,05,21650,NA,N,H,G,A,B,H,-,C,D,0,NA,Y,NA,NA,Y,NA,L,04,0,1,0,0,0,0,1,0,0,-,-,NA,NA,ORANGE,SANTA ANA,-117.85016,33.76718
6765909,2014,2016-06-18,3022,2014-12-22,1534,1250,NA,1,5,5,3022,0,0,0,NA,0,NA,RED HILL AV,RT 5,0,NA,Y,A,-,Y,ORA,12,5,-,R,29.228,R,4,N,N,4,0,1,2,A,-,12,21453,A,N,D,C,A,A,H,-,A,A,0,NA,NA,NA,NA,Y,NA,A,01,0,0,1,0,0,0,0,0,0,-,NO,33.73438,-117.81447,ORANGE,TUSTIN,-117.81692895,33.73482225
6765913,2014,2015-02-05,3011,2014-12-01,0756,31222,0,1,5,4,3011,0,0,0,NA,0,NA,N COAST HWY,CAJON ST,0,NA,Y,A,-,Y,NA,NA,NA,NA,NA,NA,NA,NA,NA,Y,4,0,1,2,A,-,06,21754,NA,N,D,C,A,A,H,-,A,D,0,NA,NA,Y,NA,Y,NA,C,03,0,0,1,0,0,0,0,0,1,-,-,NA,NA,ORANGE,LAGUNA BEACH,-117.80022006,33.54840011
6767082,2014,2015-02-03,3015,2014-12-23,1748,1372,84N,2,5,6,3015,0,0,0,NA,0,003,N CANNON ST,E SAN JUAN DR,42,S,N,A,-,N,NA,NA,NA,NA,NA,NA,NA,NA,NA,Y,3,0,2,2,A,-,03,22350,NA,N,C,C,A,A,H,-,C,A,0,NA,NA,NA,NA,Y,NA,A,07,0,1,1,0,0,0,0,0,0,-,-,NA,NA,ORANGE,ORANGE,-117.79478295,33.80958178
6767086,2014,2015-02-10,3015,2014-12-28,1406,1240,55 W,7,5,6,3015,0,0,0,NA,0,723 M,EAST KATELLA AV,N GLASSELL ST,606,E,N,A,-,N,NA,NA,NA,NA,NA,NA,NA,NA,NA,Y,4,0,1,2,A,-,09,21804,A,N,D,C,A,A,H,-,A,A,0,NA,NA,Y,NA,Y,NA,A,01,0,0,1,0,0,0,0,0,1,-,-,NA,NA,ORANGE,ORANGE,-117.85103,33.80910483
6767165,2014,2015-02-04,3013,2014-12-20,0126,189,NA,6,5,3,3013,0,0,0,NA,0,00N,REAGAN ST,KATELLA AV,17,N,N,A,-,N,NA,NA,NA,NA,NA,NA,NA,NA,NA,Y,4,0,1,1,A,-,01,23152,A,N,A,I,A,A,H,-,C,D,0,NA,NA,NA,NA,Y,Y,A,01,0,0,1,0,0,0,0,0,0,-,-,NA,NA,ORANGE,LOS ALAMITOS,-118.06928921,33.80321661
6767279,2014,2015-02-03,3001,2014-12-26,1248,A1555,NA,5,5,7,3001,0,0,0,NA,0,0D2,N LOARA ST,W WESTMONT DR,39,S,N,A,-,N,NA,NA,NA,NA,NA,NA,NA,NA,NA,N,4,0,1,2,A,-,03,22350,NA,N,C,C,A,A,H,-,A,A,0,NA,NA,NA,NA,Y,NA,A,01,0,0,1,0,0,0,0,0,0,-,-,NA,NA,ORANGE,ANAHEIM,-117.93722,33.83735308
6768915,2015,2016-11-19,9670,2015-04-13,0805,017192,NA,1,1,6,3010,0,1,1,NA,2,041,RT 405,EDINGER AV,90,S,N,A,-,Y,ORA,12,405,-,-,16.26,H,-,S,Y,3,0,2,3,A,-,01,23152,E,N,C,C,A,A,H,-,A,D,1,NA,NA,NA,NA,Y,NA,A,01,0,1,1,0,0,0,0,0,0,-,-,33.72976,-117.98515,ORANGE,HUNTINGTON BEACH,-117.98575012,33.73002284
6769494,2015,2015-05-06,9690,2015-04-12,1823,020637,NA,7,2,9,3000,0,3,5,NA,2,004,WINDMILL AV,MERCANTILE WY,0,NA,Y,A,-,N,NA,NA,NA,NA,NA,NA,NA,NA,NA,Y,4,0,1,2,A,-,08,22107,NA,N,D,C,A,A,H,-,A,D,0,NA,NA,NA,NA,Y,Y,A,07,0,0,1,0,0,0,0,0,0,-,-,NA,NA,ORANGE,UNINCORPORATED,-117.63208008,33.5601801
6770713,2014,2015-02-05,3007,2014-12-30,2012,293,35,2,5,5,3007,0,0,0,NA,0,001,WARNER,BROOKHURST,0,NA,Y,B,C,N,NA,NA,NA,NA,NA,NA,NA,NA,NA,Y,4,0,1,2,A,-,09,21453,C,N,D,C,A,B,H,-,C,A,0,NA,NA,NA,NA,Y,NA,A,01,0,0,1,0,0,0,0,0,0,-,-,NA,NA,ORANGE,FOUNTAIN VALLEY,-117.95459008,33.71634004
6770871,2014,2015-02-12,9675,2014-12-31,1945,20780,NA,3,2,5,3022,0,3,5,NA,2,002,17TH ST,HOLT AV,0,NA,Y,A,-,N,NA,NA,NA,NA,NA,NA,NA,NA,NA,Y,4,0,1,2,A,-,12,21453,A,N,D,C,A,A,H,-,C,A,0,NA,NA,Y,NA,Y,NA,C,02,0,0,1,0,0,0,0,0,1,-,-,33.75995,-117.81441,ORANGE,TUSTIN,-117.81436004,33.75999008
6771457,2014,2015-02-17,3019,2014-12-30,1724,2776,WE,2,5,7,3019,0,0,0,NA,0,001,1ST ST,FAIRVIEW ST,281,E,N,B,-,N,NA,NA,NA,NA,NA,NA,NA,NA,NA,Y,4,0,2,3,A,-,03,22350,NA,N,C,C,A,A,H,-,C,D,0,NA,NA,NA,NA,Y,NA,A,07,0,0,2,0,0,0,0,0,0,-,-,NA,NA,ORANGE,SANTA ANA,-117.90444969,33.7452159
6771559,2014,2015-02-06,3000,2014-12-24,1115,2742,973A6,3,5,5,3017,0,0,0,NA,0,776,AVENIDA LA PATA,AVENIDA VISTA HERMOSA,8,S,N,A,-,N,NA,NA,NA,NA,NA,NA,NA,NA,NA,N,4,0,1,2,A,-,03,22350,NA,N,C,C,A,A,H,-,A,A,0,NA,NA,NA,NA,Y,NA,A,01,0,0,1,0,0,0,0,0,0,-,-,NA,NA,ORANGE,SAN CLEMENTE,-117.60473487,33.46387212
6773699,2014,2015-02-06,3000,2014-12-30,1015,1920,922C3,2,5,5,3028,0,0,0,NA,0,750,MONTANOSO DR,MORALES,442,S,N,B,-,N,NA,NA,NA,NA,NA,NA,NA,NA,NA,Y,3,0,2,4,A,-,08,22107,NA,N,B,C,A,A,H,-,A,D,0,NA,NA,NA,NA,Y,Y,A,01,0,1,1,0,0,0,0,0,0,-,-,NA,NA,ORANGE,MISSION VIEJO,-117.66359962,33.58747365
6775498,2014,2015-02-13,9670,2014-12-15,0550,14751,NA,1,3,7,3001,0,1,3,NA,2,094,RT 91 E,ACACIA ST,100,W,N,A,-,Y,NA,NA,91,NA,NA,NA,NA,NA,NA,Y,2,0,1,3,A,-,07,21658,A,N,D,C,A,A,H,-,C,D,0,NA,NA,NA,NA,Y,NA,A,01,1,0,0,0,0,0,0,0,0,-,-,33.85368,-117.89826,ORANGE,ANAHEIM,-117.8982609,33.85380838
6777979,2015,2015-02-19,3019,2015-01-20,1540,3342,SC,2,5,7,3019,0,0,0,NA,0,004,MCFADDEN AV,MOHAWK DR,0,NA,Y,A,-,N,NA,NA,NA,NA,NA,NA,NA,NA,NA,Y,4,0,1,2,A,-,12,21453,A,N,D,C,A,A,H,-,A,A,0,NA,NA,NA,NA,Y,NA,A,01,0,0,1,0,0,0,0,0,0,-,-,NA,NA,ORANGE,SANTA ANA,-117.91000012,33.73478001
6780115,2015,2017-06-16,3001,2015-01-06,1053,1469,NA,2,5,7,3001,0,0,0,NA,0,0D2,LEMON ST,RT 91,0,NA,Y,A,-,Y,ORA,12,91,-,-,3.644,R,4,W,Y,4,0,1,3,A,-,12,21453,A,N,D,C,A,A,H,-,A,A,0,NA,NA,NA,NA,Y,NA,-,-,0,0,1,0,0,0,0,0,0,-,WF,NA,NA,ORANGE,ANAHEIM,-117.91755165,33.85418693
6780195,2014,2016-06-18,9675,2014-12-29,1535,13300,NA,1,2,5,3022,0,1,1,NA,2,503,RT 5,REDHILL AV,200,N,N,A,-,Y,ORA,12,5,-,R,2.925,R,2,S,N,4,0,1,3,A,-,03,22350,NA,N,C,C,A,A,H,-,A,D,0,NA,NA,NA,NA,Y,NA,A,01,0,0,1,0,0,0,0,0,0,TO,-,33.73356,-117.81666,ORANGE,TUSTIN,-117.60748166,33.42164203
6780203,2014,2016-06-15,9675,2014-12-24,1420,018539,NA,3,2,4,3002,0,1,3,NA,2,570,RT 57,IMPERIAL HWY,1575,S,N,A,-,Y,ORA,12,57,-,-,19.56,H,-,N,Y,4,0,1,2,A,-,07,21658,A,N,B,C,A,A,H,-,A,D,6,NA,NA,NA,NA,Y,NA,-,-,0,0,1,0,0,0,0,0,0,-,-,33.90692,-117.88154,ORANGE,BREA,-117.88154519,33.90675732
6780220,2014,2015-02-12,3019,2014-12-30,1540,2771,SE,2,5,7,3019,0,0,0,NA,0,003,GRAND AV,WALNUT ST,143,S,N,B,-,N,NA,NA,NA,NA,NA,NA,NA,NA,NA,N,4,0,1,2,A,-,09,21804,A,N,D,C,A,A,H,-,A,D,0,NA,NA,NA,NA,Y,NA,A,07,0,0,1,0,0,0,0,0,0,-,-,NA,NA,ORANGE,SANTA ANA,-117.85128301,33.74425772
6780773,2014,2015-03-05,3000,2014-09-24,1858,5391,NA,3,5,4,3021,0,0,0,NA,0,421,KATELLA AV,KNOTT AV,12,E,N,A,-,N,NA,NA,NA,NA,NA,NA,NA,NA,NA,N,4,0,1,2,A,-,12,21453,A,N,H,G,A,A,H,-,A,A,0,NA,Y,NA,NA,Y,NA,A,01,0,0,1,0,0,0,1,0,0,-,-,NA,NA,ORANGE,STANTON,-118.01099059,33.80295
6780999,2014,2015-01-30,3004,2014-12-19,1938,P555,22,5,5,6,3004,0,0,0,NA,0,010,W BAKER ST,JEFFREY DR,0,NA,Y,A,-,N,NA,NA,NA,NA,NA,NA,NA,NA,NA,Y,3,0,2,2,A,-,03,22350,NA,N,D,C,A,A,H,-,C,D,0,NA,NA,Y,NA,Y,Y,C,02,0,1,1,0,0,0,0,0,1,-,-,33.68016,-117.89082,ORANGE,COSTA MESA,-117.89083002,33.68013003
6783035,2014,2015-02-12,3009,2014-12-30,1007,1604,136,2,5,6,3009,0,0,0,NA,0,023,HARBOR BL,CARDINAL CIR,115,N,N,B,-,N,NA,NA,NA,NA,NA,NA,NA,NA,NA,Y,4,0,2,5,A,-,03,22350,NA,N,C,C,A,A,H,-,A,A,0,NA,NA,NA,NA,Y,NA,I,11,0,0,2,0,0,0,0,0,0,-,-,NA,NA,ORANGE,GARDEN GROVE,-117.92042606,33.76581524
6783413,2015,2015-03-17,3001,2015-02-23,0748,1670,NA,1,5,7,3001,0,0,0,NA,0,0D1,N EUCLID ST,LINCOLN AV,135,N,N,A,-,N,NA,NA,NA,NA,NA,NA,NA,NA,NA,N,4,0,1,2,A,-,03,22350,NA,N,G,B,F,B,H,-,A,D,0,Y,NA,NA,NA,Y,NA,D,22,0,0,1,0,1,0,0,0,0,-,-,NA,NA,ORANGE,ANAHEIM,-117.94147475,33.83295998
6783901,2016,2016-07-14,3001,2016-07-01,1857,0945,NA,5,5,7,3001,0,0,0,NA,0,0D3,KATELLA AV,HARBOR BL,528,W,N,A,-,N,NA,NA,NA,NA,NA,NA,NA,NA,NA,N,4,0,1,3,A,-,03,22350,NA,N,C,C,A,A,H,-,B,D,0,NA,NA,NA,NA,Y,NA,A,01,0,0,1,0,0,0,0,0,0,-,-,NA,NA,ORANGE,ANAHEIM,-117.91714396,33.80342
6785410,2015,2015-02-18,3019,2015-01-05,2102,2973,SOUTH,1,5,7,3019,0,0,0,NA,0,004,FAIRVIEW ST,EDINGER AV,0,NA,Y,A,-,N,NA,NA,NA,NA,NA,NA,NA,NA,NA,N,3,0,1,2,A,-,11,21453,D,N,G,B,B,A,H,-,C,A,0,Y,NA,NA,NA,Y,Y,N,60,0,1,0,0,1,0,0,0,0,-,-,NA,NA,ORANGE,SANTA ANA,-117.90617007,33.72731011
6787126,2015,2015-03-03,3019,2015-01-03,0801,9018,NORTH,6,5,7,3019,0,0,0,NA,0,004,N FLOWER ST,WEST SANTA ANA BL,0,NA,Y,A,-,N,NA,NA,NA,NA,NA,NA,NA,NA,NA,Y,3,0,2,2,D,-,00,NA,NA,N,B,C,A,A,H,-,A,A,0,NA,NA,NA,NA,Y,NA,-,-,0,1,1,0,0,0,0,0,0,-,-,NA,NA,ORANGE,SANTA ANA,-117.87648009,33.74799012
6789448,2015,2015-03-27,3009,2015-01-08,1714,3712,107,4,5,6,3009,0,0,0,NA,0,1 3,HAZARD AV,LYNDON ST,0,NA,Y,A,-,N,NA,NA,NA,NA,NA,NA,NA,NA,NA,Y,4,0,1,2,A,-,09,21801,A,N,D,C,A,A,H,-,C,D,0,NA,NA,NA,NA,Y,NA,A,01,0,0,1,0,0,0,0,0,0,-,-,NA,NA,ORANGE,GARDEN GROVE,-117.95360005,33.75226007
6789564,2015,2015-02-18,3009,2015-01-04,1008,0145,107,7,5,6,3009,0,0,0,NA,0,013,WESTMINSTER AV,HOPE ST,75,E,N,A,-,N,NA,NA,NA,NA,NA,NA,NA,NA,NA,N,4,0,1,2,A,-,03,22350,NA,N,C,C,A,A,H,-,A,A,0,NA,NA,NA,NA,Y,NA,A,07,0,0,1,0,0,0,0,0,0,-,-,NA,NA,ORANGE,GARDEN GROVE,-117.95040382,33.75952115
6790082,2015,2016-10-10,9670,2015-01-08,0740,16793,NA,4,1,6,3009,0,1,3,NA,2,021,RT 22,SPRINGDALE ST,55,W,N,B,-,Y,ORA,12,22,-,R,1.92,H,-,W,N,4,0,1,3,A,-,03,22350,NA,N,C,C,A,A,H,-,A,D,1,NA,NA,NA,NA,Y,NA,A,01,0,0,1,0,0,0,0,0,0,-,-,33.77452,-118.02447,ORANGE,GARDEN GROVE,-118.02032787,33.77440639
6790612,2015,2016-04-28,3002,2015-01-02,0856,9196,740B4,5,5,5,3025,0,0,0,NA,0,002,IMPERIAL HWY,LAKEVIEW AV,730,S,N,A,-,N,NA,NA,NA,NA,NA,NA,NA,NA,NA,Y,2,0,1,1,A,-,08,22107,NA,N,E,I,A,A,H,-,A,D,0,NA,NA,Y,NA,Y,NA,C,02,1,0,0,0,0,0,0,0,1,-,-,NA,NA,ORANGE,YORBA LINDA,-117.93976,33.91736
6790663,2015,2016-09-07,9670,2015-01-15,0715,16209,NA,4,1,6,3008,0,1,1,NA,2,501,RT 5,MAGNOLIA AV,1056,N,N,A,-,Y,ORA,12,5,-,-,42.26,H,-,S,N,4,0,2,2,A,-,03,22350,NA,N,C,C,A,A,H,-,A,D,6,NA,NA,NA,NA,Y,NA,A,01,0,0,2,0,0,0,0,0,0,-,-,33.85698,-117.98127,ORANGE,FULLERTON,-117.98133832,33.85702957
6791927,2014,2015-07-18,3002,2014-12-27,1340,1562,430Y,6,5,4,3002,0,0,0,NA,0,014,ASSOCIATED RD,CHEVY CHASE DR,256,S,N,A,-,N,NA,NA,NA,NA,NA,NA,NA,NA,NA,Y,4,0,1,2,A,-,08,22107,NA,N,A,C,A,A,H,-,A,D,0,NA,NA,NA,NA,Y,NA,I,11,0,0,1,0,0,0,0,0,0,-,-,NA,NA,ORANGE,BREA,-117.87672653,33.91493107
6792207,2015,2015-02-18,3004,2015-01-17,1920,P616,05,6,5,6,3004,0,0,0,NA,0,007,NEWPORT BL,19TH ST,0,NA,Y,A,-,N,NA,NA,55,NA,NA,NA,NA,NA,NA,N,4,0,2,2,A,-,03,22350,NA,M,C,C,A,A,H,-,C,A,0,NA,NA,NA,NA,Y,NA,-,99,0,0,2,0,0,0,0,0,0,-,-,33.64323,-117.91661,ORANGE,COSTA MESA,-117.9166433,33.64326308
6793161,2015,2016-09-23,9675,2015-01-12,0945,15784,NA,1,1,7,3001,0,1,3,NA,2,094,RT 91,LAKEVIEW AV,2500,E,N,A,-,Y,ORA,12,91,-,R,10.56,H,-,W,N,4,0,1,3,A,-,03,22350,NA,N,C,C,A,A,H,-,A,D,1,NA,NA,NA,NA,Y,NA,A,01,0,0,1,0,0,0,0,0,0,-,-,33.85306,-117.81254,ORANGE,ANAHEIM,-117.80742784,33.85457788
6793176,2015,2016-10-10,9675,2015-01-11,1027,19431,NA,7,1,7,3001,0,1,3,NA,2,095,RT 91,COAL CANYON RD,1500,W,N,C,-,Y,ORA,12,91,-,R,17.69,H,-,W,Y,3,0,1,2,A,-,03,22350,NA,N,E,I,A,B,H,-,A,D,1,NA,NA,NA,NA,Y,NA,A,01,0,1,0,0,0,0,0,0,0,-,-,33.87338,-117.69789,ORANGE,ANAHEIM,-117.69147577,33.87397742
6795956,2015,2015-02-20,3000,2015-01-03,1215,5461,921G4,6,5,4,3045,0,0,0,NA,0,247,ALICIA,LAGUNA CT,0,NA,Y,A,-,N,NA,NA,NA,NA,NA,NA,NA,NA,NA,Y,4,0,1,3,A,-,03,22350,NA,N,C,C,A,A,H,-,A,D,0,NA,NA,NA,NA,Y,NA,A,07,0,0,1,0,0,0,0,0,0,-,-,NA,NA,ORANGE,LAGUNA HILLS,-117.70763003,33.58259008
6796334,2015,2015-02-19,3000,2015-01-04,1818,5377,951F4,7,5,5,3040,0,0,0,NA,0,740,IVY GLENN,WAVESPRAY,86,S,N,A,-,N,NA,NA,NA,NA,NA,NA,NA,NA,NA,Y,4,0,1,2,A,-,01,23152,A,N,C,C,A,A,H,-,C,D,0,NA,NA,Y,NA,Y,Y,C,02,0,0,1,0,0,0,0,0,1,-,-,NA,NA,ORANGE,LAGUNA NIGUEL,-117.71283926,33.53015956
6797271,2015,2015-02-26,3007,2015-01-14,0719,263,65,3,5,5,3007,0,0,0,NA,0,003,BROOKHURST,TALBERT,43,S,N,A,-,N,NA,NA,NA,NA,NA,NA,NA,NA,NA,N,4,0,1,2,A,-,-,NA,NA,N,-,C,A,A,H,-,A,-,0,NA,NA,NA,Y,Y,NA,F,21,0,0,1,0,0,0,0,0,0,-,-,NA,NA,ORANGE,FOUNTAIN VALLEY,-117.95442509,33.70158218
6798053,2015,2015-02-24,3010,2015-01-16,1847,1225,462,5,5,6,3010,0,0,0,NA,0,002,ATLANTA,HUNTINGTON,0,NA,Y,A,-,N,NA,NA,NA,NA,NA,NA,NA,NA,NA,Y,3,0,1,2,A,-,09,21801,A,N,A,C,A,A,H,-,C,A,0,NA,NA,Y,NA,Y,NA,A,01,0,1,0,0,0,0,0,0,1,-,-,NA,NA,ORANGE,HUNTINGTON BEACH,-117.99496012,33.65764004
6798433,2015,2015-02-18,3019,2015-01-22,0750,2528,SC,4,5,7,3019,0,0,0,NA,0,004,FLOWER AV,CENTRAL,0,NA,Y,A,-,N,NA,NA,NA,NA,NA,NA,NA,NA,NA,Y,4,0,2,2,A,-,09,21802,A,N,D,-,A,A,H,-,A,A,0,NA,NA,NA,NA,Y,NA,A,01,0,0,2,0,0,0,0,0,0,-,-,NA,NA,ORANGE,SANTA ANA,-117.8768,33.71248006