CASE_ID,ACCIDENT_YEAR,PROC_DATE,JURIS,COLLISION_DATE,COLLISION_TIME,OFFICER_ID,REPORTING_DISTRICT,DAY_OF_WEEK,CHP_SHIFT,POPULATION,CNTY_CITY_LOC,SPECIAL_COND,BEAT_TYPE,CHP_BEAT_TYPE,CITY_DIVISION_LAPD,CHP_BEAT_CLASS,BEAT_NUMBER,PRIMARY_RD,SECONDARY_RD,DISTANCE,DIRECTION,INTERSECTION,WEATHER_1,WEATHER_2,STATE_HWY_IND,CALTRANS_COUNTY,CALTRANS_DISTRICT,STATE_ROUTE,ROUTE_SUFFIX,POSTMILE_PREFIX,POSTMILE,LOCATION_TYPE,RAMP_INTERSECTION,SIDE_OF_HWY,TOW_AWAY,COLLISION_SEVERITY,NUMBER_KILLED,NUMBER_INJURED,PARTY_COUNT,PRIMARY_COLL_FACTOR,PCF_CODE_OF_VIOL,PCF_VIOL_CATEGORY,PCF_VIOLATION,PCF_VIOL_SUBSECTION,HIT_AND_RUN,TYPE_OF_COLLISION,MVIW,PED_ACTION,ROAD_SURFACE,ROAD_COND_1,ROAD_COND_2,LIGHTING,CONTROL_DEVICE,CHP_ROAD_TYPE,PEDESTRIAN_ACCIDENT,BICYCLE_ACCIDENT,MOTORCYCLE_ACCIDENT,TRUCK_ACCIDENT,NOT_PRIVATE_PROPERTY,ALCOHOL_INVOLVED,STWD_VEHTYPE_AT_FAULT,CHP_VEHTYPE_AT_FAULT,COUNT_SEVERE_INJ,COUNT_VISIBLE_INJ,COUNT_COMPLAINT_PAIN,COUNT_PED_KILLED,COUNT_PED_INJURED,COUNT_BICYCLIST_KILLED,COUNT_BICYCLIST_INJURED,COUNT_MC_KILLED,COUNT_MC_INJURED,PRIMARY_RAMP,SECONDARY_RAMP,LATITUDE,LONGITUDE,COUNTY,CITY,POINT_X,POINT_Y
8034815,2016,2016-05-06,3024,2016-04-26,1336,192,P17,2,5,5,3024,0,0,0,NA,0,WEST,HAZARD AV,HOOVER ST,0,NA,Y,A,-,N,NA,NA,NA,NA,NA,NA,NA,NA,NA,Y,3,0,2,2,A,-,09,21801,A,N,D,C,A,A,H,-,A,A,0,NA,NA,NA,NA,Y,NA,A,01,0,1,1,0,0,0,0,0,0,-,-,NA,NA,ORANGE,WESTMINSTER,-117.99835006,33.75200006
8035205,2016,2016-05-26,3001,2016-05-19,1609,2187,NA,4,5,7,3001,0,0,0,NA,0,0D3,W BUENA VISTA,SOUTH EUCLID ST,415,E,N,A,-,N,NA,NA,NA,NA,NA,NA,NA,NA,NA,Y,4,0,1,1,A,-,08,22107,NA,N,E,I,A,A,H,-,A,D,0,NA,NA,NA,NA,Y,NA,A,01,0,0,1,0,0,0,0,0,0,-,-,NA,NA,ORANGE,ANAHEIM,-117.94010225,33.81193445
8035835,2016,2016-05-03,3001,2016-04-22,1546,A1825,NA,5,5,7,3001,0,0,0,NA,0,0D1,BROADWAY,EMPIRE ST,0,NA,Y,A,-,N,NA,NA,NA,NA,NA,NA,NA,NA,NA,Y,4,0,1,2,A,-,09,21802,A,N,A,C,A,A,H,-,A,A,0,NA,NA,NA,NA,Y,NA,A,01,0,0,1,0,0,0,0,0,0,-,-,NA,NA,ORANGE,ANAHEIM,-117.95447001,33.82888002
8035890,2016,2016-05-02,3012,2016-03-27,1234,640,35,7,5,5,3012,0,0,0,NA,0,003,LAMBERT RD,IDAHO ST,0,NA,Y,A,-,N,NA,NA,NA,NA,NA,NA,NA,NA,NA,Y,4,0,2,4,A,-,03,22350,NA,N,-,C,A,A,H,-,A,A,0,NA,NA,NA,NA,Y,NA,-,NA,0,0,2,0,0,0,0,0,0,-,-,NA,NA,ORANGE,LA HABRA,-117.95918013,33.92466006
8036369,2016,2016-05-06,3004,2016-04-21,0724,P429,33,4,5,6,3004,0,0,0,NA,0,005,BRISTOL ST,TOWN CENTER DR,0,NA,Y,A,-,N,NA,NA,NA,NA,NA,NA,NA,NA,NA,Y,4,0,2,2,A,-,09,21453,NA,N,D,C,A,A,H,-,A,A,0,NA,NA,NA,NA,Y,NA,-,-,0,0,2,0,0,0,0,0,0,-,-,33.4133,-117.538,ORANGE,COSTA MESA,-117.88559013,33.69256002
8037158,2016,2016-05-17,3015,2016-04-30,1556,1090,55W,6,5,6,3015,0,0,0,NA,0,903,N GLASSELL ST,CARLETON AV,79,S,N,A,-,N,NA,NA,NA,NA,NA,NA,NA,NA,NA,Y,3,0,5,3,A,-,03,22350,NA,N,C,C,A,A,H,-,A,D,0,NA,NA,NA,NA,Y,NA,A,01,0,2,3,0,0,0,0,0,0,-,-,NA,NA,ORANGE,ORANGE,-117.85300023,33.81031343
8037912,2016,2016-05-12,3019,2016-04-27,1345,3196,NE,3,5,7,3019,0,0,0,NA,0,002,CIVIC CENTER DR,VAN NESS AV,27,S,N,A,-,N,NA,NA,NA,NA,NA,NA,NA,NA,NA,Y,4,0,2,2,A,-,12,22450,A,N,D,C,A,A,H,-,A,D,0,NA,NA,NA,NA,Y,NA,A,01,0,0,2,0,0,0,0,0,0,-,-,33.75148,-117.87325,ORANGE,SANTA ANA,-117.87362,33.75154
8040142,2016,2016-05-17,3019,2016-03-30,0750,2630,NA,3,5,7,3019,0,0,0,NA,0,NA,1ST ST,FAIRVIEW ST,0,NA,Y,A,-,N,NA,NA,NA,NA,NA,NA,NA,NA,NA,N,4,0,1,3,A,-,12,21453,A,N,D,C,A,A,H,-,A,A,0,NA,NA,NA,NA,Y,NA,A,01,0,0,1,0,0,0,0,0,0,-,-,33.74531,-117.90525,ORANGE,SANTA ANA,-117.90535003,33.7452801
8040215,2016,2016-05-13,3016,2016-04-21,1735,1251,19,4,5,5,3016,0,0,0,NA,0,002,CHAPMAN AV,WALNUT AV,28,E,N,A,-,N,NA,NA,NA,NA,NA,NA,NA,NA,NA,Y,3,0,1,3,A,-,08,22107,NA,N,B,E,A,A,H,-,A,D,0,NA,NA,NA,NA,Y,NA,A,01,0,1,0,0,0,0,0,0,0,-,-,33.87287,-117.87377,ORANGE,PLACENTIA,-117.87360016,33.87285336
8040341,2016,2016-05-16,3008,2016-03-15,1608,1431,NA,2,5,6,3008,0,0,0,NA,0,0Z3,STATE COLLEGE BL,YORBA LINDA BL,540,N,N,A,-,N,NA,NA,NA,NA,NA,NA,NA,NA,NA,Y,3,0,1,1,A,-,03,22350,NA,N,F,J,A,A,H,-,A,A,0,NA,NA,NA,NA,Y,NA,A,01,0,1,0,0,0,0,0,0,0,-,-,NA,NA,ORANGE,FULLERTON,-117.89050617,33.88936028
8040472,2016,2016-05-16,3001,2016-05-06,1433,1410,NA,5,5,7,3001,0,0,0,NA,0,0D1,ORANGE AV,WESTERN AV,796,W,N,A,-,N,NA,NA,NA,NA,NA,NA,NA,NA,NA,N,4,0,1,2,A,-,09,21804,A,N,D,C,A,A,H,-,A,D,0,NA,NA,NA,NA,Y,NA,A,01,0,0,1,0,0,0,0,0,0,-,-,NA,NA,ORANGE,ANAHEIM,-118.00476475,33.8246
8040786,2016,2017-02-16,3014,2016-03-19,2030,1462,RD25,6,5,5,3014,0,0,0,NA,0,0A2,RT 55,HOSPITAL RD,175,S,N,A,-,Y,ORA,12,55,-,-,0.57,H,-,N,Y,4,0,1,4,A,-,03,22350,NA,N,C,C,A,A,H,-,C,A,0,NA,NA,NA,NA,Y,NA,A,01,0,0,1,0,0,0,0,0,0,-,-,33.381,-117.5522,ORANGE,NEWPORT BEACH,-117.92810226,33.62535592
8041665,2016,2016-05-26,3000,2016-04-30,2020,9681,893B4,6,5,4,3048,0,0,0,NA,0,753,ANTONIO PKWY,EL PRADO,0,NA,Y,A,-,N,NA,NA,NA,NA,NA,NA,NA,NA,NA,Y,3,0,1,2,A,-,01,23152,A,N,D,C,A,A,H,-,C,D,0,NA,NA,NA,NA,Y,Y,A,01,0,1,0,0,0,0,0,0,0,-,-,NA,NA,ORANGE,RANCHO SANTA MARGARITA,-117.59536011,33.63156012
8041727,2016,2016-05-26,3000,2016-05-02,1158,5805,891G1,1,5,5,3050,0,0,0,NA,0,764,BAKE PKWY,TRABUCO RD,155,W,N,A,-,N,NA,NA,NA,NA,NA,NA,NA,NA,NA,Y,4,0,2,3,A,-,09,21804,A,N,D,C,A,A,H,-,A,A,0,NA,NA,NA,NA,Y,NA,A,01,0,0,2,0,0,0,0,0,0,-,-,33.6545,-117.7033,ORANGE,LAKE FOREST,-117.70321046,33.65471144
8043151,2016,2016-05-18,3004,2016-04-21,0757,P542,29,4,5,6,3004,0,0,0,NA,0,014,E PAULARINO AV,RED HILL AV,0,NA,Y,A,-,N,NA,NA,NA,NA,NA,NA,NA,NA,NA,Y,4,0,1,2,A,-,12,21453,A,N,D,C,A,A,H,-,A,A,0,NA,NA,NA,NA,Y,NA,A,01,0,0,1,0,0,0,0,0,0,-,-,33.6798,-117.8743,ORANGE,COSTA MESA,-117.87406009,33.67985012
8044321,2016,2016-05-25,3026,2016-04-28,1440,4779,C,4,5,6,3026,0,0,0,NA,0,00C,IRVINE CENTER DR,VALLEY OAK DR,35,W,N,A,-,N,NA,NA,NA,NA,NA,NA,NA,NA,NA,N,4,0,1,2,A,-,03,22350,NA,N,C,C,A,A,H,-,A,A,0,NA,NA,NA,NA,Y,NA,A,07,0,0,1,0,0,0,0,0,0,-,-,NA,NA,ORANGE,IRVINE,-117.76873817,33.6724514
8044337,2016,2016-05-25,3026,2016-04-28,0911,4779,U,4,5,6,3026,0,0,0,NA,0,00U,FITCH,COWAN W,0,NA,Y,A,-,N,NA,NA,NA,NA,NA,NA,NA,NA,NA,Y,3,0,2,2,A,-,09,21802,A,N,D,C,A,A,H,-,A,A,0,NA,NA,NA,NA,Y,NA,A,01,0,2,0,0,0,0,0,0,0,-,-,NA,NA,ORANGE,IRVINE,-117.86543003,33.6921301
8045115,2016,2016-05-19,3019,2016-05-06,0130,3295,5C,5,5,7,3019,0,0,0,NA,0,002,WARNER AV,LINDA WY,250,E,N,B,-,N,NA,NA,NA,NA,NA,NA,NA,NA,NA,N,3,0,2,1,A,-,08,22107,NA,N,E,I,A,B,H,-,C,D,0,NA,NA,NA,NA,Y,NA,A,01,0,1,1,0,0,0,0,0,0,-,-,NA,NA,ORANGE,SANTA ANA,-117.8930066,33.71568056
8045229,2016,2016-05-20,3004,2016-05-02,1758,P459,10,1,5,6,3004,0,0,0,NA,0,009,PLACENTIA AV,SWAN CIR,1600,S,N,A,-,N,NA,NA,NA,NA,NA,NA,NA,NA,NA,Y,4,0,1,1,C,-,18,NA,NA,N,E,I,A,A,H,-,A,D,0,NA,NA,NA,NA,Y,NA,-,-,0,0,1,0,0,0,0,0,0,-,-,33.3944,-117.5616,ORANGE,COSTA MESA,-117.93794,33.66467757
8045378,2016,2017-02-04,3010,2016-04-30,1058,1176,195,6,5,6,3010,0,0,0,NA,0,004,RT 1,SEAPOINT,7017,N,N,A,-,Y,ORA,12,1,-,-,28.39,H,-,S,Y,4,0,1,2,A,-,03,22350,NA,N,C,C,A,A,H,-,A,A,0,NA,NA,NA,NA,Y,NA,A,01,0,0,1,0,0,0,0,0,0,-,-,NA,NA,ORANGE,HUNTINGTON BEACH,-118.04676677,33.69510124
8046574,2016,2016-05-26,3004,2016-05-10,1445,P638,09,2,5,6,3004,0,0,0,NA,0,015,WEST 19TH ST,POMONA AV,0,NA,Y,A,-,N,NA,NA,NA,NA,NA,NA,NA,NA,NA,Y,4,0,1,2,A,-,09,21801,A,N,D,C,A,A,H,-,A,A,0,NA,NA,Y,NA,Y,NA,A,01,0,0,1,0,0,0,0,0,1,-,-,33.3837,-117.554,ORANGE,COSTA MESA,-117.9276701,33.64339005
8047025,2016,2016-05-18,3008,2016-05-05,0806,865,NA,4,5,6,3008,0,0,0,NA,0,0Z2,WOODS AV,PORTER AV,5,S,N,B,-,N,NA,NA,NA,NA,NA,NA,NA,NA,NA,Y,3,0,2,2,A,-,09,21804,A,N,D,C,A,A,H,-,A,D,0,NA,NA,NA,NA,Y,NA,A,01,0,1,1,0,0,0,0,0,0,-,-,NA,NA,ORANGE,FULLERTON,-117.93698982,33.86030629
8047061,2016,2016-05-18,3008,2016-04-21,2101,1364,NA,4,5,6,3008,0,0,0,NA,0,0Z1,EUCLID ST,ORANGETHORPE AV,0,NA,Y,A,-,N,NA,NA,NA,NA,NA,NA,NA,NA,NA,N,4,0,1,2,A,-,11,21456,B,N,G,B,B,A,H,-,C,A,0,Y,NA,NA,NA,Y,NA,N,60,0,0,1,0,1,0,0,0,0,-,-,NA,NA,ORANGE,FULLERTON,-117.94183006,33.85935002
8047721,2016,2016-05-23,3001,2016-05-07,1621,A1397,D3,6,5,7,3001,0,0,0,NA,0,NA,KATELLA AV,WEST ST,188,W,N,A,-,N,NA,NA,NA,NA,NA,NA,NA,NA,NA,Y,3,0,1,1,A,-,08,22107,NA,N,E,I,A,A,H,-,A,A,0,NA,NA,NA,NA,Y,NA,A,01,0,1,0,0,0,0,0,0,0,-,-,NA,NA,ORANGE,ANAHEIM,-117.92469723,33.8034
8048234,2016,2016-05-26,3003,2016-04-26,0715,1099,NA,2,5,5,3003,0,0,0,NA,0,NA,LA PALMA AV,DALE ST,0,NA,Y,A,-,N,NA,NA,NA,NA,NA,NA,NA,NA,NA,N,4,0,1,2,A,-,05,21650,1,N,D,G,A,A,H,-,A,A,0,NA,Y,NA,NA,Y,NA,L,04,0,0,1,0,0,0,1,0,0,-,-,33.5047,-117.5905,ORANGE,BUENA PARK,-117.98511002,33.84698005
8048520,2016,2016-06-07,3000,2016-05-17,1200,5489,921D3,2,5,4,3049,0,0,0,NA,0,782,GLENWOOD,ALISO CREEK RD,0,NA,Y,A,-,N,NA,NA,NA,NA,NA,NA,NA,NA,NA,Y,4,0,1,3,A,-,12,21453,A,N,B,C,A,A,H,-,A,A,0,NA,NA,NA,NA,Y,NA,A,01,0,0,1,0,0,0,0,0,0,-,-,NA,NA,ORANGE,ALISO VIEJO,-117.72865003,33.59406005
8048860,2016,2016-05-31,3009,2016-05-20,0809,4149,133,5,5,6,3009,0,0,0,NA,0,021,9TH ST,CHAPMAN AV,272,S,N,A,-,N,NA,NA,NA,NA,NA,NA,NA,NA,NA,N,4,0,2,4,A,-,03,22350,NA,N,C,C,A,A,H,-,A,A,0,NA,NA,NA,NA,Y,NA,A,01,0,0,2,0,0,0,0,0,0,-,-,NA,NA,ORANGE,GARDEN GROVE,-117.93247292,33.78798431
8051364,2016,2017-04-15,3024,2016-05-07,1457,155,P43,6,5,5,3024,0,0,0,NA,0,EAST,HEIL AV,LUCIA LN,57,E,N,A,-,N,NA,NA,NA,NA,NA,NA,NA,NA,NA,Y,4,0,1,2,A,-,03,22350,NA,N,D,C,A,A,H,-,A,D,0,NA,NA,NA,NA,Y,NA,A,01,0,0,1,0,0,0,0,0,0,-,-,NA,NA,ORANGE,WESTMINSTER,-117.97885307,33.72298495
8051607,2016,2016-06-03,3026,2016-05-24,0707,4779,P,2,5,6,3026,0,0,0,NA,0,00P,SAND CANYON AV,IRVINE BL,0,NA,Y,A,-,N,NA,NA,NA,NA,NA,NA,NA,NA,NA,Y,3,0,2,2,A,-,12,21453,A,N,D,C,A,A,H,-,A,A,0,NA,NA,NA,NA,Y,NA,A,07,0,2,0,0,0,0,0,0,0,-,-,NA,NA,ORANGE,IRVINE,-117.73843009,33.69857002
8051659,2016,2016-06-03,3026,2016-05-16,1656,369,UNIVE,1,5,6,3026,0,0,0,NA,0,00U,MICHELSON,JAMBOREE,52,E,N,A,-,N,NA,NA,NA,NA,NA,NA,NA,NA,NA,N,4,0,1,2,A,-,03,22350,NA,N,-,C,A,A,H,-,A,A,0,NA,NA,NA,NA,Y,NA,A,07,0,0,1,0,0,0,0,0,0,-,-,NA,NA,ORANGE,IRVINE,-117.84763669,33.67260113
8051722,2016,2016-06-03,3019,2016-05-19,0343,3234,SC,4,5,7,3019,0,0,0,NA,0,003,FAIRVIEW,ANAHURST,15,N,N,A,-,N,NA,NA,NA,NA,NA,NA,NA,NA,NA,N,4,0,1,1,A,-,08,22107,NA,N,E,I,A,A,H,-,C,B,0,NA,NA,NA,NA,Y,Y,A,01,0,0,1,0,0,0,0,0,0,-,-,NA,NA,ORANGE,SANTA ANA,-117.90807431,33.71786935
8051729,2016,2016-06-06,3019,2016-05-09,1945,3337,WE,1,5,7,3019,0,0,0,NA,0,001,WESTERN AV,6TH ST,30,N,N,A,-,N,NA,NA,NA,NA,NA,NA,NA,NA,NA,N,4,0,1,2,A,-,03,22350,NA,N,-,G,A,A,H,-,B,D,0,NA,Y,NA,NA,Y,NA,L,04,0,0,1,0,0,0,1,0,0,-,-,33.74951,-117.89137,ORANGE,SANTA ANA,-117.89150912,33.74970224
8052358,2016,2016-09-02,3014,2016-05-20,1212,1346,RD67,5,5,5,3014,0,0,0,NA,0,0A4,RT 1,NEWPORT COAST DR,390,E,N,A,-,N,NA,NA,1,NA,NA,NA,NA,NA,NA,Y,4,0,1,2,A,-,03,22350,NA,N,C,C,A,A,H,-,A,D,0,NA,NA,NA,NA,Y,NA,A,01,0,0,1,0,0,0,0,0,0,-,-,33.582300000000004,-117.8478,ORANGE,NEWPORT BEACH,-117.84779138,33.58231238
8052579,2016,2016-06-07,3001,2016-05-23,1721,A1397,D3,1,5,7,3001,0,0,0,NA,0,NA,HARBOR BL,ORANGEWOOD AV,52,N,N,A,-,N,NA,NA,NA,NA,NA,NA,NA,NA,NA,N,4,0,1,3,A,-,03,22350,NA,N,C,C,A,A,H,-,A,A,0,NA,NA,NA,NA,Y,NA,A,01,0,0,1,0,0,0,0,0,0,-,-,NA,NA,ORANGE,ANAHEIM,-117.9151937,33.79621253
8052587,2016,2016-06-07,3001,2016-05-22,1500,A1397,D3,7,5,7,3001,0,0,0,NA,0,NA,KATELLA AV,HARBOR BL,45,W,N,A,-,N,NA,NA,NA,NA,NA,NA,NA,NA,NA,Y,3,0,1,2,A,-,09,21453,NA,N,B,C,A,A,H,-,A,A,0,NA,NA,Y,NA,Y,NA,C,02,0,1,0,0,0,0,0,0,1,-,-,NA,NA,ORANGE,ANAHEIM,-117.91555778,33.80342
8052630,2016,2016-06-07,3001,2016-05-25,1148,1007,NA,3,5,7,3001,0,0,0,NA,0,0D3,KATELLA AV,HARBOR BL,510,E,N,B,-,N,NA,NA,NA,NA,NA,NA,NA,NA,NA,Y,3,0,1,3,A,-,03,22350,NA,N,C,C,A,A,H,-,A,D,0,NA,NA,NA,NA,Y,NA,A,01,0,1,0,0,0,0,0,0,0,-,-,NA,NA,ORANGE,ANAHEIM,-117.91373515,33.80341987
8053096,2016,2016-06-08,3001,2016-05-27,0940,A1355,1239,5,5,7,3001,0,0,0,NA,0,0D4,EAST LA PALMA AV,IMPERIAL HWY,329,W,N,A,-,N,NA,NA,NA,NA,NA,NA,NA,NA,NA,Y,4,0,1,2,A,-,12,21453,A,N,D,C,A,A,H,-,A,A,0,NA,NA,NA,NA,Y,NA,D,22,0,0,1,0,0,0,0,0,0,-,-,NA,NA,ORANGE,ANAHEIM,-117.92438,33.91746
8053395,2016,2016-06-09,3026,2016-05-21,1447,313,NA,6,5,6,3026,0,0,0,NA,0,00U,VON KARMAN,MICHELSON,0,NA,Y,B,-,N,NA,NA,NA,NA,NA,NA,NA,NA,NA,Y,4,0,1,2,A,-,12,21453,A,N,D,C,A,A,H,-,A,A,0,NA,NA,NA,NA,Y,NA,A,07,0,0,1,0,0,0,0,0,0,-,-,NA,NA,ORANGE,IRVINE,-117.85340008,33.67623008
8053727,2016,2016-06-06,3010,2016-05-24,1639,1122,465,2,5,6,3010,0,0,0,NA,0,002,HAMILTON,MAGNOLIA,260,E,N,A,-,N,NA,NA,NA,NA,NA,NA,NA,NA,NA,Y,4,0,1,3,A,-,21,22106,NA,N,C,C,A,A,H,-,A,D,0,NA,NA,NA,NA,Y,NA,A,01,0,0,1,0,0,0,0,0,0,-,-,NA,NA,ORANGE,HUNTINGTON BEACH,-117.97006763,33.65049
8054633,2016,2016-06-28,3001,2016-06-03,2254,415,NA,5,5,7,3001,0,0,0,NA,0,0D3,BALL RD,WALNUT ST,8,E,N,A,-,N,NA,NA,NA,NA,NA,NA,NA,NA,NA,N,3,0,1,2,A,-,09,21804,A,N,D,G,A,A,H,-,C,A,0,NA,Y,NA,NA,Y,NA,L,04,0,1,0,0,0,0,1,0,0,-,-,NA,NA,ORANGE,ANAHEIM,-117.92847372,33.81798
8057417,2016,2016-08-05,3016,2016-05-24,1140,1241,24,2,5,5,3016,0,0,0,NA,0,002,CHAPMAN AV,KRAEMER BL,0,NA,Y,B,-,N,NA,NA,NA,NA,NA,NA,NA,NA,NA,Y,3,0,1,2,A,-,12,21453,A,N,D,C,A,A,H,-,A,A,0,NA,NA,NA,NA,Y,NA,A,01,0,1,0,0,0,0,0,0,0,-,-,33.87113,-117.86268,ORANGE,PLACENTIA,-117.86273013,33.87101005
8060360,2016,2016-06-14,3014,2016-06-03,2206,1374,RD36,5,5,5,3014,0,0,0,NA,0,0A3,BRISTOL ST S,JAMBOREE RD,0,NA,Y,A,-,N,NA,NA,NA,NA,NA,NA,NA,NA,NA,Y,3,0,1,2,A,-,01,23152,A,N,D,C,A,A,H,-,C,A,0,NA,NA,Y,NA,Y,Y,C,02,0,1,0,0,0,0,0,0,1,-,-,33.655,-117.8656,ORANGE,NEWPORT BEACH,-117.86541006,33.65495008
8061761,2016,2016-06-21,3026,2016-06-07,1730,281,NA,2,5,6,3026,0,0,0,NA,0,00U,ARMSTRONG,BARRANCA,310,S,N,A,-,N,NA,NA,NA,NA,NA,NA,NA,NA,NA,Y,4,0,1,2,A,-,09,21801,A,N,D,C,A,A,H,-,A,D,0,NA,NA,Y,NA,Y,NA,A,01,0,0,1,0,0,0,0,0,1,-,-,NA,NA,ORANGE,IRVINE,-117.83734589,33.70026695
8062159,2016,2017-02-11,3019,2016-06-18,0658,9018,SOUTH,6,5,7,3019,0,0,0,NA,0,004,WEST EDINGER AV,PACIFIC AV,30,E,N,A,-,N,NA,NA,NA,NA,NA,NA,NA,NA,NA,Y,4,0,1,2,A,-,03,22350,NA,F,C,C,A,A,H,-,A,A,0,NA,NA,NA,NA,Y,NA,A,01,0,0,1,0,0,0,0,0,0,-,-,NA,NA,ORANGE,SANTA ANA,-117.88819157,33.7272
8062332,2016,2016-07-05,3001,2016-06-16,1706,415,NA,4,5,7,3001,0,0,0,NA,0,NA,BALL RD,HARBOR BL,55,E,N,A,-,N,NA,NA,NA,NA,NA,NA,NA,NA,NA,N,4,0,1,2,A,-,03,22350,NA,N,C,C,A,A,H,-,A,A,0,NA,NA,NA,NA,Y,NA,A,07,0,0,1,0,0,0,0,0,0,-,-,NA,NA,ORANGE,ANAHEIM,-117.91531935,33.81803
8062563,2016,2017-02-13,3010,2016-05-29,2146,1096,262,7,5,6,3010,0,0,0,NA,0,007,RT 39,TERRY,65,S,N,A,-,Y,ORA,12,39,-,-,4.87,H,-,N,N,4,0,3,3,A,-,01,23152,A,N,C,C,A,A,H,-,C,A,0,NA,NA,NA,NA,Y,Y,D,22,0,0,3,0,0,0,0,0,0,-,-,NA,NA,ORANGE,HUNTINGTON BEACH,-117.98906894,33.7191329
8062590,2016,2016-06-14,3019,2016-06-01,1850,3412,2,3,5,7,3019,0,0,0,NA,0,0NE,MAIN ST,5TH ST,60,S,N,A,-,N,NA,NA,NA,NA,NA,NA,NA,NA,NA,N,4,0,4,2,A,-,03,22350,NA,N,C,D,A,A,H,-,A,A,0,NA,NA,NA,NA,Y,NA,A,07,0,0,4,0,0,0,0,0,0,-,-,NA,NA,ORANGE,SANTA ANA,-117.86762378,33.74874554
8063923,2016,2017-02-08,3001,2016-06-08,2137,415,NA,3,5,7,3001,0,0,0,NA,0,0D2,DISNEYLAND DR,RT 5,0,NA,Y,A,-,Y,ORA,12,5,-,-,38.305,R,4,S,Y,4,0,3,2,A,-,12,21453,A,N,D,C,A,A,H,-,C,A,0,NA,NA,NA,NA,Y,Y,-,-,0,0,3,0,0,0,0,0,0,-,SF,NA,NA,ORANGE,ANAHEIM,-117.92547621,33.82545489
8064226,2016,2017-02-13,3003,2016-05-31,1625,665,23,2,5,5,3003,0,0,0,NA,0,008,BEACH BL,FRANKLIN ST,82,S,N,A,-,Y,ORA,12,39,-,-,15.76,H,-,N,Y,4,0,1,3,A,-,03,22350,NA,N,C,C,A,A,H,-,A,A,0,NA,NA,NA,NA,Y,NA,D,22,0,0,1,0,0,0,0,0,0,-,-,33.8767,-117.9982,ORANGE,BUENA PARK,-117.99820098,33.87619974
8064302,2016,2016-06-23,3000,2016-06-01,0710,5348,972D7,3,5,5,3017,0,0,0,NA,0,6M75,CAMINO MIRA COSTA,CAMINO DE ESTRELLA,0,NA,Y,B,-,N,NA,NA,NA,NA,NA,NA,NA,NA,NA,N,3,0,1,2,A,-,09,21453,B,N,H,G,A,B,H,-,A,A,0,NA,Y,NA,NA,Y,NA,D,22,0,1,0,0,0,0,1,0,0,-,-,NA,NA,ORANGE,SAN CLEMENTE,-117.65822,33.45639009
8064455,2016,2016-08-29,3000,2016-05-13,1538,5461,951H1,5,5,5,3040,0,0,0,NA,0,644,RANCHO NIGUEL RD,MOULTON PKWY,10,W,N,A,-,N,NA,NA,NA,NA,NA,NA,NA,NA,NA,N,3,0,1,2,A,-,09,21453,B,N,H,G,A,A,H,-,A,A,0,NA,Y,NA,NA,Y,NA,A,01,0,1,0,0,0,0,1,0,0,-,-,NA,NA,ORANGE,LAGUNA NIGUEL,-117.69725258,33.55049729
8064463,2016,2016-06-22,3000,2016-05-14,2153,5377,952A7,6,5,5,3040,0,0,0,NA,0,743,SARDINA,GOLDEN LANTERN,15,W,N,B,-,N,NA,NA,NA,NA,NA,NA,NA,NA,NA,Y,3,0,1,1,A,-,03,22350,NA,N,E,I,A,A,H,-,C,A,0,NA,NA,NA,NA,Y,NA,A,01,0,1,0,0,0,0,0,0,0,-,-,NA,NA,ORANGE,LAGUNA NIGUEL,-117.68413277,33.50823017
8066163,2016,2016-06-23,3009,2016-05-26,0454,4431,13,4,5,6,3009,0,0,0,NA,0,011,BLACKMER ST,LAURELTON AV,0,S,N,A,-,N,NA,NA,NA,NA,NA,NA,NA,NA,NA,Y,4,0,1,2,A,-,05,21650,NA,N,B,C,A,A,H,-,D,A,0,NA,NA,NA,NA,Y,Y,A,01,0,0,1,0,0,0,0,0,0,-,-,NA,NA,ORANGE,GARDEN GROVE,-118.03550006,33.78613008
8066371,2016,2016-06-22,3009,2016-06-12,1415,1610,135,7,5,6,3009,0,0,0,NA,0,2    1,GARDEN GROVE BL,ROCKINGHORSE,0,NA,Y,A,-,N,NA,NA,NA,NA,NA,NA,NA,NA,NA,Y,4,0,2,2,A,-,09,21801,A,N,D,C,A,A,H,-,A,D,0,NA,NA,NA,NA,Y,NA,A,01,0,0,2,0,0,0,0,0,0,-,-,NA,NA,ORANGE,GARDEN GROVE,-117.9248101,33.77428005
8066833,2016,2016-06-23,3013,2016-06-13,1730,184,NA,1,5,3,3013,0,0,0,NA,0,NORTH,LOS ALAMITOS BL,SAUSALITO ST,23,N,N,A,-,N,NA,NA,NA,NA,NA,NA,NA,NA,NA,N,4,0,1,2,A,-,03,22350,NA,N,C,C,A,A,H,-,A,A,0,NA,NA,NA,NA,Y,NA,A,07,0,0,1,0,0,0,0,0,0,-,-,NA,NA,ORANGE,LOS ALAMITOS,-118.07186,33.80863307
8066959,2016,2016-06-27,3019,2016-05-17,2212,3316,WE,2,5,7,3019,0,0,0,NA,0,001,BRISTOL ST,WASHINGTON AV,18,N,N,A,-,N,NA,NA,NA,NA,NA,NA,NA,NA,NA,N,4,0,1,2,A,-,03,22350,NA,F,C,C,A,A,H,-,C,A,0,NA,NA,NA,NA,Y,NA,D,22,0,0,1,0,0,0,0,0,0,-,-,33.75577,-117.88522,ORANGE,SANTA ANA,-117.88504,33.75581935
8068998,2016,2017-02-22,3010,2016-06-18,1103,1059,451,6,5,6,3010,0,0,0,NA,0,004,RT 1,6TH ST,155,S,N,A,-,Y,ORA,12,1,-,-,24.82,H,-,S,Y,3,0,2,3,A,-,04,21703,NA,N,C,C,A,A,H,-,A,A,0,NA,NA,NA,NA,Y,NA,A,01,0,1,1,0,0,0,0,0,0,-,-,NA,NA,ORANGE,HUNTINGTON BEACH,-118.00330371,33.65799506
8069102,2016,2016-06-28,3010,2016-06-17,1453,1225,425,5,5,6,3010,0,0,0,NA,0,003,MAGNOLIA,GARFIELD,505,S,N,A,-,N,NA,NA,NA,NA,NA,NA,NA,NA,NA,Y,3,0,2,2,A,-,09,21801,A,N,D,C,A,A,H,-,A,A,0,NA,NA,NA,NA,Y,NA,A,01,0,2,0,0,0,0,0,0,0,-,-,NA,NA,ORANGE,HUNTINGTON BEACH,-117.97142,33.68542589