CASE_ID,ACCIDENT_YEAR,PROC_DATE,JURIS,COLLISION_DATE,COLLISION_TIME,OFFICER_ID,REPORTING_DISTRICT,DAY_OF_WEEK,CHP_SHIFT,POPULATION,CNTY_CITY_LOC,SPECIAL_COND,BEAT_TYPE,CHP_BEAT_TYPE,CITY_DIVISION_LAPD,CHP_BEAT_CLASS,BEAT_NUMBER,PRIMARY_RD,SECONDARY_RD,DISTANCE,DIRECTION,INTERSECTION,WEATHER_1,WEATHER_2,STATE_HWY_IND,CALTRANS_COUNTY,CALTRANS_DISTRICT,STATE_ROUTE,ROUTE_SUFFIX,POSTMILE_PREFIX,POSTMILE,LOCATION_TYPE,RAMP_INTERSECTION,SIDE_OF_HWY,TOW_AWAY,COLLISION_SEVERITY,NUMBER_KILLED,NUMBER_INJURED,PARTY_COUNT,PRIMARY_COLL_FACTOR,PCF_CODE_OF_VIOL,PCF_VIOL_CATEGORY,PCF_VIOLATION,PCF_VIOL_SUBSECTION,HIT_AND_RUN,TYPE_OF_COLLISION,MVIW,PED_ACTION,ROAD_SURFACE,ROAD_COND_1,ROAD_COND_2,LIGHTING,CONTROL_DEVICE,CHP_ROAD_TYPE,PEDESTRIAN_ACCIDENT,BICYCLE_ACCIDENT,MOTORCYCLE_ACCIDENT,TRUCK_ACCIDENT,NOT_PRIVATE_PROPERTY,ALCOHOL_INVOLVED,STWD_VEHTYPE_AT_FAULT,CHP_VEHTYPE_AT_FAULT,COUNT_SEVERE_INJ,COUNT_VISIBLE_INJ,COUNT_COMPLAINT_PAIN,COUNT_PED_KILLED,COUNT_PED_INJURED,COUNT_BICYCLIST_KILLED,COUNT_BICYCLIST_INJURED,COUNT_MC_KILLED,COUNT_MC_INJURED,PRIMARY_RAMP,SECONDARY_RAMP,LATITUDE,LONGITUDE,COUNTY,CITY,POINT_X,POINT_Y
81725768,2022,2022-03-17,3014,2022-03-15,1502,1520,RD24,2,5,5,3014,0,0,0,NA,0,A2,15TH ST W.,MONROVIA AVE,220,E,N,A,-,N,NA,NA,NA,NA,NA,NA,NA,NA,NA,N,4,0,2,2,A,-,09,21804,A,N,D,C,A,A,H,-,A,D,0,NA,NA,NA,NA,Y,NA,A,01,0,0,2,0,0,0,0,0,0,-,-,33.62879180908203,-117.93540191650392,ORANGE,NEWPORT BEACH,-117.93544769287108,33.62881088256836
81726329,2022,2022-03-18,3019,2022-03-01,1454,3482,SE,2,5,7,3019,0,0,0,NA,0,003,RUSSELL AVENUE,PARTON STREET,0,NA,Y,A,-,N,NA,NA,NA,NA,NA,NA,NA,NA,NA,N,4,0,1,2,A,-,12,22450,A,N,D,C,A,A,H,-,A,D,0,NA,NA,NA,NA,Y,NA,D,22,0,0,1,0,0,0,0,0,0,-,-,33.73265075683594,-117.8744888305664,ORANGE,SANTA ANA,-117.8744888305664,33.73265838623047
81727147,2022,2022-03-21,3001,2022-03-04,1257,A1007,D-1,5,5,7,3001,0,0,0,NA,0,D-1,LINCOLN AVENUE,GAIN STREET,229,E,N,A,-,N,NA,NA,NA,NA,NA,NA,NA,NA,NA,Y,3,0,1,2,A,-,03,22350,NA,N,C,E,A,A,H,-,A,D,0,NA,NA,NA,NA,Y,NA,A,07,0,1,0,0,0,0,0,0,0,-,-,33.83224105834961,-117.97328948974608,ORANGE,ANAHEIM,-117.97222900390624,33.832218170166016
81727558,2022,2022-03-21,3008,2022-01-29,0225,1636,ZONE,6,5,6,3008,0,0,0,NA,0,NA,BAKER AVE,LOMBARD DR,132,E,N,A,-,N,NA,NA,NA,NA,NA,NA,NA,NA,NA,N,4,0,1,3,A,-,08,22107,NA,N,C,E,A,A,H,-,D,D,0,NA,NA,NA,NA,Y,Y,A,01,0,0,1,0,0,0,0,0,0,-,-,NA,NA,ORANGE,FULLERTON,-117.93445587158205,33.85697937011719
81728513,2022,2022-03-22,3001,2022-03-16,1954,A1906,D-2,3,5,7,3001,0,0,0,NA,0,D-2,LINCOLN AVENUE,WEST STREET,18,W,N,A,-,N,NA,NA,NA,NA,NA,NA,NA,NA,NA,N,4,0,1,2,A,-,10,21950,A,N,G,B,B,A,H,-,C,A,0,Y,NA,NA,NA,Y,NA,A,07,0,0,1,0,1,0,0,0,0,-,-,33.83269119262695,-117.9272232055664,ORANGE,ANAHEIM,-117.92719268798828,33.8326416015625
8172935,2016,2016-12-21,3015,2016-11-03,0746,1386,21W,4,5,6,3015,0,0,0,NA,0,211,SOUTH LEWIS ST,CITY PKY WEST,0,NA,Y,A,-,N,NA,NA,NA,NA,NA,NA,NA,NA,NA,Y,4,0,2,2,A,-,09,21804,A,N,D,C,A,A,H,-,A,D,0,NA,NA,NA,NA,Y,NA,A,07,0,0,2,0,0,0,0,0,0,-,-,NA,NA,ORANGE,ORANGE,-117.89746005,33.78297011
8173259,2016,2016-11-21,3001,2016-11-04,0827,1278,NA,5,5,7,3001,0,0,0,NA,0,0D1,SOUTH KNOTT AV,W THORNTON AV,364,N,N,A,-,N,NA,NA,NA,NA,NA,NA,NA,NA,NA,Y,3,0,1,1,C,-,18,NA,NA,N,E,I,A,A,H,-,A,A,0,NA,NA,NA,NA,Y,NA,-,-,0,1,0,0,0,0,0,0,0,-,-,NA,NA,ORANGE,ANAHEIM,-118.01076387,33.81416783
81733422,2022,2022-03-25,3019,2022-03-02,1321,2801,SE,3,5,7,3019,0,0,0,NA,0,003,SUNFLOWER AVENUE,MAIN STREET,85,W,N,A,-,N,NA,NA,NA,NA,NA,NA,NA,NA,NA,N,4,0,1,2,A,-,21,22106,NA,N,C,C,A,A,H,-,A,A,0,NA,NA,NA,NA,Y,NA,A,08,0,0,1,0,0,0,0,0,0,-,-,33.69388961791992,-117.86827850341795,ORANGE,SANTA ANA,-117.86847686767578,33.694210052490234
81734139,2022,2022-03-28,3001,2022-03-24,1839,A2382,NA,4,5,7,3001,0,0,0,NA,0,D-3,LOARA STREET,BROADWAY,0,NA,Y,A,-,N,NA,NA,NA,NA,NA,NA,NA,NA,NA,N,3,0,1,2,A,-,05,21650,1,N,D,G,A,A,H,-,A,A,0,NA,Y,NA,NA,Y,NA,L,04,0,1,0,0,0,0,1,0,0,-,-,33.8290901184082,-117.9373016357422,ORANGE,ANAHEIM,-117.93714904785156,33.82892990112305
81735659,2022,2022-03-29,3001,2022-03-26,2001,A1906,NA,6,5,7,3001,0,0,0,NA,0,NA,WESTERN AVENUE,LANEROSE DRIVE,458,S,N,A,-,N,NA,NA,NA,NA,NA,NA,NA,NA,NA,Y,4,0,1,4,A,-,01,23152,G,N,B,E,A,A,H,-,C,A,0,NA,NA,NA,NA,Y,Y,A,01,0,0,1,0,0,0,0,0,0,-,-,NA,NA,ORANGE,ANAHEIM,-118.00204467773438,33.814273834228516
81736761,2022,2022-03-30,3019,2022-03-04,1112,3295,SE,5,5,7,3019,0,0,0,NA,0,003,MAIN STREET,1ST STREET,150,S,N,A,-,N,NA,NA,NA,NA,NA,NA,NA,NA,NA,N,3,0,1,2,A,-,09,21804,A,F,B,G,A,A,H,-,A,A,0,NA,Y,NA,NA,Y,NA,L,04,0,1,0,0,0,0,1,0,0,-,-,33.7453498840332,-117.867431640625,ORANGE,SANTA ANA,-117.8676528930664,33.74501037597656
81736807,2022,2022-03-30,3008,2022-02-08,1749,1351,ZONE,2,5,6,3008,0,0,0,NA,0,NA,BROOKHURST RD,ROBERTA AVE,400,N,N,A,-,N,NA,NA,NA,NA,NA,NA,NA,NA,NA,Y,4,0,4,4,A,-,03,22350,NA,N,C,C,A,A,H,-,C,D,0,NA,NA,NA,NA,Y,NA,E,22,0,0,4,0,0,0,0,0,0,-,-,NA,NA,ORANGE,FULLERTON,-117.95928192138672,33.857276916503906
81738492,2022,2022-04-01,3001,2022-03-18,1617,A1622,D-3,5,5,7,3001,0,0,0,NA,0,D-3,ORANGEWOOD AVENUE,MOUNTAIN VIEW AVENUE,123,E,N,A,-,N,NA,NA,NA,NA,NA,NA,NA,NA,NA,Y,4,0,3,3,A,-,03,22350,NA,N,C,C,A,A,H,-,A,A,0,NA,NA,NA,NA,Y,NA,A,07,0,0,3,0,0,0,0,0,0,-,-,33.796329498291016,-117.90392303466795,ORANGE,ANAHEIM,-117.90322875976563,33.7961311340332
81738495,2022,2022-04-01,3001,2022-03-28,1325,A2187,NA,1,5,7,3001,0,0,0,NA,0,D-2,LINCOLN AVENUE,CLEMENTINE STREET,258,E,N,C,-,N,NA,NA,NA,NA,NA,NA,NA,NA,NA,N,4,0,2,2,A,-,03,22350,NA,N,C,C,A,B,H,-,A,A,0,NA,NA,NA,NA,Y,NA,A,07,0,0,2,0,0,0,0,0,0,-,-,33.834991455078125,-117.91763305664063,ORANGE,ANAHEIM,-117.9169921875,33.83564376831055
81738497,2022,2022-04-01,3001,2022-03-28,1904,A2290,D-4,1,5,7,3001,0,0,0,NA,0,D-4,FRONTERA STREET,PARK VISTA STREET,0,NA,Y,B,C,N,NA,NA,NA,NA,NA,NA,NA,NA,NA,Y,3,0,2,2,A,-,09,21801,A,N,D,C,A,B,H,-,D,D,0,NA,NA,NA,NA,Y,NA,A,01,0,1,1,0,0,0,0,0,0,-,-,33.845951080322266,-117.8671417236328,ORANGE,ANAHEIM,-117.86714935302734,33.8462028503418
8173859,2016,2017-03-07,3009,2016-10-20,1801,4500,96,4,5,6,3009,0,0,0,NA,0,013,BROOKHURST ST,RT 22,232,S,N,A,-,Y,ORA,12,22,-,R,5.632,R,4,E,Y,3,0,1,2,D,-,00,NA,NA,N,B,C,A,A,H,-,A,D,0,NA,NA,Y,NA,Y,NA,-,-,0,1,0,0,0,0,0,0,1,-,EO,NA,NA,ORANGE,GARDEN GROVE,-117.95851215,33.76586193
8173863,2016,2016-11-22,3015,2016-10-14,1153,1440,11,5,5,6,3015,0,0,0,NA,0,213,CHAPMAN AV,NORTH MANCHESTER AV,10,W,N,A,-,N,NA,NA,NA,NA,NA,NA,NA,NA,NA,Y,4,0,1,2,A,-,03,22350,NA,N,C,C,A,A,H,-,A,A,0,NA,NA,NA,NA,Y,NA,A,07,0,0,1,0,0,0,0,0,0,-,-,NA,NA,ORANGE,ORANGE,-117.89316283,33.78902968
81739564,2022,2022-04-04,3015,2022-03-24,1510,1419,65E,4,5,6,3015,0,0,0,NA,0,722M,KATELLA AVE,CAMBRIDGE ST,700,W,N,A,-,N,NA,NA,NA,NA,NA,NA,NA,NA,NA,Y,4,0,1,2,A,-,08,22107,NA,N,C,E,A,A,H,-,A,D,0,NA,NA,NA,NA,Y,NA,A,08,0,0,1,0,0,0,0,0,0,-,-,NA,NA,ORANGE,ORANGE,-117.84669494628906,33.80913162231445
8174104,2016,2016-11-22,3009,2016-11-11,0959,4432,95,5,5,6,3009,0,0,0,NA,0,013,GARDEN GROVE BL,VILLAGE RD,4,E,N,A,-,N,NA,NA,NA,NA,NA,NA,NA,NA,NA,Y,4,0,1,2,A,-,03,22350,NA,N,C,C,A,A,H,-,A,D,0,NA,NA,NA,NA,Y,NA,A,07,0,0,1,0,0,0,0,0,0,-,-,NA,NA,ORANGE,GARDEN GROVE,-117.96448687,33.77399
81741795,2022,2022-04-06,3001,2022-04-05,2335,A2467,D-3,2,5,7,3001,0,0,0,NA,0,NA,ORANGEWOOD AVENUE,HASTER STREET,615,W,N,A,-,N,NA,NA,NA,NA,NA,NA,NA,NA,NA,Y,4,0,3,2,A,-,09,21804,A,F,D,C,A,A,H,-,C,D,0,NA,NA,NA,NA,Y,NA,A,07,0,0,3,0,0,0,0,0,0,-,-,33.79637145996094,-117.9066925048828,ORANGE,ANAHEIM,-117.90843200683594,33.796112060546875
81741848,2022,2022-04-06,3010,2022-04-04,0901,0147,326,1,5,6,3010,0,0,0,NA,0,004,PACIFIC COAST HWY - SR1,SEAPOINT AVE,396,N,N,A,-,Y,ORA,NA,1,NA,NA,27.046,H,NA,R,Y,4,0,1,2,A,-,03,22350,NA,N,C,C,A,A,H,-,A,A,0,NA,NA,NA,NA,Y,NA,D,22,0,0,1,0,0,0,0,0,0,-,-,33.68006134033203,-118.0322036743164,ORANGE,HUNTINGTON BEACH,-118.03215789794922,33.68009567260742
81741861,2022,2022-04-06,3019,2022-03-08,0728,3718,SC,2,5,7,3019,0,0,0,NA,0,004,FLOWER STREET,ALTON AVENUE,0,NA,Y,A,-,N,NA,NA,NA,NA,NA,NA,NA,NA,NA,Y,4,0,2,2,A,-,03,22350,NA,N,C,C,A,A,H,-,A,A,0,NA,NA,NA,NA,Y,NA,A,01,0,0,2,0,0,0,0,0,0,-,-,33.705318450927734,-117.87677001953124,ORANGE,SANTA ANA,-117.87688446044922,33.705440521240234
81742744,2022,2022-04-07,3001,2022-04-04,1241,A1880,D-2,1,5,7,3001,0,0,0,NA,0,D-2,EAST STREET,RT 91 EBOFF/R,57,N,N,A,-,Y,ORA,NA,91,NA,NA,4.275,H,NA,R,Y,4,0,5,4,A,-,03,22350,NA,N,C,C,A,A,H,-,A,D,0,NA,NA,NA,NA,Y,NA,A,01,0,0,5,0,0,0,0,0,0,-,-,33.85346984863281,-117.90659332275392,ORANGE,ANAHEIM,-117.90659332275392,33.85372543334961
81745759,2022,2022-04-12,3001,2022-04-08,1656,A2753,NA,5,5,7,3001,0,0,0,NA,0,D-1,LINCOLN AVENUE,CRESCENT WAY,0,NA,Y,A,-,N,NA,NA,NA,NA,NA,NA,NA,NA,NA,N,3,0,1,2,A,-,09,21801,A,N,D,C,A,A,H,-,A,A,0,NA,NA,NA,NA,Y,NA,A,01,0,1,0,0,0,0,0,0,0,-,-,33.832820892333984,-117.94737243652344,ORANGE,ANAHEIM,-117.9472885131836,33.83245086669922
81745884,2022,2022-04-12,3024,2022-02-14,1223,435,P-19,1,5,5,3024,0,0,0,NA,0,EAST,MIDDLETOWN LANE,MARINER LANE,0,NA,Y,A,-,N,NA,NA,NA,NA,NA,NA,NA,NA,NA,Y,3,0,2,2,A,-,09,21801,A,N,D,C,A,A,H,-,A,D,0,NA,NA,NA,NA,Y,NA,A,01,0,1,1,0,0,0,0,0,0,-,-,33.755001068115234,-117.98255920410156,ORANGE,WESTMINSTER,-117.98280334472656,33.755130767822266
81747667,2022,2022-04-14,3010,2022-04-06,1556,2036,436,3,5,6,3010,0,0,0,NA,0,003,BROOKHURST ST,ADAMS AVE,17,N,N,A,-,N,NA,NA,NA,NA,NA,NA,NA,NA,NA,N,4,0,1,2,A,-,12,21453,A,N,H,G,A,A,H,-,A,A,0,NA,Y,NA,NA,Y,NA,L,04,0,0,1,0,0,0,1,0,0,-,-,33.67237854003906,-117.95387268066406,ORANGE,HUNTINGTON BEACH,-117.95397186279295,33.67234802246094
81748586,2022,2022-04-15,3001,2022-04-12,1447,A1825,NA,2,5,7,3001,0,0,0,NA,0,D-3,BALL ROAD,STATE COLLEGE BOULEVARD,370,E,N,A,-,N,NA,NA,NA,NA,NA,NA,NA,NA,NA,N,4,0,1,2,A,-,09,21804,A,N,D,C,A,A,H,-,A,D,0,NA,NA,NA,NA,Y,NA,A,01,0,0,1,0,0,0,0,0,0,-,-,NA,NA,ORANGE,ANAHEIM,-117.88817596435548,33.81809997558594
8174885,2016,2016-12-01,3026,2016-11-04,2245,563,IRVIN,5,5,6,3026,0,0,0,NA,0,00C,WALNUT AV,JAMBOREE RD,0,NA,Y,A,-,N,NA,NA,NA,NA,NA,NA,NA,NA,NA,Y,4,0,3,2,A,-,12,21453,A,N,D,C,A,A,H,-,C,A,0,NA,NA,NA,NA,Y,NA,A,01,0,0,3,0,0,0,0,0,0,-,-,NA,NA,ORANGE,IRVINE,-117.80107008,33.71171012
81750707,2022,2022-04-19,3001,2022-04-11,1312,A2292,D-2,1,5,7,3001,0,0,0,NA,0,D-2,LEMON STREET,RT 91 WBOFF/R,0,NA,Y,A,-,N,NA,NA,NA,NA,NA,NA,NA,NA,NA,Y,4,0,1,2,A,-,08,22100,B,N,D,C,A,A,H,-,A,A,0,NA,NA,NA,NA,Y,NA,A,01,0,0,1,0,0,0,0,0,0,-,-,NA,NA,ORANGE,ANAHEIM,-117.91980743408205,33.854312896728516
81750713,2022,2022-04-19,3001,2022-04-15,0025,A1047,NA,5,5,7,3001,0,0,0,NA,0,D-4,FRONTERA STREET,ARMANDO AVENUE,146,W,N,A,-,N,NA,NA,NA,NA,NA,NA,NA,NA,NA,Y,3,0,1,4,A,-,01,23152,A,M,B,E,A,A,H,-,C,D,0,NA,NA,NA,NA,Y,Y,A,01,0,1,0,0,0,0,0,0,0,-,-,NA,NA,ORANGE,ANAHEIM,-117.85972595214844,33.84632873535156
8175085,2016,2016-11-29,3004,2016-11-14,1758,P620,21,1,5,6,3004,0,0,0,NA,0,008,FAIRVIEW RD,DORSET LN,103,N,N,A,-,N,NA,NA,NA,NA,NA,NA,NA,NA,NA,Y,4,0,1,2,A,-,03,22350,NA,N,C,C,A,A,H,-,A,D,0,NA,NA,NA,NA,Y,NA,A,01,0,0,1,0,0,0,0,0,0,-,-,33.68196,-117.9079,ORANGE,COSTA MESA,-117.90787,33.68200238
8175113,2016,2016-11-29,3016,2016-11-11,2146,1153,20,5,5,5,3016,0,0,0,NA,0,002,KIMBERLY AV,PLACENTIA AV,3,E,N,A,-,N,NA,NA,NA,NA,NA,NA,NA,NA,NA,Y,2,0,3,2,A,-,03,22350,NA,N,A,C,A,A,H,-,A,A,0,NA,NA,NA,NA,Y,Y,A,01,1,1,1,0,0,0,0,0,0,-,-,33.86335,-117.8821,ORANGE,PLACENTIA,-117.88212023,33.86322888
81752843,2022,2022-04-20,3007,2022-04-10,1350,319,65,7,5,5,3007,0,0,0,NA,0,003,BROOKHURST,ELLIS,0,NA,Y,A,-,N,NA,NA,NA,NA,NA,NA,NA,NA,NA,Y,3,0,1,2,A,-,00,21800,2,N,D,C,A,A,H,-,A,B,0,NA,NA,Y,NA,Y,NA,A,07,0,1,0,0,0,0,0,0,1,-,-,NA,NA,ORANGE,FOUNTAIN VALLEY,-117.95426940917967,33.69413757324219
81754881,2022,2022-04-25,3022,2022-04-15,1226,1193,NORTH,5,5,5,3022,0,0,0,NA,0,NA,MAIN ST,PROSPECT AV,0,NA,Y,A,-,N,NA,NA,NA,NA,NA,NA,NA,NA,NA,Y,3,0,2,2,A,-,01,23152,G,N,D,C,A,A,H,-,A,A,0,NA,NA,NA,NA,Y,Y,A,01,0,2,0,0,0,0,0,0,0,-,-,33.74190902709961,-117.8223114013672,ORANGE,TUSTIN,-117.82244110107422,33.742088317871094
81756214,2022,2022-04-26,3001,2022-04-16,0750,A2194,D-1,6,5,7,3001,0,0,0,NA,0,D-1,BROOKHURST STREET,BROOKMORE AVENUE,54,N,N,A,B,N,NA,NA,NA,NA,NA,NA,NA,NA,NA,N,4,0,1,2,A,-,03,22350,NA,N,C,C,A,A,H,-,A,D,0,NA,NA,NA,NA,Y,NA,A,01,0,0,1,0,0,0,0,0,0,-,-,33.820159912109375,-117.95890045166016,ORANGE,ANAHEIM,-117.95893096923828,33.82040786743164
81756226,2022,2022-04-26,3001,2022-04-23,2024,A1047,D-1,6,5,7,3001,0,0,0,NA,0,NA,BALL ROAD,BEACH BOULEVARD,38,W,N,A,-,N,NA,NA,NA,NA,NA,NA,NA,NA,NA,Y,4,0,1,3,A,-,03,22350,NA,M,C,C,A,A,H,-,C,A,0,NA,NA,NA,NA,Y,NA,A,07,0,0,1,0,0,0,0,0,0,-,-,NA,NA,ORANGE,ANAHEIM,-117.9932861328125,33.81742858886719
81756267,2022,2022-04-26,3019,2022-03-06,1356,3737,WE,7,5,7,3019,0,0,0,NA,0,001,EUCLID STREET,3RD STREET,10,N,N,A,-,N,NA,NA,NA,NA,NA,NA,NA,NA,NA,Y,4,0,1,3,A,-,09,21801,A,N,D,C,A,A,H,-,A,D,0,NA,NA,NA,NA,Y,NA,A,01,0,0,1,0,0,0,0,0,0,-,-,33.74705123901367,-117.93760681152344,ORANGE,SANTA ANA,-117.93750762939452,33.74695587158203
81756342,2022,2022-04-26,3008,2022-02-19,1805,1626,ZONE,6,5,6,3008,0,0,0,NA,0,NA,EUCLID ST,PASEO DORADO,0,NA,Y,A,-,N,NA,NA,NA,NA,NA,NA,NA,NA,NA,Y,3,0,4,2,A,-,09,21801,A,N,D,C,A,A,H,-,C,D,0,NA,NA,NA,NA,Y,NA,A,01,0,2,2,0,0,0,0,0,0,-,-,NA,NA,ORANGE,FULLERTON,-117.9434814453125,33.891353607177734
81760575,2022,2022-04-29,3001,2022-04-27,1901,A2467,D-2,3,5,7,3001,0,0,0,NA,0,NA,WEST STREET,LINCOLN AVENUE,45,N,N,A,-,N,NA,NA,NA,NA,NA,NA,NA,NA,NA,Y,4,0,1,2,A,-,01,23152,A,M,C,C,A,A,H,-,A,A,0,NA,NA,NA,NA,Y,Y,A,01,0,0,1,0,0,0,0,0,0,-,-,33.83269119262695,-117.9272232055664,ORANGE,ANAHEIM,-117.92716979980467,33.832759857177734
8176117,2016,2016-12-23,3022,2016-10-25,0719,1276,SOUTH,2,5,5,3022,0,0,0,NA,0,NA,RED HILL AV,CARNEGIE AV,0,NA,Y,A,-,N,NA,NA,NA,NA,NA,NA,NA,NA,NA,Y,4,0,2,2,A,-,12,21453,A,N,D,C,A,A,H,-,A,A,0,NA,NA,NA,NA,Y,NA,-,-,0,0,2,0,0,0,0,0,0,-,-,33.70852,-117.84052,ORANGE,TUSTIN,-117.8404501,33.70845004
81764053,2022,2022-05-04,3007,2022-04-13,1445,1157,52,3,5,5,3007,0,0,0,NA,0,001,NEWLAND STREET,TALBERT AVENUE,4,S,N,A,-,N,NA,NA,NA,NA,NA,NA,NA,NA,NA,N,4,0,1,2,A,-,08,22107,NA,N,B,G,A,A,H,-,A,A,0,NA,Y,NA,NA,Y,NA,A,07,0,0,1,0,0,0,1,0,0,-,-,NA,NA,ORANGE,FOUNTAIN VALLEY,-117.98037719726563,33.70124816894531
81764255,2022,2022-05-04,3014,2022-04-23,1524,1555,RD44,6,5,5,3014,0,0,0,NA,0,A4,SR-1 (E COAST HWY),DAHLIA AVE,0,NA,Y,A,-,Y,NA,NA,NA,NA,NA,NA,NA,NA,NA,N,3,0,1,2,A,-,06,21755,A,N,H,G,A,A,H,-,A,D,0,NA,Y,NA,NA,Y,NA,L,04,0,1,0,0,0,0,1,0,0,-,-,33.603111267089844,-117.87317657470705,ORANGE,NEWPORT BEACH,-117.87329864501952,33.60273361206055
81764899,2022,2022-05-05,3010,2022-04-29,1420,1208,348,5,5,6,3010,0,0,0,NA,0,004,GRAHAM ST,OLD PIRATE LN,171,S,N,A,-,N,NA,NA,NA,NA,NA,NA,NA,NA,NA,Y,4,0,1,2,A,-,09,21801,A,N,D,C,A,A,H,-,A,D,0,NA,NA,NA,NA,Y,NA,A,01,0,0,1,0,0,0,0,0,0,-,-,33.719268798828125,-118.0329132080078,ORANGE,HUNTINGTON BEACH,-118.0327606201172,33.71895217895508
8176510,2016,2016-12-01,3007,2016-11-20,1700,300,54,7,5,5,3007,0,0,0,NA,0,003,BUSHARD,TALBERT,207,S,N,C,-,N,NA,NA,NA,NA,NA,NA,NA,NA,NA,Y,4,0,1,4,A,-,03,22350,NA,N,C,D,A,B,H,-,C,A,0,NA,NA,NA,NA,Y,NA,A,01,0,0,1,0,0,0,0,0,0,-,-,NA,NA,ORANGE,FOUNTAIN VALLEY,-117.96292567,33.70106248
81766105,2022,2022-05-06,3024,2022-03-25,1420,329,P-11,5,5,5,3024,0,0,0,NA,0,WEST,GOLDENWEST STREET,WESTMINSTER BOULEVARD,100,N,N,B,-,N,NA,NA,NA,NA,NA,NA,NA,NA,NA,N,4,0,2,2,A,-,03,22350,NA,F,C,C,A,A,H,-,A,D,0,NA,NA,NA,NA,Y,NA,A,01,0,0,2,0,0,0,0,0,0,-,-,33.7586784362793,-118.0097427368164,ORANGE,WESTMINSTER,-118.00717163085938,33.75941467285156
81766730,2022,2022-05-09,3001,2022-05-03,1415,A1555,D-3,2,5,7,3001,0,0,0,NA,0,D-3,BALL ROAD,STATE COLLEGE BOULEVARD,216,E,N,A,-,N,NA,NA,NA,NA,NA,NA,NA,NA,NA,Y,4,0,2,2,A,-,09,21801,A,N,D,C,A,A,H,-,A,D,0,NA,NA,NA,NA,Y,NA,A,01,0,0,2,0,0,0,0,0,0,-,-,33.818111419677734,-117.88915252685548,ORANGE,ANAHEIM,-117.88867950439452,33.81808853149414
81766770,2022,2022-05-09,3010,2022-05-06,1253,2070,422,5,5,6,3010,0,0,0,NA,0,005,BEACH BL - SR39,CLAY AVE,0,NA,Y,A,-,Y,NA,NA,NA,NA,NA,NA,NA,NA,NA,Y,4,0,1,2,A,-,09,21801,A,N,D,C,A,A,H,-,A,D,0,NA,NA,NA,NA,Y,NA,A,01,0,0,1,0,0,0,0,0,0,-,-,33.68190002441406,-117.98950958251952,ORANGE,HUNTINGTON BEACH,-117.98860931396484,33.683067321777344
81767147,2022,2022-05-09,3008,2022-03-14,1220,1636,ZONE,1,5,6,3008,0,0,0,NA,0,NA,MAGNOLIA AVE,5 FWY,0,NA,Y,A,-,Y,NA,NA,NA,NA,NA,NA,NA,NA,NA,Y,4,0,2,2,A,-,12,21453,A,N,D,C,A,A,H,-,A,A,0,NA,NA,NA,NA,Y,NA,A,01,0,0,2,0,0,0,0,0,0,-,-,NA,NA,ORANGE,FULLERTON,-117.97624206542967,33.85483169555664
81770170,2022,2022-05-12,3022,2022-04-08,1133,1296,NORTH,5,5,5,3022,0,0,0,NA,0,NA,1ST ST,MYRTLE AV,235,W,N,A,-,N,NA,NA,NA,NA,NA,NA,NA,NA,NA,Y,3,0,2,3,A,-,08,22107,NA,N,C,E,A,A,H,-,A,D,0,NA,NA,NA,NA,Y,NA,A,01,0,1,1,0,0,0,0,0,0,-,-,33.74576187133789,-117.83145141601563,ORANGE,TUSTIN,-117.83231353759766,33.745609283447266
81770217,2022,2022-05-12,3010,2022-05-04,1201,2070,273,3,5,6,3010,0,0,0,NA,0,006,BEACH BL - SR39,HOLLAND DR,0,NA,Y,A,-,Y,ORA,NA,39,NA,NA,4.173,H,NA,L,Y,3,0,2,2,A,-,09,21801,A,N,D,C,A,A,H,-,A,D,0,NA,NA,NA,NA,Y,NA,A,01,0,1,1,0,0,0,0,0,0,-,-,33.709068298339844,-117.98931121826172,ORANGE,HUNTINGTON BEACH,-117.98926544189452,33.709068298339844
81772256,2022,2022-05-16,3024,2022-03-15,1730,480,P-11,2,5,5,3024,0,0,0,NA,0,WEST,LOCUST STREET,WESTMINSTER BOULEVARD (W),211,N,N,A,-,N,NA,NA,NA,NA,NA,NA,NA,NA,NA,N,3,0,1,2,A,-,11,21954,A,N,G,B,D,A,H,-,A,D,0,Y,NA,NA,NA,Y,NA,N,60,0,1,0,0,1,0,0,0,0,-,-,33.75912094116211,-118.00524139404295,ORANGE,WESTMINSTER,-118.00523376464844,33.75969314575195
81773370,2022,2022-05-17,3022,2022-05-05,1458,1193,NORTH,4,5,5,3022,0,0,0,NA,0,NA,SAN JUAN ST,RED HILL AV,47,E,N,A,-,N,NA,NA,NA,NA,NA,NA,NA,NA,NA,N,4,0,1,2,A,-,03,22350,NA,N,C,C,A,A,H,-,A,A,0,NA,NA,NA,NA,Y,NA,A,07,0,0,1,0,0,0,0,0,0,-,-,33.736000061035156,-117.81259155273438,ORANGE,TUSTIN,-117.81253814697266,33.736209869384766