CASE_ID,ACCIDENT_YEAR,PROC_DATE,JURIS,COLLISION_DATE,COLLISION_TIME,OFFICER_ID,REPORTING_DISTRICT,DAY_OF_WEEK,CHP_SHIFT,POPULATION,CNTY_CITY_LOC,SPECIAL_COND,BEAT_TYPE,CHP_BEAT_TYPE,CITY_DIVISION_LAPD,CHP_BEAT_CLASS,BEAT_NUMBER,PRIMARY_RD,SECONDARY_RD,DISTANCE,DIRECTION,INTERSECTION,WEATHER_1,WEATHER_2,STATE_HWY_IND,CALTRANS_COUNTY,CALTRANS_DISTRICT,STATE_ROUTE,ROUTE_SUFFIX,POSTMILE_PREFIX,POSTMILE,LOCATION_TYPE,RAMP_INTERSECTION,SIDE_OF_HWY,TOW_AWAY,COLLISION_SEVERITY,NUMBER_KILLED,NUMBER_INJURED,PARTY_COUNT,PRIMARY_COLL_FACTOR,PCF_CODE_OF_VIOL,PCF_VIOL_CATEGORY,PCF_VIOLATION,PCF_VIOL_SUBSECTION,HIT_AND_RUN,TYPE_OF_COLLISION,MVIW,PED_ACTION,ROAD_SURFACE,ROAD_COND_1,ROAD_COND_2,LIGHTING,CONTROL_DEVICE,CHP_ROAD_TYPE,PEDESTRIAN_ACCIDENT,BICYCLE_ACCIDENT,MOTORCYCLE_ACCIDENT,TRUCK_ACCIDENT,NOT_PRIVATE_PROPERTY,ALCOHOL_INVOLVED,STWD_VEHTYPE_AT_FAULT,CHP_VEHTYPE_AT_FAULT,COUNT_SEVERE_INJ,COUNT_VISIBLE_INJ,COUNT_COMPLAINT_PAIN,COUNT_PED_KILLED,COUNT_PED_INJURED,COUNT_BICYCLIST_KILLED,COUNT_BICYCLIST_INJURED,COUNT_MC_KILLED,COUNT_MC_INJURED,PRIMARY_RAMP,SECONDARY_RAMP,LATITUDE,LONGITUDE,COUNTY,CITY,POINT_X,POINT_Y
82336775,2024,2024-03-13,3019,2024-02-22,1319,3201,NA,4,5,7,3019,0,0,0,NA,0,004,CLARA STREET,1ST STREET,200,N,N,A,-,N,NA,NA,NA,NA,NA,NA,NA,NA,NA,Y,4,0,1,2,A,-,08,22107,NA,N,A,C,A,A,A,-,A,D,0,NA,NA,NA,NA,Y,NA,A,01,0,0,1,0,0,0,0,0,0,-,-,33.74528121948242,-117.90045928955078,ORANGE,SANTA ANA,-117.90048217773438,33.74585723876953
82337912,2024,2024-03-15,3024,2024-02-10,2253,540,NA,6,5,5,3024,0,0,0,NA,0,WEST,BOLSA CHICA ROAD,WESTMINSTER BLVD,0,NA,Y,A,-,N,NA,NA,NA,NA,NA,NA,NA,NA,NA,N,3,0,2,2,A,-,01,23152,A,N,D,C,A,A,H,-,C,A,0,NA,NA,NA,Y,Y,Y,F,26,0,1,1,0,0,0,0,0,0,-,-,33.75944900512695,-118.04255676269533,ORANGE,WESTMINSTER,-118.04264831542967,33.75946044921875
82340079,2024,2024-03-18,3008,2024-02-01,1842,1573,ZONE,4,5,6,3008,0,0,0,NA,0,NA,STATE COLLEGE BLVD,BALFOUR AVE,55,N,N,B,-,N,NA,NA,NA,NA,NA,NA,NA,NA,NA,N,4,0,1,2,A,-,03,22350,NA,N,G,B,E,A,H,-,C,D,0,Y,NA,NA,NA,Y,NA,A,01,0,0,1,0,1,0,0,0,0,-,-,NA,NA,ORANGE,FULLERTON,-117.88939666748048,33.87160110473633
82341334,2024,2024-03-19,3019,2024-02-18,806,3830,NA,7,5,7,3019,0,0,0,NA,0,003,PARTON STREET,HIGHLAND STREET,0,NA,Y,-,-,N,NA,NA,NA,NA,NA,NA,NA,NA,NA,N,4,0,1,2,A,-,12,22450,A,N,D,C,A,A,H,-,A,D,0,NA,NA,NA,NA,Y,NA,A,01,0,0,1,0,0,0,0,0,0,-,-,33.7370491027832,-117.87435150146484,ORANGE,SANTA ANA,-117.87445068359376,33.73706817626953
82343417,2024,2024-03-21,3019,2024-03-07,1800,3930,SE,4,5,7,3019,0,0,0,NA,0,003,MCFADDEN AVENUE,WILLIAMS STREET,15,E,N,C,-,N,NA,NA,NA,NA,NA,NA,NA,NA,NA,N,2,0,1,2,A,-,11,21954,A,M,G,B,B,B,H,-,C,A,0,Y,NA,NA,NA,Y,Y,-,99,1,0,0,0,1,0,0,0,0,-,-,33.73360824584961,-117.83911895751952,ORANGE,SANTA ANA,-117.83940887451172,33.73377990722656
82343433,2024,2024-03-21,3019,2024-03-18,2252,3767,SE,1,5,7,3019,0,0,0,NA,0,004,MAIN STREET,SAINT GERTRUDE PLACE,110,S,N,-,-,N,NA,NA,NA,NA,NA,NA,NA,NA,NA,N,2,0,1,2,A,-,09,21804,A,N,B,G,A,A,H,-,C,D,0,NA,Y,NA,NA,Y,NA,L,04,1,0,0,0,0,0,1,0,0,-,-,33.71989059448242,-117.86785125732422,ORANGE,SANTA ANA,-117.86786651611328,33.71938705444336
82344434,2024,2024-03-22,3016,2024-03-01,821,1281,NA,5,5,5,3016,0,0,0,NA,0,NA,PLACENTIA AVENUE,KIMBERLY AVENUE,0,NA,Y,A,-,N,NA,NA,NA,NA,NA,NA,NA,NA,NA,N,4,0,1,2,A,-,12,21453,A,N,A,C,A,A,H,-,A,A,0,NA,NA,NA,NA,Y,NA,A,07,0,0,1,0,0,0,0,0,0,-,-,33.86334991455078,-117.8821029663086,ORANGE,PLACENTIA,-117.88213348388672,33.86322784423828
82346800,2024,2024-03-26,3010,2024-03-17,2327,6042,NA,7,5,6,3010,0,0,0,NA,0,003,BUSHARD ST,HAMILTON AVE,0,NA,Y,-,-,N,NA,NA,NA,NA,NA,NA,NA,NA,NA,Y,3,0,1,2,A,-,09,21801,A,N,D,C,A,A,H,-,C,A,0,NA,NA,NA,NA,Y,Y,A,01,0,1,0,0,0,0,0,0,0,-,-,33.65031814575195,-117.96205902099608,ORANGE,HUNTINGTON BEACH,-117.96226501464844,33.65053939819336
82346831,2024,2024-03-26,3019,2024-03-20,1803,3615,NA,3,5,7,3019,0,0,0,NA,0,001,EUCLID STREET,WISTERIA PLACE,13,N,N,-,-,N,NA,NA,NA,NA,NA,NA,NA,NA,NA,Y,4,0,1,2,A,-,06,21755,A,N,A,C,A,A,H,-,A,D,0,NA,NA,NA,NA,Y,NA,A,01,0,0,1,0,0,0,0,0,0,-,-,33.73611068725586,-117.93766021728516,ORANGE,SANTA ANA,-117.93734741210938,33.735984802246094
82346913,2024,2024-03-26,3008,2024-01-29,1835,1295,NA,1,5,6,3008,0,0,0,NA,0,NA,PLACENTIA AVE,HARMONY LN,0,NA,Y,A,-,Y,NA,NA,NA,NA,NA,NA,NA,NA,NA,N,4,0,1,2,A,-,17,21235,G,N,A,G,A,A,H,-,C,D,0,NA,Y,NA,NA,Y,NA,L,04,0,0,1,0,0,0,1,0,0,-,-,33.87601089477539,-117.87850189208984,ORANGE,FULLERTON,-117.87840270996094,33.87601852416992
82348440,2024,2024-03-27,3026,2024-03-13,1358,313,NA,3,5,6,3026,0,0,0,NA,0,002,MAIN ST,PARK PLZ,0,NA,Y,B,-,N,NA,NA,NA,NA,NA,NA,NA,NA,NA,N,4,0,1,2,A,-,03,22350,NA,N,D,C,A,A,H,-,A,A,0,NA,NA,NA,NA,Y,NA,M,94,0,0,1,0,0,0,0,0,0,-,-,33.6797981262207,-117.83724975585938,ORANGE,IRVINE,-117.83740997314452,33.67970275878906
82351067,2024,2024-04-01,3024,2024-02-25,206,530,P-18,7,5,5,3024,0,0,0,NA,0,WEST,BEACH BOULEVARD (SR/39),WESTMINSTER BOULEVARD,0,NA,Y,A,-,Y,NA,NA,NA,NA,NA,NA,NA,NA,NA,Y,3,0,2,2,A,-,01,23153,A,N,D,C,A,A,H,-,C,A,0,NA,NA,NA,NA,Y,Y,A,07,0,2,0,0,0,0,0,0,0,-,-,NA,NA,ORANGE,WESTMINSTER,-117.98954010009766,33.75927734375
82352311,2024,2024-04-02,3014,2024-03-13,1121,1623,NA,3,5,5,3014,0,0,0,NA,0,A4,CHAMBORD RD,NEWPORT RIDGE DR E,421,N,N,A,-,N,NA,NA,NA,NA,NA,NA,NA,NA,NA,N,3,0,1,1,A,-,03,22350,NA,N,E,J,A,A,H,-,A,D,0,NA,Y,NA,NA,Y,NA,L,04,0,1,0,0,0,0,1,0,0,-,-,33.61520004272461,-117.8358917236328,ORANGE,NEWPORT BEACH,-117.8360595703125,33.61519241333008
82353374,2024,2024-04-03,3010,2024-03-28,818,0147,272,4,5,6,3010,0,0,0,NA,0,006,FIR DR,EMERALD LN,145,E,N,A,-,N,NA,NA,NA,NA,NA,NA,NA,NA,NA,Y,4,0,2,2,A,-,09,21804,A,N,D,C,A,A,H,-,A,D,0,NA,NA,NA,NA,Y,NA,A,01,0,0,2,0,0,0,0,0,0,-,-,33.71485900878906,-117.99474334716795,ORANGE,HUNTINGTON BEACH,-117.99388122558594,33.71503829956055
82355480,2024,2024-04-04,3015,2024-03-26,1830,1672,RD61,2,5,6,3015,0,0,0,NA,0,113,LA VETA AVE,DEVON RD,511,W,N,A,-,N,NA,NA,NA,NA,NA,NA,NA,NA,NA,Y,3,0,2,2,A,-,03,22350,NA,N,A,C,A,A,H,-,B,D,0,NA,NA,NA,NA,Y,NA,A,01,0,2,0,0,0,0,0,0,0,-,-,33.779991149902344,-117.8713836669922,ORANGE,ORANGE,-117.87294006347656,33.78034973144531
82355487,2024,2024-04-04,3001,2024-02-25,1919,A2540,NA,7,5,7,3001,0,0,0,NA,0,NA,BROOKHURST STREET,FALMOUTH AVENUE (N),0,NA,Y,A,-,N,NA,NA,NA,NA,NA,NA,NA,NA,NA,N,4,0,1,2,A,-,17,21235,G,N,B,C,A,A,H,-,C,D,0,NA,NA,NA,NA,Y,NA,M,94,0,0,1,0,0,0,0,0,0,-,-,NA,NA,ORANGE,ANAHEIM,-117.95916748046876,33.84898376464844
82355624,2024,2024-04-05,3008,2024-01-25,801,1658,NA,4,5,6,3008,0,0,0,NA,0,NA,EUCLID ST,ASH AVE,0,NA,Y,C,-,N,NA,NA,NA,NA,NA,NA,NA,NA,NA,N,4,0,1,2,A,-,09,21804,A,N,D,C,A,B,H,-,A,D,0,NA,NA,NA,NA,Y,NA,A,01,0,0,1,0,0,0,0,0,0,-,-,33.86376953125,-117.94178771972656,ORANGE,FULLERTON,-117.94190216064452,33.86426544189453
82356822,2024,2024-04-05,3019,2024-03-29,1706,3678,NA,5,5,7,3019,0,0,0,NA,0,002,15TH STREET,PARTON STREET,90,E,N,A,-,N,NA,NA,NA,NA,NA,NA,NA,NA,NA,Y,3,0,1,3,A,-,08,22107,NA,N,B,E,A,A,H,-,A,D,0,NA,NA,NA,NA,Y,NA,A,07,0,1,0,0,0,0,0,0,0,-,-,33.75716018676758,-117.87452697753906,ORANGE,SANTA ANA,-117.87434387207033,33.75785446166992
82359202,2024,2024-04-09,3026,2024-04-05,1100,8929,NA,5,5,6,3026,0,0,0,NA,0,001,BARRANCA PKWY,VON KARMAN AVE,0,NA,Y,A,-,N,NA,NA,NA,NA,NA,NA,NA,NA,NA,Y,4,0,2,2,A,-,08,22107,NA,N,A,C,A,A,H,-,A,A,0,NA,NA,NA,NA,Y,NA,A,01,0,0,2,0,0,0,0,0,0,-,-,33.69845962524414,-117.83245086669922,ORANGE,IRVINE,-117.83338165283205,33.6986083984375
82359403,2024,2024-04-09,3019,2024-03-09,825,3881,NA,6,5,7,3019,0,0,0,NA,0,002,CIVIC CENTER DRIVE,MAIN STREET,0,NA,Y,A,-,N,NA,NA,NA,NA,NA,NA,NA,NA,NA,N,4,0,3,2,A,-,09,21801,A,N,D,D,A,A,H,-,A,A,0,NA,NA,NA,NA,Y,NA,A,01,0,0,3,0,0,0,0,0,0,-,-,33.749610900878906,-117.8673095703125,ORANGE,SANTA ANA,-117.86760711669922,33.75062942504883
82362537,2024,2024-04-11,3014,2024-04-05,2120,1462,NA,5,5,5,3014,0,0,0,NA,0,A2,SUPERIORN AVE,SR-1 (W. COAST HWY.),108,N,N,A,-,Y,NA,NA,NA,NA,NA,NA,NA,NA,NA,Y,3,0,1,2,A,-,01,23152,A,N,A,C,A,A,H,-,C,A,0,NA,NA,NA,NA,Y,Y,A,07,0,1,0,0,0,0,0,0,0,-,-,33.62329864501953,-117.9389877319336,ORANGE,NEWPORT BEACH,-117.93902587890624,33.62329864501953
82365876,2024,2024-04-16,3026,2024-04-09,1245,11923,NA,2,5,6,3026,0,0,0,NA,0,005,BARRANCA PKWY,CREEK,35,E,N,A,-,N,NA,NA,NA,NA,NA,NA,NA,NA,NA,Y,4,0,2,2,C,-,18,NA,NA,N,C,C,A,A,H,-,A,A,0,NA,NA,NA,NA,Y,NA,-,-,0,0,2,0,0,0,0,0,0,-,-,33.67613983154297,-117.79660034179688,ORANGE,IRVINE,-117.7969207763672,33.67665100097656
82366119,2024,2024-04-17,3019,2024-03-27,2254,3414,NE,3,5,7,3019,0,0,0,NA,0,001,CIVIC CENTER DRIVE,LACY STREET,125,W,N,A,-,N,NA,NA,NA,NA,NA,NA,NA,NA,NA,Y,4,0,1,3,A,-,08,22107,NA,N,C,E,A,A,H,-,C,D,0,NA,NA,NA,NA,Y,NA,A,07,0,0,1,0,0,0,0,0,0,-,-,33.75223922729492,-117.86224365234376,ORANGE,SANTA ANA,-117.86245727539063,33.751930236816406
82367159,2024,2024-04-17,3026,2024-04-16,1152,12434,NA,2,5,6,3026,0,0,0,NA,0,002,RED HILL AVE,MAIN ST,0,NA,Y,A,-,N,NA,NA,NA,NA,NA,NA,NA,NA,NA,Y,3,0,2,2,A,-,12,21453,A,N,D,C,A,A,H,-,A,A,0,NA,NA,NA,NA,Y,NA,A,01,0,2,0,0,0,0,0,0,0,-,-,33.68967056274414,-117.86456298828124,ORANGE,IRVINE,-117.86460876464844,33.68932342529297
82368024,2024,2024-04-18,3014,2024-04-05,1658,1462,NA,5,5,5,3014,0,0,0,NA,0,A2,OLD NEWPORT BLVD,HOSPITAL RD,648,S,N,A,-,N,NA,NA,NA,NA,NA,NA,NA,NA,NA,Y,3,0,1,2,A,-,09,21801,A,N,-,C,A,A,H,-,A,D,0,NA,NA,NA,NA,Y,NA,A,01,0,1,0,0,0,0,0,0,0,-,-,33.62379837036133,-117.92799377441406,ORANGE,NEWPORT BEACH,-117.92790222167967,33.62394714355469
82368434,2024,2024-04-19,3019,2024-04-08,1337,3449,SE,1,5,7,3019,0,0,0,NA,0,003,STANDARD AVENUE,SAINT ANDREW PLACE,0,NA,Y,A,-,N,NA,NA,NA,NA,NA,NA,NA,NA,NA,N,4,0,2,3,A,-,09,21802,A,N,D,C,A,A,H,-,A,D,0,NA,NA,NA,NA,Y,NA,A,01,0,0,2,0,0,0,0,0,0,-,-,33.72138977050781,-117.85707855224608,ORANGE,SANTA ANA,-117.85652160644533,33.72233581542969
82368515,2024,2024-04-19,3002,2024-04-03,950,1717,NA,3,5,4,3002,0,0,0,NA,0,013,BERRY ST,MERCURY LN,0,NA,Y,A,-,N,NA,NA,NA,NA,NA,NA,NA,NA,NA,Y,4,0,1,2,A,-,09,21801,A,N,D,C,A,A,H,-,A,A,0,NA,NA,NA,NA,Y,NA,A,01,0,0,1,0,0,0,0,0,0,-,-,33.91978073120117,-117.9069595336914,ORANGE,BREA,-117.90689086914063,33.919776916503906
82368562,2024,2024-04-22,3024,2024-03-17,1118,536,P-31,7,5,5,3024,0,0,0,NA,0,EAST,BEACH BLVD (SR-39),WASHINGTON AVE,20,N,N,A,-,Y,NA,NA,NA,NA,NA,NA,NA,NA,NA,N,4,0,2,2,A,-,05,21651,B,N,A,C,A,A,H,-,A,D,0,NA,NA,NA,NA,Y,NA,A,07,0,0,2,0,0,0,0,0,0,-,-,NA,NA,ORANGE,WESTMINSTER,-117.98941040039063,33.746604919433594
82369377,2024,2024-04-22,3019,2024-04-16,2008,3602,SE,2,5,7,3019,0,0,0,NA,0,003,MCFADDEN AVENUE,LYON STREET,0,NA,Y,-,-,N,NA,NA,NA,NA,NA,NA,NA,NA,NA,Y,4,0,1,2,A,-,09,21801,A,N,A,C,A,A,H,-,C,A,0,NA,NA,NA,NA,Y,NA,A,01,0,0,1,0,0,0,0,0,0,-,-,33.733619689941406,-117.84465789794922,ORANGE,SANTA ANA,-117.8449935913086,33.73377227783203
82371469,2024,2024-04-23,3024,2024-03-10,1911,509,P-40,7,5,5,3024,0,0,0,NA,0,EAST,MCFADDEN AVENUE,BROOKHURST STREET,255,W,N,A,-,N,NA,NA,NA,NA,NA,NA,NA,NA,NA,N,3,0,1,2,A,-,05,21651,B,F,A,C,A,A,H,-,B,D,0,NA,NA,NA,NA,Y,NA,A,07,0,1,0,0,0,0,0,0,0,-,-,33.73768997192383,-117.95475006103516,ORANGE,WESTMINSTER,-117.95560455322266,33.7376708984375
82372381,2024,2025-08-11,3014,2024-03-29,1000,1516,NA,5,5,5,3014,0,0,0,NA,0,A3,FORD RD,CANYON ISLAND DR,6,S,N,A,-,N,NA,NA,NA,NA,NA,NA,NA,NA,NA,N,3,0,1,2,A,-,03,22350,NA,N,H,J,A,A,H,-,A,A,0,NA,NA,NA,NA,Y,NA,M,91,0,1,0,0,0,0,0,0,0,-,-,33.62910079956055,-117.86910247802734,ORANGE,NEWPORT BEACH,-117.86906433105467,33.629180908203125
82372675,2024,2024-04-25,3002,2024-03-24,1018,1642,NA,7,5,4,3002,0,0,0,NA,0,011,CENTRAL AV,PUENTE ST,185,E,N,A,-,N,NA,NA,NA,NA,NA,NA,NA,NA,NA,Y,3,0,1,4,A,-,03,22350,NA,N,C,C,A,A,H,-,A,A,0,NA,NA,NA,NA,Y,NA,A,01,0,1,0,0,0,0,0,0,0,-,-,33.93190002441406,-117.91565704345705,ORANGE,BREA,-117.91502380371094,33.93186950683594
82373618,2024,2024-04-24,3001,2024-04-15,1108,A2367,NA,1,5,7,3001,0,0,0,NA,0,D-3,HARBOR BOULEVARD,ORANGEWOOD AVENUE,398,S,N,A,-,N,NA,NA,NA,NA,NA,NA,NA,NA,NA,Y,4,0,2,2,A,-,01,23152,A,N,D,C,A,A,H,-,A,D,0,NA,NA,NA,NA,Y,Y,A,01,0,0,2,0,0,0,0,0,0,-,-,NA,NA,ORANGE,ANAHEIM,-117.91515350341795,33.794979095458984
82374494,2024,2024-04-24,3014,2024-04-17,1409,1527,NA,3,5,5,3014,0,0,0,NA,0,A4,SR-1 (E COAST HWY),JAMBOREE RD,95,E,N,A,-,N,NA,NA,NA,NA,NA,NA,NA,NA,NA,Y,4,0,3,4,A,-,03,22350,NA,N,C,C,A,A,H,-,A,A,0,NA,NA,NA,NA,Y,NA,A,07,0,0,3,0,0,0,0,0,0,-,-,33.61268997192383,-117.88999938964844,ORANGE,NEWPORT BEACH,-117.8904266357422,33.612613677978516
82377999,2024,2024-04-30,3019,2024-04-01,708,3449,SE,1,5,7,3019,0,0,0,NA,0,003,MCFADDEN AVENUE,GRAND AVENUE,100,E,N,A,-,N,NA,NA,NA,NA,NA,NA,NA,NA,NA,N,4,0,5,3,A,-,03,22350,NA,N,C,C,A,A,H,-,A,D,0,NA,NA,NA,NA,Y,NA,A,07,0,0,5,0,0,0,0,0,0,-,-,33.73263931274414,-117.85076904296876,ORANGE,SANTA ANA,-117.85005950927734,33.733707427978516
82378016,2024,2024-04-30,3019,2024-04-17,1623,3201,NE,3,5,7,3019,0,0,0,NA,0,002,GROVEMONT STREET,GRAND AVENUE,0,NA,Y,A,-,N,NA,NA,NA,NA,NA,NA,NA,NA,NA,Y,4,0,2,2,A,-,09,21802,A,N,D,C,A,A,H,-,A,D,0,NA,NA,NA,NA,Y,NA,A,01,0,0,2,0,0,0,0,0,0,-,-,33.770530700683594,-117.85198211669922,ORANGE,SANTA ANA,-117.85218048095705,33.770484924316406
82379064,2024,2024-05-01,3010,2024-04-16,1338,0147,169,2,5,6,3010,0,0,0,NA,0,007,WARNER AVE,EDWARDS ST,78,E,N,A,-,N,NA,NA,NA,NA,NA,NA,NA,NA,NA,N,4,0,1,2,A,-,03,22350,NA,N,C,C,A,A,H,-,A,A,0,NA,NA,NA,NA,Y,NA,D,22,0,0,1,0,0,0,0,0,0,-,-,33.71538162231445,-118.01512908935548,ORANGE,HUNTINGTON BEACH,-118.0150146484375,33.7154426574707
82379979,2024,2024-05-02,3019,2024-04-28,2044,3609,SC,7,5,7,3019,0,0,0,NA,0,004,RAITT STREET,EDINGER AVENUE,62,N,N,A,-,N,NA,NA,NA,NA,NA,NA,NA,NA,NA,Y,4,0,1,3,A,-,03,22350,NA,M,C,C,A,A,H,-,C,A,0,NA,NA,NA,NA,Y,NA,A,01,0,0,1,0,0,0,0,0,0,-,-,33.72703170776367,-117.8940887451172,ORANGE,SANTA ANA,-117.8940887451172,33.727378845214844
82379981,2024,2024-05-02,3019,2024-04-29,1133,3698,WE,1,5,7,3019,0,0,0,NA,0,001,17TH STREET,KING STREET,132,W,N,A,-,N,NA,NA,NA,NA,NA,NA,NA,NA,NA,N,4,0,2,2,A,-,03,22350,NA,N,C,C,A,A,H,-,A,A,0,NA,NA,NA,NA,Y,NA,A,01,0,0,2,0,0,0,0,0,0,-,-,33.76007080078125,-117.8979034423828,ORANGE,SANTA ANA,-117.89832305908205,33.759910583496094
82380055,2024,2024-05-02,3024,2024-03-07,1208,468,P-19,4,5,5,3024,0,0,0,NA,0,EAST,BEACH BOULEVARD (SR39),15TH STREET,0,NA,Y,A,-,Y,NA,NA,NA,NA,NA,NA,NA,NA,NA,Y,4,0,1,2,A,-,09,21801,A,N,D,C,A,A,H,-,A,D,0,NA,NA,NA,NA,Y,NA,A,07,0,0,1,0,0,0,0,0,0,-,-,NA,NA,ORANGE,WESTMINSTER,-117.98953247070313,33.757442474365234
82380930,2024,2024-05-03,3019,2024-05-01,1516,3201,NA,3,5,7,3019,0,0,0,NA,0,001,SHELTON STREET,1ST STREET (W),50,N,N,A,-,N,NA,NA,NA,NA,NA,NA,NA,NA,NA,Y,3,0,1,2,A,-,03,22350,NA,N,C,C,A,A,H,-,A,D,0,NA,NA,NA,NA,Y,NA,A,01,0,1,0,0,0,0,0,0,0,-,-,33.74551010131836,-117.8807373046875,ORANGE,SANTA ANA,-117.88079071044922,33.74542999267578
82382099,2024,2024-05-06,3022,2024-03-30,1345,1457,NA,6,5,5,3022,0,0,0,NA,0,NA,RED HILL AV,EDINGER AV,9,S,N,B,-,N,NA,NA,NA,NA,NA,NA,NA,NA,NA,Y,3,0,1,1,A,-,12,21453,A,N,E,I,A,B,H,-,A,A,0,NA,NA,NA,NA,Y,NA,A,01,0,1,0,0,0,0,0,0,0,-,-,33.721649169921875,-117.82746887207033,ORANGE,TUSTIN,-117.82744598388672,33.72146987915039
82383288,2024,2024-05-07,3008,2024-03-25,1556,1407,NA,1,5,6,3008,0,0,0,NA,0,NA,MALVERN AVE,BUENA VISTA DR,0,NA,Y,A,-,N,NA,NA,NA,NA,NA,NA,NA,NA,NA,Y,4,0,3,2,A,-,09,21802,A,N,D,C,A,A,H,-,A,D,0,NA,NA,NA,NA,Y,NA,A,08,0,0,3,0,0,0,0,0,0,-,-,33.874969482421875,-117.94313049316406,ORANGE,FULLERTON,-117.94306182861328,33.87508010864258
82384411,2024,2024-05-08,3001,2024-04-26,1635,A2092,NA,5,5,7,3001,0,0,0,NA,0,D-2,WATER STREET,EMILY STREET,0,NA,Y,A,-,N,NA,NA,NA,NA,NA,NA,NA,NA,NA,N,4,0,1,2,A,-,09,21802,A,N,D,C,A,A,H,-,A,A,0,NA,NA,NA,NA,Y,NA,A,01,0,0,1,0,0,0,0,0,0,-,-,NA,NA,ORANGE,ANAHEIM,-117.90984344482422,33.82937240600586
82387342,2024,2024-05-13,3019,2024-05-03,942,3482,NA,5,5,7,3019,0,0,0,NA,0,001,BRISTOL STREET,MEMORY LANE,10,N,N,B,-,N,NA,NA,NA,NA,NA,NA,NA,NA,NA,N,4,0,1,1,C,-,18,NA,NA,N,F,A,A,A,G,-,A,D,0,NA,NA,Y,NA,Y,NA,-,-,0,0,1,0,0,0,0,0,1,-,-,33.77309036254883,-117.88462829589844,ORANGE,SANTA ANA,-117.88484954833984,33.77315902709961
82387569,2024,2024-05-13,3008,2024-03-22,1341,1676,NA,5,5,6,3008,0,0,0,NA,0,NA,ROSECRANS AVE,GILBERT ST,0,NA,Y,A,-,N,NA,NA,NA,NA,NA,NA,NA,NA,NA,Y,4,0,1,1,A,-,08,22107,NA,N,E,J,A,A,H,-,A,A,0,NA,NA,NA,NA,Y,NA,A,07,0,0,1,0,0,0,0,0,0,-,-,33.89606857299805,-117.96581268310548,ORANGE,FULLERTON,-117.9658432006836,33.89612579345703
82387886,2024,2024-05-13,3024,2024-04-11,1050,461,NA,4,5,5,3024,0,0,0,NA,0,EAST,MAGNOLIA STREET,BOLSA AVENUE,72,N,N,A,-,N,NA,NA,NA,NA,NA,NA,NA,NA,NA,Y,4,0,1,3,A,-,05,21460,A,N,A,C,A,A,H,-,A,A,0,NA,NA,NA,NA,Y,NA,A,07,0,0,1,0,0,0,0,0,0,-,-,33.74483108520508,-117.97222137451172,ORANGE,WESTMINSTER,-117.97225952148438,33.745025634765625
82389964,2024,2024-05-15,3015,2024-03-17,1957,1686,NA,7,5,6,3015,0,0,0,NA,0,146,E. RIVER AVE,S. GLASSELL ST,8,E,N,A,-,N,NA,NA,NA,NA,NA,NA,NA,NA,NA,N,4,0,1,2,A,-,11,21954,A,N,G,B,D,A,H,-,C,D,0,Y,NA,NA,NA,Y,NA,N,60,0,0,1,0,1,0,0,0,0,-,-,NA,NA,ORANGE,ORANGE,-117.85309600830078,33.77964782714844
82389969,2024,2024-05-15,3015,2024-05-09,1259,1495,NA,4,5,6,3015,0,0,0,NA,0,712M,MEATS AVE,TUSTIN ST,295,W,N,A,-,N,NA,NA,NA,NA,NA,NA,NA,NA,NA,N,3,0,1,2,A,-,09,21804,A,N,D,C,A,A,H,-,A,D,0,NA,NA,NA,NA,Y,NA,A,01,0,1,0,0,0,0,0,0,0,-,-,33.82305145263672,-117.83599090576172,ORANGE,ORANGE,-117.83698272705078,33.822792053222656
82391177,2023,2024-05-16,3019,2023-12-18,1646,2859,NA,1,5,7,3019,0,0,0,NA,0,001,1ST STREET,BAKER STREET,0,NA,Y,B,-,N,NA,NA,NA,NA,NA,NA,NA,NA,NA,Y,1,1,2,2,A,-,01,23153,F,N,D,C,A,A,H,-,B,D,0,NA,NA,NA,NA,Y,NA,D,22,1,0,1,0,0,0,0,0,0,-,-,33.745540618896484,-117.88256072998048,ORANGE,SANTA ANA,-117.8827896118164,33.745418548583984