CASE_ID,ACCIDENT_YEAR,PROC_DATE,JURIS,COLLISION_DATE,COLLISION_TIME,OFFICER_ID,REPORTING_DISTRICT,DAY_OF_WEEK,CHP_SHIFT,POPULATION,CNTY_CITY_LOC,SPECIAL_COND,BEAT_TYPE,CHP_BEAT_TYPE,CITY_DIVISION_LAPD,CHP_BEAT_CLASS,BEAT_NUMBER,PRIMARY_RD,SECONDARY_RD,DISTANCE,DIRECTION,INTERSECTION,WEATHER_1,WEATHER_2,STATE_HWY_IND,CALTRANS_COUNTY,CALTRANS_DISTRICT,STATE_ROUTE,ROUTE_SUFFIX,POSTMILE_PREFIX,POSTMILE,LOCATION_TYPE,RAMP_INTERSECTION,SIDE_OF_HWY,TOW_AWAY,COLLISION_SEVERITY,NUMBER_KILLED,NUMBER_INJURED,PARTY_COUNT,PRIMARY_COLL_FACTOR,PCF_CODE_OF_VIOL,PCF_VIOL_CATEGORY,PCF_VIOLATION,PCF_VIOL_SUBSECTION,HIT_AND_RUN,TYPE_OF_COLLISION,MVIW,PED_ACTION,ROAD_SURFACE,ROAD_COND_1,ROAD_COND_2,LIGHTING,CONTROL_DEVICE,CHP_ROAD_TYPE,PEDESTRIAN_ACCIDENT,BICYCLE_ACCIDENT,MOTORCYCLE_ACCIDENT,TRUCK_ACCIDENT,NOT_PRIVATE_PROPERTY,ALCOHOL_INVOLVED,STWD_VEHTYPE_AT_FAULT,CHP_VEHTYPE_AT_FAULT,COUNT_SEVERE_INJ,COUNT_VISIBLE_INJ,COUNT_COMPLAINT_PAIN,COUNT_PED_KILLED,COUNT_PED_INJURED,COUNT_BICYCLIST_KILLED,COUNT_BICYCLIST_INJURED,COUNT_MC_KILLED,COUNT_MC_INJURED,PRIMARY_RAMP,SECONDARY_RAMP,LATITUDE,LONGITUDE,COUNTY,CITY,POINT_X,POINT_Y
8282465,2017,2017-01-30,3014,2017-01-06,0922,1418,RD34,5,5,5,3014,0,0,0,NA,0,0A3,CAMPUS DR,BRISTOL ST N,0,NA,Y,A,-,N,NA,NA,NA,NA,NA,NA,NA,NA,NA,N,3,0,1,2,A,-,12,21453,A,N,D,C,A,A,H,-,A,A,0,NA,NA,NA,NA,Y,NA,A,08,0,1,0,0,0,0,0,0,0,-,-,33.6627,-117.8745,ORANGE,NEWPORT BEACH,-117.87457,33.66282009
8282501,2016,2017-03-06,3014,2016-12-31,2159,1484,RD41,6,5,5,3014,0,0,0,NA,0,0A3,RT 1,BAYSIDE DR,203,W,N,A,-,Y,ORA,12,1,-,R,18.12,H,-,S,Y,3,0,1,2,A,-,09,21804,A,N,D,C,A,B,H,-,C,A,0,NA,NA,NA,NA,Y,NA,A,01,0,1,0,0,0,0,0,0,0,-,-,33.61627,-117.90165,ORANGE,NEWPORT BEACH,-117.90174084,33.61621337
8282780,2016,2017-01-19,3000,2016-12-28,2145,738,891E7,3,5,3,3051,0,0,0,NA,0,280,EL TORO,MOULTON PKY,5808,E,N,A,-,N,NA,NA,NA,NA,NA,NA,NA,NA,NA,Y,4,0,1,1,A,-,03,22350,NA,N,E,I,A,A,H,-,C,A,0,NA,NA,NA,NA,Y,NA,A,08,0,0,1,0,0,0,0,0,0,-,-,NA,NA,ORANGE,LAGUNA WOODS,-117.70790898,33.61458919
8284135,2016,2017-01-23,3015,2016-12-27,1737,1336,124,2,5,6,3015,0,0,0,NA,0,146,EAST CHAPMAN AV,BROADMOOR TRL,0,NA,Y,A,-,N,NA,NA,NA,NA,NA,NA,NA,NA,NA,Y,4,0,1,2,A,-,09,21801,A,N,D,C,A,A,H,-,C,D,0,NA,NA,NA,NA,Y,NA,A,01,0,0,1,0,0,0,0,0,0,-,-,NA,NA,ORANGE,ORANGE,-117.77423002,33.79601009
8284574,2017,2017-01-24,3011,2017-01-06,2131,31302,63,5,5,4,3011,0,0,0,NA,0,003,PARK AV,WENDT TER,2112,E,N,A,-,N,NA,NA,NA,NA,NA,NA,NA,NA,NA,Y,4,0,1,1,A,-,03,22350,NA,N,E,I,A,A,H,-,C,D,0,NA,NA,Y,NA,Y,NA,C,02,0,0,1,0,0,0,0,0,1,-,-,NA,NA,ORANGE,LAGUNA BEACH,-117.76694858,33.54638382
8284582,2017,2017-06-27,3002,2017-01-02,1455,1545,631W,1,5,4,3002,0,0,0,NA,0,012,IMPERIAL HWY,KRAEMER BL,200,E,N,B,-,Y,ORA,12,90,-,-,6.62,H,-,E,Y,4,0,2,3,A,-,03,22350,NA,N,C,C,A,A,H,-,A,D,0,NA,NA,NA,NA,Y,NA,A,07,0,0,2,0,0,0,0,0,0,-,-,NA,NA,ORANGE,BREA,-117.863027,33.91097756
8284936,2017,2017-01-30,3019,2017-01-02,0241,3421,SC,1,5,7,3019,0,0,0,NA,0,004,FAIRVIEW ST,WARNER AV,0,NA,Y,A,-,N,NA,NA,NA,NA,NA,NA,NA,NA,NA,Y,4,0,1,2,A,-,12,21453,A,N,D,C,A,A,H,-,C,A,0,NA,NA,NA,NA,Y,NA,A,01,0,0,1,0,0,0,0,0,0,-,-,33.71525,-117.90805,ORANGE,SANTA ANA,-117.9079001,33.71521009
8285001,2017,2017-01-31,3001,2017-01-12,1422,A1355,D1,4,5,7,3001,0,0,0,NA,0,NA,WEST BROADWAY,S FLORETTE ST,52,W,N,C,-,N,NA,NA,NA,NA,NA,NA,NA,NA,NA,Y,3,0,1,2,A,-,03,22350,NA,N,C,E,A,B,H,-,A,D,0,NA,NA,NA,NA,Y,NA,A,01,0,1,0,0,0,0,0,0,0,-,-,NA,NA,ORANGE,ANAHEIM,-117.94649082,33.82887
8285120,2016,2017-01-24,3019,2016-11-12,0947,3350,SC,6,5,7,3019,0,0,0,NA,0,001,EDINGER AV,GORDON PL,14,W,N,A,-,N,NA,NA,NA,NA,NA,NA,NA,NA,NA,N,4,0,1,1,D,-,00,NA,NA,N,E,I,A,A,H,-,A,D,0,NA,Y,NA,NA,Y,NA,-,-,0,0,1,0,0,0,1,0,0,-,-,33.72716,-117.9011,ORANGE,SANTA ANA,-117.90111586,33.72726213
8287086,2016,2017-01-26,3019,2016-12-21,0648,2460,WE,3,5,7,3019,0,0,0,NA,0,004,FAIRVIEW AV,5TH ST,30,N,N,B,-,N,NA,NA,NA,NA,NA,NA,NA,NA,NA,N,4,0,2,2,A,-,03,22350,NA,N,C,C,A,A,H,-,A,A,0,NA,NA,NA,NA,Y,NA,D,22,0,0,2,0,0,0,0,0,0,-,-,NA,NA,ORANGE,SANTA ANA,-117.90487534,33.7488633
8287146,2016,2017-01-23,3019,2016-12-20,1404,3467,NE,2,5,7,3019,0,0,0,NA,0,NA,BROADWAY,18TH ST,0,NA,Y,A,-,N,NA,NA,NA,NA,NA,NA,NA,NA,NA,N,4,0,1,2,A,-,09,21802,A,N,D,C,A,A,H,-,A,A,0,NA,NA,NA,NA,Y,NA,A,01,0,0,1,0,0,0,0,0,0,-,-,33.7607,-117.86972,ORANGE,SANTA ANA,-117.86963006,33.76089003
8287162,2016,2017-01-23,3019,2016-12-22,0924,2460,SC,4,5,7,3019,0,0,0,NA,0,002,RATTAN ST,CIVIC CENTER DR,25,S,N,B,-,N,NA,NA,NA,NA,NA,NA,NA,NA,NA,N,4,0,1,2,D,-,00,NA,NA,M,A,C,A,A,H,-,A,A,0,NA,NA,NA,NA,Y,NA,-,-,0,0,1,0,0,0,0,0,0,-,-,33.75138,-117.89298,ORANGE,SANTA ANA,-117.893093,33.751427
82877883,2024,2024-07-31,3001,2024-07-08,1600,A1264,NA,1,5,7,3001,0,0,0,NA,0,D-4,IMPERIAL HIGHWAY,SANTA ANA CANYON ROAD,21,N,N,A,-,Y,NA,NA,NA,NA,NA,NA,NA,NA,NA,N,3,0,1,2,A,-,08,22101,D,N,D,G,A,A,H,-,A,A,0,NA,Y,NA,NA,Y,NA,L,04,0,1,0,0,0,0,1,0,0,-,-,33.8509407043457,-117.79064178466795,ORANGE,ANAHEIM,-117.79071807861328,33.85127639770508
8287835,2017,2017-06-27,3002,2017-01-12,1140,1632,426X,4,5,4,3002,0,0,0,NA,0,013,IMPERIAL HWY,GATEWAY CENTER DR,0,NA,Y,B,C,Y,ORA,12,90,-,-,4.261,I,5,W,Y,3,0,1,2,A,-,12,21453,A,N,D,C,A,B,H,-,A,A,0,NA,NA,NA,NA,Y,NA,A,08,0,1,0,0,0,0,0,0,0,-,-,NA,NA,ORANGE,BREA,-117.90239475,33.91734884
8287916,2017,2017-01-26,3001,2017-01-04,1429,471,NA,3,5,7,3001,0,0,0,NA,0,0D3,S BALL RD,SOUTH HARBOR BL,35,W,N,B,-,N,NA,NA,NA,NA,NA,NA,NA,NA,NA,N,4,0,1,2,A,-,03,22350,NA,N,C,C,A,A,H,-,A,A,0,NA,NA,NA,NA,Y,NA,D,22,0,0,1,0,0,0,0,0,0,-,-,NA,NA,ORANGE,ANAHEIM,-117.91561496,33.81803
8288769,2017,2017-04-06,3019,2017-03-04,1100,3383,SE,6,5,7,3019,0,0,0,NA,0,003,DYER RD,MAIN ST,0,NA,Y,A,-,N,NA,NA,NA,NA,NA,NA,NA,NA,NA,N,4,0,1,2,A,-,05,21650,1,N,G,G,A,A,H,-,A,A,0,NA,Y,NA,NA,Y,NA,L,04,0,0,1,0,0,0,1,0,0,-,-,33.70888,-117.86816,ORANGE,SANTA ANA,-117.86804003,33.70871004
8289241,2017,2017-02-01,3001,2017-01-16,0810,A1555,NA,1,5,7,3001,0,0,0,NA,0,0D3,KATELLA AV,DISNEYLAND DR,107,E,N,A,-,N,NA,NA,NA,NA,NA,NA,NA,NA,NA,N,3,0,1,2,A,-,03,22350,NA,N,C,C,A,A,H,-,A,A,0,NA,NA,NA,NA,Y,NA,A,01,0,1,0,0,0,0,0,0,0,-,-,NA,NA,ORANGE,ANAHEIM,-117.92372862,33.80341181
8289513,2016,2017-02-07,3024,2016-12-22,0843,329,P18,4,5,5,3024,0,0,0,NA,0,WEST,10TH ST,PACIFIC AV,264,W,N,C,-,N,NA,NA,NA,NA,NA,NA,NA,NA,NA,Y,3,0,1,2,A,-,08,22107,NA,N,B,E,A,B,H,-,A,D,0,NA,NA,NA,NA,Y,NA,A,07,0,1,0,0,0,0,0,0,0,-,-,NA,NA,ORANGE,WESTMINSTER,-117.99274607,33.75286617
8289608,2017,2017-01-27,3000,2017-01-09,0600,9074,891F7,1,5,4,3045,0,0,0,NA,0,146,AVENIDA DE LA CARLOTA,EL TORO RD,0,NA,Y,B,C,N,NA,NA,NA,NA,NA,NA,NA,NA,NA,Y,4,0,1,2,A,-,08,22101,D,N,A,C,A,B,H,-,C,A,0,NA,NA,NA,NA,Y,NA,A,07,0,0,1,0,0,0,0,0,0,-,-,NA,NA,ORANGE,LAGUNA HILLS,-117.7087201,33.61399004
8289811,2016,2017-01-30,3000,2016-12-29,1223,9684,891E7,4,5,3,3051,0,0,0,NA,0,746,EL TORO RD,MOULTON PKWY,129,W,N,A,-,N,NA,NA,NA,NA,NA,NA,NA,NA,NA,N,3,0,1,2,A,-,11,21954,A,F,G,B,D,A,H,-,A,A,0,Y,NA,NA,NA,Y,NA,N,60,0,1,0,0,1,0,0,0,0,-,-,NA,NA,ORANGE,LAGUNA WOODS,-117.72566272,33.60994527
8289818,2016,2017-01-30,3000,2016-12-15,2009,5163,951F4,4,5,5,3040,0,0,0,NA,0,743,ALICIA PKWY,NIGUEL RD,0,NA,Y,C,-,N,NA,NA,NA,NA,NA,NA,NA,NA,NA,Y,4,0,1,2,D,-,00,NA,NA,N,D,C,A,B,H,-,C,A,0,NA,NA,NA,NA,Y,NA,-,-,0,0,1,0,0,0,0,0,0,-,-,NA,NA,ORANGE,LAGUNA NIGUEL,-117.71563012,33.52935007
8291003,2017,2017-02-03,3010,2017-01-18,1231,1211,431,3,5,6,3010,0,0,0,NA,0,001,MAIN,UTICA,0,NA,Y,B,-,N,NA,NA,NA,NA,NA,NA,NA,NA,NA,Y,3,0,2,2,A,-,09,21801,A,N,D,C,A,A,H,-,A,A,0,NA,NA,NA,NA,Y,NA,A,07,0,2,0,0,0,0,0,0,0,-,-,NA,NA,ORANGE,HUNTINGTON BEACH,-118.00173011,33.67567004
8291074,2017,2017-02-02,3014,2017-01-15,2130,1484,RD36,7,5,5,3014,0,0,0,NA,0,0A3,MACARTHUR BL,BISON AV,51,S,N,A,-,N,NA,NA,NA,NA,NA,NA,NA,NA,NA,Y,3,0,1,1,C,-,18,NA,NA,N,E,I,A,A,H,-,C,A,0,NA,NA,NA,NA,Y,NA,-,-,0,1,0,0,0,0,0,0,0,-,-,33.63722,-117.86232,ORANGE,NEWPORT BEACH,-117.8622384,33.63719618
8291178,2017,2017-02-06,3001,2017-01-20,1449,0945,NA,5,5,7,3001,0,0,0,NA,0,0D2,W LINCOLN AV,HARBOR BL,145,W,N,C,-,N,NA,NA,NA,NA,NA,NA,NA,NA,NA,Y,4,0,1,4,A,-,03,22350,NA,N,C,C,A,B,H,-,A,D,0,NA,NA,NA,NA,Y,NA,A,01,0,0,1,0,0,0,0,0,0,-,-,NA,NA,ORANGE,ANAHEIM,-117.92008154,33.83408167
8291364,2017,2017-03-22,3001,2017-01-19,0758,406,NA,4,5,7,3001,0,0,0,NA,0,0D4,E SERRANO AV,S NOHL RAVEN RD,36,W,N,B,C,N,NA,NA,NA,NA,NA,NA,NA,NA,NA,Y,3,0,2,2,A,-,09,21801,A,N,D,C,A,B,H,-,A,D,0,NA,NA,NA,NA,Y,NA,A,01,0,1,1,0,0,0,0,0,0,-,-,NA,NA,ORANGE,ANAHEIM,-117.76071,33.830867
8291420,2017,2017-03-22,3001,2017-01-20,1235,1410,NA,5,5,7,3001,0,0,0,NA,0,SOUTH,SOUTH ANAHEIM BL,VERMONT AV,0,NA,Y,C,-,N,NA,NA,NA,NA,NA,NA,NA,NA,NA,N,4,0,2,2,A,-,09,21801,A,N,D,C,A,B,H,-,A,A,0,NA,NA,NA,NA,Y,NA,A,01,0,0,2,0,0,0,0,0,0,-,-,NA,NA,ORANGE,ANAHEIM,-117.90979001,33.82316009
8291833,2017,2017-03-14,3007,2017-01-13,1745,283,34,5,5,5,3007,0,0,0,NA,0,003,WARNER,TAHOMA,75,W,N,B,-,N,NA,NA,NA,NA,NA,NA,NA,NA,NA,Y,4,0,1,2,A,-,03,22350,NA,N,C,C,A,A,H,-,D,D,0,NA,NA,NA,NA,Y,NA,A,01,0,0,1,0,0,0,0,0,0,-,-,NA,NA,ORANGE,FOUNTAIN VALLEY,-117.95735593,33.71626317
8292655,2016,2017-04-20,3026,2016-12-30,1917,536,NA,5,5,6,3026,0,0,0,NA,0,00U,HARVARD AV,UNIVERSITY AV,884,N,N,B,C,N,NA,NA,NA,NA,NA,NA,NA,NA,NA,Y,4,0,3,1,A,-,03,22350,NA,N,E,I,A,B,-,-,C,D,0,NA,NA,NA,NA,Y,NA,A,01,0,0,3,0,0,0,0,0,0,-,-,NA,NA,ORANGE,IRVINE,-117.83865017,33.66008917
8292958,2017,2017-02-03,3019,2017-01-08,1823,3421,SC,7,5,7,3019,0,0,0,NA,0,004,HARBOR BL,MAC ARTHUR BL,20,N,N,A,-,N,NA,NA,NA,NA,NA,NA,NA,NA,NA,N,4,0,2,4,A,-,03,22350,NA,F,C,C,A,A,H,-,C,A,0,NA,NA,NA,NA,Y,NA,A,01,0,0,2,0,0,0,0,0,0,-,-,33.70218,-117.92006,ORANGE,SANTA ANA,-117.91965,33.70202
8293103,2016,2017-01-30,3019,2016-12-28,1808,3155,WE,3,5,7,3019,0,0,0,NA,0,NA,1ST ST,HARBOR BL,930,W,N,A,-,N,NA,NA,NA,NA,NA,NA,NA,NA,NA,N,4,0,1,2,A,-,11,21954,A,N,G,B,E,A,H,-,C,D,0,Y,NA,NA,NA,Y,NA,N,60,0,0,1,0,1,0,0,0,0,-,-,33.74504,-117.92023,ORANGE,SANTA ANA,-117.92323205,33.74514308
8294016,2016,2017-01-31,3024,2016-12-31,0448,381,P36,6,5,5,3024,0,0,0,NA,0,EAST,BROOKHURST ST,BISHOP PL,400,S,N,A,-,N,NA,NA,NA,NA,NA,NA,NA,NA,NA,Y,4,0,1,3,A,-,01,23152,A,N,C,E,A,B,H,-,C,D,0,NA,NA,NA,NA,Y,Y,A,01,0,0,1,0,0,0,0,0,0,-,-,NA,NA,ORANGE,WESTMINSTER,-117.95489477,33.7402434
8295479,2016,2017-02-06,3008,2016-12-31,0252,1342,1,6,5,6,3008,0,0,0,NA,0,0Z1,BROOKHURST RD,SOUTH GATE AV,440,N,N,C,-,N,NA,NA,NA,NA,NA,NA,NA,NA,NA,Y,3,0,1,2,A,-,01,23152,A,N,C,E,A,B,H,-,C,D,0,NA,NA,NA,NA,Y,Y,A,01,0,1,0,0,0,0,0,0,0,-,-,33.86127,-117.95933,ORANGE,FULLERTON,-117.95934866,33.86248623
8295725,2017,2017-06-06,3003,2017-01-16,1602,1079,NA,1,5,5,3003,0,0,0,NA,0,001,LA MIRADA BL,ALONDRA BL,0,NA,Y,A,-,N,NA,NA,NA,NA,NA,NA,NA,NA,NA,Y,4,0,2,5,A,-,12,21453,A,N,D,C,A,A,H,-,A,A,0,NA,NA,NA,NA,Y,NA,A,07,0,0,2,0,0,0,0,0,0,-,-,NA,NA,ORANGE,BUENA PARK,-117.99939005,33.88817005
8297524,2017,2017-02-14,3009,2017-01-20,1629,3397,113,5,5,6,3009,0,0,0,NA,0,2-1,EUCLID ST,MARIAN DR,0,NA,Y,C,-,N,NA,NA,NA,NA,NA,NA,NA,NA,NA,Y,4,0,1,3,A,-,03,22350,NA,N,C,C,A,B,H,-,B,D,0,NA,NA,NA,NA,Y,NA,A,01,0,0,1,0,0,0,0,0,0,-,-,NA,NA,ORANGE,GARDEN GROVE,-117.94124002,33.78640008
8297591,2017,2017-02-14,3009,2017-01-20,1234,3397,54,5,5,6,3009,0,0,0,NA,0,1-1,BEACH BL,GARDEN GROVE BL,0,NA,Y,C,-,N,NA,NA,NA,NA,NA,NA,NA,NA,NA,Y,4,0,1,2,A,-,12,21453,A,N,-,C,A,B,H,-,A,A,0,NA,NA,NA,NA,Y,NA,A,01,0,0,1,0,0,0,0,0,0,-,-,NA,NA,ORANGE,GARDEN GROVE,-117.99290008,33.77385006
8298408,2017,2017-02-24,3000,2017-01-17,1125,5036,922D5,2,5,5,3028,0,0,0,NA,0,750,MARGUERITE PKWY,FELIPE RD,82,S,N,A,-,N,NA,NA,NA,NA,NA,NA,NA,NA,NA,N,4,0,1,2,A,-,03,22350,NA,N,C,C,A,A,H,-,A,A,0,NA,NA,NA,NA,Y,NA,A,08,0,0,1,0,0,0,0,0,0,-,-,NA,NA,ORANGE,MISSION VIEJO,-117.65847559,33.57304206
8298412,2017,2017-02-23,3000,2017-01-27,0812,6717,891G5,5,5,5,3050,0,0,0,NA,0,18760,LOUMONT DR,MUIRLANDS BL,0,NA,Y,A,-,N,NA,NA,NA,NA,NA,NA,NA,NA,NA,N,3,0,1,2,A,-,09,21801,A,N,D,G,A,A,H,-,A,A,0,NA,Y,NA,NA,Y,NA,A,01,0,1,0,0,0,0,1,0,0,-,-,33.37413,-117.42127,ORANGE,LAKE FOREST,-117.7036301,33.62806003
8298644,2017,2017-02-21,3019,2017-01-24,0635,2460,SC,2,5,7,3019,0,0,0,NA,0,002,RENE DR,BORCHARD AV,180,N,N,A,-,N,NA,NA,NA,NA,NA,NA,NA,NA,NA,N,4,0,1,2,A,-,08,22107,NA,N,G,-,E,A,H,-,A,D,0,Y,NA,NA,NA,Y,NA,D,22,0,0,1,0,1,0,0,0,0,-,-,33.7279,-117.89073,ORANGE,SANTA ANA,-117.89075753,33.72858347
8299656,2017,2017-02-23,3022,2017-01-16,1732,1235,NORTH,1,5,5,3022,0,0,0,NA,0,NA,17TH ST,CARROLL WY,0,NA,Y,A,-,N,NA,NA,NA,NA,NA,NA,NA,NA,NA,N,4,0,1,2,A,-,12,21453,A,N,A,C,A,A,H,-,C,A,0,NA,NA,NA,NA,Y,NA,A,01,0,0,1,0,0,0,0,0,0,-,-,33.75975,-117.82928,ORANGE,TUSTIN,-117.82912013,33.75988001
82996967,2024,2024-07-31,3019,2024-07-23,1020,3942,NA,2,5,7,3019,0,0,0,NA,0,001,MCFADDEN AVENUE,STANDARD AVENUE,60,E,N,A,-,N,NA,NA,NA,NA,NA,NA,NA,NA,NA,N,3,0,1,2,D,-,00,NA,NA,N,C,C,A,A,H,-,A,A,0,NA,NA,NA,NA,Y,NA,-,-,0,1,0,0,0,0,0,0,0,-,-,33.73263931274414,-117.85672760009766,ORANGE,SANTA ANA,-117.85621643066406,33.733619689941406
8299985,2017,2017-03-01,3003,2017-01-16,1808,1124,75,1,5,5,3003,0,0,0,NA,0,004,WESTERN AV,EL VERANO DR,96,S,N,B,-,N,NA,NA,NA,NA,NA,NA,NA,NA,NA,Y,4,0,2,2,A,-,08,22103,NA,N,D,C,A,A,H,-,C,D,0,NA,NA,NA,NA,Y,NA,A,01,0,0,2,0,0,0,0,0,0,-,-,33.8533,-118.0022,ORANGE,BUENA PARK,-118.00241,33.85260679
8300382,2017,2017-02-08,3022,2017-01-04,1753,1193,NORTH,3,5,5,3022,0,0,0,NA,0,NA,RED HILL AV,LANCE DR,0,NA,Y,A,-,N,NA,NA,NA,NA,NA,NA,NA,NA,NA,Y,3,0,4,3,A,-,03,22350,NA,N,C,C,A,A,H,-,A,A,0,NA,NA,NA,NA,Y,NA,D,22,0,1,3,0,0,0,0,0,0,-,-,33.73823,-117.8108,ORANGE,TUSTIN,-117.81091006,33.73813002
8300750,2017,2017-02-10,3000,2017-01-09,1049,1916,891D5,1,5,4,3045,0,0,0,NA,0,745,LAKE FOREST DR,MOULTON PKWY,110,E,N,B,-,N,NA,NA,NA,NA,NA,NA,NA,NA,NA,Y,4,0,2,3,A,-,03,22350,NA,N,C,C,A,B,H,-,A,A,0,NA,NA,NA,NA,Y,NA,A,07,0,0,2,0,0,0,0,0,0,-,-,NA,NA,ORANGE,LAGUNA HILLS,-117.72975421,33.62935265
8301526,2017,2017-02-13,3019,2017-01-15,1131,3338,SOUTH,7,5,7,3019,0,0,0,NA,0,168,EDINGER AV,SYCAMORE ST,0,NA,Y,A,-,N,NA,NA,NA,NA,NA,NA,NA,NA,NA,N,4,0,1,2,A,-,09,21801,A,N,D,C,A,A,H,-,A,D,0,NA,NA,NA,NA,Y,NA,A,01,0,0,1,0,0,0,0,0,0,-,-,NA,NA,ORANGE,SANTA ANA,-117.86884004,33.72728007
8301595,2017,2017-02-10,3019,2017-01-13,2025,3482,NORTH,5,5,7,3019,0,0,0,NA,0,002,1ST ST,GOLDEN CIR,200,W,N,C,-,N,NA,NA,NA,NA,NA,NA,NA,NA,NA,N,3,0,1,1,C,-,18,NA,NA,N,F,A,A,A,H,-,C,D,0,NA,Y,NA,NA,Y,NA,-,-,0,1,0,0,0,0,1,0,0,-,-,NA,NA,ORANGE,SANTA ANA,-117.8388863,33.7457
8301687,2017,2018-01-17,3014,2017-01-26,1137,1046,RD26,4,5,5,3014,0,0,0,NA,0,0A2,RT 1,DOVER DR,175,W,N,A,-,Y,ORA,12,1,-,R,18.48,H,-,N,N,3,0,1,2,A,-,08,22107,NA,N,H,G,A,A,H,-,A,D,0,NA,Y,NA,NA,Y,NA,A,08,0,1,0,0,0,0,1,0,0,-,-,33.6162,-117.9079,ORANGE,NEWPORT BEACH,-117.90780999,33.61616199
8303462,2017,2017-02-08,3004,2017-01-11,1712,P543,25,3,5,6,3004,0,0,0,NA,0,004,HARBOR BL,SCENIC AV,0,NA,Y,B,-,N,NA,NA,NA,NA,NA,NA,NA,NA,NA,Y,4,0,4,4,A,-,03,22350,NA,N,C,C,A,B,H,-,C,A,0,NA,NA,NA,NA,Y,NA,A,01,0,0,4,0,0,0,0,0,0,-,-,33.4152,-117.551,ORANGE,COSTA MESA,-117.91961003,33.6992001
8303467,2017,2017-02-16,3010,2017-01-24,1712,2153,149,2,5,6,3010,0,0,0,NA,0,007,HEIL AV,EDWARDS ST,0,NA,Y,A,-,N,NA,NA,NA,NA,NA,NA,NA,NA,NA,Y,4,0,2,2,A,-,09,21801,A,N,D,C,A,A,H,-,B,A,0,NA,NA,NA,NA,Y,NA,A,01,0,0,2,0,0,0,0,0,0,-,-,NA,NA,ORANGE,HUNTINGTON BEACH,-118.01549009,33.72274003
8305916,2016,2017-02-21,3004,2016-12-26,0047,P636,24,1,5,6,3004,0,0,0,NA,0,015,SUNFLOWER AV,SMALLEY RD,39,W,N,A,-,N,NA,NA,NA,NA,NA,NA,NA,NA,NA,Y,4,0,1,2,A,-,08,22100,A,N,D,C,A,A,H,-,C,A,0,NA,NA,Y,NA,Y,NA,A,01,0,0,1,0,0,0,0,0,1,-,-,33.696,-117.9008,ORANGE,COSTA MESA,-117.90100791,33.69631951
8306039,2017,2017-02-24,3019,2017-01-26,1134,2875,NE,4,5,7,3019,0,0,0,NA,0,002,1ST ST,ROSS ST,15,E,N,A,-,N,NA,NA,NA,NA,NA,NA,NA,NA,NA,N,4,0,1,2,A,-,03,22350,NA,N,C,C,A,A,H,-,A,A,0,NA,NA,NA,NA,Y,NA,A,01,0,0,1,0,0,0,0,0,0,-,-,33.7454,-117.87219,ORANGE,SANTA ANA,-117.87239078,33.74542967
83097306,2024,2024-08-01,3019,2024-06-08,1133,3814,NA,6,5,7,3019,0,0,0,NA,0,004,BRISTOL STREET,CENTRAL AVENUE,135,N,N,A,-,N,NA,NA,NA,NA,NA,NA,NA,NA,NA,N,3,0,1,2,A,-,03,22350,NA,N,A,G,A,A,H,-,A,D,0,NA,Y,NA,NA,Y,NA,M,91,0,1,0,0,0,0,1,0,0,-,-,33.71202087402344,-117.88614654541016,ORANGE,SANTA ANA,-117.88539123535156,33.71297073364258
83097343,2024,2024-08-02,3008,2024-06-19,1618,1387,NA,3,5,6,3008,0,0,0,NA,0,NA,EUCLID ST,ORANGETHORPE AVE,20,N,N,A,-,N,NA,NA,NA,NA,NA,NA,NA,NA,NA,Y,3,0,2,3,A,-,03,22350,NA,N,D,G,A,A,H,-,A,A,0,NA,Y,NA,NA,Y,NA,D,22,0,2,0,0,0,0,2,0,0,-,-,NA,NA,ORANGE,FULLERTON,-117.94183349609376,33.859405517578125
8311447,2017,2017-06-27,3024,2017-01-18,0047,382,P25,3,5,5,3024,0,0,0,NA,0,EAST,RT 39,BOLSA AV,290,N,N,A,-,Y,ORA,12,39,-,-,6.69,H,-,N,Y,2,0,2,2,A,-,01,23152,A,M,C,E,A,A,H,-,C,A,0,NA,NA,NA,Y,Y,Y,A,08,2,0,0,0,0,0,0,0,0,-,-,NA,NA,ORANGE,WESTMINSTER,-117.98940981,33.74545333
8311634,2017,2017-03-06,3002,2017-01-28,1600,1648,528X,6,5,4,3002,0,0,0,NA,0,013,STATE COLLEGE BL,BIRCH ST,190,N,N,A,-,N,NA,NA,NA,NA,NA,NA,NA,NA,NA,N,4,0,1,2,A,-,03,22350,NA,N,C,D,A,A,H,-,A,A,0,NA,NA,NA,NA,Y,NA,A,07,0,0,1,0,0,0,0,0,0,-,-,NA,NA,ORANGE,BREA,-117.88296107,33.91841063
8311918,2017,2017-02-23,3009,2017-02-03,0926,4021,123,5,5,6,3009,0,0,0,NA,0,021,EUCLID,MARIAN,0,NA,Y,C,-,N,NA,NA,NA,NA,NA,NA,NA,NA,NA,N,4,0,1,2,A,-,09,21453,B,N,-,B,B,B,H,-,A,A,0,Y,NA,NA,NA,Y,NA,A,01,0,0,1,0,1,0,0,0,0,-,-,NA,NA,ORANGE,GARDEN GROVE,-117.94124002,33.78640008
8312006,2016,2017-03-17,3000,2016-11-21,1727,8998,952F6,1,5,4,3018,0,0,0,NA,0,130,ORTEGA HWY,EL CAMINO REAL,0,NA,Y,A,-,N,NA,NA,NA,NA,NA,NA,NA,NA,NA,Y,4,0,2,2,A,-,09,21801,A,N,A,C,A,A,H,-,C,A,0,NA,NA,NA,NA,Y,NA,D,22,0,0,2,0,0,0,0,0,0,-,-,NA,NA,ORANGE,SAN JUAN CAPISTRANO,-117.66172007,33.50178002
8312079,2017,2017-02-27,3015,2017-01-24,1721,1300,21W,2,5,6,3015,0,0,0,NA,0,III,CHAPMAN AV,LEWIS ST,0,NA,Y,A,-,N,NA,NA,NA,NA,NA,NA,NA,NA,NA,Y,4,0,1,2,A,-,01,23152,A,M,D,C,A,A,H,-,A,A,0,NA,NA,NA,NA,Y,Y,-,-,0,0,1,0,0,0,0,0,0,-,-,NA,NA,ORANGE,ORANGE,-117.89751005,33.78898011