CASE_ID,ACCIDENT_YEAR,PROC_DATE,JURIS,COLLISION_DATE,COLLISION_TIME,OFFICER_ID,REPORTING_DISTRICT,DAY_OF_WEEK,CHP_SHIFT,POPULATION,CNTY_CITY_LOC,SPECIAL_COND,BEAT_TYPE,CHP_BEAT_TYPE,CITY_DIVISION_LAPD,CHP_BEAT_CLASS,BEAT_NUMBER,PRIMARY_RD,SECONDARY_RD,DISTANCE,DIRECTION,INTERSECTION,WEATHER_1,WEATHER_2,STATE_HWY_IND,CALTRANS_COUNTY,CALTRANS_DISTRICT,STATE_ROUTE,ROUTE_SUFFIX,POSTMILE_PREFIX,POSTMILE,LOCATION_TYPE,RAMP_INTERSECTION,SIDE_OF_HWY,TOW_AWAY,COLLISION_SEVERITY,NUMBER_KILLED,NUMBER_INJURED,PARTY_COUNT,PRIMARY_COLL_FACTOR,PCF_CODE_OF_VIOL,PCF_VIOL_CATEGORY,PCF_VIOLATION,PCF_VIOL_SUBSECTION,HIT_AND_RUN,TYPE_OF_COLLISION,MVIW,PED_ACTION,ROAD_SURFACE,ROAD_COND_1,ROAD_COND_2,LIGHTING,CONTROL_DEVICE,CHP_ROAD_TYPE,PEDESTRIAN_ACCIDENT,BICYCLE_ACCIDENT,MOTORCYCLE_ACCIDENT,TRUCK_ACCIDENT,NOT_PRIVATE_PROPERTY,ALCOHOL_INVOLVED,STWD_VEHTYPE_AT_FAULT,CHP_VEHTYPE_AT_FAULT,COUNT_SEVERE_INJ,COUNT_VISIBLE_INJ,COUNT_COMPLAINT_PAIN,COUNT_PED_KILLED,COUNT_PED_INJURED,COUNT_BICYCLIST_KILLED,COUNT_BICYCLIST_INJURED,COUNT_MC_KILLED,COUNT_MC_INJURED,PRIMARY_RAMP,SECONDARY_RAMP,LATITUDE,LONGITUDE,COUNTY,CITY,POINT_X,POINT_Y
8342861,2017,2017-06-30,3024,2017-02-17,0009,177,NA,5,5,5,3024,0,0,0,NA,0,EAST,MCFADDEN AV,RT 39,57,E,N,A,-,Y,ORA,12,39,-,-,6.141,I,6,N,Y,4,0,1,2,B,-,22,NA,NA,N,C,E,A,A,H,-,C,D,0,NA,NA,NA,NA,Y,NA,A,01,0,0,1,0,0,0,0,0,0,-,-,NA,NA,ORANGE,WESTMINSTER,-117.98930965,33.7374508
8343406,2017,2017-04-11,3022,2017-03-25,1316,1309,NA,6,5,5,3022,0,0,0,NA,0,NA,IRVINE BL,ELIZABETH WY,97,E,N,A,-,N,NA,NA,NA,NA,NA,NA,NA,NA,NA,N,4,0,2,2,A,-,09,21801,A,N,D,C,A,A,H,-,A,A,0,NA,NA,NA,NA,Y,NA,A,01,0,0,2,0,0,0,0,0,0,-,-,33.74769,-117.80848,ORANGE,TUSTIN,-117.8086273,33.74768835
8344227,2017,2017-06-02,3008,2017-01-05,1402,1117,NA,4,5,6,3008,0,0,0,NA,0,0Z1,GILBERT ST,COMMONWEALTH AV,10,E,N,B,-,N,NA,NA,NA,NA,NA,NA,NA,NA,NA,Y,4,0,2,2,A,-,09,21453,B,N,D,C,A,B,H,-,A,A,0,NA,NA,NA,NA,Y,NA,A,08,0,0,2,0,0,0,0,0,0,-,-,NA,NA,ORANGE,FULLERTON,-117.96822,33.87005
8344247,2017,2017-05-31,3014,2017-03-25,1247,1418,RD36,6,5,5,3014,0,0,0,NA,0,0A3,UNIVERSITY DR,RT 73,0,NA,Y,A,-,N,NA,NA,NA,NA,NA,NA,NA,NA,NA,N,3,0,1,2,A,-,17,21461,A,N,H,G,A,A,H,-,A,A,0,NA,Y,NA,NA,Y,NA,L,04,0,1,0,0,0,0,1,0,0,-,-,33.6494,-117.8621,ORANGE,NEWPORT BEACH,-117.86175006,33.6498801
8344870,2017,2017-04-20,3019,2017-04-08,1823,3438,NE,6,5,7,3019,0,0,0,NA,0,002,WASHINGTON AV,BUSH ST,0,NA,Y,A,-,N,NA,NA,NA,NA,NA,NA,NA,NA,NA,Y,2,0,3,2,A,-,01,23152,A,N,D,C,A,A,H,-,A,D,0,NA,NA,NA,NA,Y,Y,A,01,2,0,1,0,0,0,0,0,0,-,-,33.75583,-117.86648,ORANGE,SANTA ANA,-117.86641005,33.75559012
8345520,2017,2017-04-13,3001,2017-03-12,1310,1288,NA,7,5,7,3001,0,0,0,NA,0,0D1,W SEQUOIA AV,N MORAGA ST,9,E,N,A,-,N,NA,NA,NA,NA,NA,NA,NA,NA,NA,Y,4,0,1,1,A,-,01,23152,A,N,E,I,A,A,H,-,A,D,0,NA,NA,NA,NA,Y,Y,A,01,0,0,1,0,0,0,0,0,0,-,-,NA,NA,ORANGE,ANAHEIM,-117.96514115,33.84641459
8348863,2017,2018-03-21,3004,2017-04-22,0847,P651,02,6,5,6,3004,0,0,0,NA,0,015,NEWPORT BL,HARBOR BL,0,NA,Y,A,-,N,NA,NA,55,NA,NA,NA,NA,NA,NA,N,4,0,1,2,A,-,03,22350,NA,N,C,C,A,A,H,-,A,A,0,NA,NA,NA,NA,Y,NA,A,08,0,0,1,0,0,0,0,0,0,-,-,33.6411,-117.9185,ORANGE,COSTA MESA,-117.9186464,33.64124547
8349340,2017,2017-04-20,3012,2017-03-30,1016,424,36,4,5,5,3012,0,0,0,NA,0,0SW,LAMBERT,IDAHO,56,E,N,A,-,N,NA,NA,NA,NA,NA,NA,NA,NA,NA,N,4,0,1,2,A,-,08,22100,A,N,D,A,A,A,H,-,A,A,0,NA,NA,NA,NA,Y,NA,A,01,0,0,1,0,0,0,0,0,0,-,-,NA,NA,ORANGE,LA HABRA,-117.95899582,33.92466
8350461,2017,2017-04-24,3001,2017-03-21,1801,1410,NA,2,5,7,3001,0,0,0,NA,0,0D3,EUCLID ST,W TEDMAR AV,45,N,N,C,-,N,NA,NA,NA,NA,NA,NA,NA,NA,NA,N,4,0,2,2,A,-,03,22350,NA,N,C,C,A,B,H,-,A,D,0,NA,NA,NA,NA,Y,NA,A,01,0,0,2,0,0,0,0,0,0,-,-,NA,NA,ORANGE,ANAHEIM,-117.94148,33.82671337
8350511,2017,2017-04-25,3004,2017-03-11,1802,P651,09,6,5,6,3004,0,0,0,NA,0,012,VICTORIA ST,MAPLE ST,332,E,N,B,-,N,NA,NA,NA,NA,NA,NA,NA,NA,NA,Y,3,0,5,4,A,-,03,22350,NA,N,C,C,A,A,H,-,C,A,0,NA,NA,NA,NA,Y,NA,A,01,0,1,4,0,0,0,0,0,0,-,-,33.65252,-117.92162,ORANGE,COSTA MESA,-117.92171182,33.65254
8350637,2017,2017-04-28,3022,2017-04-07,1617,1193,NORTH,5,5,5,3022,0,0,0,NA,0,NA,NEWPORT AV,EL CAMINO REAL,137,S,N,A,-,N,NA,NA,NA,NA,NA,NA,NA,NA,NA,N,2,0,1,2,A,-,09,21804,A,N,D,G,A,A,H,-,A,A,0,NA,Y,NA,NA,Y,NA,D,22,1,0,0,0,0,0,1,0,0,-,-,33.73807,-117.82226,ORANGE,TUSTIN,-117.82250619,33.73784381
8350699,2017,2017-04-26,3001,2017-03-22,1440,406,NA,3,5,7,3001,0,0,0,NA,0,WEST,WEST BALL RD,S SHARON CIR,95,E,N,A,-,N,NA,NA,NA,NA,NA,NA,NA,NA,NA,Y,3,0,1,4,A,-,03,22350,NA,N,C,C,A,A,H,-,A,D,0,NA,NA,NA,NA,Y,NA,A,01,0,1,0,0,0,0,0,0,0,-,-,NA,NA,ORANGE,ANAHEIM,-117.98261798,33.81752367
8351081,2017,2017-05-02,3010,2017-04-15,2032,1226,477,6,5,6,3010,0,0,0,NA,0,002,HAMILTON,BROOKHURST,0,NA,Y,A,-,N,NA,NA,NA,NA,NA,NA,NA,NA,NA,Y,3,0,1,2,A,-,09,21800,D,F,D,C,A,A,H,-,E,B,0,NA,NA,NA,NA,Y,NA,A,01,0,1,0,0,0,0,0,0,0,-,-,NA,NA,ORANGE,HUNTINGTON BEACH,-117.95369002,33.65059007
8351207,2017,2017-04-28,3024,2017-03-30,0136,175,P17,4,5,5,3024,0,0,0,NA,0,WEST,WESTMINSTER BL,OLIVE ST,0,NA,Y,A,-,N,NA,NA,NA,NA,NA,NA,NA,NA,NA,Y,3,0,5,2,A,-,12,21453,A,N,D,D,A,A,H,-,C,A,0,NA,NA,NA,NA,Y,NA,A,01,0,3,2,0,0,0,0,0,0,-,-,NA,NA,ORANGE,WESTMINSTER,-118.00061008,33.75916004
8351770,2017,2018-03-21,3014,2017-04-07,0956,1462,RD44,5,5,5,3014,0,0,0,NA,0,0A4,RT 1,JASMINE AV,130,W,N,A,-,N,NA,NA,NA,NA,NA,NA,NA,NA,NA,N,4,0,1,2,A,-,09,21802,A,N,B,C,A,A,H,-,A,D,0,NA,NA,NA,NA,Y,NA,A,01,0,0,1,0,0,0,0,0,0,-,-,33.598,-117.871,ORANGE,NEWPORT BEACH,-117.87255313,33.59783156
8351807,2017,2017-05-04,3019,2017-01-21,1738,3195,SC,6,5,7,3019,0,0,0,NA,0,004,BRISTOL,MACARTHUR,150,S,N,A,-,N,NA,NA,NA,NA,NA,NA,NA,NA,NA,Y,4,0,4,6,C,-,18,NA,NA,N,C,C,A,A,H,-,B,A,0,NA,NA,NA,NA,Y,NA,-,-,0,0,4,0,0,0,0,0,0,-,-,NA,NA,ORANGE,SANTA ANA,-117.88561,33.69966878
8352274,2017,2017-06-10,3008,2017-03-17,1132,1381,NA,5,5,6,3008,0,0,0,NA,0,0Z3,YORBA LINDA BL,DEERPARK DR,528,W,N,A,-,N,NA,NA,NA,NA,NA,NA,NA,NA,NA,Y,4,0,1,2,A,-,01,23152,A,N,C,C,A,A,H,-,A,A,0,NA,NA,NA,NA,Y,NA,A,01,0,0,1,0,0,0,0,0,0,-,-,NA,NA,ORANGE,FULLERTON,-117.87862508,33.88911408
8352436,2017,2017-06-10,3001,2017-03-23,1138,2115,NA,4,5,7,3001,0,0,0,NA,0,0D1,S DALLAS ST,W CHANTICLEER RD,69,N,N,A,-,N,NA,NA,NA,NA,NA,NA,NA,NA,NA,Y,3,0,2,1,A,-,03,22350,NA,N,E,I,A,A,H,-,A,D,0,NA,NA,NA,NA,Y,NA,A,01,0,1,1,0,0,0,0,0,0,-,-,NA,NA,ORANGE,ANAHEIM,-117.95412,33.81285918
8352499,2017,2017-05-10,3000,2017-04-25,0955,9684,921D6,2,5,4,3049,0,0,0,NA,0,745,PACIFIC PARK DR,WOOD CANYON DR,21,N,N,B,-,N,NA,NA,NA,NA,NA,NA,NA,NA,NA,N,4,0,1,2,A,-,03,22350,NA,N,C,C,A,A,H,-,A,A,0,NA,NA,NA,NA,Y,NA,A,01,0,0,1,0,0,0,0,0,0,-,-,NA,NA,ORANGE,ALISO VIEJO,-117.73491904,33.57160952
8352737,2017,2017-05-22,3000,2017-04-21,1901,8926,971H4,5,5,4,3029,0,0,0,NA,0,735,CHELTAM WY,SHERWOOD WY,0,NA,Y,A,-,N,NA,NA,NA,NA,NA,NA,NA,NA,NA,Y,3,0,1,2,A,-,09,21801,A,N,A,C,A,A,H,-,B,D,0,NA,NA,NA,NA,Y,NA,A,01,0,1,0,0,0,0,0,0,0,-,-,NA,NA,ORANGE,DANA POINT,-117.69551001,33.47689004
8353263,2017,2017-04-26,3007,2017-04-14,0800,299,54,5,5,5,3007,0,0,0,NA,0,003,SLATER,DOLPHIN,0,NA,Y,A,-,N,NA,NA,NA,NA,NA,NA,NA,NA,NA,N,4,0,1,2,A,-,10,21952,NA,N,A,G,A,A,H,-,A,D,0,NA,Y,NA,NA,Y,NA,A,01,0,0,1,0,0,0,1,0,0,-,-,NA,NA,ORANGE,FOUNTAIN VALLEY,-117.96146004,33.70880005
8353341,2017,2017-04-28,3026,2017-03-31,1313,4991,ORANG,5,5,6,3026,0,0,0,NA,0,00U,CULVER,CHUCK KEITH WY,98,N,N,A,-,N,NA,NA,NA,NA,NA,NA,NA,NA,NA,Y,4,0,3,3,A,-,03,22350,NA,N,C,C,A,A,H,-,A,A,0,NA,NA,NA,NA,Y,NA,A,01,0,0,3,0,0,0,0,0,0,-,-,NA,NA,ORANGE,IRVINE,-117.825716,33.651845
8353355,2017,2017-05-05,3015,2017-03-29,0929,1171,54W,3,5,6,3015,0,0,0,NA,0,232,EAST CHAPMAN AV,JAMES ST,341,E,N,A,-,N,NA,NA,NA,NA,NA,NA,NA,NA,NA,Y,4,0,2,4,A,-,08,22107,NA,N,B,C,A,A,H,-,A,D,0,NA,NA,NA,Y,Y,NA,F,27,0,0,2,0,0,0,0,0,0,-,-,NA,NA,ORANGE,ORANGE,-117.81248055,33.78777393
8353904,2017,2017-05-01,3026,2017-03-29,0525,470,NA,3,5,6,3026,0,0,0,NA,0,00C,IRVINE CENTER DR,BARRANCA,0,NA,Y,A,-,N,NA,NA,NA,NA,NA,NA,NA,NA,NA,Y,3,0,2,2,A,-,12,21453,A,N,D,C,A,A,H,-,C,A,0,NA,NA,NA,NA,Y,NA,A,01,0,2,0,0,0,0,0,0,0,-,-,NA,NA,ORANGE,IRVINE,-117.75032003,33.65927002
8354805,2016,2017-05-08,3008,2016-11-23,0832,1448,NJC,3,5,6,3008,0,0,0,NA,0,003,ORANGETHORPE AV,PLACENTIA AV,200,W,N,A,-,N,NA,NA,NA,NA,NA,NA,NA,NA,NA,N,4,0,1,2,A,-,07,21658,A,N,B,C,A,A,H,-,A,D,0,NA,NA,NA,NA,Y,NA,A,01,0,0,1,0,0,0,0,0,0,-,-,NA,NA,ORANGE,FULLERTON,-117.88380287,33.85967
8357927,2017,2017-12-26,3000,2017-03-15,1228,9154,797J6,3,5,4,3021,0,0,0,NA,0,023,BEACH BL,GARDEN GROVE BL,0,NA,Y,A,-,Y,ORA,12,22,U,-,3.45,H,-,E,Y,4,0,2,2,A,-,12,21453,A,N,D,C,A,A,H,-,A,A,0,NA,NA,NA,NA,Y,NA,A,07,0,0,2,0,0,0,0,0,0,-,-,NA,NA,ORANGE,STANTON,-117.99279312,33.77379484
8357989,2017,2017-05-23,3010,2017-04-27,2317,1225,283,4,5,6,3010,0,0,0,NA,0,006,RT 39,NEWMAN AV,0,NA,Y,A,-,Y,NA,NA,NA,NA,NA,NA,NA,NA,NA,Y,4,0,2,2,D,-,00,NA,NA,N,D,C,A,A,H,-,A,A,0,NA,NA,NA,NA,Y,NA,-,-,0,0,2,0,0,0,0,0,0,-,-,NA,NA,ORANGE,HUNTINGTON BEACH,NA,NA
8358077,2017,2017-05-02,3003,2017-04-19,1415,665,23,3,5,5,3003,0,0,0,NA,0,008,STANTON AV,CRESCENT AV,0,NA,Y,A,-,N,NA,NA,NA,NA,NA,NA,NA,NA,NA,Y,4,0,1,2,A,-,08,22107,NA,N,D,C,A,A,H,-,A,A,0,NA,NA,NA,NA,Y,NA,A,01,0,0,1,0,0,0,0,0,0,-,-,33.8392,-117.9936,ORANGE,BUENA PARK,-117.99365001,33.83940003
8358920,2017,2017-05-08,3024,2017-02-06,1501,167,P08,1,5,5,3024,0,0,0,NA,0,WEST,SPRINGDALE ST,NAVAJO RD,648,N,N,A,-,N,NA,NA,NA,NA,NA,NA,NA,NA,NA,Y,4,0,1,3,A,-,05,21650,NA,N,B,C,A,A,H,-,A,A,0,NA,NA,NA,NA,Y,NA,A,01,0,0,1,0,0,0,0,0,0,-,-,NA,NA,ORANGE,WESTMINSTER,-118.02564,33.76506785
8360535,2017,2017-05-17,3009,2017-04-29,1108,3927,106,6,5,6,3009,0,0,0,NA,0,103,BROOKHURST ST,TRAYLOR WY,0,NA,N,A,-,N,NA,NA,NA,NA,NA,NA,NA,NA,NA,Y,4,0,1,2,A,-,12,21453,A,N,D,C,A,A,H,-,A,A,0,NA,NA,NA,NA,Y,NA,A,01,0,0,1,0,0,0,0,0,0,-,-,NA,NA,ORANGE,GARDEN GROVE,-117.95490004,33.76261005
8361079,2017,2017-06-27,3000,2017-03-15,0750,9684,891D5,3,5,4,3045,0,0,0,NA,0,745,LAKE FOREST DR,AVENIDA DE LA CARLOTA,49,W,N,A,-,Y,ORA,12,5,-,-,20.178,R,4,S,Y,4,0,1,2,A,-,12,21453,A,N,D,C,A,A,H,-,A,A,0,NA,NA,NA,NA,Y,NA,D,22,0,0,1,0,0,0,0,0,0,-,-,NA,NA,ORANGE,LAGUNA HILLS,-117.72412433,33.63143649
8361146,2017,2017-05-22,3001,2017-03-26,1904,A1252,NA,7,5,7,3001,0,0,0,NA,0,0D1,W LINCOLN AV,WESTERN AV,127,W,N,B,-,N,NA,NA,NA,NA,NA,NA,NA,NA,NA,N,4,0,1,2,A,-,01,23152,A,N,C,C,A,A,H,-,B,A,0,NA,NA,NA,NA,Y,Y,D,22,0,0,1,0,0,0,0,0,0,-,-,NA,NA,ORANGE,ANAHEIM,-118.00268725,33.83203
8361326,2017,2017-05-18,3002,2017-04-14,1715,3893,741A6,5,5,5,3025,0,0,0,NA,0,004,SAVI RANCH PKWY,YORBA LINDA BL,14,E,N,A,-,N,NA,NA,NA,NA,NA,NA,NA,NA,NA,N,4,0,1,2,A,-,21,22106,NA,N,D,G,A,A,H,-,A,A,0,NA,Y,NA,NA,Y,NA,A,08,0,0,1,0,0,0,1,0,0,-,-,NA,NA,ORANGE,YORBA LINDA,-117.74689278,33.87351256
8361495,2017,2017-05-18,3001,2017-04-05,0147,2115,NA,3,5,7,3001,0,0,0,NA,0,0D2,E LINCOLN AV,N ROSE ST,356,W,N,A,-,N,NA,NA,NA,NA,NA,NA,NA,NA,NA,Y,2,0,1,1,A,-,08,22103,NA,N,E,I,A,A,H,-,C,D,0,NA,NA,NA,NA,Y,NA,A,01,1,0,0,0,0,0,0,0,0,-,-,NA,NA,ORANGE,ANAHEIM,-117.90513114,33.83770336
8361715,2017,2017-05-22,3019,2017-05-08,1328,3150,NE,1,5,7,3019,0,0,0,NA,0,002,3RD ST,LACY ST,600,W,N,A,-,N,NA,NA,NA,NA,NA,NA,NA,NA,NA,Y,3,0,3,2,A,-,01,23152,G,N,D,C,A,A,H,-,A,D,0,NA,NA,NA,NA,Y,Y,A,01,0,3,0,0,0,0,0,0,0,-,-,33.74726,-117.8608,ORANGE,SANTA ANA,-117.86256896,33.74710922
8361813,2016,2017-05-16,3008,2016-06-03,1653,1508,NA,5,5,6,3008,0,0,0,NA,0,NA,LEMON ST,ORANGETHORPE AV,0,NA,Y,A,-,N,NA,NA,NA,NA,NA,NA,NA,NA,NA,Y,3,0,2,3,A,-,05,21460,A,N,A,C,A,A,H,-,A,A,0,NA,NA,NA,NA,Y,NA,A,01,0,2,0,0,0,0,0,0,0,-,-,NA,NA,ORANGE,FULLERTON,-117.91987002,33.85951001
8362689,2017,2017-05-12,3004,2017-05-02,1954,P603,02,2,5,6,3004,0,0,0,NA,0,015,ANAHEIM AV,TERMINAL WY,97,N,N,A,-,N,NA,NA,NA,NA,NA,NA,NA,NA,NA,Y,4,0,2,3,A,-,01,23153,A,N,C,E,A,A,H,-,C,D,0,NA,NA,NA,NA,Y,Y,A,01,0,0,2,0,0,0,0,0,0,-,-,33.63756,-117.92324,ORANGE,COSTA MESA,-117.92328201,33.63779593
8363428,2017,2017-05-23,3015,2017-04-10,2200,1531,27E,1,5,6,3015,0,0,0,NA,0,323,N BATAVIA ST,W FLETCHER AV,0,NA,Y,A,-,N,NA,NA,NA,NA,NA,NA,NA,NA,NA,Y,4,0,1,2,A,-,09,21801,A,N,D,C,A,A,H,-,C,A,0,NA,NA,NA,Y,Y,NA,A,01,0,0,1,0,0,0,0,0,0,-,-,NA,NA,ORANGE,ORANGE,-117.86184008,33.82961001
8363453,2017,2017-06-05,3015,2017-04-05,1553,1559,44S,3,5,6,3015,0,0,0,NA,0,711,EAST CHAPMAN AV,HEWES ST,144,E,N,A,-,N,NA,NA,NA,NA,NA,NA,NA,NA,NA,Y,4,0,1,2,A,-,09,21804,A,N,D,C,A,A,H,-,A,D,0,NA,NA,NA,NA,Y,NA,A,01,0,0,1,0,0,0,0,0,0,-,-,NA,NA,ORANGE,ORANGE,-117.80523725,33.78774
8367058,2017,2017-05-30,3000,2017-04-21,1530,1916,921J2,5,5,4,3045,0,0,0,NA,0,746,PASEO DE VALENCIA,ALISAL AV,45,N,N,A,-,N,NA,NA,NA,NA,NA,NA,NA,NA,NA,Y,3,0,1,2,A,-,06,21750,NA,N,C,C,A,A,H,-,A,D,0,NA,NA,NA,NA,Y,NA,D,23,0,1,0,0,0,0,0,0,0,-,-,NA,NA,ORANGE,LAGUNA HILLS,-117.68960278,33.59349577
8367121,2017,2017-05-25,3016,2017-04-06,1621,2157,25,4,5,5,3016,0,0,0,NA,0,002,ORANGETHORPE AV,MELROSE ST,58,E,N,A,-,N,NA,NA,NA,NA,NA,NA,NA,NA,NA,Y,4,0,1,4,A,-,03,22350,NA,N,C,C,A,A,H,-,A,A,0,NA,NA,NA,NA,Y,NA,A,01,0,0,1,0,0,0,0,0,0,-,-,33.86191,-117.8748,ORANGE,PLACENTIA,-117.87464792,33.86195699
8368021,2017,2017-05-30,3019,2017-04-22,1725,3448,SE,6,5,7,3019,0,0,0,NA,0,003,FLOWER ST,MCFADDEN AV,0,NA,Y,A,-,N,NA,NA,NA,NA,NA,NA,NA,NA,NA,Y,3,0,3,3,A,-,12,21453,A,N,D,C,A,A,H,-,A,A,0,NA,NA,NA,NA,Y,NA,D,22,0,1,2,0,0,0,0,0,0,-,-,33.73449,-117.87647,ORANGE,SANTA ANA,-117.87646011,33.73450003
8368415,2017,2017-05-23,3019,2017-05-05,1159,3196,SE,5,5,7,3019,0,0,0,NA,0,003,GRAND AV,WARNER AV,275,N,N,B,-,N,NA,NA,NA,NA,NA,NA,NA,NA,NA,N,3,0,1,2,A,-,09,21804,A,N,D,C,A,A,H,-,A,D,0,NA,NA,NA,NA,Y,NA,A,01,0,1,0,0,0,0,0,0,0,-,-,33.71588,-117.8506,ORANGE,SANTA ANA,-117.85057,33.71665383
83686262,2024,2024-08-06,3001,2024-08-01,2051,A1397,NA,4,5,7,3001,0,0,0,NA,0,D-1,WESTERN AVENUE,DEL MONTE DRIVE,182,S,N,A,-,N,NA,NA,NA,NA,NA,NA,NA,NA,NA,Y,3,0,1,3,A,-,01,23152,F,N,B,E,A,A,H,-,C,D,0,NA,NA,NA,NA,Y,NA,A,01,0,1,0,0,0,0,0,0,0,-,-,NA,NA,ORANGE,ANAHEIM,-118.00221252441406,33.82929229736328
83686337,2024,2024-08-06,3008,2024-06-06,1605,1495,NA,4,5,6,3008,0,0,0,NA,0,NA,WOODS AVE,FRONTAGE RD,14,N,N,A,-,N,NA,NA,NA,NA,NA,NA,NA,NA,NA,N,3,0,1,2,A,-,09,21800,A,N,D,G,A,A,H,-,A,A,0,NA,Y,NA,NA,Y,NA,M,91,0,1,0,0,0,0,1,0,0,-,-,33.859500885009766,-117.93697357177734,ORANGE,FULLERTON,NA,NA
83686406,2024,2024-08-06,3002,2024-07-19,2136,1719,NA,5,5,4,3002,0,0,0,NA,0,013,BIRCH ST,MASON CT,17,W,N,A,-,N,NA,NA,NA,NA,NA,NA,NA,NA,NA,Y,3,0,1,3,A,-,00,23153,G,N,C,E,A,A,H,-,C,A,0,NA,NA,NA,NA,Y,Y,A,07,0,1,0,0,0,0,0,0,0,-,-,33.91769027709961,-117.89105224609376,ORANGE,BREA,-117.89114379882813,33.91769790649414
8370576,2017,2017-05-19,3001,2017-03-28,1259,2346,NA,2,5,7,3001,0,0,0,NA,0,0D2,E LINCOLN AV,N LA PLAZA,30,E,N,A,-,N,NA,NA,NA,NA,NA,NA,NA,NA,NA,N,4,0,1,3,A,-,03,22350,NA,N,C,C,A,A,H,-,A,D,0,NA,NA,NA,NA,Y,NA,A,01,0,0,1,0,0,0,0,0,0,-,-,NA,NA,ORANGE,ANAHEIM,-117.89851532,33.83904285
8370722,2017,2017-05-22,3019,2017-04-16,1508,3465,NE,7,5,7,3019,0,0,0,NA,0,002,1ST ST,LACY ST,0,NA,Y,A,-,N,NA,NA,NA,NA,NA,NA,NA,NA,NA,N,4,0,1,2,A,-,05,21650,1,N,G,G,A,A,H,-,A,D,0,NA,Y,NA,NA,Y,NA,L,04,0,0,1,0,0,0,1,0,0,-,-,33.74564,-117.86083000000001,ORANGE,SANTA ANA,-117.86058011,33.74558007
8371928,2017,2017-05-26,3013,2017-04-30,0858,190,NA,7,5,3,3013,0,0,0,NA,0,NA,BALL RD,BLOOMFIELD ST,0,NA,Y,A,-,N,NA,NA,NA,NA,NA,NA,NA,NA,NA,N,4,0,1,3,A,-,12,21453,A,N,H,C,A,B,H,-,A,A,0,NA,NA,NA,NA,Y,NA,D,22,0,0,1,0,0,0,0,0,0,-,-,NA,NA,ORANGE,LOS ALAMITOS,-118.06313003,33.81760009
8372624,2017,2017-06-08,3010,2017-04-16,1207,1118,442,7,5,6,3010,0,0,0,NA,0,003,DELAWARE,MEMPHIS,0,NA,Y,A,-,N,NA,NA,NA,NA,NA,NA,NA,NA,NA,Y,4,0,1,2,A,-,09,21801,A,N,D,C,A,A,H,-,A,D,0,NA,NA,NA,NA,Y,NA,A,01,0,0,1,0,0,0,0,0,0,-,-,NA,NA,ORANGE,HUNTINGTON BEACH,-117.99293012,33.66851011
8373854,2017,2017-05-24,3009,2017-05-13,1525,4558,135,6,5,6,3009,0,0,0,NA,0,023,NEWHOPE ST,JOLA AV,0,NA,Y,A,-,N,NA,NA,NA,NA,NA,NA,NA,NA,NA,N,3,0,1,2,A,-,05,21650,1,N,A,G,A,A,H,-,A,D,0,NA,Y,NA,NA,Y,Y,L,04,0,1,0,0,0,0,1,0,0,-,-,NA,NA,ORANGE,GARDEN GROVE,-117.92898002,33.76526011
8375065,2017,2017-06-02,3009,2017-05-18,2045,3579,135,4,5,6,3009,0,0,0,NA,0,023,NEWHOPE ST,TRASK AV,0,NA,Y,A,-,N,NA,NA,NA,NA,NA,NA,NA,NA,NA,Y,4,0,1,2,A,-,09,21801,A,N,A,C,A,A,H,-,C,A,0,NA,NA,NA,NA,Y,NA,A,01,0,0,1,0,0,0,0,0,0,-,-,NA,NA,ORANGE,GARDEN GROVE,-117.92902004,33.767
8375421,2017,2017-06-07,3026,2017-05-05,0851,4991,NA,5,5,6,3026,0,0,0,NA,0,00C,WEST YALE LOOP,MAIN ST,155,S,N,A,-,N,NA,NA,NA,NA,NA,NA,NA,NA,NA,Y,4,0,1,1,A,-,03,22350,NA,N,E,I,A,A,H,-,A,A,0,NA,NA,NA,NA,Y,NA,A,07,0,0,1,0,0,0,0,0,0,-,-,NA,NA,ORANGE,IRVINE,-117.81427624,33.67399468
8376289,2017,2018-04-23,3010,2017-05-04,1601,1016,252,4,5,6,3010,0,0,0,NA,0,007,RT 39,EDINGER,162,S,N,A,-,Y,ORA,12,39,-,-,5.9,H,-,S,N,3,0,1,1,A,-,01,21200,5,N,E,I,A,A,H,-,A,D,0,NA,Y,NA,NA,Y,Y,L,04,0,1,0,0,0,0,1,0,0,-,-,NA,NA,ORANGE,HUNTINGTON BEACH,-117.98949149,33.73398135
8376309,2017,2018-04-23,3010,2017-05-15,1802,3042,402,1,5,6,3010,0,0,0,NA,0,002,RT 1,HUNTINGTON,18,E,N,A,-,Y,ORA,12,1,-,-,24.26,H,-,S,N,3,0,1,2,A,-,10,21950,A,N,G,B,B,A,H,-,A,A,0,Y,NA,NA,NA,Y,NA,A,07,0,1,0,0,1,0,0,0,0,-,-,NA,NA,ORANGE,HUNTINGTON BEACH,-117.99554946,33.65305101
8376579,2017,2018-04-23,3010,2017-05-23,1828,205,461,2,5,6,3010,0,0,0,NA,0,004,RT 1,2ND,117,N,N,A,-,Y,ORA,12,1,-,-,24.64,H,-,N,N,3,0,1,2,A,-,11,21954,A,N,G,B,C,A,H,-,A,A,0,Y,NA,NA,NA,Y,NA,N,60,0,1,0,0,1,0,0,0,0,-,-,NA,NA,ORANGE,HUNTINGTON BEACH,-118.0008199,33.65636591
8376681,2017,2018-04-19,3024,2017-04-21,0112,363,P01,5,5,5,3024,0,0,0,NA,0,WEST,GARDEN GROVE BL,BOLSA CHICA RD,821,E,N,A,-,Y,ORA,12,405,-,-,20.277,R,4,N,Y,4,0,2,2,A,-,01,23152,A,N,D,C,A,A,H,-,C,A,0,NA,NA,NA,NA,Y,Y,A,01,0,0,2,0,0,0,0,0,0,-,-,NA,NA,ORANGE,WESTMINSTER,-118.03567061,33.77060504