CASE_ID,ACCIDENT_YEAR,PROC_DATE,JURIS,COLLISION_DATE,COLLISION_TIME,OFFICER_ID,REPORTING_DISTRICT,DAY_OF_WEEK,CHP_SHIFT,POPULATION,CNTY_CITY_LOC,SPECIAL_COND,BEAT_TYPE,CHP_BEAT_TYPE,CITY_DIVISION_LAPD,CHP_BEAT_CLASS,BEAT_NUMBER,PRIMARY_RD,SECONDARY_RD,DISTANCE,DIRECTION,INTERSECTION,WEATHER_1,WEATHER_2,STATE_HWY_IND,CALTRANS_COUNTY,CALTRANS_DISTRICT,STATE_ROUTE,ROUTE_SUFFIX,POSTMILE_PREFIX,POSTMILE,LOCATION_TYPE,RAMP_INTERSECTION,SIDE_OF_HWY,TOW_AWAY,COLLISION_SEVERITY,NUMBER_KILLED,NUMBER_INJURED,PARTY_COUNT,PRIMARY_COLL_FACTOR,PCF_CODE_OF_VIOL,PCF_VIOL_CATEGORY,PCF_VIOLATION,PCF_VIOL_SUBSECTION,HIT_AND_RUN,TYPE_OF_COLLISION,MVIW,PED_ACTION,ROAD_SURFACE,ROAD_COND_1,ROAD_COND_2,LIGHTING,CONTROL_DEVICE,CHP_ROAD_TYPE,PEDESTRIAN_ACCIDENT,BICYCLE_ACCIDENT,MOTORCYCLE_ACCIDENT,TRUCK_ACCIDENT,NOT_PRIVATE_PROPERTY,ALCOHOL_INVOLVED,STWD_VEHTYPE_AT_FAULT,CHP_VEHTYPE_AT_FAULT,COUNT_SEVERE_INJ,COUNT_VISIBLE_INJ,COUNT_COMPLAINT_PAIN,COUNT_PED_KILLED,COUNT_PED_INJURED,COUNT_BICYCLIST_KILLED,COUNT_BICYCLIST_INJURED,COUNT_MC_KILLED,COUNT_MC_INJURED,PRIMARY_RAMP,SECONDARY_RAMP,LATITUDE,LONGITUDE,COUNTY,CITY,POINT_X,POINT_Y
8402288,2017,2017-07-19,3001,2017-06-03,1056,1410,NA,6,5,7,3001,0,0,0,NA,0,0D3,WEST ORANGEWOOD AV,SOUTH 9TH ST,0,NA,Y,A,-,N,NA,NA,NA,NA,NA,NA,NA,NA,NA,N,4,0,1,2,A,-,12,21453,A,N,D,C,A,A,H,-,A,A,0,NA,NA,NA,NA,Y,Y,A,01,0,0,1,0,0,0,0,0,0,-,-,NA,NA,ORANGE,ANAHEIM,-117.93260002,33.79595003
8402332,2017,2017-07-19,3001,2017-06-19,2221,A1252,NA,1,5,7,3001,0,0,0,NA,0,0D1,BROADWAY,BROOKHURST ST,0,NA,Y,A,-,N,NA,NA,NA,NA,NA,NA,NA,NA,NA,Y,2,0,3,3,A,-,12,21453,A,N,D,C,A,A,H,-,C,A,0,NA,NA,NA,NA,Y,NA,A,01,1,0,2,0,0,0,0,0,0,-,-,NA,NA,ORANGE,ANAHEIM,-117.95895013,33.82889011
8402964,2017,2017-07-12,3015,2017-06-03,0747,1091,61,6,5,6,3015,0,0,0,NA,0,721,SOUTH MAIN ST,CHOC CT,0,NA,Y,B,-,N,NA,NA,NA,NA,NA,NA,NA,NA,NA,Y,4,0,2,2,A,-,12,21453,A,N,D,C,A,A,H,-,A,A,0,NA,NA,NA,NA,Y,NA,D,22,0,0,2,0,0,0,0,0,0,-,-,NA,NA,ORANGE,ORANGE,-117.86741003,33.77870009
8402972,2017,2017-07-12,3015,2017-06-17,1859,1531,65E,6,5,6,3015,0,0,0,NA,0,002,E COLLINS AV,LINCOLN ST,47,W,N,A,-,N,NA,NA,NA,NA,NA,NA,NA,NA,NA,Y,3,0,2,4,A,-,01,23152,A,N,C,E,A,A,H,-,A,D,0,NA,NA,NA,NA,Y,Y,A,01,0,2,0,0,0,0,0,0,0,-,-,NA,NA,ORANGE,ORANGE,-117.83861433,33.80232133
8403197,2017,2017-07-06,3009,2017-06-25,1827,4352,085,7,5,6,3009,0,0,0,NA,0,013,GARDEN GROVE BL,CASA LINDA LN,0,NA,Y,A,-,N,NA,NA,NA,NA,NA,NA,NA,NA,NA,N,4,0,2,2,A,-,01,23152,A,N,C,C,A,A,H,-,A,A,0,NA,NA,NA,NA,Y,Y,A,01,0,0,2,0,0,0,0,0,0,-,-,NA,NA,ORANGE,GARDEN GROVE,-117.9696301,33.77402001
8403481,2017,2018-06-11,3024,2017-07-03,1355,162,P 24,1,5,5,3024,0,0,0,NA,0,EAST,RT 39,BOLSA AV,35,N,N,A,-,Y,ORA,12,39,-,-,6.65,H,-,S,N,3,0,3,3,A,-,03,22350,NA,N,C,C,A,A,H,-,A,D,0,NA,NA,NA,NA,Y,NA,D,22,0,1,2,0,0,0,0,0,0,-,-,NA,NA,ORANGE,WESTMINSTER,-117.98962429,33.74488339
8403853,2017,2017-07-25,3024,2017-06-24,2221,433,NA,6,5,5,3024,0,0,0,NA,0,WEST,WESTMINSTER BL,EDWARDS ST,95,E,N,A,-,N,NA,NA,NA,NA,NA,NA,NA,NA,NA,N,2,0,1,2,A,-,11,21954,A,N,G,B,D,A,H,-,C,A,0,Y,NA,Y,NA,Y,NA,N,60,1,0,0,0,1,0,0,0,0,-,-,NA,NA,ORANGE,WESTMINSTER,-118.01557821,33.75904528
8403912,2017,2017-07-13,3001,2017-06-06,1838,A1252,NA,2,5,7,3001,0,0,0,NA,0,0D2,N RIO VISTA ST,DUTCH AV,0,NA,Y,B,-,N,NA,NA,NA,NA,NA,NA,NA,NA,NA,N,4,0,2,2,A,-,09,21802,A,N,D,C,A,A,H,-,A,A,0,NA,NA,NA,NA,Y,NA,A,01,0,0,2,0,0,0,0,0,0,-,-,NA,NA,ORANGE,ANAHEIM,-117.87163012,33.84240007
8403917,2017,2017-07-13,3004,2017-06-12,0745,P462,14,1,5,6,3004,0,0,0,NA,0,009,PLACENTIA AV,ADAMS AV,0,NA,Y,A,-,N,NA,NA,NA,NA,NA,NA,NA,NA,NA,N,3,0,1,2,A,-,05,21650,1,N,D,G,A,A,H,-,A,D,0,NA,Y,NA,NA,Y,NA,L,04,0,1,0,0,0,0,1,0,0,-,-,33.67185,-117.93542,ORANGE,COSTA MESA,-117.93542012,33.67253006
8403923,2017,2017-07-12,3026,2017-05-23,0812,369,NA,2,5,6,3026,0,0,0,NA,0,NA,WALNUT,HARVARD,6,E,N,A,-,N,NA,NA,NA,NA,NA,NA,NA,NA,NA,N,4,0,1,2,A,-,05,21650,1,N,H,G,A,A,H,-,A,A,0,NA,Y,NA,NA,Y,NA,L,04,0,0,1,0,0,0,1,0,0,-,-,NA,NA,ORANGE,IRVINE,-117.79661055,33.71057748
8404144,2017,2017-07-14,3002,2017-07-03,1632,1562,528Y,1,5,4,3002,0,0,0,NA,0,013,STATE COLLEGE BL,BREA MALL SOUTH,40,N,N,A,-,N,NA,NA,NA,NA,NA,NA,NA,NA,NA,N,4,0,1,3,A,-,03,22350,NA,N,C,C,A,A,H,-,A,A,0,NA,NA,NA,NA,Y,NA,A,08,0,0,1,0,0,0,0,0,0,-,-,NA,NA,ORANGE,BREA,-117.88591188,33.9128848
8404502,2017,2017-09-23,3026,2017-01-17,0539,369,UNIVE,2,5,6,3026,0,0,0,NA,0,001,MAIN ST,SIGLO,13,W,N,A,-,N,NA,NA,NA,NA,NA,NA,NA,NA,NA,Y,1,1,0,2,A,-,11,21950,B,N,G,B,B,A,H,-,C,A,0,Y,NA,NA,NA,Y,NA,N,60,0,0,0,1,0,0,0,0,0,-,-,NA,NA,ORANGE,IRVINE,-117.84154745,33.68153702
8405705,2017,2017-07-11,3000,2017-06-02,1420,874,892A6,5,5,5,3028,0,0,0,NA,0,M54,JERONIMO RD,ALICIA PKWY,0,NA,Y,A,-,N,NA,NA,NA,NA,NA,NA,NA,NA,NA,Y,4,0,1,2,A,-,09,21804,A,N,D,C,A,A,H,-,A,A,0,NA,NA,NA,NA,Y,NA,A,07,0,0,1,0,0,0,0,0,0,-,-,NA,NA,ORANGE,MISSION VIEJO,-117.67836006,33.61516004
8406037,2017,2017-07-20,3001,2017-06-12,1751,1851,D1,1,5,7,3001,0,0,0,NA,0,NA,WEST CRESCENT AV,NORTH LA REINA ST,0,NA,Y,A,-,N,NA,NA,NA,NA,NA,NA,NA,NA,NA,N,4,0,1,3,A,-,09,21801,A,N,D,C,A,A,H,-,A,D,0,NA,NA,NA,NA,Y,NA,A,01,0,0,1,0,0,0,0,0,0,-,-,NA,NA,ORANGE,ANAHEIM,-117.97999006,33.83951004
8406125,2017,2017-07-19,3001,2017-06-01,1909,2202,D1,4,5,7,3001,0,0,0,NA,0,NA,SOUTH KNOTT AV,WEST LINCOLN AV,290,S,N,A,-,N,NA,NA,NA,NA,NA,NA,NA,NA,NA,Y,3,0,2,2,A,-,09,21804,A,N,D,C,A,A,H,-,A,D,0,NA,NA,Y,NA,Y,NA,A,01,0,1,1,0,0,0,0,0,1,-,-,NA,NA,ORANGE,ANAHEIM,-118.0109526,33.83119678
8406642,2017,2018-03-24,3011,2017-06-25,1643,31407,42,7,5,4,3011,0,0,0,NA,0,002,RT 1,OAK ST,0,NA,Y,A,-,Y,ORA,12,1,-,-,8.641,I,5,N,N,2,0,1,2,A,-,09,21801,A,N,D,G,A,A,H,-,A,D,0,NA,Y,NA,NA,Y,NA,L,04,1,0,0,0,0,0,1,0,0,-,-,NA,NA,ORANGE,LAGUNA BEACH,-117.77704845,33.53418367
8406670,2017,2018-03-24,3011,2017-06-24,1447,31273,33,6,5,4,3011,0,0,0,NA,0,001,RT 133,PGNT OF THE MASTERS ENTRANCE,349,N,N,A,-,Y,ORA,12,133,-,-,0.55,H,-,N,Y,4,0,1,3,A,-,07,21658,A,N,B,E,A,A,H,-,A,D,0,NA,NA,NA,NA,Y,NA,A,01,0,0,1,0,0,0,0,0,0,-,-,NA,NA,ORANGE,LAGUNA BEACH,-117.78062184,33.54948977
8407089,2017,2018-03-21,3000,2017-04-11,2048,6532,971G6,2,5,4,3029,0,0,0,NA,0,737,PACIFIC COAST HWY,GRANADA DR,33,N,N,A,-,N,NA,NA,NA,NA,NA,NA,NA,NA,NA,N,3,0,1,2,A,-,09,21802,A,N,B,C,A,A,H,-,C,A,0,NA,NA,Y,NA,Y,NA,A,01,0,1,0,0,0,0,0,0,1,-,-,NA,NA,ORANGE,DANA POINT,-117.70368522,33.46619168
8407842,2017,2017-07-21,3010,2017-06-01,1538,1118,251,4,5,6,3010,0,0,0,NA,0,007,GOLDENWEST,EDINGER,384,S,N,A,-,N,NA,NA,NA,NA,NA,NA,NA,NA,NA,Y,3,0,1,2,A,-,09,21804,A,N,D,C,A,A,H,-,A,D,0,NA,NA,NA,NA,Y,NA,A,07,0,1,0,0,0,0,0,0,0,-,-,NA,NA,ORANGE,HUNTINGTON BEACH,-118.0067531,33.72904728
8408264,2017,2017-07-24,3010,2017-07-06,1246,1176,319,4,5,6,3010,0,0,0,NA,0,00S,ELLIS,GOLDEN WEST,0,NA,Y,A,-,N,NA,NA,NA,NA,NA,NA,NA,NA,NA,Y,3,0,1,2,A,-,09,21801,A,N,A,C,A,A,H,-,A,A,0,NA,NA,NA,NA,Y,NA,D,22,0,1,0,0,0,0,0,0,0,-,-,NA,NA,ORANGE,HUNTINGTON BEACH,-118.00636011,33.69375012
8409087,2017,2017-07-21,3015,2017-05-29,2045,1105,57N,1,5,6,3015,0,0,0,NA,0,002,RIVERDALE AV,ORANGE-OLIVE ST,72,W,N,A,-,N,NA,NA,NA,NA,NA,NA,NA,NA,NA,Y,3,0,1,1,A,-,08,22107,NA,N,E,I,A,A,H,-,C,D,0,NA,NA,NA,NA,Y,NA,A,01,0,1,0,0,0,0,0,0,0,-,-,NA,NA,ORANGE,ORANGE,-117.84346224,33.84571255
8409733,2017,2017-07-31,3010,2017-07-05,1404,0147,454,3,5,6,3010,0,0,0,NA,0,002,MAGNOLIA,STILWELL,2,NA,N,A,-,N,NA,NA,NA,NA,NA,NA,NA,NA,NA,N,3,0,1,2,A,-,05,21650,1,N,D,G,A,A,H,-,A,D,0,NA,Y,NA,NA,Y,NA,A,07,0,1,0,0,0,0,1,0,0,-,-,NA,NA,ORANGE,HUNTINGTON BEACH,-117.97099011,33.65402006
8410009,2017,2017-07-24,3000,2017-06-26,1409,5377,951J3,1,5,5,3040,0,0,0,NA,0,741,GOLDEN LANTERN,PASEO DE COLINAS,104,S,N,A,-,N,NA,NA,NA,NA,NA,NA,NA,NA,NA,N,4,0,2,2,A,-,03,22350,NA,N,C,C,A,A,H,-,A,A,0,NA,NA,NA,NA,Y,NA,A,08,0,0,2,0,0,0,0,0,0,-,-,NA,NA,ORANGE,LAGUNA NIGUEL,-117.68571958,33.53755429
8410564,2017,2017-07-27,3003,2017-07-03,1819,1124,95,1,5,5,3003,0,0,0,NA,0,005,CRESCENT AV,HOLDER ST,0,NA,Y,A,-,N,NA,NA,NA,NA,NA,NA,NA,NA,NA,Y,4,0,1,2,A,-,12,21453,A,M,D,C,A,A,H,-,A,A,0,NA,NA,NA,NA,Y,NA,A,08,0,0,1,0,0,0,0,0,0,-,-,33.8392,-118.0196,ORANGE,BUENA PARK,-118.01975013,33.83931003
8411438,2017,2017-08-15,3001,2017-07-13,2134,1453,D1,4,5,7,3001,0,0,0,NA,0,NA,WEST KATELLA AV,SOUTH DINO CIR,0,NA,Y,A,-,N,NA,NA,NA,NA,NA,NA,NA,NA,NA,N,4,0,1,3,A,-,03,22350,NA,N,C,C,E,A,H,-,C,A,0,Y,NA,NA,NA,Y,NA,A,01,0,0,1,0,0,0,0,0,0,-,-,NA,NA,ORANGE,ANAHEIM,-117.94435013,33.80309004
8413099,2017,2018-05-25,3010,2017-07-07,2130,1208,273,5,5,6,3010,0,0,0,NA,0,006,RT 39,HOLLAND,12,S,N,A,-,Y,ORA,12,39,-,-,4.257,I,5,N,Y,4,0,2,2,A,-,09,21801,A,N,D,C,A,A,H,-,C,D,0,NA,NA,NA,NA,Y,NA,A,01,0,0,2,0,0,0,0,0,0,-,-,NA,NA,ORANGE,HUNTINGTON BEACH,-117.98899769,33.71030082
8413188,2017,2018-06-06,3001,2017-07-05,1249,0705,NA,3,5,7,3001,0,0,0,NA,0,004,LA PALMA V,IMPERIAL HWY,0,NA,Y,A,-,Y,ORA,12,90,-,-,12.462,I,5,E,Y,4,0,1,2,A,-,12,21453,A,N,D,C,A,A,H,-,A,A,0,NA,NA,NA,NA,Y,NA,A,01,0,0,1,0,0,0,0,0,0,-,-,NA,NA,ORANGE,ANAHEIM,-117.79054368,33.85970133
8413213,2017,2018-04-23,3014,2017-06-30,1553,1462,RD25,5,5,5,3014,0,0,0,NA,0,0A2,RT 55,HOSPITAL RD,126,N,N,A,-,Y,ORA,12,55,-,-,0.62,H,-,S,N,4,0,3,2,A,-,07,21658,A,N,B,C,A,A,H,-,A,A,0,NA,NA,NA,NA,Y,NA,A,01,0,0,3,0,0,0,0,0,0,-,-,33.626,-117.928,ORANGE,NEWPORT BEACH,-117.92792129,33.62607653
8413603,2017,2017-07-25,3026,2017-06-25,1015,417,C,7,5,6,3026,0,0,0,NA,0,00C,IRVINE CENTER DR,BAKE PKWY,0,NA,Y,A,-,N,NA,NA,NA,NA,NA,NA,NA,NA,NA,Y,2,0,2,2,A,-,12,21453,A,N,D,C,A,A,H,-,A,A,0,NA,NA,NA,NA,Y,NA,A,01,1,1,0,0,0,0,0,0,0,-,-,NA,NA,ORANGE,IRVINE,-117.74074003,33.63759006
8415782,2017,2018-07-09,3015,2017-11-03,1422,1558,51,5,5,6,3015,0,0,0,NA,0,711M,WEST ORANGEWOOD AV,RT 57,44,W,N,A,-,Y,ORA,12,57,-,-,11.667,R,4,N,Y,4,0,1,2,A,-,11,21954,A,N,G,B,D,A,H,-,A,D,0,Y,NA,NA,NA,Y,NA,N,60,0,0,1,0,1,0,0,0,0,-,NF,NA,NA,ORANGE,ORANGE,-117.87863509,33.79377109
8416037,2017,2017-07-26,3012,2017-06-29,1734,604,33,4,5,5,3012,0,0,0,NA,0,003,LAMBERT RD,IDAHO ST,512,E,N,A,-,N,NA,NA,NA,NA,NA,NA,NA,NA,NA,N,4,0,1,2,A,-,06,21755,A,N,D,C,A,A,H,-,A,A,0,NA,NA,NA,NA,Y,NA,D,22,0,0,1,0,0,0,0,0,0,-,-,NA,NA,ORANGE,LA HABRA,-117.95749619,33.92465016
8416744,2017,2017-08-03,3026,2017-07-18,1250,313,NA,2,5,6,3026,0,0,0,NA,0,NA,BRYAN,MARKET PL,0,NA,Y,A,-,N,NA,NA,NA,NA,NA,NA,NA,NA,NA,Y,4,0,1,2,A,-,08,22101,D,N,B,C,A,A,H,-,A,A,0,NA,NA,NA,NA,Y,NA,A,01,0,0,1,0,0,0,0,0,0,-,-,NA,NA,ORANGE,IRVINE,-117.78832006,33.72402001
8416748,2017,2017-08-03,3026,2017-07-20,1711,6352,NA,4,5,6,3026,0,0,0,NA,0,NA,KELVIN AV,JAMBOREE RD,0,NA,Y,A,-,N,NA,NA,NA,NA,NA,NA,NA,NA,NA,Y,4,0,1,2,A,-,09,21801,A,N,D,C,A,A,H,-,A,A,0,NA,NA,NA,NA,Y,NA,-,NA,0,0,1,0,0,0,0,0,0,-,-,33.68358,-117.83689,ORANGE,IRVINE,-117.83709009,33.68358001
8417595,2017,2017-08-02,3004,2017-06-16,1541,P632,23,5,5,6,3004,0,0,0,NA,0,015,SUNFLOWER AV,MAIN ST,215,W,N,A,-,N,NA,NA,NA,NA,NA,NA,NA,NA,NA,Y,4,0,1,3,A,-,03,22350,NA,N,C,C,A,A,H,-,A,D,0,NA,NA,NA,NA,Y,NA,A,07,0,0,1,0,0,0,0,0,0,-,-,33.6941,-117.86911,ORANGE,COSTA MESA,-117.86890513,33.69421
84176293,2024,2024-08-13,3019,2024-08-01,1727,3678,NA,4,5,7,3019,0,0,0,NA,0,002,17TH STREET,LINWOOD AVENUE,25,S,N,A,-,N,NA,NA,NA,NA,NA,NA,NA,NA,NA,Y,4,0,3,3,A,-,01,23152,A,N,C,C,A,A,H,-,A,D,0,NA,NA,NA,NA,Y,Y,A,01,0,0,3,0,0,0,0,0,0,-,-,33.75886917114258,-117.84868621826172,ORANGE,SANTA ANA,-117.8489227294922,33.759918212890625
8417804,2017,2017-08-08,3001,2017-07-12,0701,A2411,1,3,5,7,3001,0,0,0,NA,0,012,SOUTH WESTERN AV,WEST ORANGE AV,0,NA,Y,A,-,N,NA,NA,NA,NA,NA,NA,NA,NA,NA,N,4,0,1,2,A,-,12,21453,A,N,D,C,A,A,H,-,A,A,0,NA,NA,NA,NA,Y,NA,D,22,0,0,1,0,0,0,0,0,0,-,-,33.82485,-117.98485,ORANGE,ANAHEIM,-118.0021501,33.8246201
8418061,2017,2017-09-05,3001,2017-07-15,1206,1410,NA,6,5,7,3001,0,0,0,NA,0,0D4,LA PALMA AV,CHANTILLY ST,0,NA,Y,A,-,N,NA,NA,NA,NA,NA,NA,NA,NA,NA,Y,4,0,1,2,A,-,12,21453,A,N,D,C,A,A,H,-,A,A,0,NA,NA,NA,NA,Y,NA,-,-,0,0,1,0,0,0,0,0,0,-,-,NA,NA,ORANGE,ANAHEIM,-117.87463001,33.84729011
8418091,2017,2017-07-26,3000,2017-07-16,0924,5036,892A6,7,5,5,3028,0,0,0,NA,0,750,ALICIA PKWY,VIA LINDA,28,E,N,A,-,N,NA,NA,NA,NA,NA,NA,NA,NA,NA,Y,4,0,1,2,A,-,01,23153,A,N,C,C,A,A,H,-,A,A,0,NA,NA,NA,NA,Y,Y,A,01,0,0,1,0,0,0,0,0,0,-,-,NA,NA,ORANGE,MISSION VIEJO,-117.67436396,33.61925326
8418147,2017,2018-05-22,3000,2017-07-18,2210,9383,892J2,2,5,4,3048,0,0,0,NA,0,367,SANTA MARGARITA PKWY,RT 241,0,NA,Y,A,-,Y,ORA,12,241,-,-,18.436,R,4,S,Y,3,0,2,2,A,-,03,22350,NA,N,C,C,A,A,H,-,C,A,0,NA,NA,NA,NA,Y,NA,A,01,0,1,1,0,0,0,0,0,0,-,-,NA,NA,ORANGE,RANCHO SANTA MARGARITA,-117.60365978,33.6418903
8418150,2017,2017-07-25,3000,2017-06-28,2000,9118,92131,3,5,4,3049,0,0,0,NA,0,4A83,CALLE CORTEZ,MOULTON PKWY,0,NA,Y,A,-,N,NA,NA,NA,NA,NA,NA,NA,NA,NA,Y,4,0,2,2,A,-,05,21651,A,N,A,C,A,A,H,-,B,A,0,NA,NA,NA,NA,Y,NA,A,01,0,0,2,0,0,0,0,0,0,-,-,NA,NA,ORANGE,ALISO VIEJO,-117.71941,33.60364007
8418397,2017,2017-07-27,3008,2017-03-06,1513,1143,NA,1,5,6,3008,0,0,0,NA,0,NA,HARBOR BL,HERMOSA DR,0,NA,Y,A,-,N,NA,NA,NA,NA,NA,NA,NA,NA,NA,N,3,0,1,2,A,-,10,21950,A,N,G,B,B,A,H,-,A,A,0,Y,NA,NA,NA,Y,NA,A,01,0,1,0,0,1,0,0,0,0,-,-,NA,NA,ORANGE,FULLERTON,-117.93082013,33.90948004
8418546,2017,2017-07-26,3024,2017-07-17,1600,422,P15,1,5,5,3024,0,0,0,NA,0,WEST,WESTMINSTER BL,EDWARDS ST,181,W,N,A,-,N,NA,NA,NA,NA,NA,NA,NA,NA,NA,N,4,0,1,2,A,-,03,22350,NA,N,C,C,A,A,H,-,A,A,0,NA,NA,NA,NA,Y,NA,D,22,0,0,1,0,0,0,0,0,0,-,-,33.75912,-118.01569,ORANGE,WESTMINSTER,-118.01647625,33.75898
8418746,2017,2017-08-01,3008,2017-03-14,1827,1156,NA,2,5,6,3008,0,0,0,NA,0,0Z2,ORANGETHORPE AV,POMONA AV,24,W,N,A,-,N,NA,NA,NA,NA,NA,NA,NA,NA,NA,N,4,0,1,2,A,-,03,22350,NA,N,C,C,A,A,H,-,A,A,0,NA,NA,NA,NA,Y,NA,A,08,0,0,1,0,0,0,0,0,0,-,-,NA,NA,ORANGE,FULLERTON,-117.92210887,33.85955
8418783,2017,2017-08-04,3007,2017-06-29,2243,273,64,4,5,5,3007,0,0,0,NA,0,002,TALBERT,BUSHARD,0,NA,Y,A,-,N,NA,NA,NA,NA,NA,NA,NA,NA,NA,N,3,0,4,2,A,-,09,21801,A,N,D,C,A,A,H,-,C,A,0,NA,NA,NA,NA,Y,NA,A,08,0,1,3,0,0,0,0,0,0,-,-,NA,NA,ORANGE,FOUNTAIN VALLEY,-117.96293004,33.70163007
8420699,2017,2018-05-25,3010,2017-07-24,1729,1261,293,1,5,6,3010,0,0,0,NA,0,005,RT 39,TALBERT,0,S,N,A,-,Y,ORA,12,39,-,-,3.6,H,-,N,N,4,0,1,2,A,-,03,22350,NA,N,C,C,A,A,H,-,B,A,0,NA,NA,NA,NA,Y,NA,A,07,0,0,1,0,0,0,0,0,0,-,-,NA,NA,ORANGE,HUNTINGTON BEACH,-117.98905406,33.7007514
8420931,2017,2018-04-18,3008,2017-04-10,1518,1526,NA,1,5,6,3008,0,0,0,NA,0,002,IMPERIAL HWY,PALM AV,670,E,N,A,-,Y,ORA,12,90,-,-,3.13,H,-,E,N,4,0,1,2,A,-,03,22350,NA,N,C,C,A,A,H,-,A,D,0,NA,NA,NA,NA,Y,NA,A,01,0,0,1,0,0,0,0,0,0,-,-,NA,NA,ORANGE,FULLERTON,-117.92197853,33.91729572
8421260,2017,2017-08-03,3002,2017-07-19,1636,1562,226Z,3,5,4,3002,0,0,0,NA,0,011,CENTRAL AV,TAMARACK AV,0,NA,Y,A,-,N,NA,NA,NA,NA,NA,NA,NA,NA,NA,Y,4,0,1,2,A,-,09,21804,A,N,B,C,A,A,H,-,A,A,0,NA,NA,NA,NA,Y,NA,A,01,0,0,1,0,0,0,0,0,0,-,-,NA,NA,ORANGE,BREA,-117.89918004,33.93206002
8421766,2017,2017-08-10,3022,2017-07-19,1245,1297,NA,3,5,5,3022,0,0,0,NA,0,NA,ENDERLE CENTER DR,17TH ST,36,S,N,A,-,N,NA,NA,NA,NA,NA,NA,NA,NA,NA,Y,4,0,1,3,A,-,08,22107,NA,M,A,C,A,A,H,-,A,A,0,NA,NA,NA,NA,Y,NA,D,22,0,0,1,0,0,0,0,0,0,-,-,33.75991,-117.82702,ORANGE,TUSTIN,-117.82708803,33.75961133
8422255,2017,2018-03-24,3024,2017-06-24,1348,370,P12,6,5,5,3024,0,0,0,NA,0,WEST,RT 39,21ST ST,230,N,N,A,-,Y,ORA,12,39,-,-,7.91,H,-,S,Y,4,0,1,1,A,-,08,22107,NA,N,E,I,A,A,H,-,A,D,0,NA,NA,NA,NA,Y,NA,D,22,0,0,1,0,0,0,0,0,0,-,-,NA,NA,ORANGE,WESTMINSTER,-117.98982842,33.76327645
8424781,2017,2017-08-16,3009,2017-08-02,2034,3397,132,3,5,6,3009,0,0,0,NA,0,021,CHAPMAN AV,WEST ST,18,E,N,A,-,N,NA,NA,NA,NA,NA,NA,NA,NA,NA,Y,4,0,1,3,A,-,09,21801,A,N,A,C,A,A,H,-,C,A,0,NA,NA,NA,NA,Y,NA,A,01,0,0,1,0,0,0,0,0,0,-,-,NA,NA,ORANGE,GARDEN GROVE,-117.92368289,33.788787310000004
8426273,2017,2017-08-21,3019,2017-07-17,0832,3150,SC,1,5,7,3019,0,0,0,NA,0,004,WARNER AV,GREENVILLE ST,0,NA,Y,A,-,N,NA,NA,NA,NA,NA,NA,NA,NA,NA,N,4,0,1,2,A,-,12,21453,A,N,D,C,A,A,H,-,A,A,0,NA,NA,NA,NA,Y,NA,A,01,0,0,1,0,0,0,0,0,0,-,-,33.71527,-117.90436,ORANGE,SANTA ANA,-117.90414002,33.71526
8426825,2017,2017-08-14,3004,2017-07-04,1139,P462,16,2,5,6,3004,0,0,0,NA,0,008,FAIRVIEW RD,PRINCETON DR,18,N,N,A,-,N,NA,NA,NA,NA,NA,NA,NA,NA,NA,Y,4,0,2,2,A,-,09,21802,A,N,D,C,A,A,H,-,A,D,0,NA,NA,NA,NA,Y,NA,A,07,0,0,2,0,0,0,0,0,0,-,-,33.66534,-117.90774,ORANGE,COSTA MESA,-117.90778024,33.66537935
8426865,2017,2017-08-15,3026,2017-08-01,1404,7094,PORTO,2,5,6,3026,0,0,0,NA,0,007,MARKETPLACE,IRVINE BL,0,NA,Y,A,-,N,NA,NA,NA,NA,NA,NA,NA,NA,NA,Y,3,0,2,2,A,-,09,21801,A,N,D,C,A,A,H,-,A,A,0,NA,NA,NA,NA,Y,NA,A,07,0,2,0,0,0,0,0,0,0,-,-,33.72826,-117.78314,ORANGE,IRVINE,-117.783287,33.728045
8426896,2017,2017-08-16,3004,2017-05-28,1412,P639,10,7,5,6,3004,0,0,0,NA,0,004,HARBOR BL,W WILSON ST,0,NA,Y,A,-,N,NA,NA,NA,NA,NA,NA,NA,NA,NA,N,4,0,4,3,A,-,03,22350,NA,N,C,C,A,A,H,-,A,D,0,NA,NA,NA,NA,Y,NA,A,07,0,0,4,0,0,0,0,0,0,-,-,33.657470000000004,-117.91923,ORANGE,COSTA MESA,-117.91912001,33.65615
8427955,2017,2017-10-13,3015,2017-07-09,2036,1554,13N,7,5,6,3015,0,0,0,NA,0,112,EAST CHAPMAN AV,S SHAFFER ST,0,NA,Y,A,-,N,NA,NA,NA,NA,NA,NA,NA,NA,NA,Y,3,0,1,3,A,-,09,21801,A,N,D,C,A,A,H,-,C,A,0,NA,NA,Y,NA,Y,NA,A,01,0,1,0,0,0,0,0,0,1,-,-,NA,NA,ORANGE,ORANGE,-117.84876006,33.78786007
8431147,2017,2017-09-29,3015,2017-07-25,0814,1386,44S,2,5,6,3015,0,0,0,NA,0,711,LA VETA AV,ESPLANADE ST,0,NA,Y,A,-,N,NA,NA,NA,NA,NA,NA,NA,NA,NA,Y,4,0,2,2,A,-,12,22450,A,N,D,C,A,A,H,-,A,A,0,NA,NA,NA,NA,Y,NA,A,01,0,0,2,0,0,0,0,0,0,-,-,NA,NA,ORANGE,ORANGE,-117.80969011,33.78035006
8431579,2017,2017-09-22,3012,2017-08-12,0847,641,3012,6,5,5,3012,0,0,0,NA,0,004,W COUNTRY HILLS,CHERRY WOOD ST,0,NA,Y,A,-,N,NA,NA,NA,NA,NA,NA,NA,NA,NA,Y,4,0,1,2,A,-,03,22350,NA,N,D,C,A,A,H,-,A,D,0,NA,NA,NA,NA,Y,NA,A,01,0,0,1,0,0,0,0,0,0,-,-,NA,NA,ORANGE,LA HABRA,-117.95314011,33.90989009
8431654,2017,2017-09-19,3015,2017-06-17,1844,1550,77S,6,5,6,3015,0,0,0,NA,0,002,TUSTIN ST,MEATS AV,610,N,N,A,-,N,NA,NA,NA,NA,NA,NA,NA,NA,NA,Y,2,0,1,2,A,-,09,21802,A,N,D,C,A,A,H,-,A,D,0,NA,NA,Y,NA,Y,NA,A,01,1,0,0,0,0,0,0,0,1,-,-,NA,NA,ORANGE,ORANGE,-117.83607505,33.82458172