CASE_ID,ACCIDENT_YEAR,PROC_DATE,JURIS,COLLISION_DATE,COLLISION_TIME,OFFICER_ID,REPORTING_DISTRICT,DAY_OF_WEEK,CHP_SHIFT,POPULATION,CNTY_CITY_LOC,SPECIAL_COND,BEAT_TYPE,CHP_BEAT_TYPE,CITY_DIVISION_LAPD,CHP_BEAT_CLASS,BEAT_NUMBER,PRIMARY_RD,SECONDARY_RD,DISTANCE,DIRECTION,INTERSECTION,WEATHER_1,WEATHER_2,STATE_HWY_IND,CALTRANS_COUNTY,CALTRANS_DISTRICT,STATE_ROUTE,ROUTE_SUFFIX,POSTMILE_PREFIX,POSTMILE,LOCATION_TYPE,RAMP_INTERSECTION,SIDE_OF_HWY,TOW_AWAY,COLLISION_SEVERITY,NUMBER_KILLED,NUMBER_INJURED,PARTY_COUNT,PRIMARY_COLL_FACTOR,PCF_CODE_OF_VIOL,PCF_VIOL_CATEGORY,PCF_VIOLATION,PCF_VIOL_SUBSECTION,HIT_AND_RUN,TYPE_OF_COLLISION,MVIW,PED_ACTION,ROAD_SURFACE,ROAD_COND_1,ROAD_COND_2,LIGHTING,CONTROL_DEVICE,CHP_ROAD_TYPE,PEDESTRIAN_ACCIDENT,BICYCLE_ACCIDENT,MOTORCYCLE_ACCIDENT,TRUCK_ACCIDENT,NOT_PRIVATE_PROPERTY,ALCOHOL_INVOLVED,STWD_VEHTYPE_AT_FAULT,CHP_VEHTYPE_AT_FAULT,COUNT_SEVERE_INJ,COUNT_VISIBLE_INJ,COUNT_COMPLAINT_PAIN,COUNT_PED_KILLED,COUNT_PED_INJURED,COUNT_BICYCLIST_KILLED,COUNT_BICYCLIST_INJURED,COUNT_MC_KILLED,COUNT_MC_INJURED,PRIMARY_RAMP,SECONDARY_RAMP,LATITUDE,LONGITUDE,COUNTY,CITY,POINT_X,POINT_Y
84682553,2025,2025-05-12,3019,2025-05-07,1139,3550,NA,3,5,7,3019,0,0,0,NA,0,001,MCFADDEN AVENUE,SAIL STREET,0,NA,Y,A,-,N,NA,NA,NA,NA,NA,NA,NA,NA,NA,Y,4,0,1,3,A,-,03,22350,NA,N,C,C,A,C,H,-,A,D,0,NA,NA,NA,NA,Y,NA,A,07,0,0,1,0,0,0,0,0,0,-,-,33.738189697265625,-117.94373321533205,ORANGE,SANTA ANA,-117.94350433349608,33.73797607421875
84684642,2025,2025-05-16,3001,2025-05-07,1602,A1397,NA,3,5,7,3001,0,0,0,NA,0,D-1,MULLER STREET,CORPORATE WAY,333,N,N,A,-,N,NA,NA,NA,NA,NA,NA,NA,NA,NA,Y,3,0,2,3,A,-,08,22107,NA,M,B,E,A,A,H,-,A,D,0,NA,NA,NA,NA,Y,NA,D,22,0,1,1,0,0,0,0,0,0,-,-,NA,NA,ORANGE,ANAHEIM,-117.95015716552734,33.838623046875
8468874,2017,2017-10-10,3020,2017-09-20,1109,365,NA,3,5,4,3020,0,0,0,NA,0,SOUTH,SEAL BEACH BL,ROAD C,48,N,N,A,-,N,NA,NA,NA,NA,NA,NA,NA,NA,NA,Y,3,0,2,2,A,-,03,22350,NA,N,C,C,A,A,H,-,A,A,0,NA,NA,NA,NA,Y,NA,D,22,0,2,0,0,0,0,0,0,0,-,-,NA,NA,ORANGE,SEAL BEACH,-118.0820548,33.7578476
84691529,2025,2025-05-19,3026,2025-05-11,2153,712,NA,7,5,6,3026,0,0,0,NA,0,001,JAMBOREE RD,BARRANCA PKWY,29,N,N,A,-,N,NA,NA,NA,NA,NA,NA,NA,NA,NA,Y,3,0,2,2,A,-,01,23152,A,N,D,C,A,A,H,-,C,A,0,NA,NA,NA,NA,Y,Y,A,01,0,2,0,0,0,0,0,0,0,-,-,NA,NA,ORANGE,IRVINE,-117.82681274414063,33.69411087036133
84698195,2025,2025-05-23,3019,2025-05-13,1227,3830,NA,2,5,7,3019,0,0,0,NA,0,001,17TH STREET,NEWHOPE ST,315,E,N,A,-,N,NA,NA,NA,NA,NA,NA,NA,NA,NA,Y,4,0,1,1,A,-,03,22350,NA,N,E,I,A,A,H,-,A,D,0,NA,NA,NA,NA,Y,NA,A,01,0,0,1,0,0,0,0,0,0,-,-,NA,NA,ORANGE,SANTA ANA,NA,NA
84702536,2025,2025-05-28,3001,2025-04-23,1559,A2382,NA,3,5,7,3001,0,0,0,NA,0,D-3,STATE COLLEGE BOULEVARD,ARTISAN COURT,0,NA,Y,B,-,N,NA,NA,NA,NA,NA,NA,NA,NA,NA,Y,3,0,1,2,D,-,00,NA,NA,N,D,C,A,A,H,-,A,A,0,NA,NA,NA,NA,Y,NA,-,-,0,1,0,0,0,0,0,0,0,-,-,NA,NA,ORANGE,ANAHEIM,NA,NA
84702538,2025,2025-05-28,3001,2025-04-23,1729,A1158,NA,3,5,7,3001,0,0,0,NA,0,022,LINCOLN AVENUE,HARBOR BOULEVARD,150,E,N,B,-,N,NA,NA,NA,NA,NA,NA,NA,NA,NA,Y,3,0,1,1,C,-,18,NA,NA,N,E,I,A,A,H,-,A,A,0,NA,NA,NA,NA,Y,NA,-,-,0,1,0,0,0,0,0,0,0,-,-,33.83409881591797,-117.91957092285156,ORANGE,ANAHEIM,-117.91917419433594,33.834346771240234
84702679,2025,2025-05-28,3010,2025-05-14,1538,2136,NA,3,5,6,3010,0,0,0,NA,0,002,HAMILTON AVE,MAGNOLIA ST,200,W,N,A,-,N,NA,NA,NA,NA,NA,NA,NA,NA,NA,Y,3,0,1,3,A,-,04,21703,NA,N,C,C,A,A,H,-,A,A,0,NA,NA,NA,NA,Y,NA,A,01,0,1,0,0,0,0,0,0,0,-,-,33.65034103393555,-117.97174835205078,ORANGE,HUNTINGTON BEACH,-117.97157287597656,33.650489807128906
84702752,2025,2025-05-28,3019,2025-05-22,953,3884,NA,4,5,7,3019,0,0,0,NA,0,001,WESTMINSTER AVENUE,NEWHOPE STREET,177,W,N,A,-,N,NA,NA,NA,NA,NA,NA,NA,NA,NA,N,4,0,1,2,A,-,09,21804,A,N,D,C,A,A,H,-,A,D,0,NA,NA,Y,NA,Y,NA,A,01,0,0,1,0,0,0,0,0,1,-,-,33.759708404541016,-117.92881011962892,ORANGE,SANTA ANA,-117.9294891357422,33.75965118408203
8470284,2017,2017-10-19,3015,2017-09-20,0601,1554,35W,3,5,6,3015,0,0,0,NA,0,121,N MAIN ST,STRUCK AV,0,NA,N,B,-,N,NA,NA,NA,NA,NA,NA,NA,NA,NA,N,3,0,1,2,A,-,08,22107,NA,N,D,C,A,A,H,-,A,D,0,NA,NA,NA,NA,Y,NA,A,01,0,1,0,0,0,0,0,0,0,-,-,NA,NA,ORANGE,ORANGE,-117.86708006,33.80605006
84704546,2025,2025-05-29,3010,2025-05-22,1335,0147,NA,4,5,6,3010,0,0,0,NA,0,008,ALGONQUIN ST,HEIL AVE,611,S,N,A,-,N,NA,NA,NA,NA,NA,NA,NA,NA,NA,N,3,0,1,1,A,-,03,22350,NA,N,E,I,A,A,H,-,A,D,0,NA,Y,NA,NA,Y,NA,L,04,0,1,0,0,0,0,1,0,0,-,-,33.722511291503906,-118.0501708984375,ORANGE,HUNTINGTON BEACH,-118.05016326904295,33.720855712890625
84704562,2025,2025-05-29,3019,2025-05-13,1500,3201,NA,2,5,7,3019,0,0,0,NA,0,004,WARNER AVENUE,RAITT STREET,0,NA,Y,A,-,N,NA,NA,NA,NA,NA,NA,NA,NA,NA,Y,4,0,1,2,A,-,12,21453,A,N,D,C,A,A,H,-,A,A,0,NA,NA,NA,NA,Y,NA,A,07,0,0,1,0,0,0,0,0,0,-,-,33.71506881713867,-117.89679718017578,ORANGE,SANTA ANA,-117.89609527587892,33.7155647277832
84704577,2025,2025-05-29,3019,2025-05-22,703,3653,NA,4,5,7,3019,0,0,0,NA,0,004,WARNER AVENUE,YALE STREET (W),506,E,N,A,-,N,NA,NA,NA,NA,NA,NA,NA,NA,NA,N,3,0,1,2,A,-,11,21954,A,N,G,B,D,A,H,-,A,D,0,Y,NA,NA,NA,Y,NA,N,60,0,1,0,0,1,0,0,0,0,-,-,33.713748931884766,-117.91738128662108,ORANGE,SANTA ANA,-117.91502380371094,33.713951110839844
84706479,2024,2025-05-30,3010,2024-07-14,1337,6063,NA,7,5,6,3010,0,0,0,NA,0,006,GOLDENWEST ST,RIO VISTA DR,133,N,N,A,-,N,NA,NA,NA,NA,NA,NA,NA,NA,NA,Y,1,1,3,3,A,-,09,21801,A,N,D,C,A,A,H,-,A,D,0,NA,Y,NA,NA,Y,NA,A,07,0,1,2,0,0,1,0,0,0,-,-,33.705101013183594,-118.0067901611328,ORANGE,HUNTINGTON BEACH,-118.00651550292967,33.7054443359375
84706572,2025,2025-05-30,3010,2025-05-16,1700,2090,NA,5,5,6,3010,0,0,0,NA,0,007,HEIL AVE,SILVER LN,0,NA,Y,A,-,N,NA,NA,NA,NA,NA,NA,NA,NA,NA,N,4,0,2,2,A,-,03,22350,NA,N,C,C,A,A,H,-,A,D,0,NA,NA,NA,NA,Y,NA,D,22,0,0,2,0,0,0,0,0,0,-,-,NA,NA,ORANGE,HUNTINGTON BEACH,-117.99369049072266,33.72289276123047
84706579,2025,2025-05-30,3010,2025-05-17,1631,2090,NA,6,5,6,3010,0,0,0,NA,0,008,PACIFIC COAST HWY - SR1,16TH ST (S),9,N,N,B,-,Y,NA,NA,NA,NA,NA,NA,NA,NA,NA,Y,3,0,1,1,A,-,21,22106,NA,N,H,A,A,A,H,-,A,D,0,NA,NA,Y,NA,Y,Y,C,02,0,1,0,0,0,0,0,0,1,-,-,NA,NA,ORANGE,HUNTINGTON BEACH,-118.01161956787108,33.664215087890625
84708115,2025,2025-06-02,3019,2025-05-23,1020,3201,NA,5,5,7,3019,0,0,0,NA,0,004,HARBOR BOULEVARD,SEGERSTROM AVENUE,570,N,N,A,-,N,NA,NA,NA,NA,NA,NA,NA,NA,NA,Y,2,0,1,2,A,-,08,22107,NA,N,C,C,A,A,H,-,A,D,0,NA,NA,Y,NA,Y,NA,A,08,1,0,0,0,0,0,0,0,1,-,-,33.70886993408203,-117.92003631591795,ORANGE,SANTA ANA,-117.91976928710938,33.71021270751953
84708483,2025,2025-06-02,3008,2025-04-02,1522,1676,NA,3,5,6,3008,0,0,0,NA,0,NA,COMMONWEALTH AVE,RAYMOND AVE,140,E,N,A,-,N,NA,NA,NA,NA,NA,NA,NA,NA,NA,N,4,0,3,2,A,-,03,22350,NA,N,C,C,A,A,H,-,A,A,0,NA,NA,NA,NA,Y,NA,A,01,0,0,3,0,0,0,0,0,0,-,-,33.870460510253906,-117.9067611694336,ORANGE,FULLERTON,-117.90650939941406,33.87049865722656
84708487,2025,2025-06-02,3008,2025-04-03,901,1495,NA,4,5,6,3008,0,0,0,NA,0,NA,CHAPMAN AVE,HARBOR BLVD,181,W,N,A,B,N,NA,NA,NA,NA,NA,NA,NA,NA,NA,N,4,0,1,2,A,-,03,22350,NA,N,C,C,A,A,H,-,A,D,0,NA,NA,Y,NA,Y,NA,C,02,0,0,1,0,0,0,0,0,1,-,-,33.87321090698242,-117.92405700683594,ORANGE,FULLERTON,-117.9243392944336,33.873931884765625
84708685,2025,2025-06-02,3026,2025-05-27,321,14173,NA,2,5,6,3026,0,0,0,NA,0,002,MAIN ST,HARVARD AVE,318,W,N,A,-,N,NA,NA,NA,NA,NA,NA,NA,NA,NA,N,3,0,1,2,A,-,00,4,NA,N,H,G,A,A,H,-,A,A,0,NA,Y,NA,NA,Y,NA,M,91,0,1,0,0,0,0,1,0,0,-,-,33.67747116088867,-117.83077239990234,ORANGE,IRVINE,-117.83226013183594,33.67792510986328
8471380,2017,2017-10-20,3019,2017-09-21,0523,3475,SE,4,5,7,3019,0,0,0,NA,0,003,PULLMAN ST,DYER RD,450,S,N,A,-,N,NA,NA,NA,NA,NA,NA,NA,NA,NA,Y,4,0,1,1,A,-,08,22107,NA,N,E,I,A,A,H,-,B,D,0,NA,NA,NA,NA,Y,NA,A,01,0,0,1,0,0,0,0,0,0,-,-,33.70843,-117.84852,ORANGE,SANTA ANA,-117.8493461,33.70761181
84715615,2025,2025-06-06,3019,2025-06-04,557,3737,NA,3,5,7,3019,0,0,0,NA,0,NA,MAIN STREET,CIVIC CENTER DRIVE,90,S,N,B,-,N,NA,NA,NA,NA,NA,NA,NA,NA,NA,Y,4,0,1,2,A,-,03,22350,NA,N,D,C,A,A,H,-,A,D,0,NA,NA,NA,NA,Y,NA,A,07,0,0,1,0,0,0,0,0,0,-,-,33.75083923339844,-117.86776733398438,ORANGE,SANTA ANA,-117.86760711669922,33.75038146972656
84715618,2025,2025-06-06,3019,2025-06-04,858,3884,NA,3,5,7,3019,0,0,0,NA,0,004,SEGERSTROM AVENUE,GREENVILLE STREET,0,NA,Y,B,-,N,NA,NA,NA,NA,NA,NA,NA,NA,NA,Y,4,0,1,2,A,-,09,21801,A,N,D,C,A,A,H,-,A,A,0,NA,NA,NA,NA,Y,NA,A,01,0,0,1,0,0,0,0,0,0,-,-,33.70878982543945,-117.90448760986328,ORANGE,SANTA ANA,-117.90410614013672,33.70884323120117
84716788,2025,2025-06-09,3001,2025-05-11,959,A3029,NA,7,5,7,3001,0,0,0,NA,0,016,KATELLA AVENUE,GARDEN DRIVE,0,NA,Y,-,-,N,NA,NA,NA,NA,NA,NA,NA,NA,NA,Y,4,0,2,3,A,-,09,21802,A,N,D,C,A,A,H,-,A,A,0,NA,NA,NA,NA,Y,NA,A,07,0,0,2,0,0,0,0,0,0,-,-,NA,NA,ORANGE,ANAHEIM,-117.95623779296876,33.803218841552734
84716797,2025,2025-06-09,3001,2025-05-13,1425,A2382,NA,2,5,7,3001,0,0,0,NA,0,D-3,STATE COLLEGE BOULEVARD,CORTNEY WAY,0,NA,Y,A,-,N,NA,NA,NA,NA,NA,NA,NA,NA,NA,Y,4,0,1,2,A,-,09,21802,A,N,D,C,A,A,H,-,A,A,0,NA,NA,NA,NA,Y,NA,A,01,0,0,1,0,0,0,0,0,0,-,-,NA,NA,ORANGE,ANAHEIM,-117.88935089111328,33.82401657104492
84717375,2025,2025-06-09,3010,2025-05-30,1532,2151,NA,5,5,6,3010,0,0,0,NA,0,007,SLATER AVE,SPRINGDALE ST,55,E,Y,A,-,N,NA,NA,NA,NA,NA,NA,NA,NA,NA,Y,4,0,2,2,A,-,01,23152,A,N,C,C,A,A,H,-,A,A,0,NA,NA,NA,NA,Y,Y,D,22,0,0,2,0,0,0,0,0,0,-,-,NA,NA,ORANGE,HUNTINGTON BEACH,-118.02366638183594,33.70817947387695
84717390,2025,2025-06-09,3008,2025-04-18,2050,1233,NA,5,5,6,3008,0,0,0,NA,0,NA,GILBERT ST,PIONEER AVE,0,NA,Y,A,-,N,NA,NA,NA,NA,NA,NA,NA,NA,NA,Y,4,0,2,2,D,-,00,NA,NA,N,D,C,A,A,H,-,C,A,0,NA,NA,NA,NA,Y,NA,-,-,0,0,2,0,0,0,0,0,0,-,-,33.88821029663086,-117.96627807617188,ORANGE,FULLERTON,-117.96614074707033,33.888187408447266
84717394,2025,2025-06-09,3008,2025-04-19,1346,1666,NA,6,5,6,3008,0,0,0,NA,0,NA,VALENCIA DR,NEWKIRK AVE,40,W,N,A,-,N,NA,NA,NA,NA,NA,NA,NA,NA,NA,N,3,0,3,2,A,-,08,22107,NA,N,D,C,A,A,H,-,A,A,0,NA,NA,NA,NA,Y,NA,A,01,0,3,0,0,0,0,0,0,0,-,-,33.8661994934082,-117.91580963134766,ORANGE,FULLERTON,-117.91600799560548,33.86631774902344
84717397,2025,2025-06-09,3008,2025-04-20,1244,1666,NA,7,5,6,3008,0,0,0,NA,0,NA,ORANGETHORPE AVE,VINE AVE,100,E,N,A,-,N,NA,NA,NA,NA,NA,NA,NA,NA,NA,Y,3,0,4,2,A,-,09,21804,A,N,D,C,A,A,H,-,A,A,0,NA,NA,NA,NA,Y,NA,A,01,0,1,3,0,0,0,0,0,0,-,-,33.85908889770508,-117.97444152832033,ORANGE,FULLERTON,-117.97408294677734,33.8591194152832
84721017,2025,2025-06-11,3010,2025-06-08,1530,2151,NA,7,5,6,3010,0,0,0,NA,0,006,ASH LN,WARNER AVE,37,S,N,A,-,N,NA,NA,NA,NA,NA,NA,NA,NA,NA,Y,4,0,1,1,A,-,01,23152,A,N,E,I,A,A,H,-,A,A,0,NA,NA,NA,NA,Y,Y,D,22,0,0,1,0,0,0,0,0,0,-,-,NA,NA,ORANGE,HUNTINGTON BEACH,-117.99208068847656,33.71556854248047
84722493,2025,2025-06-12,3001,2025-05-28,1710,A1278,NA,3,5,7,3001,0,0,0,NA,0,D-4,WEIR CANYON ROAD,MONTE VISTA ROAD,88,S,N,B,-,N,NA,NA,NA,NA,NA,NA,NA,NA,NA,Y,3,0,3,2,A,-,08,22107,NA,N,C,C,A,A,H,-,A,D,0,NA,NA,NA,NA,Y,NA,A,01,0,1,2,0,0,0,0,0,0,-,-,33.863800048828125,-117.73992919921876,ORANGE,ANAHEIM,-117.73991394042967,33.86381530761719
84726310,2025,2025-06-16,3022,2025-06-05,1146,1366,NA,4,5,5,3022,0,0,0,NA,0,NA,JAMBOREE RD,EL CAMINO REAL,14,N,N,A,-,N,NA,NA,NA,NA,NA,NA,NA,NA,NA,N,4,0,1,2,A,-,21,22106,NA,N,C,C,A,A,H,-,A,A,0,NA,NA,NA,NA,Y,NA,A,01,0,0,1,0,0,0,0,0,0,-,-,33.7223014831543,-117.79216766357422,ORANGE,TUSTIN,-117.7924575805664,33.72243118286133
8472751,2017,2017-11-21,3015,2017-09-29,1911,AJOHNSON,33,5,5,6,3015,0,0,0,NA,0,331,EAST CHAPMAN AV,N CAMBRIDGE ST,0,NA,Y,A,-,N,NA,NA,NA,NA,NA,NA,NA,NA,NA,Y,2,0,4,2,A,-,09,21803,NA,N,D,C,A,A,H,-,C,A,0,NA,NA,NA,NA,Y,NA,-,NA,1,3,0,0,0,0,0,0,0,-,-,NA,NA,ORANGE,ORANGE,-117.84442002,33.78785004
84733004,2025,2025-06-20,3010,2025-06-17,1247,0147,NA,2,5,6,3010,0,0,0,NA,0,007,EDWARDS ST,SLATER AVE,0,NA,Y,A,-,N,NA,NA,NA,NA,NA,NA,NA,NA,NA,N,3,0,2,2,A,-,09,21800,A,F,H,G,A,A,H,-,A,A,0,NA,Y,NA,NA,Y,NA,A,01,0,1,1,0,0,0,2,0,0,-,-,33.70743942260742,-118.01537322998048,ORANGE,HUNTINGTON BEACH,-118.01516723632813,33.70823287963867
84736661,2025,2025-06-24,3019,2025-05-08,532,3449,NA,4,5,7,3019,0,0,0,NA,0,001,17TH STREET,ENGLISH STREET,300,E,N,A,-,N,NA,NA,NA,NA,NA,NA,NA,NA,NA,N,3,0,1,2,A,-,09,21804,A,N,H,G,A,A,H,-,A,D,0,NA,Y,NA,NA,Y,NA,L,04,0,1,0,0,0,0,1,0,0,-,-,33.76007080078125,-117.89675903320313,ORANGE,SANTA ANA,-117.89567565917967,33.759910583496094
84738165,2025,2025-06-24,3014,2025-06-13,756,1462,NA,5,5,5,3014,0,0,0,NA,0,A4,MARGUERITE AVE,JASMINE CREEK DR,19,N,N,A,-,N,NA,NA,NA,NA,NA,NA,NA,NA,NA,N,3,0,1,1,A,-,03,22350,NA,N,H,I,A,A,H,-,A,D,0,NA,NA,NA,NA,Y,NA,M,91,0,1,0,0,0,0,0,0,0,-,-,33.60248947143555,-117.864501953125,ORANGE,NEWPORT BEACH,-117.86455535888672,33.60246658325195
84738573,2025,2025-06-25,3002,2025-05-17,1101,1447,NA,6,5,4,3002,0,0,0,NA,0,002,BREA BL,CANYON COUNTRY RD,0,NA,Y,B,-,N,NA,NA,NA,NA,NA,NA,NA,NA,NA,Y,3,0,2,3,A,-,12,21453,A,N,D,C,A,A,H,-,A,B,0,NA,NA,NA,NA,Y,NA,A,08,0,2,0,0,0,0,0,0,0,-,-,33.9364013671875,-117.89283752441406,ORANGE,BREA,NA,NA
84740104,2025,2025-06-26,3019,2025-04-23,2224,3996,NA,3,5,7,3019,0,0,0,NA,0,004,MCFADDEN AVENUE,SULLIVAN STREET,136,W,N,A,-,N,NA,NA,NA,NA,NA,NA,NA,NA,NA,N,3,0,1,2,A,-,11,21954,A,N,G,B,D,A,H,-,C,D,0,Y,NA,NA,NA,Y,NA,N,60,0,1,0,0,1,0,0,0,0,-,-,33.734439849853516,-117.9023895263672,ORANGE,SANTA ANA,-117.90299987792967,33.734519958496094
84742764,2025,2025-06-30,3001,2025-06-02,2126,A2823,NA,1,5,7,3001,0,0,0,NA,0,D-1,BROOKHURST STREET,SEQUOIA AVENUE,0,NA,Y,A,-,N,NA,NA,NA,NA,NA,NA,NA,NA,NA,N,3,0,1,3,A,-,08,22107,NA,N,B,C,A,A,H,-,C,A,0,NA,NA,Y,NA,Y,NA,A,01,0,1,0,0,0,0,0,0,1,-,-,33.84225845336914,-117.9591827392578,ORANGE,ANAHEIM,-117.95906829833984,33.842628479003906
84743189,2025,2025-06-30,3010,2025-05-26,2140,6066,NA,1,5,6,3010,0,0,0,NA,0,005,BEACH BL - SR39 BLVD,ELLIS AVE,263,S,N,A,-,Y,ORA,NA,39,NA,NA,3.12,H,NA,L,N,4,0,1,2,D,-,00,NA,NA,F,E,J,A,A,H,-,C,D,0,NA,NA,NA,NA,Y,NA,-,-,0,0,1,0,0,0,0,0,0,-,-,33.6939582824707,-117.98916625976563,ORANGE,HUNTINGTON BEACH,-117.98895263671876,33.6939582824707
8474484,2017,2017-11-06,3026,2017-09-27,1925,465,NA,3,5,6,3026,0,0,0,NA,0,00C,WALNUT,JAMBOREE,0,NA,Y,A,-,N,NA,NA,NA,NA,NA,NA,NA,NA,NA,N,4,0,2,2,A,-,12,21453,A,N,D,C,A,A,H,-,C,A,0,NA,NA,NA,NA,Y,NA,A,07,0,0,2,0,0,0,0,0,0,-,-,NA,NA,ORANGE,IRVINE,-117.80107008,33.71171012
84746904,2025,2025-07-07,3010,2025-06-23,345,6064,NA,1,5,6,3010,0,0,0,NA,0,003,BEACH BL - SR39 BLVD,MEMPHIS AVE,211,N,N,A,-,Y,ORA,NA,39,NA,NA,1.363,H,NA,L,Y,3,0,1,2,A,-,01,23152,A,N,C,E,A,A,H,-,C,A,0,NA,NA,NA,NA,Y,Y,A,07,0,1,0,0,0,0,0,0,0,-,-,33.668270111083984,-117.98857879638672,ORANGE,HUNTINGTON BEACH,-117.98863983154295,33.668270111083984
8475026,2017,2017-11-17,3010,2017-10-12,2108,1118,411,4,5,6,3010,0,0,0,NA,0,005,PROMENADE,SEAGATE,130,E,N,A,-,N,NA,NA,NA,NA,NA,NA,NA,NA,NA,Y,3,0,1,1,A,-,01,23152,A,N,E,I,A,A,H,-,C,D,0,NA,NA,NA,NA,Y,Y,A,01,0,1,0,0,0,0,0,0,0,-,-,NA,NA,ORANGE,HUNTINGTON BEACH,-117.99780223,33.68945246
84751055,2025,2025-07-07,3002,2025-06-06,1710,1447,NA,5,5,4,3002,0,0,0,NA,0,001,WOODCREST AV,LA CANADA DR,63,E,N,A,-,N,NA,NA,NA,NA,NA,NA,NA,NA,NA,N,3,0,1,1,A,-,17,21204,A,N,H,A,A,A,H,-,A,D,0,NA,Y,NA,NA,Y,NA,M,91,0,1,0,0,0,0,1,0,0,-,-,33.94573974609375,-117.91905212402344,ORANGE,BREA,-117.91893005371094,33.94568634033203
84751228,2025,2025-07-07,3022,2025-06-12,217,1360,NA,4,5,5,3022,0,0,0,NA,0,NA,RED HILL AV,MITCHELL AV,0,NA,Y,A,-,N,NA,NA,NA,NA,NA,NA,NA,NA,NA,N,3,0,1,2,A,-,10,21950,A,F,G,B,B,A,H,-,C,A,0,Y,NA,NA,NA,Y,NA,-,99,0,1,0,0,1,0,0,0,0,-,-,33.730709075927734,-117.8181381225586,ORANGE,TUSTIN,-117.81819915771484,33.73073959350586
8475596,2017,2017-12-07,3015,2017-10-23,0227,1558,35E,1,5,6,3015,0,0,0,NA,0,125,W COLLINS AV,NORTH OLIVE,85,E,N,A,-,N,NA,NA,NA,NA,NA,NA,NA,NA,NA,Y,4,0,1,1,A,-,01,23152,A,M,E,I,A,A,H,-,C,D,0,NA,NA,NA,NA,Y,Y,A,01,0,0,1,0,0,0,0,0,0,-,-,NA,NA,ORANGE,ORANGE,-117.85388088,33.80239
84759476,2025,2025-07-14,3008,2025-05-28,1711,1700,NA,3,5,6,3008,0,0,0,NA,0,NA,COMMONWEALTH AVE,LINCOLN AVE,0,NA,Y,A,-,N,NA,NA,NA,NA,NA,NA,NA,NA,NA,Y,4,0,1,2,A,-,03,22350,NA,N,C,C,A,A,H,-,A,D,0,NA,NA,NA,NA,Y,NA,A,01,0,0,1,0,0,0,0,0,0,-,-,33.870330810546875,-117.91087341308594,ORANGE,FULLERTON,-117.91079711914063,33.870445251464844
84759712,2025,2025-07-14,3010,2025-05-16,707,6041,NA,5,5,6,3010,0,0,0,NA,0,006,GOLDENWEST ST,RIO VISTA DR,500,S,N,A,-,N,NA,NA,NA,NA,NA,NA,NA,NA,NA,N,4,0,1,2,A,-,04,21703,NA,F,H,G,A,A,H,-,A,D,0,NA,Y,NA,NA,Y,Y,-,99,0,0,1,0,0,0,1,0,0,-,-,33.705101013183594,-118.0067901611328,ORANGE,HUNTINGTON BEACH,-118.00650024414063,33.70370864868164
84759739,2025,2025-07-14,3010,2025-07-04,2312,6066,NA,5,5,6,3010,0,0,0,NA,0,003,BEACH BL - SR39 BLVD,CLAY AVE,340,N,N,A,-,Y,ORA,NA,39,NA,NA,2.445,H,NA,R,N,3,0,1,2,A,-,11,21954,A,N,G,B,D,A,H,-,C,D,0,Y,NA,NA,NA,Y,NA,N,60,0,1,0,0,1,0,0,0,0,-,-,33.683841705322266,-117.98870086669922,ORANGE,HUNTINGTON BEACH,-117.98863983154295,33.683841705322266
84759759,2025,2025-07-18,3008,2025-05-29,1438,1495,NA,4,5,6,3008,0,0,0,NA,0,NA,IMPERIAL HWY,PALM ST,0,NA,Y,A,-,Y,ORA,NA,90,NA,NA,3.001,H,NA,R,N,4,0,2,3,A,-,03,22350,NA,N,C,C,A,A,H,-,A,A,0,NA,NA,Y,NA,Y,NA,A,01,0,0,2,0,0,0,0,0,1,-,-,33.917510986328125,-117.92433166503906,ORANGE,FULLERTON,-117.92433166503906,33.91733169555664
8476061,2017,2017-11-09,3004,2017-10-04,0958,P651,02,3,5,6,3004,0,0,0,NA,0,015,WEST 1ST ST,PARK DR,0,NA,Y,A,-,N,NA,NA,NA,NA,NA,NA,NA,NA,NA,N,4,0,1,2,A,-,09,21802,A,N,D,C,A,A,H,-,A,A,0,NA,NA,NA,NA,Y,NA,A,01,0,0,1,0,0,0,0,0,0,-,-,33.64,-117.921,ORANGE,COSTA MESA,-117.921126,33.639848
84763021,2025,2025-07-16,3010,2025-07-08,841,3042,NA,2,5,6,3010,0,0,0,NA,0,003,BROOKHURST ST,GARFIELD AVE,0,NA,Y,A,-,N,NA,NA,NA,NA,NA,NA,NA,NA,NA,Y,3,0,2,2,A,-,09,21801,A,N,D,C,A,A,H,-,A,A,0,NA,NA,NA,NA,Y,NA,A,01,0,1,1,0,0,0,0,0,0,-,-,33.68687057495117,-117.95378875732422,ORANGE,HUNTINGTON BEACH,-117.9541473388672,33.68688201904297