CASE_ID,ACCIDENT_YEAR,PROC_DATE,JURIS,COLLISION_DATE,COLLISION_TIME,OFFICER_ID,REPORTING_DISTRICT,DAY_OF_WEEK,CHP_SHIFT,POPULATION,CNTY_CITY_LOC,SPECIAL_COND,BEAT_TYPE,CHP_BEAT_TYPE,CITY_DIVISION_LAPD,CHP_BEAT_CLASS,BEAT_NUMBER,PRIMARY_RD,SECONDARY_RD,DISTANCE,DIRECTION,INTERSECTION,WEATHER_1,WEATHER_2,STATE_HWY_IND,CALTRANS_COUNTY,CALTRANS_DISTRICT,STATE_ROUTE,ROUTE_SUFFIX,POSTMILE_PREFIX,POSTMILE,LOCATION_TYPE,RAMP_INTERSECTION,SIDE_OF_HWY,TOW_AWAY,COLLISION_SEVERITY,NUMBER_KILLED,NUMBER_INJURED,PARTY_COUNT,PRIMARY_COLL_FACTOR,PCF_CODE_OF_VIOL,PCF_VIOL_CATEGORY,PCF_VIOLATION,PCF_VIOL_SUBSECTION,HIT_AND_RUN,TYPE_OF_COLLISION,MVIW,PED_ACTION,ROAD_SURFACE,ROAD_COND_1,ROAD_COND_2,LIGHTING,CONTROL_DEVICE,CHP_ROAD_TYPE,PEDESTRIAN_ACCIDENT,BICYCLE_ACCIDENT,MOTORCYCLE_ACCIDENT,TRUCK_ACCIDENT,NOT_PRIVATE_PROPERTY,ALCOHOL_INVOLVED,STWD_VEHTYPE_AT_FAULT,CHP_VEHTYPE_AT_FAULT,COUNT_SEVERE_INJ,COUNT_VISIBLE_INJ,COUNT_COMPLAINT_PAIN,COUNT_PED_KILLED,COUNT_PED_INJURED,COUNT_BICYCLIST_KILLED,COUNT_BICYCLIST_INJURED,COUNT_MC_KILLED,COUNT_MC_INJURED,PRIMARY_RAMP,SECONDARY_RAMP,LATITUDE,LONGITUDE,COUNTY,CITY,POINT_X,POINT_Y
8476489,2017,2017-10-30,3019,2017-09-25,1549,3369,SC,1,5,7,3019,0,0,0,NA,0,004,1ST ST,FOREST AV,100,W,N,A,-,N,NA,NA,NA,NA,NA,NA,NA,NA,NA,Y,4,0,2,3,A,-,03,22350,NA,N,C,C,A,A,H,-,A,A,0,NA,NA,NA,NA,Y,NA,A,01,0,0,2,0,0,0,0,0,0,-,-,33.74528,-117.88991,ORANGE,SANTA ANA,-117.89024817,33.74543
84765778,2025,2025-07-17,3019,2025-07-09,1612,3449,NA,3,5,7,3019,0,0,0,NA,0,001,BRISTOL STREET,17TH STREET,500,S,N,A,-,N,NA,NA,NA,NA,NA,NA,NA,NA,NA,N,4,0,1,2,A,-,03,22350,NA,N,C,C,A,A,H,-,A,D,0,NA,NA,NA,NA,Y,NA,A,07,0,0,1,0,0,0,0,0,0,-,-,33.76002883911133,-117.88511657714844,ORANGE,SANTA ANA,-117.88491821289063,33.76111602783203
84765882,2025,2025-07-17,3010,2025-07-13,853,2083,NA,7,5,6,3010,0,0,0,NA,0,009,EDWARDS ST,MAR VISTA DR,95,S,N,B,-,N,NA,NA,NA,NA,NA,NA,NA,NA,NA,N,3,0,1,1,C,-,18,NA,NA,N,H,G,A,A,H,-,A,D,0,NA,Y,NA,NA,Y,NA,-,-,0,1,0,0,0,0,1,0,0,-,-,33.745880126953125,-118.01569366455078,ORANGE,HUNTINGTON BEACH,-118.01573181152344,33.746009826660156
8476662,2017,2017-10-24,3019,2017-09-27,1712,3155,NE,3,5,7,3019,0,0,0,NA,0,NA,TUSTIN AV,GROVEMONT ST,138,N,N,A,-,N,NA,NA,NA,NA,NA,NA,NA,NA,NA,Y,4,0,2,2,A,-,09,21801,A,N,D,C,A,A,H,-,A,D,0,NA,NA,NA,NA,Y,NA,A,07,0,0,2,0,0,0,0,0,0,-,-,33.70928,-117.83556,ORANGE,SANTA ANA,-117.83577,33.7715083
84769023,2025,2025-07-21,3019,2025-07-03,1900,3196,NA,4,5,7,3019,0,0,0,NA,0,001,HARBOR BOULEVARD,WESTMINSTER AVENUE,100,S,N,A,-,N,NA,NA,NA,NA,NA,NA,NA,NA,NA,N,4,0,2,2,D,-,00,NA,NA,M,B,C,A,A,H,-,B,D,0,NA,NA,NA,NA,Y,NA,-,-,0,0,2,0,0,0,0,0,0,-,-,33.75967025756836,-117.92011260986328,ORANGE,SANTA ANA,-117.92034149169922,33.75973129272461
84771731,2025,2025-07-23,3008,2025-03-28,1319,1678,NA,5,5,6,3008,0,0,0,NA,0,NA,ASSOCIATED RD,BASTANCHURY RD,0,NA,Y,A,-,N,NA,NA,NA,NA,NA,NA,NA,NA,NA,Y,3,0,1,3,D,-,00,NA,NA,N,D,C,A,A,H,-,A,A,0,NA,NA,NA,NA,Y,NA,-,-,0,1,0,0,0,0,0,0,0,-,-,33.89326858520508,-117.8857421875,ORANGE,FULLERTON,-117.88562774658205,33.89336013793945
84773055,2025,2025-07-22,3026,2025-07-21,1226,4779,NA,1,5,6,3026,0,0,0,NA,0,006,IRVINE CENTER DR,405 SB TO ICD SB RAMP,0,NA,Y,B,-,Y,NA,NA,NA,NA,NA,NA,NA,NA,NA,Y,3,0,4,2,A,-,12,21453,A,N,D,C,A,A,H,-,A,A,0,NA,NA,NA,NA,Y,NA,A,01,0,1,3,0,0,0,0,0,0,-,-,33.647159576416016,-117.74642181396484,ORANGE,IRVINE,NA,NA
84776557,2025,2025-07-28,3008,2025-06-13,1232,1495,NA,5,5,6,3008,0,0,0,NA,0,NA,ORANGETHORPE AVE,LEMON ST,0,NA,Y,A,-,N,NA,NA,NA,NA,NA,NA,NA,NA,NA,N,4,0,1,2,A,-,12,21453,A,N,D,C,A,A,H,-,A,A,0,NA,NA,NA,NA,Y,NA,A,01,0,0,1,0,0,0,0,0,0,-,-,33.859439849853516,-117.91990661621094,ORANGE,FULLERTON,-117.91986846923828,33.85951232910156
84778749,2025,2025-07-28,3010,2025-07-19,946,2083,NA,6,5,6,3010,0,0,0,NA,0,002,PACIFIC COAST HWY - SR1,MAGNOLIA ST,425,S,N,B,-,Y,ORA,NA,1,NA,NA,22.733,H,NA,R,N,3,0,2,2,A,-,04,21703,NA,N,H,G,A,A,G,-,A,D,0,NA,Y,NA,NA,Y,NA,L,04,0,2,0,0,0,0,2,0,0,-,-,33.639869689941406,-117.97354888916016,ORANGE,HUNTINGTON BEACH,-117.97350311279295,33.639923095703125
84781785,2025,2025-07-29,3026,2025-07-14,1417,358,NA,1,5,6,3026,0,0,0,NA,0,009,IRVINE BLVD,ALLRED CENTRE,6,S,N,A,-,N,NA,NA,NA,NA,NA,NA,NA,NA,NA,N,3,0,1,1,A,-,03,22350,NA,N,F,A,A,A,H,-,A,D,0,NA,Y,NA,NA,Y,NA,M,91,0,1,0,0,0,0,1,0,0,-,-,33.66407012939453,-117.7061767578125,ORANGE,IRVINE,-117.70645904541016,33.66572189331055
84782250,2025,2025-07-30,3002,2025-06-02,55,1750,NA,1,5,4,3002,0,0,0,NA,0,003,IMPERIAL HY,SATURN ST,299,W,N,A,-,Y,ORA,NA,90,NA,NA,6.962,H,NA,R,Y,3,0,1,2,D,-,00,NA,NA,N,B,C,A,A,H,-,C,D,0,NA,NA,Y,NA,Y,NA,-,-,0,1,0,0,0,0,0,0,1,-,-,33.91109848022461,-117.85733795166016,ORANGE,BREA,-117.85733795166016,33.91105270385742
84783684,2025,2025-07-31,3019,2025-06-27,1413,3837,NA,5,5,7,3019,0,0,0,NA,0,001,1ST STREET,ANDRES PLACE,10,N,N,A,-,N,NA,NA,NA,NA,NA,NA,NA,NA,NA,N,4,0,1,2,A,-,09,21804,A,N,D,G,A,A,H,-,A,A,0,NA,Y,NA,NA,Y,NA,A,01,0,0,1,0,0,0,1,0,0,-,-,33.7451286315918,-117.93132781982422,ORANGE,SANTA ANA,-117.93121337890624,33.74509048461914
84783734,2025,2025-07-31,3010,2025-07-14,2157,2056,NA,1,5,6,3010,0,0,0,NA,0,006,NICHOLS LN,SLATER AVE,1029,N,N,A,-,N,NA,NA,NA,NA,NA,NA,NA,NA,NA,N,2,0,2,2,A,-,03,22350,NA,N,H,G,A,A,H,-,C,D,0,NA,Y,NA,NA,Y,NA,A,07,1,0,1,0,0,0,1,0,0,-,-,33.70846939086914,-117.99559020996094,ORANGE,HUNTINGTON BEACH,-117.99565887451172,33.711181640625
84784948,2025,2025-07-31,3014,2025-07-27,658,1555,NA,7,5,5,3014,0,0,0,NA,0,A2,NEWPORT BLVD,HOSPITAL RD,0,NA,Y,B,-,Y,ORA,NA,55,NA,NA,0.605,H,NA,L,Y,4,0,1,2,A,-,08,22107,NA,N,D,C,A,A,C,-,A,A,0,NA,NA,NA,NA,Y,NA,D,22,0,0,1,0,0,0,0,0,0,-,-,33.625701904296875,-117.9281005859375,ORANGE,NEWPORT BEACH,-117.92813110351563,33.62570571899414
84785346,2025,2025-08-01,3016,2025-07-16,815,2218,NA,3,5,5,3016,0,0,0,NA,0,002,PLACENTIA AVENUE,FENDER AVENUE,0,NA,Y,A,-,N,NA,NA,NA,NA,NA,NA,NA,NA,NA,Y,4,0,2,2,A,-,09,21801,A,N,B,C,A,A,H,-,A,A,0,NA,NA,NA,NA,Y,NA,A,07,0,0,2,0,0,0,0,0,0,-,-,33.86806869506836,-117.8807373046875,ORANGE,PLACENTIA,-117.8806610107422,33.868160247802734
84785403,2025,2025-08-01,3019,2025-07-02,2009,3602,NA,3,5,7,3019,0,0,0,NA,0,002,1ST STREET,FLOWER STREET,0,NA,Y,A,-,N,NA,NA,NA,NA,NA,NA,NA,NA,NA,Y,4,0,1,2,A,-,12,22450,A,N,D,C,A,A,H,-,E,B,0,NA,NA,NA,NA,Y,NA,A,07,0,0,1,0,0,0,0,0,0,-,-,33.74544143676758,-117.87622833251952,ORANGE,SANTA ANA,-117.8764190673828,33.745418548583984
84785436,2025,2025-08-01,3019,2025-07-07,2314,3575,NA,1,5,7,3019,0,0,0,NA,0,001,NEWHOPE STREET,EDINGER AVENUE,0,NA,Y,A,-,N,NA,NA,NA,NA,NA,NA,NA,NA,NA,Y,4,0,1,2,A,-,12,21453,A,N,D,C,A,A,H,-,C,A,0,NA,NA,NA,NA,Y,NA,A,01,0,0,1,0,0,0,0,0,0,-,-,33.73094940185547,-117.92900848388672,ORANGE,SANTA ANA,-117.92858123779295,33.73098373413086
8478784,2017,2017-11-14,3015,2017-09-27,0727,1386,51,3,5,6,3015,0,0,0,NA,0,711,N MAIN ST,W MAPLE AV,0,NA,Y,A,-,N,NA,NA,NA,NA,NA,NA,NA,NA,NA,N,4,0,1,2,A,-,09,21802,A,N,D,G,A,A,H,-,A,D,0,NA,Y,NA,NA,Y,NA,L,04,0,0,1,0,0,0,1,0,0,-,-,NA,NA,ORANGE,ORANGE,-117.86655005,33.78968002
84789353,2025,2025-08-05,3019,2025-07-20,1607,3414,NA,7,5,7,3019,0,0,0,NA,0,001,17TH STREET,ENGLISH STREET,0,NA,Y,A,-,N,NA,NA,NA,NA,NA,NA,NA,NA,NA,Y,3,0,2,2,A,-,12,21453,A,N,A,C,A,A,H,-,A,A,0,NA,NA,NA,NA,Y,NA,-,-,0,1,1,0,0,0,0,0,0,-,-,33.759490966796875,-117.89652252197266,ORANGE,SANTA ANA,-117.89665985107422,33.759910583496094
84794350,2025,2025-08-08,3001,2025-06-15,922,A2953,NA,7,5,7,3001,0,0,0,NA,0,D-1,LINCOLN AVENUE,BEACH BOULEVARD,0,NA,Y,A,-,N,NA,NA,NA,NA,NA,NA,NA,NA,NA,Y,4,0,3,2,A,-,12,21453,A,N,D,C,A,A,H,-,A,A,0,NA,NA,NA,NA,Y,NA,A,01,0,0,3,0,0,0,0,0,0,-,-,NA,NA,ORANGE,ANAHEIM,-117.99337768554688,33.83198165893555
84795740,2025,2025-08-11,3001,2025-06-14,927,A2576,NA,6,5,7,3001,0,0,0,NA,0,026,STATE COLLEGE BOULEVARD,LA PALMA AVENUE,565,N,N,A,-,N,NA,NA,NA,NA,NA,NA,NA,NA,NA,N,4,0,2,2,A,-,08,22107,NA,N,B,C,A,A,H,-,A,A,0,NA,NA,NA,NA,Y,NA,-,-,0,0,2,0,0,0,0,0,0,-,-,33.847259521484375,-117.88919830322266,ORANGE,ANAHEIM,-117.88932037353516,33.84880828857422
84795763,2025,2025-08-11,3001,2025-06-23,913,A1007,NA,1,5,7,3001,0,0,0,NA,0,NA,ORANGETHORPE AVENUE,WILLOW WOODS DRIVE,245,E,N,A,-,N,NA,NA,NA,NA,NA,NA,NA,NA,NA,Y,4,0,1,4,A,-,08,22107,NA,N,B,E,A,A,H,-,A,D,0,NA,NA,NA,NA,Y,NA,A,07,0,0,1,0,0,0,0,0,0,-,-,NA,NA,ORANGE,ANAHEIM,-117.79468536376952,33.86306381225586
84798354,2025,2025-08-12,3019,2025-07-14,823,3653,NA,1,5,7,3019,0,0,0,NA,0,001,HARBOR BOULEVARD,5TH STREET,135,N,N,A,-,N,NA,NA,NA,NA,NA,NA,NA,NA,NA,N,4,0,1,2,A,-,03,22350,NA,M,C,C,A,A,H,-,A,A,0,NA,NA,NA,NA,Y,NA,-,31,0,0,1,0,0,0,0,0,0,-,-,33.74876022338867,-117.92019653320313,ORANGE,SANTA ANA,-117.92021942138672,33.749229431152344
84798404,2025,2025-08-12,3010,2025-08-08,2147,6140,NA,5,5,6,3010,0,0,0,NA,0,003,MAGNOLIA ST,ADAMS AVE,1125,N,N,A,-,N,NA,NA,NA,NA,NA,NA,NA,NA,NA,N,3,0,1,2,A,-,08,22107,NA,N,H,E,A,A,H,-,C,D,0,NA,Y,NA,NA,Y,NA,L,04,0,1,0,0,0,0,1,0,0,-,-,33.67082977294922,-117.97219848632813,ORANGE,HUNTINGTON BEACH,-117.97117614746094,33.66939926147461
84798407,2025,2025-08-12,3019,2025-07-31,1402,3653,NA,4,5,7,3019,0,0,0,NA,0,004,SEGERSTROM AVENUE,BRISTOL STREET,184,E,N,A,-,N,NA,NA,NA,NA,NA,NA,NA,NA,NA,Y,4,0,1,2,A,-,05,21651,B,N,A,C,A,A,H,-,A,A,0,NA,NA,NA,NA,Y,NA,A,01,0,0,1,0,0,0,0,0,0,-,-,33.70745086669922,-117.8852996826172,ORANGE,SANTA ANA,-117.88487243652344,33.70747756958008
84800346,2025,2025-08-13,3019,2025-07-30,1540,3737,NA,3,5,7,3019,0,0,0,NA,0,002,1ST STREET,GOLDEN CIRCLE DRIVE,100,E,N,A,-,N,NA,NA,NA,NA,NA,NA,NA,NA,NA,N,4,0,1,2,D,-,00,NA,NA,M,D,C,A,A,H,-,A,D,0,NA,NA,NA,NA,Y,NA,-,-,0,0,1,0,0,0,0,0,0,-,-,33.74546813964844,-117.83846282958984,ORANGE,SANTA ANA,-117.83789825439452,33.74557876586914
84800353,2025,2025-08-13,3010,2025-08-03,1443,6140,NA,7,5,6,3010,0,0,0,NA,0,004,ORANGE AVE,7TH ST,0,NA,Y,A,-,N,NA,NA,NA,NA,NA,NA,NA,NA,NA,Y,4,0,1,2,A,-,09,21802,A,N,D,C,A,A,H,-,A,A,0,NA,NA,NA,NA,Y,NA,A,01,0,0,1,0,0,0,0,0,0,-,-,33.6605110168457,-118.00289916992188,ORANGE,HUNTINGTON BEACH,-118.00174713134766,33.661476135253906
84802058,2025,2025-08-14,3019,2025-08-06,1537,3716,NA,3,5,7,3019,0,0,0,NA,0,003,LYON STREET,WILSHIRE AVENUE (N),190,N,N,A,-,N,NA,NA,NA,NA,NA,NA,NA,NA,NA,N,4,0,1,2,A,-,06,21755,NA,N,B,C,A,A,H,-,A,D,0,NA,NA,Y,NA,Y,NA,C,02,0,0,1,0,0,0,0,0,1,-,-,33.73173904418945,-117.84484100341795,ORANGE,SANTA ANA,-117.84513092041016,33.73200225830078
84802107,2025,2025-09-15,3008,2025-06-26,2058,1378,NA,4,5,6,3008,0,0,0,NA,0,NA,BROOKHURST RD,ORANGETHORPE AVE,31,S,N,A,-,N,NA,NA,NA,NA,NA,NA,NA,NA,NA,N,3,0,3,2,A,-,08,22107,NA,N,D,C,A,A,H,-,B,D,0,NA,NA,NA,NA,Y,NA,A,01,0,1,2,0,0,0,0,0,0,-,-,33.85895919799805,-117.95931243896484,ORANGE,FULLERTON,-117.95930480957033,33.85911560058594
84802120,2025,2025-08-14,3010,2025-08-11,1544,3042,NA,1,5,6,3010,0,0,0,NA,0,002,NOELLE DR,NEWLAND ST,140,W,N,A,-,N,NA,NA,NA,NA,NA,NA,NA,NA,NA,Y,3,0,1,1,A,-,08,22107,NA,N,E,I,A,A,H,-,A,D,0,NA,NA,NA,NA,Y,NA,A,01,0,1,0,0,0,0,0,0,0,-,-,33.65018081665039,-117.98103332519533,ORANGE,HUNTINGTON BEACH,-117.98007202148438,33.6515007019043
8480232,2017,2017-11-02,3007,2017-10-04,1548,1125,54,3,5,5,3007,0,0,0,NA,0,003,BROOKHURST ST,STONE FIELD DR,0,NA,Y,A,-,N,NA,NA,NA,NA,NA,NA,NA,NA,NA,Y,4,0,1,2,A,-,09,21804,A,M,D,C,A,A,H,-,A,A,0,NA,NA,NA,NA,Y,NA,A,01,0,0,1,0,0,0,0,0,0,-,-,NA,NA,ORANGE,FOUNTAIN VALLEY,-117.95437008,33.69970011
84811725,2025,2025-08-21,3019,2025-08-07,2204,3814,NA,4,5,7,3019,0,0,0,NA,0,002,ROSS STREET,15TH STREET,1,S,Y,A,-,N,NA,NA,NA,NA,NA,NA,NA,NA,NA,N,3,0,1,2,A,-,10,21950,A,N,G,B,B,A,H,-,D,D,0,Y,NA,NA,NA,Y,NA,A,01,0,1,0,0,1,0,0,0,0,-,-,33.75712966918945,-117.87236785888672,ORANGE,SANTA ANA,-117.87246704101563,33.75784683227539
84811768,2025,2025-08-21,3019,2025-08-16,1152,3969,NA,6,5,7,3019,0,0,0,NA,0,NA,WARNER AVENUE,RAITT STREET,0,NA,Y,A,-,Y,NA,NA,NA,NA,NA,NA,NA,NA,NA,Y,4,0,3,2,A,-,12,21453,A,N,A,D,A,A,H,-,A,A,0,NA,NA,NA,NA,Y,NA,-,-,0,0,3,0,0,0,0,0,0,-,-,33.71535110473633,-117.89630889892578,ORANGE,SANTA ANA,-117.89609527587892,33.7155647277832
8481257,2017,2017-11-14,3022,2017-10-18,1510,1225,NA,3,5,5,3022,0,0,0,NA,0,NA,VALENCIA AV,RED HILL AV,15,W,N,A,-,N,NA,NA,NA,NA,NA,NA,NA,NA,NA,N,3,0,1,2,A,-,12,21453,A,N,D,G,A,A,H,-,A,A,0,NA,Y,NA,NA,Y,NA,L,04,0,1,0,0,0,0,1,0,0,-,-,33.7168,-117.83202,ORANGE,TUSTIN,-117.83216784,33.71679629
8481632,2017,2017-12-05,3007,2017-10-02,1606,1134,65,1,5,5,3007,0,0,0,NA,0,003,BROOKHURST,ELLIS,0,NA,Y,A,-,N,NA,NA,NA,NA,NA,NA,NA,NA,NA,N,4,0,1,3,A,-,12,21453,A,N,D,C,A,A,H,-,A,A,0,NA,NA,NA,NA,Y,NA,A,01,0,0,1,0,0,0,0,0,0,-,-,NA,NA,ORANGE,FOUNTAIN VALLEY,-117.95427004,33.69414005
8481706,2017,2017-11-09,3014,2017-10-10,0810,1474,RD39,2,5,5,3014,0,0,0,NA,0,0A3,SANTA ROSA DR,CENTER DR,52,E,N,A,-,N,NA,NA,NA,NA,NA,NA,NA,NA,NA,N,4,0,1,2,A,-,09,21804,A,M,H,G,A,A,H,-,A,A,0,NA,Y,NA,NA,Y,NA,A,01,0,0,1,0,0,0,1,0,0,-,-,33.6174,-117.8713,ORANGE,NEWPORT BEACH,-117.87086041,33.61759256
84818163,2025,2025-08-26,3014,2025-08-03,1140,1516,NA,7,5,5,3014,0,0,0,NA,0,A3,JAMBOREE RD,HYATT REGENCY,20,N,N,A,-,N,NA,NA,NA,NA,NA,NA,NA,NA,NA,N,4,0,1,2,A,-,03,22350,NA,N,C,C,A,A,H,-,A,A,0,NA,NA,NA,NA,Y,NA,A,01,0,0,1,0,0,0,0,0,0,-,-,33.616790771484375,-117.88760375976563,ORANGE,NEWPORT BEACH,-117.8876953125,33.616737365722656
8481877,2017,2018-06-26,3010,2017-10-12,1125,1176,171,4,5,6,3010,0,0,0,NA,0,008,RT 1,ANDERSON,0,NA,Y,A,-,Y,ORA,12,1,-,-,31.111,I,5,N,N,4,0,1,2,A,-,08,22100,A,N,C,G,A,A,H,-,A,A,0,NA,Y,NA,NA,Y,NA,A,01,0,0,1,0,0,0,1,0,0,-,-,NA,NA,ORANGE,HUNTINGTON BEACH,-118.07781576,33.7245676
84819169,2025,2025-08-27,3001,2025-07-21,1139,A2832,NA,1,5,7,3001,0,0,0,NA,0,044,FAIRMONT BOULEVARD,SANTA ANA CANYON ROAD,85,N,N,B,-,N,NA,NA,NA,NA,NA,NA,NA,NA,NA,Y,3,0,1,1,A,-,03,22350,NA,N,E,I,A,A,H,-,A,D,0,NA,NA,NA,NA,Y,NA,D,22,0,1,0,0,0,0,0,0,0,-,-,33.85771942138672,-117.77066040039063,ORANGE,ANAHEIM,-117.77091217041016,33.85796356201172
84823854,2025,2025-08-29,3014,2025-08-27,1921,1625,NA,3,5,5,3014,0,0,0,NA,0,A4,SR-1 (E COAST HWY),NEWPORT COAST,0,NA,Y,A,-,Y,ORA,NA,1,NA,NA,13.905,H,NA,R,Y,2,0,2,2,A,-,12,21453,NA,N,F,C,A,A,H,-,A,A,0,NA,NA,NA,NA,Y,NA,A,01,1,0,1,0,0,0,0,0,0,-,-,33.58298873901367,-117.84879302978516,ORANGE,NEWPORT BEACH,-117.84877777099608,33.58300018310547
84824389,2025,2025-09-01,3001,2025-08-18,240,A2877,NA,1,5,7,3001,0,0,0,NA,0,D-2,BUSH STREET,SYCAMORE STREET,386,S,N,A,-,N,NA,NA,NA,NA,NA,NA,NA,NA,NA,Y,3,0,1,3,A,-,01,23152,A,N,B,E,A,A,H,-,C,D,0,NA,NA,NA,NA,Y,Y,A,01,0,1,0,0,0,0,0,0,0,-,-,33.84183120727539,-117.9060287475586,ORANGE,ANAHEIM,-117.90564727783205,33.84099578857422
84824652,2025,2025-09-01,3008,2025-07-17,424,1636,NA,4,5,6,3008,0,0,0,NA,0,NA,NUTWOOD AVE,COMMONWEALTH AVE,0,NA,Y,A,-,N,NA,NA,NA,NA,NA,NA,NA,NA,NA,Y,4,0,2,2,A,-,09,21801,A,N,D,C,A,A,H,-,C,A,0,NA,NA,NA,NA,Y,NA,A,01,0,0,2,0,0,0,0,0,0,-,-,33.87818908691406,-117.88433074951172,ORANGE,FULLERTON,-117.88433837890624,33.87805938720703
84827409,2025,2025-09-03,3001,2025-07-28,1556,A2494,NA,1,5,7,3001,0,0,0,NA,0,D-2,BUSH STREET,WILHELMINA STREET,4,W,N,A,-,N,NA,NA,NA,NA,NA,NA,NA,NA,NA,N,3,0,1,2,A,-,12,22450,A,N,D,C,A,A,H,-,A,D,0,NA,NA,Y,NA,Y,NA,C,03,0,1,0,0,0,0,0,0,1,-,-,33.84403991699219,-117.9065170288086,ORANGE,ANAHEIM,-117.90652465820313,33.8442497253418
84827581,2025,2025-09-03,3019,2025-07-19,656,3879,NA,6,5,7,3019,0,0,0,NA,0,003,EDINGER AVENUE,LYON STREET,0,NA,Y,B,-,N,NA,NA,NA,NA,NA,NA,NA,NA,NA,N,4,0,1,2,A,-,12,21453,A,N,A,D,A,A,H,-,A,A,0,NA,NA,NA,NA,Y,NA,A,01,0,0,1,0,0,0,0,0,0,-,-,33.72663116455078,-117.844970703125,ORANGE,SANTA ANA,-117.84516143798828,33.7266731262207
84827611,2025,2025-09-03,3019,2025-08-23,1027,3929,NA,6,5,7,3019,0,0,0,NA,0,003,GRAND AVENUE,WARNER AVENUE,0,NA,Y,B,-,N,NA,NA,NA,NA,NA,NA,NA,NA,NA,N,4,0,1,2,A,-,12,21453,A,N,D,C,A,A,H,-,A,A,0,NA,NA,NA,NA,Y,NA,A,07,0,0,1,0,0,0,0,0,0,-,-,33.71588134765625,-117.85060119628906,ORANGE,SANTA ANA,-117.85057830810548,33.71590042114258
84831185,2025,2025-09-05,3019,2025-09-02,721,3449,NA,2,5,7,3019,0,0,0,NA,0,002,GRAND AVENUE,FRUIT STREET (S),150,S,N,A,-,N,NA,NA,NA,NA,NA,NA,NA,NA,NA,N,4,0,1,2,A,-,03,22350,NA,N,C,C,A,A,H,-,A,A,0,NA,NA,NA,NA,Y,NA,A,01,0,0,1,0,0,0,0,0,0,-,-,33.75239944458008,-117.85198974609376,ORANGE,SANTA ANA,-117.8518524169922,33.752437591552734
84838116,2025,2025-09-10,3001,2025-07-28,815,A2576,NA,1,5,7,3001,0,0,0,NA,0,D-2,EUCLID STREET,MEDICAL CENTER DRIVE,107,N,N,A,-,N,NA,NA,NA,NA,NA,NA,NA,NA,NA,N,4,0,1,3,A,-,03,22350,NA,F,C,C,A,A,H,-,A,A,0,NA,NA,NA,NA,Y,NA,A,07,0,0,1,0,0,0,0,0,0,-,-,33.85221862792969,-117.94164276123048,ORANGE,ANAHEIM,-117.94178771972656,33.852073669433594
84845455,2025,2025-09-16,3011,2025-08-30,1430,31626,NA,6,5,4,3011,0,0,0,NA,0,NA,SR1 COAST HWY,MCAULAY PLACE,7,S,-,A,-,Y,NA,NA,NA,NA,NA,NA,NA,NA,NA,N,4,0,1,2,A,-,04,21703,NA,N,C,C,A,A,H,-,A,D,0,NA,NA,NA,NA,Y,NA,A,01,0,0,1,0,0,0,0,0,0,-,-,NA,NA,ORANGE,LAGUNA BEACH,-117.76311492919922,33.52202606201172
84847296,2025,2025-09-17,3019,2025-08-18,2500,3757,NA,1,5,7,3019,0,0,0,NA,0,002,BROADWAY,17TH STREET,250,S,N,A,-,N,NA,NA,NA,NA,NA,NA,NA,NA,NA,N,3,0,1,2,A,-,03,22350,NA,F,C,G,A,A,H,-,B,D,0,NA,Y,NA,NA,Y,NA,A,07,0,1,0,0,0,0,1,0,0,-,-,33.76028060913086,-117.86963653564452,ORANGE,SANTA ANA,-117.86962890625,33.75942611694336
84847338,2025,2025-09-17,3019,2025-09-09,1815,3653,NA,2,5,7,3019,0,0,0,NA,0,002,16TH STREET,CABRILLO PARK DRIVE,200,E,N,A,-,N,NA,NA,NA,NA,NA,NA,NA,NA,NA,N,3,0,1,2,A,-,11,21954,A,N,G,B,D,A,H,-,A,D,0,Y,NA,NA,NA,Y,NA,N,60,0,1,0,0,1,0,0,0,0,-,-,33.75880813598633,-117.84171295166016,ORANGE,SANTA ANA,-117.84099578857422,33.758941650390625
8484804,2017,2017-12-05,3009,2017-10-22,1543,4149,107,7,5,6,3009,0,0,0,NA,0,013,WESTMINSTER AV,HOPE ST,0,NA,Y,A,-,N,NA,NA,NA,NA,NA,NA,NA,NA,NA,N,4,0,1,2,D,-,00,NA,NA,N,-,C,A,A,H,-,A,A,0,NA,NA,NA,NA,Y,NA,-,-,0,0,1,0,0,0,0,0,0,-,-,NA,NA,ORANGE,GARDEN GROVE,-117.95065012,33.75952008
84849234,2025,2025-09-18,3002,2025-08-05,1130,1744,NA,2,5,4,3002,0,0,0,NA,0,001,BREA BL,ELM ST,312,S,N,A,-,N,NA,NA,NA,NA,NA,NA,NA,NA,NA,N,2,0,1,2,A,-,09,21804,B,N,H,G,A,A,H,-,A,D,0,NA,Y,NA,NA,Y,NA,M,91,1,0,0,0,0,0,1,0,0,-,-,33.913169860839844,-117.90219879150392,ORANGE,BREA,-117.9026107788086,33.912349700927734