CASE_ID,ACCIDENT_YEAR,PROC_DATE,JURIS,COLLISION_DATE,COLLISION_TIME,OFFICER_ID,REPORTING_DISTRICT,DAY_OF_WEEK,CHP_SHIFT,POPULATION,CNTY_CITY_LOC,SPECIAL_COND,BEAT_TYPE,CHP_BEAT_TYPE,CITY_DIVISION_LAPD,CHP_BEAT_CLASS,BEAT_NUMBER,PRIMARY_RD,SECONDARY_RD,DISTANCE,DIRECTION,INTERSECTION,WEATHER_1,WEATHER_2,STATE_HWY_IND,CALTRANS_COUNTY,CALTRANS_DISTRICT,STATE_ROUTE,ROUTE_SUFFIX,POSTMILE_PREFIX,POSTMILE,LOCATION_TYPE,RAMP_INTERSECTION,SIDE_OF_HWY,TOW_AWAY,COLLISION_SEVERITY,NUMBER_KILLED,NUMBER_INJURED,PARTY_COUNT,PRIMARY_COLL_FACTOR,PCF_CODE_OF_VIOL,PCF_VIOL_CATEGORY,PCF_VIOLATION,PCF_VIOL_SUBSECTION,HIT_AND_RUN,TYPE_OF_COLLISION,MVIW,PED_ACTION,ROAD_SURFACE,ROAD_COND_1,ROAD_COND_2,LIGHTING,CONTROL_DEVICE,CHP_ROAD_TYPE,PEDESTRIAN_ACCIDENT,BICYCLE_ACCIDENT,MOTORCYCLE_ACCIDENT,TRUCK_ACCIDENT,NOT_PRIVATE_PROPERTY,ALCOHOL_INVOLVED,STWD_VEHTYPE_AT_FAULT,CHP_VEHTYPE_AT_FAULT,COUNT_SEVERE_INJ,COUNT_VISIBLE_INJ,COUNT_COMPLAINT_PAIN,COUNT_PED_KILLED,COUNT_PED_INJURED,COUNT_BICYCLIST_KILLED,COUNT_BICYCLIST_INJURED,COUNT_MC_KILLED,COUNT_MC_INJURED,PRIMARY_RAMP,SECONDARY_RAMP,LATITUDE,LONGITUDE,COUNTY,CITY,POINT_X,POINT_Y
8948798,2019,2019-09-30,3001,2019-09-17,1000,2187,NA,2,5,7,3001,0,0,0,NA,0,0D2,N EUCLID ST,LA PALMA AV,113,S,N,A,-,N,NA,NA,NA,NA,NA,NA,NA,NA,NA,N,3,0,1,2,B,-,22,NA,NA,F,G,G,A,A,H,-,A,A,0,NA,Y,NA,NA,Y,NA,A,01,0,1,0,0,0,0,1,0,0,-,-,NA,NA,ORANGE,ANAHEIM,-117.94166564941406,33.8467903137207
8949678,2019,2019-10-04,3007,2019-08-31,1757,320,16,6,5,5,3007,0,0,0,NA,0,002,WARD,EDINGER,18,N,N,A,-,N,NA,NA,NA,NA,NA,NA,NA,NA,NA,N,4,0,1,2,A,-,10,21950,A,N,G,G,A,A,H,-,A,A,0,NA,Y,NA,NA,Y,NA,A,01,0,0,1,0,0,0,1,0,0,-,-,NA,NA,ORANGE,FOUNTAIN VALLEY,-117.9459991455078,33.730770111083984
8950186,2019,2019-10-08,3009,2019-09-06,0950,4641,085,5,5,6,3009,0,0,0,NA,0,1-3,CROSBY AV,VENER DR,188,W,N,A,-,N,NA,NA,NA,NA,NA,NA,NA,NA,NA,N,4,0,1,2,A,-,21,22106,NA,N,C,C,A,A,H,-,A,D,0,NA,NA,NA,NA,Y,NA,A,07,0,0,1,0,0,0,0,0,0,-,-,NA,NA,ORANGE,GARDEN GROVE,-117.96495056152344,33.77173614501953
8950732,2019,2020-01-14,3009,2019-08-15,1007,3972,135,4,5,6,3009,0,0,0,NA,0,023,HARBOR BL,TRASK AV,25,N,N,A,-,N,NA,NA,NA,NA,NA,NA,NA,NA,NA,Y,4,0,1,1,A,-,17,23114,A,N,H,A,A,A,H,-,A,A,0,NA,NA,NA,Y,Y,NA,G,25,0,0,1,0,0,0,0,0,0,-,-,33.76708984375,-117.92034149169922,ORANGE,GARDEN GROVE,-117.92044830322266,33.76716995239258
8950753,2019,2020-02-03,3010,2019-09-30,1922,1675,262,1,5,6,3010,0,0,0,NA,0,007,RT 39,TERRY AV,39,N,N,A,-,Y,ORA,12,39,-,-,4.89,H,-,S,N,4,0,1,2,A,-,03,22350,NA,N,C,C,A,A,H,-,C,A,0,NA,NA,NA,NA,Y,NA,D,22,0,0,1,0,0,0,0,0,0,-,-,NA,NA,ORANGE,HUNTINGTON BEACH,-117.98928833007813,33.71942901611328
8953225,2019,2020-02-08,3001,2019-09-23,0854,A1555,D-1,1,5,7,3001,0,0,0,NA,0,D-1,EUCLID ST,CRIS AV,115,S,N,B,-,N,NA,NA,NA,NA,NA,NA,NA,NA,NA,Y,3,0,1,2,A,-,08,22107,NA,N,E,I,A,A,H,-,A,D,0,NA,NA,NA,NA,Y,NA,A,01,0,1,0,0,0,0,0,0,0,-,-,33.808189392089844,-117.94175720214844,ORANGE,ANAHEIM,-117.9414520263672,33.808685302734375
8953693,2019,2019-10-10,3022,2019-08-23,1020,1250,NORTH,5,5,5,3022,0,0,0,NA,0,NA,JAMBOREE RD,PIONEER RD,0,NA,Y,A,-,N,NA,NA,NA,NA,NA,NA,NA,NA,NA,Y,4,0,4,2,A,-,12,21453,A,N,D,C,A,A,H,-,A,A,0,NA,NA,NA,NA,Y,NA,A,07,0,0,4,0,0,0,0,0,0,-,-,33.768218994140625,-117.75980377197266,ORANGE,TUSTIN,-117.7601318359375,33.768341064453125
8955528,2019,2019-10-18,3002,2019-09-25,1718,1628,NA,3,5,4,3002,0,0,0,NA,0,014,LAMBERT RD,CLIFFWOOD AV,0,NA,Y,A,-,N,NA,NA,NA,NA,NA,NA,NA,NA,NA,Y,3,0,2,2,A,-,12,21453,A,N,D,C,A,A,H,-,A,A,0,NA,NA,NA,NA,Y,NA,A,07,0,1,1,0,0,0,0,0,0,-,-,33.92496109008789,-117.88973236083984,ORANGE,BREA,-117.88976,33.924987
8955972,2019,2019-11-04,3024,2019-09-24,1135,329,P30,2,5,5,3024,0,0,0,NA,0,WEST,GOLDENWEST ST,BOLSA AV,0,NA,Y,A,-,N,NA,NA,NA,NA,NA,NA,NA,NA,NA,Y,4,0,1,2,A,-,12,21453,A,N,D,C,A,A,D,-,A,A,0,NA,NA,NA,NA,Y,NA,A,01,0,0,1,0,0,0,0,0,0,-,-,33.74440002441406,-118.00694274902344,ORANGE,WESTMINSTER,-118.00698852539063,33.74449157714844
8956427,2019,2019-11-07,3022,2019-09-06,2221,1323,SOUTH,5,5,5,3022,0,0,0,NA,0,NA,PASADENA AV,ALTADENA DR,404,N,N,A,-,N,NA,NA,NA,NA,NA,NA,NA,NA,NA,Y,2,0,1,2,A,-,11,21954,A,N,G,D,D,A,H,-,C,D,0,Y,NA,NA,NA,Y,NA,N,60,1,0,0,0,1,0,0,0,0,-,-,33.73112106323242,-117.8318099975586,ORANGE,TUSTIN,-117.83177947998048,33.73224639892578
8956704,2019,2019-10-22,3009,2019-09-20,1311,1604,116,5,5,6,3009,0,0,0,NA,0,023,EUCLID ST,CYNTHIA CIR,0,NA,Y,A,-,N,NA,NA,NA,NA,NA,NA,NA,NA,NA,Y,2,0,1,1,A,-,03,22350,NA,N,H,A,A,A,H,-,A,A,0,NA,NA,Y,NA,Y,NA,C,02,1,0,0,0,0,0,0,0,1,-,-,NA,NA,ORANGE,GARDEN GROVE,-117.9377670288086,33.762020111083984
8956839,2019,2019-10-21,3015,2019-09-25,2115,1294,31,3,5,6,3015,0,0,0,NA,0,311,THE CITY DR,GARDEN GROVE BL,13,N,N,A,-,N,NA,NA,NA,NA,NA,NA,NA,NA,NA,N,3,0,1,2,A,-,10,21950,A,N,G,B,B,A,H,-,C,A,0,Y,NA,NA,NA,Y,NA,A,01,0,1,0,0,1,0,0,0,0,-,-,NA,NA,ORANGE,ORANGE,-117.89070892333984,33.7744026184082
8957560,2019,2019-12-16,3010,2019-10-08,0812,1225,281,2,5,6,3010,0,0,0,NA,0,006,SLATER,GOTHARD,0,NA,Y,E,-,N,NA,NA,NA,NA,NA,NA,NA,NA,NA,Y,3,0,1,2,A,-,09,21801,A,N,D,C,A,A,H,-,A,A,0,NA,NA,NA,NA,Y,NA,A,08,0,1,0,0,0,0,0,0,0,-,-,NA,NA,ORANGE,HUNTINGTON BEACH,-117.99996185302734,33.708351135253906
8958216,2019,2019-10-18,3000,2019-09-13,1105,9573,891G6,5,5,5,3050,0,0,0,NA,0,760,EL TORO RD,RAYMOND WY,0,NA,Y,A,-,N,NA,NA,NA,NA,NA,NA,NA,NA,NA,N,3,0,1,3,A,-,09,21453,B,N,B,C,A,A,H,-,A,A,0,NA,NA,NA,NA,Y,NA,A,01,0,1,0,0,0,0,0,0,0,-,-,NA,NA,ORANGE,LAKE FOREST,-117.70060729980467,33.62055969238281
8958220,2019,2020-02-07,3000,2019-09-06,2007,10576,952B2,5,5,5,3028,0,0,0,NA,0,755,AVERY PKY,RT 5,0,NA,Y,A,-,Y,ORA,12,5,-,-,12.831,R,4,S,Y,3,0,1,2,A,-,09,21801,A,N,D,C,A,A,C,-,C,A,0,NA,NA,Y,NA,Y,NA,A,07,0,1,0,0,0,0,0,0,1,-,TO,NA,NA,ORANGE,MISSION VIEJO,-117.67332458496094,33.54547119140625
8958337,2019,2019-10-18,3005,2019-10-05,2015,8248,C27,6,5,4,3005,0,0,0,NA,0,003,BALL RD,WALKER ST,30,W,N,A,-,N,NA,NA,NA,NA,NA,NA,NA,NA,NA,N,3,0,1,2,A,-,03,22350,NA,N,B,C,A,A,H,-,C,A,0,NA,NA,NA,NA,Y,NA,A,01,0,1,0,0,0,0,0,0,0,-,-,NA,NA,ORANGE,CYPRESS,-118.03691864013672,33.81705856323242
8959573,2019,2019-11-12,3001,2019-10-17,1716,A1830,NA,4,5,7,3001,0,0,0,NA,0,D-1,ORANGE AV,DALE AV,0,NA,Y,A,-,N,NA,NA,NA,NA,NA,NA,NA,NA,NA,Y,4,0,1,2,A,-,12,21453,A,N,D,C,A,A,H,-,A,A,0,NA,NA,NA,NA,Y,NA,A,01,0,0,1,0,0,0,0,0,0,-,-,33.824588775634766,-117.98467254638672,ORANGE,ANAHEIM,-117.98464965820313,33.8248291015625
8961865,2019,2019-10-30,3010,2019-10-01,1059,1118,422,2,5,6,3010,0,0,0,NA,0,005,DELAWARE,GARFIELD,14,E,N,A,-,N,NA,NA,NA,NA,NA,NA,NA,NA,NA,N,3,0,1,2,A,-,10,21950,A,N,G,B,B,A,H,-,A,A,0,Y,NA,NA,NA,Y,NA,A,01,0,1,0,0,1,0,0,0,0,-,-,NA,NA,ORANGE,HUNTINGTON BEACH,-117.9931411743164,33.68666076660156
8964876,2019,2019-11-25,3024,2019-10-03,1920,411,P-05,4,5,5,3024,0,0,0,NA,0,WEST,GARDEN GROVE BL,GOLDENWEST ST,0,NA,Y,A,-,N,NA,NA,NA,NA,NA,NA,NA,NA,NA,Y,4,0,1,2,A,-,12,21453,A,N,D,C,A,A,H,-,C,A,0,NA,NA,NA,NA,Y,NA,A,01,0,0,1,0,0,0,0,0,0,-,-,33.77370834350586,-118.00742340087892,ORANGE,WESTMINSTER,NA,NA
8965853,2019,2019-11-06,3022,2019-09-28,1543,1297,NA,6,5,5,3022,0,0,0,NA,0,NA,TUSTIN RANCH RD,EL CAMINO REAL,14,N,N,A,-,N,NA,NA,NA,NA,NA,NA,NA,NA,NA,NA,4,0,2,2,A,-,03,22350,NA,N,C,C,A,A,H,-,A,A,0,NA,NA,NA,NA,Y,NA,A,01,0,0,2,0,0,0,0,0,0,-,-,33.72945022583008,-117.80023193359376,ORANGE,TUSTIN,-117.80014801025392,33.729549407958984
8966594,2019,2019-11-01,3003,2019-09-29,0753,1160,86,7,5,5,3003,0,0,0,NA,0,004,LA PALMA AV,WESTERN AV,0,NA,Y,A,-,N,NA,NA,NA,NA,NA,NA,NA,NA,NA,N,4,0,1,2,D,-,00,NA,NA,N,D,C,A,A,H,-,A,A,0,NA,NA,NA,NA,Y,NA,-,-,0,0,1,0,0,0,0,0,0,-,-,33.84659957885742,-118.00235748291016,ORANGE,BUENA PARK,-118.00238037109376,33.84663009643555
8968035,2019,2019-11-15,3010,2019-10-17,1520,1208,272,4,5,6,3010,0,0,0,NA,0,006,ELM,CYPRESS,0,NA,Y,A,-,N,NA,NA,NA,NA,NA,NA,NA,NA,NA,Y,4,0,2,2,A,-,09,21802,A,N,D,C,A,A,H,-,A,A,0,NA,NA,NA,NA,Y,NA,A,01,0,0,2,0,0,0,0,0,0,-,-,NA,NA,ORANGE,HUNTINGTON BEACH,-117.99064636230467,33.713409423828125
8969230,2019,2019-11-19,3026,2019-10-15,1510,7094,NA,2,5,6,3026,0,0,0,NA,0,00P,NIGHTMIST,TULIP,182,E,N,A,-,N,NA,NA,NA,NA,NA,NA,NA,NA,NA,Y,3,0,1,1,A,-,08,22107,NA,N,E,I,A,A,H,-,A,D,0,NA,NA,NA,NA,Y,NA,A,01,0,1,0,0,0,0,0,0,0,-,-,NA,NA,ORANGE,IRVINE,-117.75643920898438,33.68294143676758
8971255,2019,2019-11-19,3008,2019-10-13,0313,1522,ZONE2,7,5,6,3008,0,0,0,NA,0,NA,EUCLID ST,VALENCIA MESA DR,320,N,N,A,-,N,NA,NA,NA,NA,NA,NA,NA,NA,NA,Y,3,0,1,2,A,-,01,23152,A,N,C,E,A,A,H,-,C,D,0,NA,NA,NA,NA,Y,Y,A,01,0,1,0,0,0,0,0,0,0,-,-,NA,NA,ORANGE,FULLERTON,-117.9416046142578,33.88715744018555
8971532,2019,2019-11-18,3000,2019-09-03,0847,5705,862C5,2,5,5,3050,0,0,0,NA,0,6M60,PORTOLA PKWY,PAULING,41,S,N,A,-,N,NA,NA,NA,NA,NA,NA,NA,NA,NA,N,4,0,1,2,A,-,03,22350,NA,N,C,C,A,A,H,-,A,A,0,NA,NA,NA,NA,Y,NA,A,07,0,0,1,0,0,0,0,0,0,-,-,33.67441177368164,-117.6564483642578,ORANGE,LAKE FOREST,-117.65522003173828,33.67339324951172
8972688,2019,2019-11-15,3010,2019-10-29,0825,1019,2935,2,5,6,3010,0,0,0,NA,0,NA,NEWLAND,ELLIS,30,N,N,A,-,N,NA,NA,NA,NA,NA,NA,NA,NA,NA,Y,3,0,3,3,A,-,09,21801,A,N,A,C,A,A,H,-,A,A,0,NA,NA,NA,NA,Y,NA,A,01,0,2,1,0,0,0,0,0,0,-,-,NA,NA,ORANGE,HUNTINGTON BEACH,-117.98021697998048,33.694053649902344
8973252,2019,2019-11-14,3006,2019-10-22,0158,331,7,2,5,3,3006,0,0,0,NA,0,001,ORANGETHORPE AV,ORANGETHORPE,341,W,N,A,-,N,NA,NA,NA,NA,NA,NA,NA,NA,NA,N,3,0,3,2,A,-,01,23153,A,N,-,C,A,A,H,-,C,A,0,NA,NA,NA,NA,Y,Y,A,01,0,3,0,0,0,0,0,0,0,-,-,NA,NA,ORANGE,LA PALMA,-118.04621887207033,33.8586311340332
8973366,2019,2019-12-17,3015,2019-10-05,0908,1098,17E,6,5,6,3015,0,0,0,NA,0,731M,MEATS AV,TUSTIN ST,0,NA,Y,A,-,N,NA,NA,NA,NA,NA,NA,NA,NA,NA,N,3,0,1,2,A,-,09,21804,A,N,D,G,A,A,H,-,A,A,0,NA,Y,NA,NA,Y,NA,L,04,0,1,0,0,0,0,1,0,0,-,-,33.82305145263672,-117.83599090576172,ORANGE,ORANGE,-117.83602905273438,33.82291030883789
8973508,2019,2019-11-07,3022,2019-10-14,0743,1154,SOUTH,1,5,5,3022,0,0,0,NA,0,NA,WALNUT AV,TENBY LN,88,E,N,A,-,N,NA,NA,NA,NA,NA,NA,NA,NA,NA,Y,4,0,2,2,A,-,09,21804,A,N,D,C,A,A,H,-,A,D,0,NA,NA,NA,NA,Y,NA,A,01,0,0,2,0,0,0,0,0,0,-,-,33.72895050048828,-117.82234191894533,ORANGE,TUSTIN,-117.82216644287108,33.728759765625
8973931,2019,2019-11-22,3009,2019-10-04,1805,3483,134,5,5,6,3009,0,0,0,NA,0,2-1,GARDEN GROVE BL,ROCKINGHORSE,244,W,N,A,-,N,NA,NA,NA,NA,NA,NA,NA,NA,NA,Y,4,0,1,2,A,-,03,22350,NA,N,C,C,A,A,H,-,A,D,0,NA,NA,NA,NA,Y,NA,A,01,0,0,1,0,0,0,0,0,0,-,-,NA,NA,ORANGE,GARDEN GROVE,-117.92561340332033,33.7742805480957
8973951,2019,2019-11-22,3009,2019-10-18,1517,3579,122,5,5,6,3009,0,0,0,NA,0,2-1,CHAPMAN AV,DELLA LN,0,NA,Y,A,-,N,NA,NA,NA,NA,NA,NA,NA,NA,NA,Y,3,0,2,2,A,-,09,21801,A,N,D,C,A,A,H,-,A,A,0,NA,NA,NA,NA,Y,NA,A,01,0,2,0,0,0,0,0,0,0,-,-,NA,NA,ORANGE,GARDEN GROVE,-117.93852996826172,33.78873825073242
8974284,2019,2020-09-11,3000,2019-08-21,2030,10779,891G7,3,5,4,3045,0,0,0,NA,0,746,EL TORO,AVENIDA DE LA CARLOTA,110,E,N,A,-,Y,ORA,12,5,-,-,18.537,R,4,S,Y,4,0,1,2,A,-,08,22107,NA,N,B,C,A,A,H,-,C,D,0,NA,NA,NA,NA,Y,NA,-,NA,0,0,1,0,0,0,0,0,0,-,-,NA,NA,ORANGE,LAGUNA HILLS,-117.70580291748048,33.61293411254883
8974322,2019,2020-02-04,3010,2019-10-13,1217,3042,432,7,5,6,3010,0,0,0,NA,0,005,RT 39,ADAMS,390,N,N,A,-,Y,ORA,12,39,-,-,1.7,H,-,S,Y,4,0,1,3,A,-,03,22350,NA,N,C,C,A,A,H,-,A,A,0,NA,NA,NA,NA,Y,NA,A,01,0,0,1,0,0,0,0,0,0,-,-,NA,NA,ORANGE,HUNTINGTON BEACH,-117.98868560791016,33.673091888427734
8975599,2019,2019-11-25,3003,2019-10-31,0744,1200,NA,4,5,5,3003,0,0,0,NA,0,001,STAGE RD,MCCOMBER RD,134,E,N,A,-,N,NA,NA,NA,NA,NA,NA,NA,NA,NA,N,2,0,2,2,A,-,05,21650,NA,N,A,C,A,A,H,-,A,D,0,NA,NA,NA,NA,Y,NA,A,01,1,1,0,0,0,0,0,0,0,-,-,33.88309860229492,-118.00150299072266,ORANGE,BUENA PARK,-118.00155639648438,33.88312911987305
8978135,2019,2019-12-06,3010,2019-11-06,1715,1243,435,3,5,6,3010,0,0,0,NA,0,003,BUSHARD,ADAMS,0,NA,Y,A,-,N,NA,NA,NA,NA,NA,NA,NA,NA,NA,Y,3,0,4,2,A,-,09,21801,A,N,D,C,A,A,H,-,C,A,0,NA,NA,NA,NA,Y,NA,A,01,0,3,1,0,0,0,0,0,0,-,-,NA,NA,ORANGE,HUNTINGTON BEACH,-117.96292114257813,33.672508239746094
8978261,2019,2019-12-04,3010,2019-10-25,1928,1015,167,5,5,6,3010,0,0,0,NA,0,008,HEIL AV,CLUBHOUSE LN,99,N,N,A,-,N,NA,NA,NA,NA,NA,NA,NA,NA,NA,Y,4,0,1,3,A,-,03,22350,NA,N,C,C,A,A,H,-,C,D,0,NA,NA,NA,NA,Y,NA,A,01,0,0,1,0,0,0,0,0,0,-,-,NA,NA,ORANGE,HUNTINGTON BEACH,-118.02866363525392,33.72264862060547
8979635,2019,2020-01-22,3026,2019-11-03,1252,455,39,7,5,6,3026,0,0,0,NA,0,00C,SAND CANYON,BURT,270,S,N,A,-,N,NA,NA,NA,NA,NA,NA,NA,NA,NA,Y,4,0,1,1,A,-,03,22350,NA,N,A,J,A,A,H,-,A,D,0,NA,NA,NA,NA,Y,NA,A,01,0,0,1,0,0,0,0,0,0,-,-,NA,NA,ORANGE,IRVINE,-117.760009765625,33.676422119140625
8979756,2019,2019-12-03,3009,2019-09-25,1511,4087,143,3,5,6,3009,0,0,0,NA,0,2 12,JENTGES AV,BUARO ST,275,W,N,A,-,N,NA,NA,NA,NA,NA,NA,NA,NA,NA,Y,4,0,1,2,A,-,08,22107,NA,N,C,E,A,A,H,-,A,A,0,NA,NA,NA,NA,Y,NA,A,01,0,0,1,0,0,0,0,0,0,-,-,NA,NA,ORANGE,GARDEN GROVE,-117.92015075683594,33.78780746459961
8981319,2019,2020-01-10,3005,2019-11-22,0739,8221,C21,5,5,4,3005,0,0,0,NA,0,002,BALL RD,WALKER ST,56,E,N,A,-,N,NA,NA,NA,NA,NA,NA,NA,NA,NA,N,4,0,2,3,A,-,21,22106,NA,N,C,D,A,A,H,-,A,A,0,NA,NA,NA,NA,Y,NA,A,01,0,0,2,0,0,0,0,0,0,-,-,NA,NA,ORANGE,CYPRESS,-118.03663635253906,33.81706237792969
8984283,2019,2020-01-07,3001,2019-11-07,1825,415,NA,4,5,7,3001,0,0,0,NA,0,002,BROOKHURST ST,FALMOUTH AV S,169,S,N,A,-,N,NA,NA,NA,NA,NA,NA,NA,NA,NA,N,4,0,2,2,A,-,09,21801,A,N,D,D,A,A,H,-,C,A,0,NA,NA,NA,NA,Y,NA,A,01,0,0,2,0,0,0,0,0,0,-,-,33.84878921508789,-117.95912933349608,ORANGE,ANAHEIM,-117.95916748046876,33.848907470703125
8984747,2019,2020-01-17,3001,2019-10-04,0555,A1032,NA,5,5,7,3001,0,0,0,NA,0,D 1,BROADWAY,GILBERT ST,0,NA,Y,A,-,N,NA,NA,NA,NA,NA,NA,NA,NA,NA,Y,3,0,2,2,A,-,12,21453,A,N,D,C,A,A,H,-,B,A,0,NA,NA,NA,NA,Y,NA,-,-,0,1,1,0,0,0,0,0,0,-,-,33.82870101928711,-117.96745300292967,ORANGE,ANAHEIM,-117.96761322021484,33.82872009277344
8984780,2019,2019-12-30,3001,2019-09-26,0649,A1410,NA,4,5,7,3001,0,0,0,NA,0,D 2,ANAHEIM BL,CLIFTON AV,0,NA,Y,B,-,N,NA,NA,NA,NA,NA,NA,NA,NA,NA,N,4,0,2,3,A,-,09,21802,A,N,D,C,A,A,H,-,A,A,0,NA,NA,NA,NA,Y,NA,A,01,0,0,2,0,0,0,0,0,0,-,-,33.81999969482422,-117.90850067138672,ORANGE,ANAHEIM,-117.90863800048828,33.819740295410156
8984817,2019,2019-12-30,3001,2019-09-25,1433,A1410,NA,3,5,7,3001,0,0,0,NA,0,D 1,KNOTT AV,OLINDA AV,27,N,N,A,-,N,NA,NA,NA,NA,NA,NA,NA,NA,NA,Y,4,0,2,3,A,-,04,21703,NA,N,C,C,A,A,H,-,A,A,0,NA,NA,NA,NA,Y,NA,A,01,0,0,2,0,0,0,0,0,0,-,-,33.826969146728516,-118.00109100341795,ORANGE,ANAHEIM,-118.01091003417967,33.82692337036133
8985807,2019,2020-01-10,3022,2019-11-14,1544,1193,SOUTH,4,5,5,3022,0,0,0,NA,0,NA,NEWPORT AV,VALENCIA AV,394,N,N,A,-,N,NA,NA,NA,NA,NA,NA,NA,NA,NA,N,3,0,1,2,A,-,09,21801,A,N,D,C,A,A,H,-,A,A,0,NA,NA,NA,NA,Y,NA,A,07,0,1,0,0,0,0,0,0,0,-,-,33.71989822387695,-117.83632659912108,ORANGE,TUSTIN,-117.835693359375,33.72060775756836
8985887,2019,2020-01-08,3001,2019-09-14,1648,A1466,D4,6,5,7,3001,0,0,0,NA,0,0D4,TUSTIN AV,LA PALMA AV,221,S,N,A,-,N,NA,NA,NA,NA,NA,NA,NA,NA,NA,N,3,0,1,2,A,-,09,21804,A,N,B,C,A,A,H,-,A,D,0,NA,NA,Y,NA,Y,NA,C,02,0,1,0,0,0,0,0,0,1,-,-,33.85329818725586,-117.83670806884766,ORANGE,ANAHEIM,-117.8374481201172,33.854984283447266
8985949,2019,2020-09-17,3024,2019-11-28,1649,453,P12,4,5,5,3024,0,0,0,NA,0,WEST,BEACH BL,21ST ST,0,NA,Y,C,-,Y,ORA,12,39,-,-,7.881,I,5,S,N,4,0,3,2,A,-,09,21801,A,N,D,C,A,B,H,-,C,D,0,NA,NA,NA,NA,Y,NA,A,01,0,0,3,0,0,0,0,0,0,-,-,33.7622184753418,-117.99220275878906,ORANGE,WESTMINSTER,-117.98982238769533,33.76285171508789
8987749,2019,2020-01-23,3010,2019-11-08,1152,1118,413,5,5,6,3010,0,0,0,NA,0,005,DEMION LN,ELLIS,470,S,N,A,-,N,NA,NA,NA,NA,NA,NA,NA,NA,NA,Y,4,0,1,4,A,-,08,22107,NA,N,C,E,A,A,H,-,A,D,0,NA,NA,NA,NA,Y,NA,A,01,0,0,1,0,0,0,0,0,0,-,-,NA,NA,ORANGE,HUNTINGTON BEACH,-117.98619842529295,33.692691802978516
8989220,2019,2019-12-17,3007,2019-10-30,0708,312,45,3,5,5,3007,0,0,0,NA,0,001,SLATER,BROOKHURST,874,W,N,A,-,N,NA,NA,NA,NA,NA,NA,NA,NA,NA,N,4,0,2,2,A,-,03,22350,NA,N,C,C,A,A,H,-,A,D,0,NA,NA,NA,NA,Y,NA,A,01,0,0,2,0,0,0,0,0,0,-,-,NA,NA,ORANGE,FOUNTAIN VALLEY,-117.95737457275392,33.70891189575195
8992739,2019,2020-01-09,3026,2019-11-13,1838,587,3026,3,5,6,3026,0,0,0,NA,0,00P,JEFFREY RD,RT 5,135,N,N,A,-,N,NA,NA,NA,NA,NA,NA,NA,NA,NA,Y,4,0,1,3,A,-,03,22350,NA,N,-,C,A,A,H,-,C,A,0,NA,NA,NA,NA,Y,NA,D,22,0,0,1,0,0,0,0,0,0,-,NF,NA,NA,ORANGE,IRVINE,-117.7682647705078,33.69017028808594
8993917,2019,2020-01-09,3003,2019-11-28,0026,652,NA,4,5,5,3003,0,0,0,NA,0,NA,ORANGETHORPE AV,EMERSON DR,80,W,N,C,-,N,NA,NA,NA,NA,NA,NA,NA,NA,NA,Y,4,0,2,2,A,-,01,23152,A,N,C,C,A,B,H,-,C,D,0,NA,NA,NA,NA,Y,Y,A,01,0,0,2,0,0,0,0,0,0,-,-,33.8588981628418,-118.02059936523438,ORANGE,BUENA PARK,-118.0191650390625,33.85886764526367
8993921,2019,2020-01-13,3003,2019-11-24,1108,1260,NA,7,5,5,3003,0,0,0,NA,0,003,ORANGETHORPE AV,STANTON AV,0,NA,Y,A,-,N,NA,NA,NA,NA,NA,NA,NA,NA,NA,Y,4,0,1,2,A,-,12,21453,A,N,D,C,A,A,H,-,A,A,0,NA,NA,NA,NA,Y,NA,A,01,0,0,1,0,0,0,0,0,0,-,-,33.859100341796875,-117.9936981201172,ORANGE,BUENA PARK,-117.99375152587892,33.859031677246094
8993958,2019,2020-01-13,3003,2019-11-19,1514,1260,NA,2,5,5,3003,0,0,0,NA,0,003,STANTON AV,PAGE ST,15,S,N,A,-,N,NA,NA,NA,NA,NA,NA,NA,NA,NA,Y,4,0,1,2,A,-,12,21453,A,N,D,D,A,A,H,-,A,A,0,NA,NA,NA,NA,Y,NA,A,01,0,0,1,0,0,0,0,0,0,-,-,33.856689453125,-117.9936981201172,ORANGE,BUENA PARK,-117.99372863769533,33.856449127197266
8993961,2019,2020-01-13,3026,2019-11-19,1655,330,U,2,5,6,3026,0,0,0,NA,0,00U,MAIN ST,PARK PLAZA,0,NA,Y,B,-,N,NA,NA,NA,NA,NA,NA,NA,NA,NA,N,4,0,1,2,A,-,17,21208,A,N,D,G,A,A,H,-,B,A,0,NA,Y,NA,NA,Y,NA,L,04,0,0,1,0,0,0,1,0,0,-,-,NA,NA,ORANGE,IRVINE,-117.83740997314452,33.6796989440918
8994475,2019,2019-12-24,3001,2019-11-28,0029,1821,1,4,5,7,3001,0,0,0,NA,0,012,BALL RD,KNOTT ST,0,NA,Y,C,-,N,NA,NA,NA,NA,NA,NA,NA,NA,NA,Y,3,0,3,3,A,-,12,21453,A,N,-,C,A,B,H,-,C,A,0,NA,NA,NA,NA,Y,NA,D,22,0,2,1,0,0,0,0,0,0,-,-,NA,NA,ORANGE,ANAHEIM,-118.01080322265624,33.8172492980957