CASE_ID,ACCIDENT_YEAR,PROC_DATE,JURIS,COLLISION_DATE,COLLISION_TIME,OFFICER_ID,REPORTING_DISTRICT,DAY_OF_WEEK,CHP_SHIFT,POPULATION,CNTY_CITY_LOC,SPECIAL_COND,BEAT_TYPE,CHP_BEAT_TYPE,CITY_DIVISION_LAPD,CHP_BEAT_CLASS,BEAT_NUMBER,PRIMARY_RD,SECONDARY_RD,DISTANCE,DIRECTION,INTERSECTION,WEATHER_1,WEATHER_2,STATE_HWY_IND,CALTRANS_COUNTY,CALTRANS_DISTRICT,STATE_ROUTE,ROUTE_SUFFIX,POSTMILE_PREFIX,POSTMILE,LOCATION_TYPE,RAMP_INTERSECTION,SIDE_OF_HWY,TOW_AWAY,COLLISION_SEVERITY,NUMBER_KILLED,NUMBER_INJURED,PARTY_COUNT,PRIMARY_COLL_FACTOR,PCF_CODE_OF_VIOL,PCF_VIOL_CATEGORY,PCF_VIOLATION,PCF_VIOL_SUBSECTION,HIT_AND_RUN,TYPE_OF_COLLISION,MVIW,PED_ACTION,ROAD_SURFACE,ROAD_COND_1,ROAD_COND_2,LIGHTING,CONTROL_DEVICE,CHP_ROAD_TYPE,PEDESTRIAN_ACCIDENT,BICYCLE_ACCIDENT,MOTORCYCLE_ACCIDENT,TRUCK_ACCIDENT,NOT_PRIVATE_PROPERTY,ALCOHOL_INVOLVED,STWD_VEHTYPE_AT_FAULT,CHP_VEHTYPE_AT_FAULT,COUNT_SEVERE_INJ,COUNT_VISIBLE_INJ,COUNT_COMPLAINT_PAIN,COUNT_PED_KILLED,COUNT_PED_INJURED,COUNT_BICYCLIST_KILLED,COUNT_BICYCLIST_INJURED,COUNT_MC_KILLED,COUNT_MC_INJURED,PRIMARY_RAMP,SECONDARY_RAMP,LATITUDE,LONGITUDE,COUNTY,CITY,POINT_X,POINT_Y
90602614,2017,2017-11-27,9670,2017-11-19,0600,018757,NA,7,1,6,3009,0,1,3,NA,2,020,SR-22 E/B,KNOTT ST,2640,W,N,A,-,Y,NA,NA,22,NA,NA,NA,NA,NA,E,Y,4,0,1,1,A,-,08,22107,NA,N,E,I,A,A,H,-,B,D,0,NA,NA,NA,NA,Y,NA,A,01,0,0,1,0,0,0,0,0,0,-,-,33.77418,-118.01604,ORANGE,GARDEN GROVE,-118.01603934,33.774200809999996
9060359,2020,2020-04-01,3007,2020-01-30,0618,304,15,4,5,5,3007,0,0,0,NA,0,001,WARNER,BROOKHURST,0,NA,Y,A,-,N,NA,NA,NA,NA,NA,NA,NA,NA,NA,N,4,0,1,2,A,-,10,21950,A,N,G,B,B,A,H,-,B,A,0,Y,NA,NA,NA,Y,NA,A,07,0,0,1,0,1,0,0,0,0,-,-,NA,NA,ORANGE,FOUNTAIN VALLEY,-117.95458984375,33.716339111328125
90605285,2017,2017-11-29,9670,2017-11-27,1835,019304,NA,1,2,7,3001,0,1,1,NA,2,502,I-5 N/B,BALL RD,500,N,N,A,-,Y,NA,NA,5,NA,NA,NA,NA,NA,N,Y,4,0,1,3,A,-,03,22350,NA,N,C,C,A,A,H,-,C,D,0,NA,NA,NA,NA,Y,NA,A,01,0,0,1,0,0,0,0,0,0,-,-,33.81644,-117.91589,ORANGE,ANAHEIM,-117.91600364,33.81632166
90606348,2017,2017-11-30,9670,2017-10-23,1915,021670,NA,1,2,9,3000,0,2,S,NA,2,001,HARBOR BLVD (14000 BLOCK),EDINGER AVE,0,NA,Y,A,-,N,NA,NA,NA,NA,NA,NA,NA,NA,NA,Y,4,0,1,2,A,-,12,21453,A,N,D,C,A,A,H,-,C,A,0,NA,NA,NA,NA,Y,NA,-,-,0,0,1,0,0,0,0,0,0,-,-,33.72716,-117.92003,ORANGE,UNINCORPORATED,-117.9198701,33.72739008
90611709,2017,2017-12-06,9675,2017-11-29,1430,021322,NA,3,2,7,3001,0,1,3,NA,2,571,SR-57 SOUTHBOUND,SR-91 WESTBOUND,900,N,N,A,-,Y,NA,NA,NA,NA,NA,NA,NA,NA,NA,Y,3,0,3,4,A,-,03,22350,NA,N,C,C,A,A,H,-,A,D,0,NA,NA,NA,NA,Y,NA,A,07,0,1,2,0,0,0,0,0,0,-,-,33.858670000000004,-117.87631,ORANGE,ANAHEIM,-117.87595,33.84992
90612854,2017,2017-12-08,9675,2017-11-27,1816,021874,NA,1,2,5,3016,0,1,3,NA,2,571,SR-57 SOUTHBOUND,MIRA LOMA AVE,800,N,N,A,-,Y,NA,NA,57,NA,NA,NA,NA,NA,S,Y,4,0,1,3,A,-,03,22350,NA,N,C,C,A,A,H,-,D,D,0,NA,NA,NA,NA,Y,NA,A,01,0,0,1,0,0,0,0,0,0,-,-,33.85636,-117.87606,ORANGE,PLACENTIA,-117.87592491,33.8563732
90613383,2017,2017-12-08,9675,2017-12-03,1013,021809,NA,7,1,6,3015,0,1,3,NA,2,222,SR-22 E/B,LEWIS ST,2000,E,N,A,-,Y,NA,NA,22,NA,NA,NA,NA,NA,E,N,4,0,1,2,A,-,03,22350,NA,N,C,C,A,A,H,-,A,D,0,NA,NA,NA,NA,Y,NA,A,01,0,0,1,0,0,0,0,0,0,-,-,33.77899,-117.88892,ORANGE,ORANGE,-117.88891978,33.77894785
90614623,2017,2017-12-11,9675,2017-12-03,1415,021801,NA,7,2,7,3019,0,1,1,NA,2,503,I-5 S/B,1ST ST,200,S,N,A,-,Y,NA,NA,5,NA,NA,NA,NA,NA,S,Y,4,0,1,4,A,-,03,22350,NA,N,C,C,A,A,H,-,A,D,0,NA,NA,NA,NA,Y,NA,A,07,0,0,1,0,0,0,0,0,0,-,-,33.74328,-117.84071,ORANGE,SANTA ANA,-117.8406823,33.74331515
90614846,2017,2017-12-12,9675,2017-12-05,1750,018834,NA,2,2,6,3004,0,1,1,NA,2,405,I-405 N/B TO SR-55 S/B,PAULARINO AVE,1000,N,N,A,-,Y,NA,NA,NA,NA,NA,NA,NA,NA,NA,N,4,0,1,2,A,-,03,22350,NA,N,C,C,A,A,H,-,C,D,0,NA,NA,NA,NA,Y,NA,A,07,0,0,1,0,0,0,0,0,0,-,-,33.68322,-117.87652,ORANGE,COSTA MESA,NA,NA
90614924,2017,2017-12-12,9675,2017-11-27,1040,021809,NA,1,1,7,3019,0,1,3,NA,2,551,SR-55 S/B,MCFADDEN AVE,600,N,N,A,-,Y,NA,NA,NA,NA,NA,NA,NA,NA,NA,Y,4,0,1,2,A,-,03,22350,NA,M,C,C,A,A,H,-,A,D,0,NA,NA,NA,NA,Y,NA,-,99,0,0,1,0,0,0,0,0,0,-,-,33.35655,-117.83403,ORANGE,SANTA ANA,NA,NA
90615206,2017,2017-12-12,9670,2017-12-01,1722,021679,NA,5,2,7,3001,0,1,3,NA,2,093,SR-91 W/B (RIVERSIDE FREEWAY),BROOKHURST ST UC,1162,W,N,A,-,Y,NA,NA,91,NA,NA,NA,NA,NA,W,Y,4,0,1,2,A,-,03,22350,NA,N,C,C,A,A,H,-,C,D,0,NA,NA,NA,NA,Y,NA,D,22,0,0,1,0,0,0,0,0,0,-,-,33.854,-117.96321,ORANGE,ANAHEIM,-117.96320916,33.85392012
90616298,2017,2017-12-13,9670,2017-12-11,0637,021821,NA,1,1,3,3013,0,1,1,NA,2,061,I-605 S/B,I-405,1320,N,N,A,-,Y,NA,NA,605,NA,NA,NA,NA,NA,S,Y,4,0,1,2,A,-,03,22350,NA,N,C,C,A,A,H,-,A,D,0,NA,NA,NA,NA,Y,NA,A,01,0,0,1,0,0,0,0,0,0,-,-,33.7913,-118.08843,ORANGE,LOS ALAMITOS,-118.08849526,33.7913274
90617996,2017,2017-12-15,9675,2017-12-13,1445,020627,NA,3,2,6,3004,0,1,3,NA,2,073,SR-73 NORTHBOUND,BRISTOL ST,100,N,N,A,-,Y,NA,NA,73,NA,NA,NA,NA,NA,N,Y,4,0,2,2,A,-,03,22350,NA,N,C,C,A,A,H,-,A,D,0,NA,NA,NA,NA,Y,NA,A,01,0,0,2,0,0,0,0,0,0,-,-,33.66589,-117.8791,ORANGE,COSTA MESA,-117.87927334,33.66571272
90622919,2017,2017-12-21,9675,2017-12-14,1720,020627,NA,4,2,6,3015,0,1,3,NA,2,222,SR-22 EASTBOUND,LEWIS ST,500,E,N,A,-,Y,NA,NA,22,NA,NA,NA,NA,NA,E,Y,4,0,1,2,A,-,03,22350,NA,N,C,C,A,A,H,-,C,D,0,NA,NA,NA,NA,Y,NA,A,07,0,0,1,0,0,0,0,0,0,-,-,33.77842,-117.8958,ORANGE,ORANGE,-117.89583851,33.77858346
90624964,2017,2017-12-22,9675,2017-12-12,1040,013680,NA,2,1,7,3001,0,1,3,NA,2,094,SR-91 WESTBOUND,IMPERIAL HIGHWAY,1000,W,N,A,-,Y,NA,NA,NA,NA,NA,NA,NA,NA,NA,Y,4,0,1,3,A,-,03,22350,NA,N,C,C,A,A,H,-,A,D,0,NA,NA,NA,NA,Y,NA,A,01,0,0,1,0,0,0,0,0,0,-,-,33.85774,-117.87371,ORANGE,ANAHEIM,NA,NA
90626182,2017,2017-12-26,9670,2017-12-16,1835,016271,NA,6,2,6,3010,0,1,1,NA,2,400,I-405 NORTHBOUND,BEACH BLVD,1500,S,N,A,-,Y,NA,NA,405,NA,NA,NA,NA,NA,N,Y,4,0,1,3,A,-,03,22350,NA,N,C,C,A,A,H,-,C,D,0,NA,NA,NA,NA,Y,NA,D,22,0,0,1,0,0,0,0,0,0,-,-,33.72858,-117.98321,ORANGE,HUNTINGTON BEACH,-117.98320094,33.72859303
90628345,2017,2017-12-28,9675,2017-12-20,1318,019804,NA,3,1,9,3000,0,3,5,NA,2,002,IRVINE BOULEVARD,BROWNING AVE,0,NA,Y,A,-,N,NA,NA,NA,NA,NA,NA,NA,NA,NA,Y,4,0,1,2,A,-,17,21451,A,N,D,C,A,A,H,-,A,A,0,NA,NA,NA,NA,Y,NA,A,01,0,0,1,0,0,0,0,0,0,-,-,33.74007,-117.79766,ORANGE,UNINCORPORATED,-117.79760006,33.74005009
90629282,2017,2017-12-29,9675,2017-12-19,1345,019241,NA,2,1,6,3026,0,1,1,NA,2,406,I-405 NORTHBOUND TO JAMBOREE ROAD,JAMBOREE RD,26,S,N,A,-,Y,NA,NA,405,NA,NA,NA,R,NA,N,Y,4,0,1,1,A,-,03,22350,NA,N,E,I,A,A,H,-,A,D,0,NA,NA,NA,NA,Y,NA,A,01,0,0,1,0,0,0,0,0,0,-,-,33.67786,-117.84252,ORANGE,IRVINE,-117.84252,33.67786
90629618,2017,2017-12-29,9690,2017-12-27,1755,016493,NA,3,2,4,3045,0,1,1,NA,2,055,I-5 S/B (SAN DIEGO FRWY),EL TORO RD,1000,N,N,A,-,Y,NA,NA,5,NA,NA,NA,NA,NA,S,N,4,0,1,2,A,-,03,22350,NA,N,C,C,A,A,H,-,C,D,0,NA,NA,NA,NA,Y,NA,A,01,0,0,1,0,0,0,0,0,0,-,-,33.61631,-117.70988,ORANGE,LAGUNA HILLS,-117.70977876,33.61641612
90629709,2017,2017-12-29,9690,2017-12-28,1755,016493,NA,4,2,4,3045,0,1,1,NA,2,055,I-5 S/B (SAN DIEGO FRWY),EL TORO RD,2000,N,N,A,-,Y,NA,NA,5,NA,NA,NA,NA,NA,S,N,4,0,1,2,A,-,03,22350,NA,F,C,C,A,A,H,-,D,D,0,NA,NA,NA,NA,Y,NA,A,07,0,0,1,0,0,0,0,0,0,-,-,33.62038,-117.71366,ORANGE,LAGUNA HILLS,-117.71355456,33.62047763
90630532,2017,2018-01-02,9675,2017-12-27,1450,021752,NA,3,2,5,3022,0,1,1,NA,2,503,I-5 NORTHBOUND,RED HILL AVE,100,N,N,A,-,Y,NA,NA,5,NA,NA,NA,NA,NA,N,N,4,0,1,3,A,-,03,22350,NA,N,C,C,A,A,H,-,A,D,0,NA,NA,NA,NA,Y,NA,A,01,0,0,1,0,0,0,0,0,0,-,-,33.73398,-117.81564,ORANGE,TUSTIN,-117.81566219,33.73395076
90633430,2017,2018-01-04,9675,2017-12-28,1055,019171,NA,4,1,7,3001,0,1,3,NA,2,095,SR-91 W/B (RIVERSIDE FWY),WEIR CYN RD,1000,E,N,A,-,Y,NA,NA,91,NA,NA,NA,NA,NA,W,Y,4,0,3,3,A,-,03,22350,NA,N,C,C,A,A,H,-,A,D,0,NA,NA,NA,NA,Y,NA,A,01,0,0,3,0,0,0,0,0,0,-,-,33.87059,-117.73348,ORANGE,ANAHEIM,-117.73353982,33.87041751
90633656,2017,2018-01-05,9690,2017-12-22,1840,020629,NA,5,2,5,3017,0,1,1,NA,2,059,I-5 S/B (SAN DIEGO FRWY),AVENIDA VISTA HERMOSA,200,N,N,A,-,Y,NA,NA,5,NA,NA,NA,NA,NA,S,N,4,0,1,3,A,-,03,22350,NA,N,C,C,A,A,D,-,C,D,0,NA,NA,NA,NA,Y,NA,A,08,0,0,1,0,0,0,0,0,0,-,-,33.44721,-117.63491,ORANGE,SAN CLEMENTE,-117.63493516,33.44716146
90634739,2017,2018-01-23,9675,2017-12-27,1822,021752,NA,3,2,6,3026,0,1,1,NA,2,503,I-5 NORTHBOUND FROM CULVER DR,CULVER DR,200,N,N,A,-,Y,NA,NA,5,NA,NA,NA,R,NA,N,Y,4,0,2,2,A,-,03,22350,NA,F,C,C,A,A,H,-,C,A,0,NA,NA,NA,NA,Y,NA,A,01,0,0,2,0,0,0,0,0,0,-,-,33.71183,-117.78361,ORANGE,IRVINE,-117.78361,33.71183
9063573,2020,2020-07-21,3001,2020-03-04,2005,A2187,NA,3,5,7,3001,0,0,0,NA,0,D-2,HARBOR BL,SANTA ANA ST,0,NA,Y,A,-,N,NA,NA,NA,NA,NA,NA,NA,NA,NA,Y,4,0,3,2,A,-,09,21801,A,N,A,C,A,A,H,-,C,A,0,NA,NA,NA,NA,Y,NA,A,01,0,0,3,0,0,0,0,0,0,-,-,33.8297004699707,-117.91824340820313,ORANGE,ANAHEIM,-117.9181900024414,33.82978820800781
9063578,2020,2020-07-21,3001,2020-03-10,1521,A2187,NA,2,5,7,3001,0,0,0,NA,0,D-4,SERRANO AV,HIGHCREST DR,0,NA,Y,B,-,N,NA,NA,NA,NA,NA,NA,NA,NA,NA,NA,4,0,3,2,A,-,09,21801,A,N,D,C,A,B,H,-,A,A,0,NA,NA,NA,NA,Y,NA,A,01,0,0,3,0,0,0,0,0,0,-,-,33.84540939331055,-117.73922729492188,ORANGE,ANAHEIM,-117.73892974853516,33.845638275146484
90636200,2018,2018-01-09,9675,2018-01-06,1135,021224,NA,6,1,7,3019,0,1,1,NA,2,502,I-5 NORTHBOUND,MAIN ST,1000,S,N,B,-,Y,NA,NA,5,NA,NA,NA,NA,NA,N,N,4,0,1,2,A,-,03,22350,NA,N,C,C,A,A,H,-,A,D,0,NA,NA,NA,NA,Y,NA,A,01,0,0,1,0,0,0,0,0,0,-,-,33.76478958129883,-117.86538696289063,ORANGE,SANTA ANA,-117.86547088623048,33.76474380493164
9063672,2020,2020-08-18,3015,2020-04-21,1717,1240,RD44,2,5,6,3015,0,0,0,NA,0,723M,E CHAPMAND AV,S PARK ST,0,NA,Y,A,-,N,NA,NA,NA,NA,NA,NA,NA,NA,NA,Y,4,0,1,3,A,-,03,22350,NA,N,C,C,A,A,H,-,A,A,0,NA,NA,NA,NA,Y,NA,D,22,0,0,1,0,0,0,0,0,0,-,-,NA,NA,ORANGE,ORANGE,-117.80681,33.78775
90640064,2018,2018-01-16,9670,2018-01-10,0855,013414,NA,3,1,5,3024,0,1,1,NA,2,043,I-405 S/B,EDWARDS STREET,100,N,N,A,-,Y,NA,NA,405,NA,NA,NA,NA,NA,S,Y,4,0,1,3,A,-,03,22350,NA,N,C,C,A,A,H,-,A,D,0,NA,NA,NA,NA,Y,NA,A,07,0,0,1,0,0,0,0,0,0,-,-,33.75333023071289,-118.0154037475586,ORANGE,WESTMINSTER,-118.01537322998048,33.75335693359375
90640639,2018,2018-01-16,9690,2018-01-03,1830,016986,NA,3,2,9,3000,0,1,3,NA,2,073,SR 73 N/B (SAN JOAQUIN HILLS TRANS COR),WILDLIFE U/C #1,2500,S,N,A,-,Y,NA,NA,73,NA,NA,NA,NA,NA,N,Y,4,0,1,2,D,-,00,NA,NA,N,C,C,A,A,H,-,D,D,0,NA,NA,NA,NA,Y,NA,-,-,0,0,1,0,0,0,0,0,0,-,-,33.602569580078125,-117.78540802001952,ORANGE,UNINCORPORATED,-117.78539276123048,33.602691650390625
90640847,2018,2018-01-16,9675,2018-01-10,0337,021394,NA,3,3,6,3015,0,1,3,NA,2,550,SR-55 NORTHBOUND,COLLINS AVE,2000,S,N,A,-,Y,NA,NA,55,NA,NA,NA,NA,NA,N,Y,2,0,1,1,A,-,01,23152,A,N,B,I,A,A,H,-,C,D,0,NA,NA,NA,NA,Y,Y,D,22,1,0,0,0,0,0,0,0,0,-,-,33.80015182495117,-117.8311004638672,ORANGE,ORANGE,-117.8312530517578,33.800132751464844
9064123,2020,2020-03-24,3001,2020-02-20,2000,2450,D3,4,5,7,3001,0,0,0,NA,0,034,SUNKIST ST,CERRITOS AV,0,NA,Y,A,-,N,NA,NA,NA,NA,NA,NA,NA,NA,NA,N,4,0,4,2,A,-,09,21801,A,N,A,C,A,A,H,-,C,A,0,NA,NA,NA,NA,Y,NA,A,01,0,0,4,0,0,0,0,0,0,-,-,NA,NA,ORANGE,ANAHEIM,-117.88288879394533,33.81098937988281
90641401,2018,2018-01-17,9675,2018-01-15,1100,018868,NA,1,1,7,3001,0,1,3,NA,2,093,SR-91 WESTBOUND,SR-57 SOUTHBOUND,250,W,N,A,-,Y,NA,NA,91,NA,NA,NA,NA,NA,W,Y,4,0,2,4,A,-,03,22350,NA,N,C,C,A,A,H,-,A,D,0,NA,NA,NA,NA,Y,NA,D,22,0,0,2,0,0,0,0,0,0,-,-,33.85057067871094,-117.87680053710938,ORANGE,ANAHEIM,-117.87688446044922,33.85039138793945
90642040,2018,2018-01-17,9690,2018-01-16,1740,016493,NA,2,2,9,3000,0,1,3,NA,1,013,SR-133 S/B (LAGUNA CANYON ROAD),LAGUNA CANYON CREEK,500,N,N,A,-,Y,NA,NA,133,NA,NA,NA,NA,NA,S,Y,4,0,1,2,A,-,03,22350,NA,N,C,C,A,A,H,-,D,D,0,NA,NA,NA,NA,Y,NA,A,01,0,0,1,0,0,0,0,0,0,-,-,33.5974006652832,-117.76158905029295,ORANGE,UNINCORPORATED,-117.76153564453124,33.59741973876953
90644160,2018,2018-01-22,9675,2018-01-05,1450,021749,NA,5,2,7,3001,0,1,3,NA,2,095,SR-91 EASTBOUND,COAL CYN RD,1200,E,N,A,-,Y,NA,NA,91,NA,NA,NA,NA,NA,E,Y,3,0,1,3,A,-,03,22350,NA,N,C,C,A,A,H,-,A,D,0,NA,NA,NA,NA,Y,NA,A,01,0,1,0,0,0,0,0,0,0,-,-,33.87002182006836,-117.68277740478516,ORANGE,ANAHEIM,-117.68276214599608,33.870059967041016
9064612,2020,2020-05-19,3003,2020-03-04,0739,1200,NA,3,5,5,3003,0,0,0,NA,0,003,ORANGETHORPE AV,AUTO CENTER DR,0,NA,Y,A,-,N,NA,NA,NA,NA,NA,NA,NA,NA,NA,N,4,0,2,2,D,-,00,NA,NA,N,D,C,A,A,H,-,A,A,0,NA,NA,NA,NA,Y,NA,-,-,0,0,2,0,0,0,0,0,0,-,-,33.859100341796875,-117.981201171875,ORANGE,BUENA PARK,-117.98129272460938,33.85908889770508
90646563,2018,2018-01-24,9690,2018-01-23,0855,014329,NA,2,1,5,3028,0,1,1,NA,2,056,I-5 N/B (SAN DIEGO FRWY),OSO PKWY,1800,S,N,A,-,Y,NA,NA,5,NA,NA,NA,NA,NA,N,Y,3,0,2,4,A,-,03,22350,NA,N,C,C,A,A,H,-,A,D,0,NA,NA,NA,NA,Y,NA,A,01,0,2,0,0,0,0,0,0,0,-,-,33.57204055786133,-117.67169189453124,ORANGE,MISSION VIEJO,-117.6717529296875,33.57204055786133
90647779,2018,2018-01-25,9670,2018-01-11,1715,017951,NA,4,2,6,3009,0,1,3,NA,2,024,SR-22 EASTBOUND (GARDEN GROVE FREEWAY),GARDEN GROVE BOULEVARD,1500,E,N,A,-,Y,NA,NA,22,NA,NA,NA,NA,NA,E,N,4,0,1,3,A,-,03,22350,NA,F,C,C,A,A,H,-,A,D,0,NA,NA,NA,NA,Y,NA,-,99,0,0,1,0,0,0,0,0,0,-,-,33.77676010131836,-117.90025329589844,ORANGE,GARDEN GROVE,-117.90026092529295,33.77678298950195
90653027,2018,2018-02-01,9675,2018-01-27,1715,021691,NA,6,2,7,3001,0,1,3,NA,2,094,SR-91 WESTBOUND,IMPERIAL HIGHWAY,3850,E,N,A,-,Y,NA,NA,91,NA,NA,NA,NA,NA,W,Y,4,0,3,2,A,-,03,22350,NA,N,C,C,A,A,H,-,A,D,0,NA,NA,NA,NA,Y,NA,A,01,0,0,3,0,0,0,0,0,0,-,-,33.859580993652344,-117.77915191650392,ORANGE,ANAHEIM,-117.77915954589844,33.8596076965332
90653472,2018,2018-02-01,9675,2018-01-31,1410,021349,NA,3,2,7,3019,0,1,1,NA,2,502,I-5 N/B,GRAND AVE,300,N,N,A,-,Y,NA,NA,5,NA,NA,NA,NA,NA,N,Y,4,0,1,2,A,-,03,22350,NA,N,C,C,A,A,H,-,A,D,0,NA,NA,NA,NA,Y,NA,D,22,0,0,1,0,0,0,0,0,0,-,-,33.75674057006836,-117.8556900024414,ORANGE,SANTA ANA,-117.85567474365234,33.75676727294922
90656991,2018,2018-02-07,9675,2018-01-29,0945,016199,NA,1,1,6,3004,0,1,3,NA,2,073,SR-73 SOUTHBOUND,BRISTOL ST,100,S,N,A,-,Y,NA,NA,73,NA,NA,NA,NA,NA,S,Y,4,0,1,2,A,-,07,21658,A,N,B,C,A,A,H,-,A,D,0,NA,NA,NA,NA,Y,NA,A,08,0,0,1,0,0,0,0,0,0,-,-,33.66548156738281,-117.87954711914063,ORANGE,COSTA MESA,-117.87950134277344,33.66552734375
90659523,2018,2018-02-12,9690,2018-01-28,0019,020472,NA,7,3,5,3050,0,1,1,NA,2,055,I-5 N/B (SAN DIEGO FRWY),LAKE FOREST DR,1600,S,N,A,-,Y,NA,NA,5,NA,NA,NA,NA,NA,N,Y,3,0,1,2,A,-,08,22107,NA,N,E,I,A,A,H,-,C,D,0,NA,NA,NA,NA,Y,NA,A,01,0,1,0,0,0,0,0,0,0,-,-,33.6245002746582,-117.71643829345705,ORANGE,LAKE FOREST,-117.71659088134766,33.624359130859375
90660358,2018,2018-02-13,9670,2018-02-08,1805,019290,NA,4,2,7,3001,0,1,3,NA,2,094,SR-91 E/B (RIVERSIDE FWY),EUCLID STREET,100,E,N,A,-,Y,NA,NA,91,NA,NA,NA,NA,NA,E,Y,4,0,1,3,A,-,03,22350,NA,N,C,C,A,A,H,-,D,D,0,NA,NA,NA,NA,Y,NA,A,01,0,0,1,0,0,0,0,0,0,-,-,33.853981018066406,-117.94107055664063,ORANGE,ANAHEIM,-117.94107055664063,33.85408020019531
90662156,2018,2018-02-15,9675,2018-02-06,1730,021435,NA,2,2,7,3001,0,1,3,NA,2,572,SR-57 NORTHBOUND,KATELLA AVE,500,S,N,A,-,Y,NA,NA,57,NA,NA,NA,NA,NA,N,N,3,0,1,2,A,-,08,22107,NA,N,F,A,A,A,H,-,B,D,0,NA,NA,Y,NA,Y,NA,C,02,0,1,0,0,0,0,0,0,1,-,-,33.803131103515625,-117.87944793701172,ORANGE,ANAHEIM,-117.87952423095705,33.803096771240234
90663455,2018,2018-02-16,9670,2018-02-04,2110,021821,NA,7,2,5,3003,0,1,1,NA,2,500,I-5 NORTHBOUND (SANTA ANA FREEWAY),BEACH BLVD,500,S,N,A,-,Y,NA,NA,5,NA,NA,NA,NA,NA,N,Y,3,0,1,3,A,-,01,23153,A,N,B,C,A,A,H,-,C,D,0,NA,NA,NA,NA,Y,Y,A,01,0,1,0,0,0,0,0,0,0,-,-,33.86553955078125,-117.9963836669922,ORANGE,BUENA PARK,-117.99635314941406,33.86559295654297
90663673,2018,2018-02-19,9675,2018-02-08,0804,016748,NA,4,1,7,3001,0,1,3,NA,2,571,SR-57 SOUTHBOUND,LINCOLN AVE,100,N,N,A,-,Y,NA,NA,NA,NA,NA,NA,NA,NA,NA,Y,3,0,1,2,A,-,03,22350,NA,N,C,C,A,A,H,-,A,D,0,NA,NA,Y,NA,Y,NA,C,02,0,1,0,0,0,0,0,0,1,-,-,33.50177001953125,-117.52339935302734,ORANGE,ANAHEIM,-117.8761978149414,33.8381233215332
90664493,2018,2018-02-20,9675,2018-02-11,1435,021438,NA,7,2,6,3008,0,1,3,NA,2,571,SR-57 S/B,CHAPMAN AVE,400,N,N,A,-,Y,NA,NA,57,NA,NA,NA,NA,NA,S,Y,4,0,1,3,A,-,03,22350,NA,N,C,C,A,A,H,-,A,D,0,NA,NA,NA,NA,Y,NA,A,01,0,0,1,0,0,0,0,0,0,-,-,33.87464141845703,-117.88050079345705,ORANGE,FULLERTON,-117.88052368164063,33.87464141845703
90664770,2018,2018-02-20,9675,2018-02-12,1957,021941,NA,1,2,6,3015,0,1,3,NA,2,550,SR-55 S/B FROM TUSTIN AVE. ON-RAMP,LINCOLN AVE,800,S,N,B,C,Y,NA,NA,55,NA,NA,NA,R,NA,S,Y,4,0,1,1,A,-,03,22350,NA,N,E,I,A,B,H,-,D,D,0,NA,NA,NA,NA,Y,NA,A,07,0,0,1,0,0,0,0,0,0,-,-,33.832359313964844,-117.83550262451172,ORANGE,ORANGE,-117.83550262451172,33.832359313964844
90664864,2018,2018-02-20,9670,2018-02-17,1355,021900,NA,6,1,6,3009,0,1,3,NA,2,023,SR-22 W/B TO HARBOR BLVD.,HARBOR BLVD,200,E,N,A,-,Y,NA,NA,22,NA,NA,NA,R,NA,W,Y,4,0,1,2,A,-,03,22350,NA,N,C,C,A,A,H,-,A,D,0,NA,NA,NA,NA,Y,NA,A,07,0,0,1,0,0,0,0,0,0,-,-,33.769248962402344,-117.9191436767578,ORANGE,GARDEN GROVE,-117.9191436767578,33.769248962402344
9066727,2020,2020-03-24,3009,2020-02-11,1944,4666,116,2,5,6,3009,0,0,0,NA,0,023,EUCLID ST,WOODBURY RD,0,NA,Y,A,-,N,NA,NA,NA,NA,NA,NA,NA,NA,NA,Y,4,0,1,3,A,-,09,21801,A,N,D,C,A,A,H,-,A,D,0,NA,NA,NA,NA,Y,NA,A,01,0,0,1,0,0,0,0,0,0,-,-,NA,NA,ORANGE,GARDEN GROVE,-117.9377899169922,33.7636604309082
90672231,2018,2018-02-28,9675,2018-02-19,0840,021982,NA,1,1,7,3019,0,1,1,NA,2,503,I-5 SOUTHBOUND,1ST ST,2000,S,N,A,-,Y,NA,NA,5,NA,NA,NA,NA,NA,S,N,3,0,1,2,A,-,03,22350,NA,N,C,C,A,A,H,-,A,D,0,NA,NA,NA,NA,Y,NA,A,08,0,1,0,0,0,0,0,0,0,-,-,33.74304962158203,-117.84004974365234,ORANGE,SANTA ANA,-117.84012603759766,33.74293899536133