CASE_ID,ACCIDENT_YEAR,PROC_DATE,JURIS,COLLISION_DATE,COLLISION_TIME,OFFICER_ID,REPORTING_DISTRICT,DAY_OF_WEEK,CHP_SHIFT,POPULATION,CNTY_CITY_LOC,SPECIAL_COND,BEAT_TYPE,CHP_BEAT_TYPE,CITY_DIVISION_LAPD,CHP_BEAT_CLASS,BEAT_NUMBER,PRIMARY_RD,SECONDARY_RD,DISTANCE,DIRECTION,INTERSECTION,WEATHER_1,WEATHER_2,STATE_HWY_IND,CALTRANS_COUNTY,CALTRANS_DISTRICT,STATE_ROUTE,ROUTE_SUFFIX,POSTMILE_PREFIX,POSTMILE,LOCATION_TYPE,RAMP_INTERSECTION,SIDE_OF_HWY,TOW_AWAY,COLLISION_SEVERITY,NUMBER_KILLED,NUMBER_INJURED,PARTY_COUNT,PRIMARY_COLL_FACTOR,PCF_CODE_OF_VIOL,PCF_VIOL_CATEGORY,PCF_VIOLATION,PCF_VIOL_SUBSECTION,HIT_AND_RUN,TYPE_OF_COLLISION,MVIW,PED_ACTION,ROAD_SURFACE,ROAD_COND_1,ROAD_COND_2,LIGHTING,CONTROL_DEVICE,CHP_ROAD_TYPE,PEDESTRIAN_ACCIDENT,BICYCLE_ACCIDENT,MOTORCYCLE_ACCIDENT,TRUCK_ACCIDENT,NOT_PRIVATE_PROPERTY,ALCOHOL_INVOLVED,STWD_VEHTYPE_AT_FAULT,CHP_VEHTYPE_AT_FAULT,COUNT_SEVERE_INJ,COUNT_VISIBLE_INJ,COUNT_COMPLAINT_PAIN,COUNT_PED_KILLED,COUNT_PED_INJURED,COUNT_BICYCLIST_KILLED,COUNT_BICYCLIST_INJURED,COUNT_MC_KILLED,COUNT_MC_INJURED,PRIMARY_RAMP,SECONDARY_RAMP,LATITUDE,LONGITUDE,COUNTY,CITY,POINT_X,POINT_Y
90720677,2018,2018-05-07,9670,2018-05-04,1110,012956,NA,5,1,5,3024,0,1,1,NA,2,041,I-405 SOUTHBOUND (SAN DIEGO FREEWAY),HEIL AVENUE,300,N,N,A,-,Y,NA,NA,405,NA,NA,NA,NA,NA,S,N,4,0,1,2,A,-,03,22350,NA,N,C,C,A,A,H,-,A,D,0,NA,NA,NA,NA,Y,NA,A,01,0,0,1,0,0,0,0,0,0,-,-,33.72322082519531,-117.97592163085938,ORANGE,WESTMINSTER,-117.97596740722656,33.72315979003906
90721574,2018,2018-05-07,9690,2018-04-30,2025,018526,NA,1,2,9,3000,0,2,4,NA,2,037,TRABUCO CANYON ROAD,PLANO TRABUCO ROAD,2112,W,N,B,-,N,NA,NA,NA,NA,NA,NA,NA,NA,NA,Y,4,0,1,1,A,-,03,22350,NA,N,E,I,A,A,H,-,C,D,0,NA,NA,NA,NA,Y,NA,A,01,0,0,1,0,0,0,0,0,0,-,-,33.658321380615234,-117.58316802978516,ORANGE,UNINCORPORATED,-117.58308410644533,33.65830993652344
90722180,2018,2018-05-08,9675,2018-04-29,1826,021690,NA,7,2,6,3026,0,1,3,NA,2,074,SR-73 SOUTHBOUND,BONITA CYN DR,510,N,N,A,-,Y,NA,NA,73,NA,NA,NA,NA,NA,S,Y,4,0,1,1,C,-,18,NA,NA,N,E,J,A,A,H,-,A,D,0,NA,NA,NA,NA,Y,NA,-,-,0,0,1,0,0,0,0,0,0,-,-,33.631221771240234,-117.84290313720705,ORANGE,IRVINE,-117.84294891357422,33.63105773925781
9072934,2020,2020-08-31,3010,2020-03-11,1946,1015,273,3,5,6,3010,0,0,0,NA,0,006,WARNER AV,NEWLAND ST,82,W,N,A,-,N,NA,NA,NA,NA,NA,NA,NA,NA,NA,Y,4,0,1,2,A,-,01,23152,A,N,C,C,A,A,H,-,C,D,0,NA,NA,NA,NA,Y,Y,A,08,0,0,1,0,0,0,0,0,0,-,-,NA,NA,ORANGE,HUNTINGTON BEACH,-117.98085021972656,33.71567153930664
90729797,2018,2018-05-21,9675,2018-05-15,2026,021438,NA,2,2,7,3019,0,1,1,NA,2,502,I-5 N/B,BROADWAY,1800,N,N,A,-,Y,NA,NA,5,NA,NA,NA,NA,NA,N,Y,4,0,2,2,A,-,03,22350,NA,N,C,C,A,A,H,-,C,D,0,NA,NA,NA,NA,Y,NA,D,22,0,0,2,0,0,0,0,0,0,-,-,33.7747802734375,-117.87248229980467,ORANGE,SANTA ANA,-117.87254333496094,33.774723052978516
90732262,2018,2018-05-23,9675,2018-05-16,0835,022058,NA,3,1,6,3004,0,1,3,NA,2,553,SR-55 NORTHBOUND,DEL MAR AVE,528,S,N,A,-,Y,NA,NA,NA,NA,NA,NA,NA,NA,NA,Y,4,0,1,2,A,-,03,22350,NA,N,C,C,A,A,H,-,A,D,0,NA,NA,NA,NA,Y,NA,D,22,0,0,1,0,0,0,0,0,0,-,-,33.94889831542969,-117.39250183105467,ORANGE,COSTA MESA,NA,NA
90732432,2018,2018-05-23,9675,2018-05-15,0825,021982,NA,2,1,5,3022,0,1,1,NA,2,503,I-5 NORTHBOUND,NEWPORT AVE,1000,N,N,A,-,Y,NA,NA,5,NA,NA,NA,NA,NA,N,Y,4,0,1,3,A,-,08,22107,NA,N,B,C,A,A,H,-,A,D,0,NA,NA,NA,NA,Y,NA,D,22,0,0,1,0,0,0,0,0,0,-,-,33.7393684387207,-117.8297882080078,ORANGE,TUSTIN,-117.82979583740234,33.73935317993164
9073475,2020,2020-07-08,3002,2020-03-13,2128,1674,NA,5,5,4,3002,0,0,0,NA,0,011,BREA BL,CENTRAL AV,0,NA,Y,B,-,N,NA,NA,NA,NA,NA,NA,NA,NA,NA,Y,2,0,2,2,A,-,12,21453,A,N,D,C,A,B,H,-,C,A,0,NA,NA,NA,NA,Y,NA,A,01,1,0,1,0,0,0,0,0,0,-,-,33.932098388671875,-117.89396667480467,ORANGE,BREA,-117.89396667480467,33.932098388671875
90736959,2018,2018-05-30,9690,2018-05-22,1830,018349,NA,2,2,9,3000,0,3,5,NA,2,003,GINGHAM ST,WRANGLER CT,75,E,N,B,-,N,NA,NA,NA,NA,NA,NA,NA,NA,NA,N,4,0,1,2,A,-,13,22515,A,N,C,C,A,A,H,-,A,D,0,NA,NA,NA,NA,Y,NA,A,01,0,0,1,0,0,0,0,0,0,-,-,33.587249755859375,-117.5944366455078,ORANGE,UNINCORPORATED,-117.59429168701172,33.58715057373047
90740419,2018,2018-07-03,9690,2018-03-31,2022,020496,NA,6,2,9,3000,0,1,3,NA,1,074,SR 74 E/B (ORTEGA HIGHWAY),CRISTIANITOS ROAD,1056,W,N,A,-,Y,NA,NA,74,NA,NA,NA,NA,NA,E,Y,1,1,2,2,A,-,01,23152,A,N,A,C,A,A,H,-,D,B,0,NA,NA,NA,NA,Y,Y,A,07,2,0,0,0,0,0,0,0,0,-,-,33.51438903808594,-117.5845184326172,ORANGE,UNINCORPORATED,-117.58450317382813,33.514434814453125
90740753,2018,2018-06-04,9675,2018-05-29,1600,019407,NA,2,2,7,3001,0,1,3,NA,2,093,SR-91 EASTBOUND,IMPERIAL HIGHWAY,250,W,N,A,-,Y,NA,NA,NA,NA,NA,NA,NA,NA,NA,Y,4,0,1,2,A,-,03,22350,NA,N,C,C,A,A,H,-,A,D,0,NA,NA,NA,NA,Y,NA,D,22,0,0,1,0,0,0,0,0,0,-,-,33.5090217590332,-117.5251007080078,ORANGE,ANAHEIM,NA,NA
90742456,2018,2018-06-06,9675,2018-05-30,0320,018924,NA,3,3,4,3002,0,1,3,NA,2,570,SR-57 S/B,IMPERIAL HIGHWAY,50,N,N,C,-,Y,NA,NA,57,NA,NA,NA,NA,NA,S,Y,3,0,2,2,A,-,07,21658,A,F,B,C,A,B,H,-,C,D,0,NA,NA,NA,NA,Y,NA,-,99,0,1,1,0,0,0,0,0,0,-,-,33.91046905517578,-117.88381958007813,ORANGE,BREA,-117.88369750976563,33.91049575805664
9074263,2020,2020-10-09,3001,2020-03-30,0720,A1252,NA,1,5,7,3001,0,0,0,NA,0,D-1,ORANGE AV,WESTERN AV,0,NA,Y,A,-,N,NA,NA,NA,NA,NA,NA,NA,NA,NA,Y,3,0,3,2,A,-,09,21801,A,N,D,C,A,A,H,-,A,B,0,NA,NA,NA,NA,Y,NA,A,01,0,1,2,0,0,0,0,0,0,-,-,33.82463073730469,-118.0021514892578,ORANGE,ANAHEIM,-118.0021514892578,33.82461929321289
90742792,2018,2018-06-06,9675,2018-05-28,1604,021438,NA,1,2,6,3026,0,1,3,NA,2,074,SR-73 S/B TO UNIVERSITY DR.,UNIVERSITY DR,1000,N,N,A,-,Y,NA,NA,73,NA,NA,NA,R,NA,S,Y,3,0,1,1,A,-,08,22107,NA,N,E,I,A,A,H,-,A,D,0,NA,NA,NA,NA,Y,NA,A,07,0,1,0,0,0,0,0,0,0,-,-,33.6522216796875,-117.86309051513672,ORANGE,IRVINE,-117.86309051513672,33.6522216796875
90743054,2018,2018-06-07,9675,2018-05-27,1455,021983,NA,7,2,7,3001,0,1,3,NA,2,194,SR-91 EASTBOUND,WEIR CYN RD,500,E,N,A,-,Y,NA,NA,91,NA,NA,NA,NA,NA,E,Y,3,0,8,4,A,-,08,22107,NA,N,B,C,A,A,H,-,A,D,0,NA,NA,NA,NA,Y,NA,A,07,0,3,5,0,0,0,0,0,0,-,-,33.87063980102539,-117.74228668212892,ORANGE,ANAHEIM,-117.74227905273438,33.87057876586914
90744300,2018,2018-07-02,9675,2018-06-01,1741,021633,NA,5,2,6,3004,0,1,1,NA,2,405,I-405 N/B TO FAIRVIEW RD.,BEAR ST,1000,N,N,A,-,Y,NA,NA,405,NA,NA,NA,R,NA,N,Y,3,0,1,2,A,-,03,22350,NA,N,C,C,A,A,H,-,A,D,0,NA,NA,Y,NA,Y,NA,C,02,0,1,0,0,0,0,0,0,1,-,-,33.68777847290039,-117.89560699462892,ORANGE,COSTA MESA,-117.89560699462892,33.68777847290039
90745632,2018,2018-06-11,9690,2018-06-03,1710,020537,NA,7,2,5,3017,0,1,1,NA,2,059,I-5 S/B (SAN DIEGO FRWY),EL CAMINO REAL,193,S,N,A,-,Y,NA,NA,5,NA,NA,NA,NA,NA,S,Y,2,0,1,1,A,-,08,22107,NA,N,E,I,A,A,H,-,A,D,0,NA,NA,Y,NA,Y,Y,C,02,1,0,0,0,0,0,0,0,1,-,-,33.417701721191406,-117.60468292236328,ORANGE,SAN CLEMENTE,-117.60460662841795,33.4177360534668
90745879,2018,2018-06-12,9675,2018-06-08,2320,022058,NA,5,3,7,3019,0,1,3,NA,2,551,SR-55 SOUTHBOUND,4TH ST,3000,N,N,A,-,Y,NA,NA,55,NA,NA,NA,NA,NA,S,Y,4,0,2,2,A,-,01,23152,A,N,C,C,A,A,D,-,C,D,0,NA,NA,NA,NA,Y,Y,A,01,0,0,2,0,0,0,0,0,0,-,-,33.75107955932617,-117.83199310302734,ORANGE,SANTA ANA,-117.83197021484376,33.75107955932617
90746594,2018,2018-06-12,9670,2018-06-03,1400,021755,NA,7,2,5,3003,0,1,3,NA,2,091,SR-91 W/B,VALLEY VIEW ST,2112,E,N,A,-,Y,NA,NA,91,NA,NA,NA,NA,NA,W,Y,3,0,2,2,A,-,08,22107,NA,N,D,C,A,A,H,-,A,D,0,NA,NA,NA,NA,Y,NA,D,22,0,2,0,0,0,0,0,0,0,-,-,33.8559684753418,-118.02236175537108,ORANGE,BUENA PARK,-118.02236175537108,33.85606384277344
90748129,2018,2018-06-14,9675,2018-06-05,0655,021397,NA,2,1,7,3019,0,1,3,NA,2,552,SR-55 SOUTHBOUND,EDINGER AVE,290,N,N,B,-,Y,NA,NA,55,NA,NA,NA,NA,NA,S,Y,2,0,1,2,A,-,03,22350,NA,F,C,C,A,A,H,-,A,D,0,NA,NA,Y,NA,Y,NA,-,99,1,0,0,0,0,0,0,0,1,-,-,33.727569580078125,-117.83467864990234,ORANGE,SANTA ANA,-117.83452606201172,33.72751235961914
90749846,2018,2018-06-18,9675,2018-06-08,0750,020550,NA,5,1,6,3004,0,1,1,NA,2,405,I-405 SOUTHBOUND,BRISTOL ST,800,N,N,A,-,Y,NA,NA,405,NA,NA,NA,NA,NA,S,Y,4,0,2,2,A,-,08,22107,NA,N,D,C,A,A,H,-,A,D,0,NA,NA,NA,NA,Y,NA,A,01,0,0,2,0,0,0,0,0,0,-,-,33.687381744384766,-117.88829803466795,ORANGE,COSTA MESA,-117.88829803466795,33.68731689453125
90749881,2018,2018-06-18,9675,2018-06-08,2255,021233,NA,5,3,6,3015,0,1,3,NA,2,572,SR-57 SOUTHBOUND,CHAPMAN AVE,600,S,N,A,-,Y,NA,NA,57,NA,NA,NA,NA,NA,S,Y,3,0,1,1,A,-,08,22107,NA,N,E,I,A,A,H,-,C,D,0,NA,NA,Y,NA,Y,Y,C,02,0,1,0,0,0,0,0,0,1,-,-,33.78601837158203,-117.88023376464844,ORANGE,ORANGE,-117.88002014160156,33.786033630371094
90751298,2018,2018-06-19,9670,2018-06-18,1035,021459,NA,1,1,7,3001,0,1,3,NA,2,094,SR-91 E/B,EAST ST,1200,W,N,A,-,Y,NA,NA,91,NA,NA,NA,NA,NA,E,Y,4,0,1,2,A,-,03,22350,NA,N,C,C,A,A,H,-,A,D,0,NA,NA,NA,Y,Y,NA,A,01,0,0,1,0,0,0,0,0,0,-,-,33.8537483215332,-117.91104888916016,ORANGE,ANAHEIM,-117.91104888916016,33.85367202758789
90752942,2018,2018-06-21,9670,2018-06-12,1345,017951,NA,2,1,6,3009,0,1,3,NA,2,025,SR-22 WESTBOUND (GARDEN GROVE FREEWAY),GARDEN GROVE BOULEVARD,487,E,N,A,-,Y,NA,NA,22,NA,NA,NA,NA,NA,W,Y,4,0,1,3,A,-,03,22350,NA,N,C,C,A,A,H,-,A,D,0,NA,NA,NA,NA,Y,NA,A,01,0,0,1,0,0,0,0,0,0,-,-,33.77561950683594,-117.90377044677734,ORANGE,GARDEN GROVE,-117.90355682373048,33.77519989013672
9075593,2020,2020-06-19,3000,2020-02-01,1806,1916,921J4,6,5,4,3045,0,0,0,NA,0,746,NELLIE GAIL RD,MUSTANG DR,0,NA,Y,A,-,N,NA,NA,NA,NA,NA,NA,NA,NA,NA,Y,4,0,1,2,A,-,12,22450,A,N,D,C,A,A,H,-,C,A,0,NA,NA,NA,NA,Y,NA,A,01,0,0,1,0,0,0,0,0,0,-,-,NA,NA,ORANGE,LAGUNA HILLS,-117.68594360351563,33.58161926269531
90757362,2018,2018-06-27,9675,2018-06-20,1645,021386,NA,3,2,6,3026,0,1,1,NA,2,406,INTERSTATE 405 SOUTHBOUND,JAMBOREE RD,2400,S,N,A,-,Y,NA,NA,405,NA,NA,NA,NA,NA,S,Y,4,0,1,3,A,-,03,22350,NA,N,C,C,A,A,H,-,A,D,0,NA,NA,NA,Y,Y,NA,G,25,0,0,1,0,0,0,0,0,0,-,-,33.673580169677734,-117.8363800048828,ORANGE,IRVINE,-117.83628082275392,33.67386245727539
90760307,2018,2018-12-06,9675,2018-06-22,2348,021752,NA,5,3,7,3001,0,1,3,NA,2,094,SR-91 EASTBOUND,IMPERIAL HIGHWAY,3050,W,N,A,-,Y,NA,NA,91,NA,NA,NA,NA,NA,E,Y,3,0,1,2,A,-,01,23152,A,N,B,C,A,A,H,-,C,D,0,NA,NA,Y,NA,Y,Y,C,02,0,1,0,0,0,0,0,0,1,-,-,33.8542594909668,-117.80158233642578,ORANGE,ANAHEIM,-117.80158233642578,33.85427474975586
90760630,2018,2018-07-02,9670,2018-06-22,1624,021910,NA,5,2,4,3020,0,1,1,NA,2,061,I-605 S/B,KATELLA AVE,300,S,N,A,-,Y,NA,NA,NA,NA,NA,NA,NA,NA,NA,Y,3,0,1,3,A,-,03,22350,NA,N,C,C,A,A,H,-,A,D,0,NA,NA,NA,NA,Y,NA,A,01,0,1,0,0,0,0,0,0,0,-,-,33.802188873291016,-118.0822525024414,ORANGE,SEAL BEACH,NA,NA
90763311,2018,2018-07-05,9690,2018-06-30,0850,020086,NA,6,1,9,3000,0,1,3,NA,1,074,SR 74 E/B (ORTEGA HWY),SAN JUAN CREEK BRIDGE,530,E,N,A,-,Y,NA,NA,74,NA,NA,NA,NA,NA,E,Y,4,0,1,1,A,-,08,22107,NA,N,E,I,A,A,H,-,A,D,0,NA,NA,Y,NA,Y,NA,C,02,0,0,1,0,0,0,0,0,1,-,-,33.590328216552734,-117.49889373779295,ORANGE,UNINCORPORATED,-117.49894714355467,33.59051513671875
90764073,2018,2018-07-06,9670,2018-07-03,1328,020175,NA,2,1,5,3024,0,1,1,NA,2,042,I-405 N/B,GOLDENWEST ST,125,S,N,A,-,Y,NA,NA,405,NA,NA,NA,NA,NA,N,Y,3,0,2,3,A,-,03,22350,NA,N,C,C,A,B,H,-,A,D,0,NA,NA,NA,NA,Y,NA,A,01,0,1,1,0,0,0,0,0,0,-,-,33.746299743652344,-118.00662231445313,ORANGE,WESTMINSTER,-118.00665283203124,33.74625778198242
90767473,2018,2018-07-12,9675,2018-07-02,1247,020550,NA,1,1,4,3002,0,1,3,NA,2,570,SR-57 SOUTHBOUND,IMPERIAL HIGHWAY,0,NA,N,A,-,Y,NA,NA,NA,NA,NA,NA,NA,NA,NA,Y,4,0,2,2,A,-,08,22107,NA,N,B,C,A,A,H,-,A,D,0,NA,NA,NA,NA,Y,NA,A,01,0,0,2,0,0,0,0,0,0,-,-,33.907718658447266,-117.88255310058594,ORANGE,BREA,-117.88372039794922,33.91082000732422
90767905,2018,2018-07-12,9675,2018-07-06,0900,019979,NA,5,1,6,3004,0,1,3,NA,2,553,SR-55 SOUTHBOUND,PAULARINO AVE,1100,N,N,A,-,Y,NA,NA,55,NA,NA,NA,NA,NA,S,Y,4,0,2,3,A,-,03,22350,NA,N,C,C,A,A,H,-,A,D,0,NA,NA,NA,NA,Y,NA,A,07,0,0,2,0,0,0,0,0,0,-,-,33.685420989990234,-117.87416839599608,ORANGE,COSTA MESA,-117.87413787841795,33.685394287109375
9076857,2020,2020-06-23,3026,2020-03-06,1534,6352,NA,5,5,6,3026,0,0,0,NA,0,00C,E YALE LP,OSBORN,0,NA,Y,A,-,N,NA,NA,NA,NA,NA,NA,NA,NA,NA,Y,4,0,2,2,A,-,09,21801,A,N,D,D,A,A,H,-,A,-,0,NA,NA,NA,NA,Y,NA,A,07,0,0,2,0,0,0,0,0,0,-,-,NA,NA,ORANGE,IRVINE,-117.78849029541016,33.674190521240234
9076938,2020,2020-10-09,3001,2020-03-05,1217,A2312,NA,4,5,7,3001,0,0,0,NA,0,0D4,TUSTIN AV,RT 91,29,S,N,-,-,Y,ORA,12,91,-,-,8.284,R,4,W,N,3,0,1,3,A,-,08,22101,D,N,B,C,A,A,H,-,A,A,0,NA,NA,NA,NA,Y,NA,A,01,0,1,0,0,0,0,0,0,0,-,WO,NA,NA,ORANGE,ANAHEIM,-117.83992004394533,33.85157775878906
90773588,2018,2018-07-20,9675,2018-07-14,1715,021984,NA,6,2,6,3015,0,1,3,NA,2,550,SR-55 NORTHBOUND,COLLINS AVE,1000,N,N,A,-,Y,NA,NA,NA,NA,NA,NA,NA,NA,NA,Y,4,0,1,3,A,-,08,22107,NA,N,B,C,A,A,H,-,A,D,0,NA,NA,NA,NA,Y,NA,D,22,0,0,1,0,0,0,0,0,0,-,-,33.49140930175781,-117.49550628662108,ORANGE,ORANGE,-117.83170318603516,33.805084228515625
9077435,2019,2020-05-16,3000,2019-11-04,1549,5805,891F5,1,5,5,3050,0,0,0,NA,0,765,ROCKFIELD BL,BOEING LN,28,S,N,A,-,N,NA,NA,NA,NA,NA,NA,NA,NA,NA,Y,3,0,1,2,A,-,01,23152,F,N,D,C,A,A,H,-,A,A,0,NA,NA,Y,NA,Y,NA,C,02,0,1,0,0,0,0,0,0,1,-,-,NA,NA,ORANGE,LAKE FOREST,-117.71542358398438,33.627620697021484
90774754,2018,2018-07-23,9675,2018-07-12,0804,018005,NA,4,1,6,3004,0,1,3,NA,2,553,SR-55 N/B TO I-405 S/B,PAULARINO AVE,800,N,N,A,-,Y,NA,NA,55,NA,NA,NA,R,NA,N,Y,3,0,1,2,A,-,06,21755,NA,N,B,C,A,A,H,-,A,D,0,NA,NA,Y,NA,Y,NA,C,02,0,1,0,0,0,0,0,0,1,-,-,33.68545150756836,-117.87281036376952,ORANGE,COSTA MESA,-117.87281036376952,33.68545150756836
90775245,2018,2018-07-24,9670,2018-07-23,1442,020175,NA,1,2,3,3006,0,1,3,NA,2,091,SR-91 W/B,CARMENITA RD,1584,E,N,A,-,Y,NA,NA,91,NA,NA,NA,NA,NA,W,Y,4,0,1,3,A,-,03,22350,NA,N,C,C,A,A,H,-,A,D,0,NA,NA,NA,NA,Y,NA,A,08,0,0,1,0,0,0,0,0,0,-,-,33.86193084716797,-118.04183197021484,ORANGE,LA PALMA,-118.04178619384766,33.862056732177734
90776436,2018,2018-07-25,9675,2018-07-14,0859,019348,NA,6,1,7,3001,0,1,3,NA,2,095,SR-91 WESTBOUND,IMPERIAL HIGHWAY,1000,E,N,A,-,Y,NA,NA,NA,NA,NA,NA,NA,NA,NA,Y,4,0,1,6,A,-,03,22350,NA,N,C,C,A,A,H,-,A,D,0,NA,NA,NA,NA,Y,NA,A,07,0,0,1,0,0,0,0,0,0,-,-,33.86383819580078,-117.76761627197266,ORANGE,ANAHEIM,NA,NA
90776441,2018,2018-07-25,9675,2018-07-14,2240,021388,NA,6,3,6,3026,0,1,1,NA,2,504,I-5 NORTHBOUND,SAND CANYON AVE,1314,N,N,A,-,Y,NA,NA,5,NA,NA,NA,NA,NA,N,Y,4,0,1,3,A,-,03,22350,NA,N,C,C,A,A,H,-,D,D,0,NA,NA,NA,NA,Y,Y,A,01,0,0,1,0,0,0,0,0,0,-,-,33.679298400878906,-117.75969696044922,ORANGE,IRVINE,-117.75968170166016,33.679317474365234
90777106,2018,2018-07-26,9675,2018-07-24,1830,021377,NA,2,2,7,3019,0,1,3,NA,2,222,SR-22 WESTBOUND,BRISTOL ST,300,W,N,A,-,Y,NA,NA,22,NA,NA,NA,NA,NA,W,Y,4,0,1,2,A,-,03,22350,NA,N,C,C,A,A,H,-,A,D,0,NA,NA,NA,NA,Y,NA,A,01,0,0,1,0,0,0,0,0,0,-,-,33.779029846191406,-117.88478088378906,ORANGE,SANTA ANA,-117.88478088378906,33.77907943725586
90777307,2018,2018-07-26,9675,2018-07-17,1240,018005,NA,2,1,7,3001,0,1,3,NA,2,094,SR-91 WESTBOUND,IMPERIAL HIGHWAY,1900,W,N,A,-,Y,NA,NA,91,NA,NA,NA,NA,NA,W,Y,4,0,2,6,A,-,03,22350,NA,N,C,C,A,A,H,-,A,D,0,NA,NA,NA,NA,Y,NA,A,01,0,0,2,0,0,0,0,0,0,-,-,33.85451126098633,-117.8012237548828,ORANGE,ANAHEIM,-117.80121612548828,33.854549407958984
90777517,2018,2018-07-26,9675,2018-07-18,1415,021397,NA,3,2,7,3019,0,1,3,NA,2,552,SR-55 NORTHBOUND,WARNER AVE,970,S,N,A,-,Y,NA,NA,55,NA,NA,NA,NA,NA,N,Y,4,0,1,3,A,-,03,22350,NA,N,C,C,A,A,H,-,A,D,0,NA,NA,NA,NA,Y,NA,A,07,0,0,1,0,0,0,0,0,0,-,-,33.715171813964844,-117.8449935913086,ORANGE,SANTA ANA,-117.84514617919922,33.71533203125
90779245,2018,2018-07-27,9675,2018-07-19,1650,020091,NA,4,2,6,3004,0,1,1,NA,2,045,I-405 NORTHBOUND,FAIRVIEW RD,800,N,N,A,-,Y,NA,NA,405,NA,NA,NA,NA,NA,N,Y,2,0,1,2,A,-,03,22350,NA,N,C,C,A,A,H,-,A,D,0,NA,NA,Y,NA,Y,NA,C,02,1,0,0,0,0,0,0,0,1,-,-,33.68806076049805,-117.91094207763672,ORANGE,COSTA MESA,-117.91094207763672,33.688087463378906
9078078,2020,2020-06-10,3000,2020-03-08,1423,9220,972C2,7,5,4,3018,0,0,0,NA,0,730,CAMINO CAPISTRANO,SAN JUAN CREEK RD,0,NA,Y,A,-,N,NA,NA,NA,NA,NA,NA,NA,NA,NA,Y,3,0,2,2,A,-,12,21453,A,N,D,C,A,A,H,-,A,A,0,NA,NA,NA,NA,Y,NA,A,01,0,1,1,0,0,0,0,0,0,-,-,NA,NA,ORANGE,SAN JUAN CAPISTRANO,-117.66294860839844,33.49177932739258
90782722,2018,2018-08-02,9675,2018-07-25,0700,017773,NA,3,1,6,3026,0,1,1,NA,2,407,I-405 S/B,SAND CANYON AVE,2112,S,N,A,-,Y,NA,NA,405,NA,NA,NA,NA,NA,S,Y,4,0,1,1,A,-,08,22107,NA,N,F,A,A,A,H,-,A,D,0,NA,NA,NA,NA,Y,NA,A,07,0,0,1,0,0,0,0,0,0,-,-,33.65419006347656,-117.77242279052734,ORANGE,IRVINE,-117.7723388671875,33.65433883666992
90782731,2018,2018-08-02,9675,2018-07-25,1700,021386,NA,3,2,6,3026,0,1,1,NA,2,405,INTERSTATE 405 SOUTHBOUND,MACARTHUR BOULEVARD,1000,N,N,A,-,Y,NA,NA,405,NA,NA,NA,NA,NA,S,N,4,0,1,2,A,-,03,22350,NA,N,C,C,A,A,H,-,A,D,0,NA,NA,NA,NA,Y,NA,A,01,0,0,1,0,0,0,0,0,0,-,-,33.68402099609375,-117.86012268066406,ORANGE,IRVINE,-117.86013793945313,33.683982849121094
9078394,2020,2020-07-08,3001,2020-03-27,1825,1328,1525,5,5,7,3001,0,0,0,NA,0,023,NORTH ANAHEIM BL,E NORTH ST,0,NA,Y,A,-,N,NA,NA,NA,NA,NA,NA,NA,NA,NA,Y,3,0,1,3,A,-,12,21453,A,N,D,D,A,A,H,-,A,A,0,NA,NA,NA,NA,Y,NA,-,NA,0,1,0,0,0,0,0,0,0,-,-,NA,NA,ORANGE,ANAHEIM,-117.9167938232422,33.84423828125
90784383,2018,2018-08-06,9675,2018-07-27,2018,021983,NA,5,2,7,3019,0,1,1,NA,2,502,I-5 NORTHBOUND,SR-55 NORTHBOUND,1000,S,N,A,-,Y,NA,NA,NA,NA,NA,NA,NA,NA,NA,Y,4,0,4,5,A,-,03,22350,NA,N,C,C,A,A,H,-,A,D,0,NA,NA,NA,NA,Y,NA,A,07,0,0,4,0,0,0,0,0,0,-,-,33.739479064941406,-117.83032989501952,ORANGE,SANTA ANA,-117.83374786376952,33.74079132080078
90784426,2018,2018-08-06,9675,2018-07-27,0813,021962,NA,5,1,6,3004,0,1,3,NA,2,553,SR-55 SOUTHBOUND,PAULARINO AVE,300,N,N,A,-,Y,NA,NA,55,NA,NA,NA,NA,NA,S,Y,3,0,1,2,A,-,03,22350,NA,N,F,A,A,A,H,-,A,D,0,NA,NA,Y,NA,Y,NA,C,02,0,1,0,0,0,0,0,0,1,-,-,33.68280029296875,-117.87677764892578,ORANGE,COSTA MESA,-117.87670135498048,33.68273162841797