CASE_ID,ACCIDENT_YEAR,PROC_DATE,JURIS,COLLISION_DATE,COLLISION_TIME,OFFICER_ID,REPORTING_DISTRICT,DAY_OF_WEEK,CHP_SHIFT,POPULATION,CNTY_CITY_LOC,SPECIAL_COND,BEAT_TYPE,CHP_BEAT_TYPE,CITY_DIVISION_LAPD,CHP_BEAT_CLASS,BEAT_NUMBER,PRIMARY_RD,SECONDARY_RD,DISTANCE,DIRECTION,INTERSECTION,WEATHER_1,WEATHER_2,STATE_HWY_IND,CALTRANS_COUNTY,CALTRANS_DISTRICT,STATE_ROUTE,ROUTE_SUFFIX,POSTMILE_PREFIX,POSTMILE,LOCATION_TYPE,RAMP_INTERSECTION,SIDE_OF_HWY,TOW_AWAY,COLLISION_SEVERITY,NUMBER_KILLED,NUMBER_INJURED,PARTY_COUNT,PRIMARY_COLL_FACTOR,PCF_CODE_OF_VIOL,PCF_VIOL_CATEGORY,PCF_VIOLATION,PCF_VIOL_SUBSECTION,HIT_AND_RUN,TYPE_OF_COLLISION,MVIW,PED_ACTION,ROAD_SURFACE,ROAD_COND_1,ROAD_COND_2,LIGHTING,CONTROL_DEVICE,CHP_ROAD_TYPE,PEDESTRIAN_ACCIDENT,BICYCLE_ACCIDENT,MOTORCYCLE_ACCIDENT,TRUCK_ACCIDENT,NOT_PRIVATE_PROPERTY,ALCOHOL_INVOLVED,STWD_VEHTYPE_AT_FAULT,CHP_VEHTYPE_AT_FAULT,COUNT_SEVERE_INJ,COUNT_VISIBLE_INJ,COUNT_COMPLAINT_PAIN,COUNT_PED_KILLED,COUNT_PED_INJURED,COUNT_BICYCLIST_KILLED,COUNT_BICYCLIST_INJURED,COUNT_MC_KILLED,COUNT_MC_INJURED,PRIMARY_RAMP,SECONDARY_RAMP,LATITUDE,LONGITUDE,COUNTY,CITY,POINT_X,POINT_Y
91264283,2020,2020-07-07,9675,2020-07-02,1930,021960,NA,4,2,7,3019,0,1,1,NA,2,502,I-5 S/B TO 17TH ST.,17TH ST.,600,S,N,A,-,Y,NA,NA,5,NA,NA,NA,R,NA,S,Y,3,0,1,2,A,-,01,23152,A,N,C,C,A,A,H,-,A,D,0,NA,NA,NA,NA,Y,Y,A,01,0,1,0,0,0,0,0,0,0,-,-,33.75849914550781,-117.86161041259766,ORANGE,SANTA ANA,-117.86161041259766,33.75849914550781
91265815,2020,2020-07-09,9675,2020-07-08,1750,021377,NA,3,2,6,3015,0,1,3,NA,2,222,SR-22 EASTBOUND,LEWIS ST,200,E,N,A,-,Y,NA,NA,22,NA,NA,NA,NA,NA,E,Y,4,0,1,2,A,-,03,22350,NA,N,C,C,A,A,H,-,A,D,0,NA,NA,NA,NA,Y,NA,A,01,0,0,1,0,0,0,0,0,0,-,-,33.778499603271484,-117.8959503173828,ORANGE,ORANGE,-117.89596557617188,33.7785530090332
91265894,2020,2020-07-09,9690,2020-07-04,1040,014329,NA,6,1,9,3000,0,2,4,NA,2,037,LIVE OAK CANYON ROAD,SANTIAGO CANYON ROAD,300,E,N,A,-,N,NA,NA,NA,NA,NA,NA,NA,NA,NA,N,3,0,1,1,C,-,18,NA,NA,N,H,A,A,A,H,-,A,D,0,NA,NA,Y,NA,Y,NA,-,-,0,1,0,0,0,0,0,0,1,-,-,33.68330001831055,-117.62042999267578,ORANGE,UNINCORPORATED,-117.61978912353516,33.683719635009766
9126902,2020,2020-09-26,3001,2020-07-16,0003,A1047,NA,4,5,7,3001,0,0,0,NA,0,D-3,ANAHEIM BL,BALL RD,45,S,N,A,-,N,NA,NA,NA,NA,NA,NA,NA,NA,NA,N,3,0,1,2,A,-,03,22350,NA,M,C,C,A,A,H,-,C,A,0,NA,NA,NA,NA,Y,NA,D,22,0,1,0,0,0,0,0,0,0,-,-,33.81834030151367,-117.9079818725586,ORANGE,ANAHEIM,-117.90801239013672,33.81795120239258
91270446,2020,2020-07-17,9675,2020-07-13,1445,020545,NA,1,2,6,3026,0,1,1,NA,2,504,I-5 N/B FROM BAKE PKWY,BAKE PKWY,490,S,N,A,-,Y,NA,NA,5,NA,NA,NA,R,NA,N,Y,4,0,1,1,A,-,01,23152,A,N,E,I,A,A,H,-,A,D,0,NA,NA,NA,NA,Y,Y,A,01,0,0,1,0,0,0,0,0,0,-,-,33.6546516418457,-117.74205017089844,ORANGE,IRVINE,-117.74205017089844,33.6546516418457
91272585,2020,2020-07-22,9670,2020-07-14,1725,021242,NA,2,2,6,3009,0,1,3,NA,2,025,SR-22 W/B,HARBOR BLVD,1056,W,N,A,-,Y,NA,NA,22,NA,NA,NA,NA,NA,W,Y,3,0,2,3,A,-,03,22350,NA,N,C,C,A,A,H,-,A,D,0,NA,NA,NA,NA,Y,NA,A,01,0,2,0,0,0,0,0,0,0,-,-,33.76749038696289,-117.92149353027344,ORANGE,GARDEN GROVE,-117.92150115966795,33.767513275146484
91275713,2020,2020-07-28,9675,2020-07-20,1800,021377,NA,1,2,7,3001,0,1,3,NA,2,094,SR-91 EASTBOUND,IMPERIAL HIGHWAY,2000,W,N,A,-,Y,NA,NA,91,NA,NA,NA,NA,NA,E,Y,4,0,1,2,A,-,03,22350,NA,N,C,C,A,A,H,-,A,D,0,NA,NA,NA,Y,Y,NA,F,25,0,0,1,0,0,0,0,0,0,-,-,33.85411071777344,-117.79888916015624,ORANGE,ANAHEIM,-117.79888916015624,33.85422897338867
91279874,2020,2020-08-03,9675,2020-07-02,1240,018714,NA,4,1,6,3026,0,1,1,NA,2,406,I-405 S/B TO CULVER DR,CULVER DR,10,N,N,A,-,Y,NA,NA,NA,NA,NA,NA,NA,NA,NA,N,4,0,1,2,A,-,03,22350,NA,F,C,C,A,A,H,-,A,A,0,NA,NA,NA,NA,Y,NA,-,99,0,0,1,0,0,0,0,0,0,-,-,33.40060043334961,-117.49259948730467,ORANGE,IRVINE,-117.82286834716795,33.66939926147461
9128018,2020,2020-09-24,3011,2020-06-28,1452,31427,0,7,5,4,3011,0,0,0,NA,0,NA,RT 1,COUNTRY CLUB DR,0,NA,Y,A,-,Y,ORA,12,1,-,-,6.54,H,-,N,N,4,0,2,2,A,-,03,22349,A,N,C,C,A,A,H,-,A,D,0,NA,NA,NA,NA,Y,NA,A,01,0,0,2,0,0,0,0,0,0,-,-,NA,NA,ORANGE,LAGUNA BEACH,-117.75304412841795,33.51158905029297
91280920,2020,2020-08-05,9675,2020-07-28,0005,020018,NA,2,3,6,3004,0,1,1,NA,2,405,I-405 NORTHBOUND TO SR-55 NORTHBOUND,RED HILL AVE,792,N,N,A,-,Y,NA,NA,405,NA,NA,NA,R,NA,N,Y,4,0,1,1,A,-,08,22107,NA,N,F,A,A,A,H,-,C,D,0,NA,NA,NA,NA,Y,NA,A,01,0,0,1,0,0,0,0,0,0,-,-,33.688228607177734,-117.86865997314452,ORANGE,COSTA MESA,-117.86865997314452,33.688228607177734
91281839,2020,2020-08-06,9675,2020-08-01,0550,020027,NA,6,3,6,3026,0,1,1,NA,2,504,I-5 S/B TO BAKE PKWY,BAKE PKWY,500,N,N,A,-,Y,NA,NA,5,NA,NA,NA,R,NA,S,Y,4,0,1,1,A,-,03,22350,NA,N,E,I,A,A,H,-,B,D,0,NA,NA,NA,NA,Y,NA,A,08,0,0,1,0,0,0,0,0,0,-,-,33.64043045043945,-117.73348999023438,ORANGE,IRVINE,-117.73348999023438,33.64043045043945
91282037,2020,2020-08-06,9690,2020-07-29,0945,016128,NA,3,1,5,3050,0,1,1,NA,2,055,I-5 N/B (SAN DIEGO FRWY),LOS ALISOS BLVD.,20,S,N,A,-,Y,NA,NA,5,NA,NA,NA,NA,NA,N,Y,4,0,1,2,A,-,08,22107,NA,M,B,C,A,A,H,-,A,A,0,NA,NA,NA,Y,Y,NA,A,07,0,0,1,0,0,0,0,0,0,-,-,33.60826873779297,-117.69738006591795,ORANGE,LAKE FOREST,-117.6973876953125,33.608245849609375
9128261,2020,2020-09-18,3011,2020-07-07,1703,31407,84,2,5,4,3011,0,0,0,NA,0,003,RT 1,4TH AV,25,S,N,A,-,Y,ORA,12,1,-,-,5.67,H,-,S,Y,3,0,1,3,A,-,03,22350,NA,N,C,C,A,A,H,-,A,D,0,NA,NA,NA,NA,Y,NA,A,07,0,1,0,0,0,0,0,0,0,-,-,NA,NA,ORANGE,LAGUNA BEACH,-117.74364471435548,33.50127029418945
9128264,2020,2020-11-30,3010,2020-07-11,2350,1261,412,6,5,6,3010,0,0,0,NA,0,005,MAIN ST,RT 39,0,NA,Y,A,-,Y,ORA,12,39,-,-,3.12,I,6,S,Y,3,0,1,2,A,-,01,23152,NA,N,B,C,A,A,H,-,C,A,0,NA,NA,NA,NA,Y,Y,A,01,0,1,0,0,0,0,0,0,0,-,-,NA,NA,ORANGE,HUNTINGTON BEACH,-117.98895263671876,33.693748474121094
91284037,2020,2020-08-11,9675,2020-08-07,1730,019018,NA,5,2,6,3026,0,1,1,NA,2,407,I-405 NORTHBOUND,SAND CANYON AVE,4000,S,N,A,-,N,NA,NA,405,NA,NA,NA,NA,NA,N,Y,4,0,1,3,A,-,03,22350,NA,N,C,C,A,A,H,-,A,D,0,NA,NA,NA,NA,Y,NA,A,01,0,0,1,0,0,0,0,0,0,-,-,33.653289794921875,-117.768310546875,ORANGE,IRVINE,-117.76837158203124,33.653079986572266
91285105,2020,2020-08-12,9690,2020-08-11,0850,019879,NA,2,1,5,3028,0,1,1,NA,2,056,I-5 S/B,CROWN VALLEY PKWY,3500,N,N,A,-,Y,NA,NA,5,NA,NA,NA,NA,NA,S,Y,3,0,1,3,A,-,03,22350,NA,N,C,C,A,A,H,-,A,D,0,NA,NA,NA,NA,Y,NA,A,07,0,1,0,0,0,0,0,0,0,-,-,33.56869888305664,-117.67196655273438,ORANGE,MISSION VIEJO,-117.67212677001952,33.5687141418457
91285392,2020,2020-08-13,9675,2020-07-17,1825,021834,NA,5,2,7,3001,0,1,3,NA,2,094,SR-91 WESTBOUND,IMPERIAL HIGHWAY,2000,E,N,A,-,Y,NA,NA,91,NA,NA,NA,NA,NA,W,Y,4,0,2,2,A,-,03,22350,NA,F,C,C,A,A,H,-,A,D,0,NA,NA,NA,NA,Y,NA,A,08,0,0,2,0,0,0,0,0,0,-,-,33.86296081542969,-117.77214813232422,ORANGE,ANAHEIM,-117.77217864990234,33.86302185058594
91287425,2020,2020-08-17,9675,2020-08-11,1744,022023,NA,2,2,5,3022,0,1,1,NA,2,503,I-5 N/B,SR-55,1000,S,N,A,-,Y,NA,NA,5,NA,NA,NA,NA,NA,N,Y,4,0,2,3,A,-,03,22350,NA,N,C,C,A,A,H,-,A,D,0,NA,NA,NA,NA,Y,NA,A,01,0,0,2,0,0,0,0,0,0,-,-,33.73912811279297,-117.82917785644533,ORANGE,TUSTIN,-117.82917785644533,33.7391471862793
91287480,2020,2020-08-17,9675,2020-08-11,1405,021982,NA,2,2,6,3004,0,1,1,NA,2,405,I-405 N/B,BRISTOL ST,1500,S,N,A,-,Y,NA,NA,405,NA,NA,NA,NA,NA,N,Y,4,0,2,2,A,-,03,22350,NA,N,C,C,A,A,H,-,A,D,0,NA,NA,NA,NA,Y,NA,D,22,0,0,2,0,0,0,0,0,0,-,-,33.687538146972656,-117.88121032714844,ORANGE,COSTA MESA,-117.88121032714844,33.68750762939453
91290353,2020,2020-08-21,9675,2020-08-14,0542,019942,NA,5,3,7,3001,0,1,3,NA,2,093,SR-91 EASTBOUND,TUSTIN AVE,400,W,N,A,-,Y,NA,NA,NA,NA,NA,NA,NA,NA,NA,Y,2,0,1,1,A,-,03,22350,NA,N,F,A,A,A,A,-,A,D,0,NA,NA,Y,NA,Y,NA,C,02,1,0,0,0,0,0,0,0,1,-,-,33.643310546875,-117.98905181884766,ORANGE,ANAHEIM,-117.83924865722656,33.851322174072266
91290544,2020,2020-08-21,9675,2020-08-19,1721,020545,NA,3,2,7,3019,0,1,1,NA,2,502,I-5 NORTHBOUND,LINCOLN AVE,200,N,N,A,-,Y,NA,NA,5,NA,NA,NA,NA,NA,N,Y,4,0,1,2,A,-,03,22350,NA,N,C,C,A,A,H,-,A,D,0,NA,NA,NA,NA,Y,NA,A,01,0,0,1,0,0,0,0,0,0,-,-,33.75727844238281,-117.85678863525392,ORANGE,SANTA ANA,-117.85679626464844,33.75727462768555
91291794,2020,2020-08-25,9670,2020-08-18,1115,018516,NA,2,1,3,3006,0,1,3,NA,2,091,SR-91 W/B,WALKER STREET,400,E,N,A,-,Y,NA,NA,91,NA,NA,NA,NA,NA,W,N,4,0,3,4,A,-,03,22350,NA,F,C,C,A,A,H,-,A,D,0,NA,NA,NA,NA,Y,NA,D,22,0,0,3,0,0,0,0,0,0,-,-,33.859901428222656,-118.03621673583984,ORANGE,LA PALMA,-118.03623199462892,33.85987091064453
91292926,2020,2020-08-26,9675,2020-08-22,2105,021874,NA,6,2,7,3001,0,1,3,NA,2,093,SR-91 EASTBOUND,WEIR CYN RD,2500,E,N,A,-,Y,NA,NA,NA,NA,NA,NA,NA,NA,NA,N,4,0,1,2,A,-,03,22350,NA,N,C,C,A,A,H,-,D,D,0,NA,NA,NA,NA,Y,NA,A,01,0,0,1,0,0,0,0,0,0,-,-,33.521400451660156,-117.4489974975586,ORANGE,ANAHEIM,-117.73647308349608,33.870784759521484
91293635,2020,2020-08-27,9670,2020-08-14,0634,019420,NA,5,1,5,3024,0,1,1,NA,2,043,I-405 S/B (SAN DIEGO FWY),BOLSA CHICA RD,1350,S,N,A,-,Y,NA,NA,405,NA,NA,NA,NA,NA,S,Y,3,0,2,2,A,-,07,21658,A,F,B,C,A,A,H,-,A,D,0,NA,NA,NA,Y,Y,NA,A,01,0,1,1,0,0,0,0,0,0,-,-,33.77064895629883,-118.0361785888672,ORANGE,WESTMINSTER,-118.0361328125,33.77070617675781
91296151,2020,2020-08-31,9675,2020-08-23,0445,020694,NA,7,3,6,3026,0,1,1,NA,2,504,INTERTSTATE 5 N/B TO INTERSTATE 405 N/B,BAKE PARKWAY,1545,N,N,B,-,Y,NA,NA,5,NA,NA,NA,R,NA,N,Y,2,0,2,1,A,-,08,22107,NA,N,E,I,A,A,H,-,C,D,0,NA,NA,NA,NA,Y,NA,A,07,1,1,0,0,0,0,0,0,0,-,-,33.643638610839844,-117.73332214355467,ORANGE,IRVINE,-117.73332214355467,33.643638610839844
91299041,2020,2020-09-04,9675,2020-09-02,1711,018985,NA,3,2,6,3004,0,1,1,NA,2,405,I-405 N/B,HARBOR BLVD,1500,N,N,A,-,Y,NA,NA,405,NA,NA,NA,NA,NA,N,Y,4,0,1,4,A,-,03,22350,NA,N,C,C,A,A,H,-,A,D,0,NA,NA,NA,NA,Y,NA,D,22,0,0,1,0,0,0,0,0,0,-,-,33.69131851196289,-117.92446136474608,ORANGE,COSTA MESA,-117.92442321777344,33.69141387939453
91302123,2020,2020-09-10,9675,2020-09-03,1245,016589,NA,4,1,7,3001,0,1,3,NA,2,093,SR-91 EASTBOUND,LAKEVIEW AVE,830,W,N,A,-,Y,NA,NA,91,NA,NA,NA,NA,NA,E,Y,4,0,2,2,A,-,03,22350,NA,N,C,C,A,A,H,-,A,D,0,NA,NA,NA,NA,Y,NA,A,01,0,0,2,0,0,0,0,0,0,-,-,33.8490104675293,-117.81623840332033,ORANGE,ANAHEIM,-117.81629180908205,33.84907531738281
91302519,2020,2020-09-10,9675,2020-09-05,1559,022038,NA,6,2,7,3001,0,1,3,NA,2,094,SR-91 E/B (RIVERSIDE FWY),WEIR CYN RD,2000,W,N,A,-,Y,NA,NA,91,NA,NA,NA,NA,NA,E,N,4,0,1,3,A,-,03,22350,NA,M,C,C,A,A,H,-,A,D,0,NA,NA,NA,NA,Y,NA,A,07,0,0,1,0,0,0,0,0,0,-,-,33.86922836303711,-117.75137329101563,ORANGE,ANAHEIM,-117.75137329101563,33.869266510009766
9130358,2020,2020-11-13,3026,2020-07-07,1545,555,PORTO,2,5,6,3026,0,0,0,NA,0,009,ALTON PKWY,JERONIMO RD,850,S,N,A,-,N,NA,NA,NA,NA,NA,NA,NA,NA,NA,Y,3,0,1,1,A,-,03,22350,NA,N,E,I,A,A,H,-,A,D,0,NA,NA,NA,NA,Y,NA,A,07,0,1,0,0,0,0,0,0,0,-,-,33.649330139160156,-117.71961212158205,ORANGE,IRVINE,-117.72181701660156,33.64950180053711
91305963,2020,2020-09-16,9675,2020-09-04,1233,016589,NA,5,1,7,3001,0,1,3,NA,2,093,SR-91 W/B TO SR-55 S/B,LAKEVIEW AVE,3500,W,N,A,-,Y,NA,NA,91,NA,NA,NA,R,NA,W,Y,4,0,1,3,A,-,08,22107,NA,N,E,I,A,A,H,-,A,D,0,NA,NA,NA,Y,Y,NA,A,01,0,0,1,0,0,0,0,0,0,-,-,33.845340728759766,-117.8239974975586,ORANGE,ANAHEIM,-117.8239974975586,33.845340728759766
91307929,2020,2020-09-21,9670,2020-09-15,0855,018664,NA,2,1,7,3001,0,1,3,NA,2,094,SR-91 E/B,STATE COLLEGE BLVD,1500,W,N,A,-,Y,NA,NA,91,NA,NA,NA,NA,NA,E,N,4,0,1,3,A,-,03,22350,NA,N,C,C,A,A,H,-,A,D,0,NA,NA,NA,NA,Y,NA,A,07,0,0,1,0,0,0,0,0,0,-,-,33.85395812988281,-117.8911590576172,ORANGE,ANAHEIM,-117.8911590576172,33.85411071777344
9130927,2020,2020-10-03,3000,2020-07-22,2020,5013,951J2,3,5,5,3040,0,0,0,NA,0,743,CROWN VALLEY PKWY,GOLDEN LANTERN,234,W,N,A,-,N,NA,NA,NA,NA,NA,NA,NA,NA,NA,Y,4,0,1,3,A,-,03,22350,NA,N,C,C,A,A,H,-,C,A,0,NA,NA,NA,NA,Y,NA,A,01,0,0,1,0,0,0,0,0,0,-,-,NA,NA,ORANGE,LAGUNA NIGUEL,-117.69252777099608,33.54252624511719
91313354,2020,2020-09-28,9690,2020-09-26,1407,021875,NA,6,2,4,3045,0,1,1,NA,2,055,I-5 S/B (SAN DIEGO FRWY),LAKE FOREST DR,2640,S,N,A,-,Y,NA,NA,5,NA,NA,NA,NA,NA,S,N,4,0,1,2,A,-,03,22350,NA,N,C,C,A,A,H,-,A,C,0,NA,NA,NA,NA,Y,NA,A,01,0,0,1,0,0,0,0,0,0,-,-,33.6208381652832,-117.7138671875,ORANGE,LAGUNA HILLS,-117.71388244628906,33.62083053588867
91313533,2020,2020-09-28,9675,2020-09-21,1603,021377,NA,1,2,7,3001,0,1,3,NA,2,094,SR-91 EASTBOUND,IMPERIAL HIGHWAY,5280,E,N,A,-,Y,NA,NA,91,NA,NA,NA,NA,NA,E,Y,4,0,2,3,A,-,03,22350,NA,N,C,C,A,A,H,-,A,D,0,NA,NA,NA,NA,Y,NA,A,01,0,0,2,0,0,0,0,0,0,-,-,33.86333084106445,-117.77091217041016,ORANGE,ANAHEIM,-117.77090454101563,33.86332321166992
91315209,2020,2020-09-30,9675,2020-09-24,1310,018834,NA,4,1,5,3022,0,1,3,NA,2,551,SR-55 SOUTHBOUND,4TH ST,2000,N,N,A,-,Y,NA,NA,55,NA,NA,NA,NA,NA,S,Y,4,0,2,3,A,-,03,22350,NA,N,C,C,A,A,H,-,A,D,0,NA,NA,NA,NA,Y,NA,A,01,0,0,2,0,0,0,0,0,0,-,-,33.75389099121094,-117.8318099975586,ORANGE,TUSTIN,-117.83172607421876,33.753883361816406
9131618,2020,2020-09-29,3010,2020-07-15,1655,1015,147,3,5,6,3010,0,0,0,NA,0,009,GRAHAM ST,RESEARCH,201,S,N,A,-,N,NA,NA,NA,NA,NA,NA,NA,NA,NA,Y,4,0,1,1,A,-,01,23152,A,N,E,I,A,A,H,-,A,D,0,NA,NA,NA,NA,Y,Y,A,07,0,0,1,0,0,0,0,0,0,-,-,NA,NA,ORANGE,HUNTINGTON BEACH,-118.0327606201172,33.73353958129883
91317688,2020,2020-10-05,9675,2020-09-26,0540,021397,NA,6,3,6,3015,0,1,3,NA,2,572,SR-57 NORTHBOUND,CHAPMAN AVE,361,S,N,A,-,Y,NA,NA,57,NA,NA,NA,NA,NA,N,Y,3,0,3,3,A,-,02,22400,A,N,C,C,A,A,H,-,D,D,0,NA,NA,Y,NA,Y,NA,C,02,0,1,2,0,0,0,0,0,1,-,-,33.78651809692383,-117.87973785400392,ORANGE,ORANGE,-117.87982940673828,33.786502838134766
9131826,2020,2020-10-13,3008,2020-07-04,2130,1505,ZONE1,6,5,6,3008,0,0,0,NA,0,NA,EUCLID ST,COUNTRY HILLS DR,86,W,N,B,-,N,NA,NA,NA,NA,NA,NA,NA,NA,NA,Y,3,0,1,1,A,-,08,22107,NA,N,E,I,A,A,H,-,A,D,0,NA,NA,NA,NA,Y,NA,A,01,0,1,0,0,0,0,0,0,0,-,-,NA,NA,ORANGE,FULLERTON,-117.94811248779295,33.9091796875
91320335,2020,2020-10-08,9675,2020-10-07,1604,018985,NA,3,2,6,3026,0,1,3,NA,2,074,SR-73 N/B,NEWPORT COAST DR,2500,S,N,A,-,Y,NA,NA,73,NA,NA,NA,NA,NA,N,Y,3,0,1,1,C,-,18,NA,NA,N,F,A,A,A,H,-,A,D,0,NA,NA,NA,NA,Y,NA,-,-,0,1,0,0,0,0,0,0,0,-,-,33.61909866333008,-117.82074737548828,ORANGE,IRVINE,-117.82061004638672,33.619205474853516
91320661,2020,2020-10-09,9670,2020-10-01,0845,019502,NA,4,1,5,3007,0,1,1,NA,2,041,I-405 S/B,BROOKHURST ST,200,N,N,A,-,Y,NA,NA,405,NA,NA,NA,NA,NA,S,Y,4,0,1,6,A,-,03,22350,NA,F,C,C,A,A,D,-,A,D,0,NA,NA,NA,NA,Y,NA,-,99,0,0,1,0,0,0,0,0,0,-,-,33.705970764160156,-117.95539093017578,ORANGE,FOUNTAIN VALLEY,-117.95539093017578,33.705970764160156
91320690,2020,2020-10-09,9690,2020-10-02,1610,020364,NA,5,2,5,3050,0,1,1,NA,2,055,I-5 S/B (SAN DIEGO FRWY),EL TORO RD,1426,N,N,A,-,Y,NA,NA,5,NA,NA,NA,NA,NA,S,Y,3,0,1,2,A,-,08,22107,NA,N,B,C,A,A,H,-,A,D,0,NA,NA,Y,NA,Y,NA,D,22,0,1,0,0,0,0,0,0,1,-,-,33.61772918701172,-117.71092987060548,ORANGE,LAKE FOREST,-117.71100616455078,33.61765670776367
91321448,2020,2020-10-12,9675,2020-10-02,1935,020923,NA,5,2,6,3004,0,1,1,NA,2,405,I-405 S/B,BEAR ST,50,S,N,A,-,Y,NA,NA,405,NA,NA,NA,NA,NA,S,Y,4,0,1,3,A,-,03,22350,NA,N,C,C,A,A,H,-,C,D,0,NA,NA,NA,NA,Y,NA,A,01,0,0,1,0,0,0,0,0,0,-,-,33.68730926513672,-117.89176940917967,ORANGE,COSTA MESA,-117.89176940917967,33.68736267089844
91322738,2020,2020-10-13,9675,2020-10-09,1630,022038,NA,5,2,5,3022,0,1,1,NA,2,503,I-5 N/B (SANTA ANA FWY),SR-55 NORTHBOUND,1050,S,N,A,-,Y,NA,NA,5,NA,NA,NA,NA,NA,N,N,4,0,1,2,A,-,03,22350,NA,N,C,C,A,A,H,-,A,D,0,NA,NA,NA,NA,Y,NA,D,22,0,0,1,0,0,0,0,0,0,-,-,33.739498138427734,-117.83039093017578,ORANGE,TUSTIN,-117.8303680419922,33.73955535888672
91323728,2020,2020-10-14,9675,2020-10-13,0645,016299,NA,2,1,7,3001,0,1,3,NA,2,094,STATE ROUTE 91 EASTBOUND,WEIR CANYON ROAD,3168,W,N,A,-,Y,NA,NA,91,NA,NA,NA,NA,NA,E,Y,4,0,2,3,A,-,03,22350,NA,N,C,C,A,A,H,-,A,D,0,NA,NA,NA,NA,Y,NA,A,07,0,0,2,0,0,0,0,0,0,-,-,33.868751525878906,-117.75537109375,ORANGE,ANAHEIM,-117.75538635253906,33.8689079284668
91325975,2020,2020-10-19,9670,2020-10-16,1845,021207,NA,5,2,6,3009,0,1,3,NA,2,023,SR-22 W/B,MAGNOLIA ST,528,E,N,A,-,Y,NA,NA,22,NA,NA,NA,NA,NA,W,Y,4,0,2,2,A,-,07,21658,A,N,B,C,A,A,H,-,C,D,0,NA,NA,NA,NA,Y,NA,A,01,0,0,2,0,0,0,0,0,0,-,-,33.76594924926758,-117.96881866455078,ORANGE,GARDEN GROVE,-117.96881866455078,33.765926361083984
9133058,2020,2020-11-30,3003,2020-07-13,1444,652,NA,1,5,5,3003,0,0,0,NA,0,NA,BEACH BL,COMMONWEALTH AV,0,NA,Y,A,-,Y,ORA,12,39,-,-,15.331,I,5,S,N,4,0,2,2,A,-,12,21453,A,N,D,C,A,A,H,-,A,A,0,NA,NA,NA,NA,Y,NA,A,07,0,0,2,0,0,0,0,0,0,-,-,33.86989974975586,-117.99829864501952,ORANGE,BUENA PARK,-117.99828338623048,33.8699836730957
91331194,2020,2020-10-26,9675,2020-10-17,1455,021438,NA,6,2,6,3015,0,1,3,NA,2,551,SR-55 N/B,LA VETA AVE,450,N,N,A,-,Y,NA,NA,55,NA,NA,NA,NA,NA,N,Y,4,0,2,4,A,-,03,22350,NA,N,C,C,A,A,H,-,A,D,0,NA,NA,NA,NA,Y,NA,A,01,0,0,2,0,0,0,0,0,0,-,-,33.782100677490234,-117.83099365234376,ORANGE,ORANGE,-117.8309326171875,33.782100677490234
91332042,2020,2020-10-27,9675,2020-10-19,1619,018985,NA,1,2,6,3004,0,1,3,NA,2,553,SR-55 N/B,PAULARINO AVE,150,N,N,A,-,Y,NA,NA,55,NA,NA,NA,NA,NA,N,Y,4,0,1,4,A,-,03,22350,NA,N,C,C,A,A,H,-,A,D,0,NA,NA,NA,NA,Y,NA,D,22,0,0,1,0,0,0,0,0,0,-,-,33.682491302490234,-117.87667846679688,ORANGE,COSTA MESA,-117.87680816650392,33.6826057434082
91332436,2020,2020-10-27,9675,2020-10-20,1720,018102,NA,2,2,9,3000,0,2,4,NA,2,035,MAPLE SPRINGS TRUCK TRAIL,HALFWAY ROAD,21120,E,N,A,-,N,NA,NA,NA,NA,NA,NA,NA,NA,NA,Y,3,0,1,1,A,-,08,22107,NA,N,E,I,A,A,H,-,A,D,0,NA,NA,NA,NA,Y,NA,A,07,0,1,0,0,0,0,0,0,0,-,-,33.74637985229492,-117.54369354248048,ORANGE,UNINCORPORATED,NA,NA
9133435,2020,2020-09-14,3000,2020-06-30,1338,1916,891J5,2,5,5,3050,0,0,0,NA,0,764,EL TORO RD,2ND ST,0,NA,Y,A,-,N,NA,NA,NA,NA,NA,NA,NA,NA,NA,Y,3,0,2,3,D,-,00,NA,NA,N,D,C,A,A,H,-,A,D,0,NA,NA,NA,NA,Y,NA,-,-,0,1,1,0,0,0,0,0,0,-,-,NA,NA,ORANGE,LAKE FOREST,-117.68892669677734,33.62976837158203