CASE_ID,ACCIDENT_YEAR,PROC_DATE,JURIS,COLLISION_DATE,COLLISION_TIME,OFFICER_ID,REPORTING_DISTRICT,DAY_OF_WEEK,CHP_SHIFT,POPULATION,CNTY_CITY_LOC,SPECIAL_COND,BEAT_TYPE,CHP_BEAT_TYPE,CITY_DIVISION_LAPD,CHP_BEAT_CLASS,BEAT_NUMBER,PRIMARY_RD,SECONDARY_RD,DISTANCE,DIRECTION,INTERSECTION,WEATHER_1,WEATHER_2,STATE_HWY_IND,CALTRANS_COUNTY,CALTRANS_DISTRICT,STATE_ROUTE,ROUTE_SUFFIX,POSTMILE_PREFIX,POSTMILE,LOCATION_TYPE,RAMP_INTERSECTION,SIDE_OF_HWY,TOW_AWAY,COLLISION_SEVERITY,NUMBER_KILLED,NUMBER_INJURED,PARTY_COUNT,PRIMARY_COLL_FACTOR,PCF_CODE_OF_VIOL,PCF_VIOL_CATEGORY,PCF_VIOLATION,PCF_VIOL_SUBSECTION,HIT_AND_RUN,TYPE_OF_COLLISION,MVIW,PED_ACTION,ROAD_SURFACE,ROAD_COND_1,ROAD_COND_2,LIGHTING,CONTROL_DEVICE,CHP_ROAD_TYPE,PEDESTRIAN_ACCIDENT,BICYCLE_ACCIDENT,MOTORCYCLE_ACCIDENT,TRUCK_ACCIDENT,NOT_PRIVATE_PROPERTY,ALCOHOL_INVOLVED,STWD_VEHTYPE_AT_FAULT,CHP_VEHTYPE_AT_FAULT,COUNT_SEVERE_INJ,COUNT_VISIBLE_INJ,COUNT_COMPLAINT_PAIN,COUNT_PED_KILLED,COUNT_PED_INJURED,COUNT_BICYCLIST_KILLED,COUNT_BICYCLIST_INJURED,COUNT_MC_KILLED,COUNT_MC_INJURED,PRIMARY_RAMP,SECONDARY_RAMP,LATITUDE,LONGITUDE,COUNTY,CITY,POINT_X,POINT_Y
91887576,2022,2022-10-11,9675,2022-09-30,2045,021834,NA,5,2,9,3000,0,2,4,NA,2,035,SILVERADO CANYON ROAD,SANTIAGO CANYON ROAD,5808,E,N,A,-,N,NA,NA,NA,NA,NA,NA,NA,NA,NA,N,2,0,1,1,A,-,03,22350,NA,N,E,I,A,A,H,-,D,D,0,NA,NA,NA,NA,Y,Y,D,22,1,0,0,0,0,0,0,0,0,-,-,33.74443054199219,-117.65679931640624,ORANGE,UNINCORPORATED,-117.67305755615234,33.74821853637695
91889212,2022,2022-10-13,9675,2022-10-03,0950,019979,NA,1,1,7,3019,0,1,1,NA,2,502,I-5 SOUTHBOUND,GRAND AVE.,300,N,N,A,-,Y,ORA,NA,5,NA,NA,31.993,H,NA,L,N,4,0,1,2,A,-,03,22350,NA,N,C,C,A,A,H,-,A,D,0,NA,NA,NA,NA,Y,NA,A,07,0,0,1,0,0,0,0,0,0,-,-,33.756080627441406,-117.8550262451172,ORANGE,SANTA ANA,-117.85505676269533,33.756038665771484
91890409,2022,2022-10-14,9675,2022-10-06,1425,018985,NA,4,2,6,3026,0,1,1,NA,2,406,I-405 N/B,JAMBOREE RD.,1000,N,N,A,-,Y,ORA,NA,405,NA,NA,7.1,H,NA,R,Y,4,0,1,3,A,-,07,21658,A,F,B,C,A,A,H,-,A,D,0,NA,NA,NA,NA,Y,NA,-,99,0,0,1,0,0,0,0,0,0,-,-,33.678260803222656,-117.84619903564452,ORANGE,IRVINE,-117.84627532958984,33.67814254760742
91893937,2022,2022-10-19,9675,2022-10-09,1130,019979,NA,7,1,9,3000,0,2,4,NA,2,020,NEWPORT AVE,FOOTHILL BLVD.,0,NA,Y,A,-,N,NA,NA,NA,NA,NA,NA,NA,NA,NA,N,3,0,3,2,A,-,03,22350,NA,N,D,C,A,A,H,-,A,D,0,NA,NA,NA,NA,Y,NA,A,01,0,1,2,0,0,0,0,0,0,-,-,33.76673889160156,-117.79515838623048,ORANGE,UNINCORPORATED,-117.79519653320313,33.76675796508789
91895306,2022,2022-10-20,9675,2022-10-12,1740,018102,NA,3,2,6,3026,0,1,1,NA,2,503,I-5 NORTHBOUND,JEFFREY ROAD,200,N,N,A,-,Y,ORA,NA,5,NA,R,25.01,H,NA,L,N,4,0,1,2,A,-,03,22350,NA,N,C,C,A,A,H,-,A,D,0,NA,NA,NA,NA,Y,NA,A,01,0,0,1,0,0,0,0,0,0,-,-,33.69004821777344,-117.7688217163086,ORANGE,IRVINE,-117.76869201660156,33.69010925292969
91898426,2022,2022-10-25,9675,2022-09-28,1305,019394,NA,3,1,7,3001,0,1,3,NA,2,572,SR-57 SOUTHBOUND,KATELLA AVE.,730,S,N,A,-,Y,ORA,NA,57,NA,NA,12.4,H,NA,L,Y,3,0,1,5,A,-,08,22107,NA,F,B,C,F,A,H,-,A,D,0,Y,NA,NA,Y,Y,NA,A,01,0,1,0,0,1,0,0,0,0,-,-,33.80397033691406,-117.88021087646484,ORANGE,ANAHEIM,-117.88014221191406,33.80398178100586
91899537,2022,2022-10-26,9675,2022-09-16,1930,020694,NA,5,2,4,3002,0,1,3,NA,2,570,SR-57 NORTHBOUND,LAMBERT ROAD,150,N,N,A,-,Y,ORA,NA,57,NA,NA,20.94,H,NA,R,N,3,0,1,3,A,-,07,21658,A,F,C,C,A,A,H,-,B,D,0,NA,NA,NA,NA,Y,NA,A,07,0,1,0,0,0,0,0,0,0,-,-,33.92586898803711,-117.88011932373048,ORANGE,BREA,-117.88005065917967,33.92586898803711
91899918,2022,2022-10-26,9690,2022-10-21,1400,020038,NA,5,2,9,3000,0,1,3,NA,1,074,SR-74 (ORTEGA HWY),GIBBY RD,18480,E,N,A,-,Y,ORA,NA,74,NA,NA,8.776,H,NA,R,Y,4,0,1,1,A,-,08,22107,NA,N,E,I,A,A,H,-,A,D,0,NA,NA,NA,NA,Y,NA,D,22,0,0,1,0,0,0,0,0,0,-,-,33.550758361816406,-117.54891204833984,ORANGE,UNINCORPORATED,-117.54895782470705,33.550758361816406
91903860,2022,2022-10-28,9675,2022-10-18,1829,019527,NA,2,2,7,3001,0,1,3,NA,2,095,SR-91 E/B,GYPSUM CANYON RD,2100,W,N,A,-,Y,ORA,NA,91,NA,R,16.015,H,NA,R,Y,2,0,2,2,A,-,03,22350,NA,N,C,C,A,A,H,-,C,D,0,NA,NA,Y,NA,Y,NA,C,02,1,0,1,0,0,0,0,0,1,-,-,33.866451263427734,-117.71840667724608,ORANGE,ANAHEIM,-117.71841430664063,33.866432189941406
91903874,2022,2022-10-28,9675,2022-10-19,1920,019527,NA,3,2,7,3001,0,1,3,NA,2,094,SR-91 E/B,IMPERIAL HWY,3000,E,N,A,-,Y,ORA,NA,91,NA,R,12.112,H,NA,R,Y,4,0,4,3,A,-,03,22350,NA,N,C,C,A,A,H,-,A,D,0,NA,NA,NA,NA,Y,NA,A,01,0,0,4,0,0,0,0,0,0,-,-,33.858070373535156,-117.78163146972656,ORANGE,ANAHEIM,-117.78166198730467,33.85811233520508
91905552,2022,2022-10-31,9690,2022-10-28,1007,016638,NA,5,1,9,3000,0,3,5,NA,2,005,TIPU RUN,RIVER ROCK ROAD,115,S,N,A,-,N,NA,NA,NA,NA,NA,NA,NA,NA,NA,N,3,0,1,1,A,-,08,22107,NA,N,A,I,A,A,H,-,A,D,0,NA,NA,NA,NA,Y,Y,A,07,0,1,0,0,0,0,0,0,0,-,-,33.56953811645508,-117.58206939697266,ORANGE,UNINCORPORATED,-117.58195495605467,33.569480895996094
91911508,2022,2022-11-07,9675,2022-03-13,1657,020699,NA,7,2,9,3000,0,1,3,NA,2,242,STATE ROUTE 241 NORTHBOUND TO STATE ROUTE 133 SOUT,STATE ROUTE 241 NORTHBOUND,86.9,S,N,A,-,Y,ORA,NA,241,NA,NA,26.851,H,NA,R,N,1,1,0,1,A,-,01,23152,A,N,E,8,A,A,H,-,A,D,0,NA,NA,Y,NA,Y,Y,C,02,0,0,0,0,0,0,0,1,0,-,-,33.71070098876953,-117.7191162109375,ORANGE,UNINCORPORATED,-117.71935272216795,33.71061325073242
9191662,2020,2021-01-29,3000,2020-11-07,0842,5013,951H1,6,5,5,3040,0,0,0,NA,0,741,RANCHO NIGUEL RD,LA PADILLA,0,NA,Y,C,-,N,NA,NA,NA,NA,NA,NA,NA,NA,NA,Y,3,0,2,2,A,-,05,21650,NA,N,D,C,A,B,H,-,A,A,0,NA,NA,NA,NA,Y,NA,A,01,0,1,1,0,0,0,0,0,0,-,-,NA,NA,ORANGE,LAGUNA NIGUEL,-117.69345855712892,33.55234146118164
91917055,2022,2022-11-14,9670,2022-11-04,1900,020809,NA,5,2,7,3001,0,1,3,NA,2,094,STATE ROUTE 91 EASTBOUND,RAYMOND AVENUE,1584,E,N,A,-,Y,ORA,NA,91,NA,NA,4.585,H,NA,R,N,4,0,1,2,A,-,03,22350,NA,N,C,C,A,A,H,-,C,D,0,NA,NA,NA,NA,Y,NA,A,01,0,0,1,0,0,0,0,0,0,-,-,33.85380935668945,-117.9011688232422,ORANGE,ANAHEIM,-117.9011688232422,33.85378646850586
9191730,2020,2021-02-01,3015,2020-11-24,1720,1515,RD27,2,5,6,3015,0,0,0,NA,0,732M,ORANGE OLIVE RD,MEATS AV,252,N,N,A,-,N,NA,NA,NA,NA,NA,NA,NA,NA,NA,Y,3,0,1,3,A,-,03,22350,NA,N,C,E,A,A,H,-,C,D,0,NA,NA,NA,NA,Y,NA,A,01,0,1,0,0,0,0,0,0,0,-,-,33.823001861572266,-117.8507080078125,ORANGE,ORANGE,-117.85052490234376,33.823646545410156
91918413,2022,2022-11-15,9675,2022-11-04,1754,021633,NA,5,2,6,3008,0,1,3,NA,2,570,SR-57 NORTHBOUND,IMPERIAL HWY.,485,S,N,A,-,Y,ORA,NA,57,NA,NA,19.759,H,NA,R,Y,4,0,1,2,A,-,03,22350,NA,N,C,C,A,A,H,-,B,D,0,NA,NA,NA,NA,Y,NA,D,22,0,0,1,0,0,0,0,0,0,-,-,33.90932846069336,-117.88313293457033,ORANGE,FULLERTON,-117.88304901123048,33.90935516357422
9191867,2020,2021-01-26,3004,2020-11-05,1913,P549,02,4,5,6,3004,0,0,0,NA,0,015,WEST 17TH ST,POMONA AV,792,E,N,B,-,N,NA,NA,NA,NA,NA,NA,NA,NA,NA,Y,3,0,3,2,A,-,09,21804,A,N,D,C,A,A,H,-,C,D,0,NA,NA,NA,NA,Y,NA,A,07,0,2,1,0,0,0,0,0,0,-,-,33.636199951171875,-117.92489624023438,ORANGE,COSTA MESA,-117.9250030517578,33.636192321777344
91919454,2022,2022-11-16,9675,2022-11-06,1730,021691,NA,7,2,7,3019,0,1,3,NA,2,222,SR-22 EASTBOUND,BRISTOL ST,50,W,N,A,-,Y,ORA,NA,22,NA,R,10.016,H,NA,R,Y,4,0,1,2,A,-,03,22350,NA,N,C,C,A,A,H,-,C,D,0,NA,NA,NA,NA,Y,NA,A,07,0,0,1,0,0,0,0,0,0,-,-,33.7788200378418,-117.88430786132813,ORANGE,SANTA ANA,-117.88430786132813,33.778907775878906
9192021,2020,2021-01-07,3012,2020-11-11,1813,667,45,3,5,5,3012,0,0,0,NA,0,004,EUCLID ST,IMPERIAL HWY,0,NA,Y,A,-,Y,ORA,12,90,-,-,1.74,H,-,E,N,4,0,2,3,A,-,03,22350,NA,N,C,C,A,A,H,-,C,A,0,NA,NA,NA,NA,Y,NA,A,01,0,0,2,0,0,0,0,0,0,-,-,NA,NA,ORANGE,LA HABRA,-117.94647216796876,33.91727066040039
91921148,2022,2022-11-18,9675,2022-11-06,1823,021716,NA,7,2,7,3019,0,1,1,NA,2,503,I-5 SOUTHBOUND,1ST ST.,1450,S,N,A,-,Y,ORA,NA,5,NA,NA,30.599,H,NA,L,Y,4,0,1,4,A,-,03,22350,NA,N,C,C,A,A,H,-,C,D,0,NA,NA,NA,NA,Y,NA,A,01,0,0,1,0,0,0,0,0,0,-,-,33.74253845214844,-117.83924865722656,ORANGE,SANTA ANA,-117.83927154541016,33.74250030517578
91921629,2022,2022-11-18,9675,2022-11-08,0855,017773,NA,2,1,6,3026,0,1,1,NA,2,504,I-5 N/B,LAKE FOREST DR,100,N,N,B,C,Y,ORA,NA,5,NA,NA,19.912,H,NA,R,Y,4,0,1,2,A,-,03,22350,NA,N,D,C,A,B,H,-,A,D,0,NA,NA,NA,NA,Y,NA,A,01,0,0,1,0,0,0,0,0,0,-,-,33.6285400390625,-117.72054290771484,ORANGE,IRVINE,-117.72052001953124,33.6285514831543
91922867,2022,2022-11-21,9690,2022-11-17,0934,012712,NA,4,1,5,3017,0,1,1,NA,2,059,I-5 S/B (SAN DIEGO FRWY) TO EL CAMINO REAL,EL CAMINO REAL,60,N,N,A,-,Y,NA,NA,NA,NA,NA,NA,NA,NA,NA,N,3,0,1,2,A,-,01,23152,A,M,C,C,A,A,H,-,A,D,0,NA,NA,NA,NA,Y,Y,D,22,0,1,0,0,0,0,0,0,0,-,-,33.4192008972168,-117.60601043701172,ORANGE,SAN CLEMENTE,-117.60601043701172,33.4192008972168
91923944,2022,2022-11-22,9675,2022-11-11,2130,022103,NA,5,2,6,3026,0,1,1,NA,2,406,I-405 SOUTHBOUND,JAMBOREE RD.,1056,N,N,A,-,Y,ORA,NA,405,NA,NA,7.305,H,NA,L,Y,4,0,1,2,A,-,03,22350,NA,N,C,C,A,A,H,-,A,D,0,NA,NA,NA,NA,Y,NA,A,01,0,0,1,0,0,0,0,0,0,-,-,33.67927169799805,-117.84963989257813,ORANGE,IRVINE,-117.84961700439452,33.6793098449707
91924301,2022,2022-11-22,9675,2022-11-15,0653,017998,NA,2,1,7,3019,0,1,3,NA,2,551,SR-55 SOUTHBOUND,4TH ST,528,N,N,A,-,Y,ORA,NA,55,NA,NA,11.141,H,NA,L,Y,4,0,1,2,A,-,03,22350,NA,N,C,C,A,A,H,-,A,D,0,NA,NA,NA,NA,Y,NA,A,01,0,0,1,0,0,0,0,0,0,-,-,33.75053024291992,-117.83196258544922,ORANGE,SANTA ANA,-117.83202362060548,33.75053405761719
91924406,2022,2022-11-22,9675,2022-11-15,0723,017773,NA,2,1,6,3026,0,1,1,NA,2,503,I-5 N/B,CULVER DR,2112,S,N,A,-,Y,ORA,NA,5,NA,R,26.214,H,NA,R,Y,4,0,1,2,A,-,03,22350,NA,N,C,C,A,A,H,-,A,D,0,NA,NA,NA,NA,Y,NA,A,08,0,0,1,0,0,0,0,0,0,-,-,33.705589294433594,-117.77839660644533,ORANGE,IRVINE,-117.77841949462892,33.70558166503906
91924686,2022,2022-11-22,9675,2022-11-10,1350,019779,NA,4,1,6,3015,0,1,3,NA,2,222,SR-22 WESTBOUND,CAMBRIDGE ST,475,W,N,A,-,Y,ORA,NA,22,NA,R,12.255,H,NA,L,N,4,0,3,7,A,-,03,22350,NA,M,C,C,A,A,H,-,A,D,0,NA,NA,NA,NA,Y,Y,A,01,0,0,3,0,0,0,0,0,0,-,-,33.775840759277344,-117.8461685180664,ORANGE,ORANGE,-117.8461456298828,33.77578353881836
91927191,2022,2022-11-28,9675,2022-11-14,1900,022993,NA,1,2,6,3004,0,1,1,NA,2,405,I-405 SOUTHBOUND TO FAIRVIEW ROAD,FAIRVIEW ROAD,5,N,N,A,-,Y,NA,NA,NA,NA,NA,NA,NA,NA,NA,N,3,0,1,2,A,-,12,21453,A,N,D,G,A,A,H,-,C,A,0,NA,Y,NA,NA,Y,NA,A,01,0,1,0,0,0,0,1,0,0,-,-,33.687259674072266,-117.90805816650392,ORANGE,COSTA MESA,-117.90805816650392,33.687259674072266
91927721,2022,2022-11-28,9675,2022-11-23,1800,021691,NA,3,2,7,3019,0,1,3,NA,2,552,SR-55 SOUTHBOUND,WARNER AVE,2300,N,N,A,-,Y,ORA,NA,55,NA,R,8.948,H,NA,L,Y,3,0,1,2,A,-,01,23152,A,N,B,C,A,A,H,-,C,D,0,NA,NA,NA,NA,Y,Y,A,01,0,1,0,0,0,0,0,0,0,-,-,33.72060012817383,-117.83998107910156,ORANGE,SANTA ANA,-117.83997344970705,33.7205924987793
91929949,2022,2022-11-30,9675,2022-11-18,1758,018102,NA,5,2,6,3026,0,1,1,NA,2,530,I-5 SOUTHBOUND,CULVER DRIVE,1500,N,N,A,-,Y,ORA,NA,5,NA,R,26.952,H,NA,L,Y,4,0,2,3,A,-,03,22350,NA,M,C,C,A,A,H,-,C,D,0,NA,NA,NA,NA,Y,NA,A,07,0,0,2,0,0,0,0,0,0,-,-,33.71364974975586,-117.78669738769533,ORANGE,IRVINE,-117.78677368164063,33.71357345581055
91931756,2022,2022-12-01,9670,2022-11-25,1310,020523,NA,5,1,6,3009,0,1,1,NA,2,043,I-405 S/B,SR-22 E/B,650,N,N,A,-,Y,ORA,NA,405,NA,NA,21.244,H,NA,L,Y,3,0,3,4,A,-,03,22350,NA,N,C,C,A,A,D,-,A,D,0,NA,NA,NA,NA,Y,NA,A,07,0,2,1,0,0,0,0,0,0,-,-,33.774169921875,-118.05087280273438,ORANGE,GARDEN GROVE,-118.05087280273438,33.77423858642578
91932362,2022,2022-12-02,9675,2022-11-20,2300,021874,NA,7,3,6,3026,0,1,1,NA,2,504,I-5 SOUTHBOUND,ALTON PARKWAY,500,N,N,A,-,Y,ORA,NA,5,NA,NA,22.326,H,NA,L,N,4,0,3,3,A,-,03,22350,NA,N,C,C,A,A,H,-,D,D,0,NA,NA,NA,NA,Y,NA,D,22,0,0,3,0,0,0,0,0,0,-,-,33.65705108642578,-117.74519348144533,ORANGE,IRVINE,-117.74521636962892,33.65703582763672
9193267,2020,2021-01-07,3000,2020-10-13,1151,5705,891G3,2,5,5,3050,0,0,0,NA,0,6M60,LAKE FOREST DR,TOLEDO WY,0,NA,Y,A,-,N,NA,NA,NA,NA,NA,NA,NA,NA,NA,Y,4,0,1,2,A,-,12,21453,A,N,D,C,A,A,H,-,A,A,0,NA,NA,NA,NA,Y,NA,A,07,0,0,1,0,0,0,0,0,0,-,-,33.64131164550781,-117.70040893554688,ORANGE,LAKE FOREST,-117.69757843017578,33.6422119140625
9194106,2020,2021-02-05,3015,2020-12-04,1528,1386,RD32,5,5,6,3015,0,0,0,NA,0,711M,CHAPMAN AV,BATAVIA ST,0,NA,Y,A,-,N,NA,NA,NA,NA,NA,NA,NA,NA,NA,Y,3,0,2,2,A,-,12,21453,A,N,D,C,A,A,H,-,A,A,0,NA,NA,NA,NA,Y,NA,A,01,0,1,1,0,0,0,0,0,0,-,-,33.7878303527832,-117.86180114746094,ORANGE,ORANGE,-117.8618392944336,33.787879943847656
91941125,2022,2022-12-13,9675,2022-12-05,0750,018252,NA,1,1,6,3015,0,1,3,NA,2,551,SR-55 NORTHBOUND,CHAPMAN AVE,1584,S,N,A,-,Y,ORA,NA,55,NA,NA,13.374,H,NA,R,N,4,0,1,2,A,-,07,21658,A,N,B,C,A,A,H,-,A,D,0,NA,NA,NA,Y,Y,NA,-,-,0,0,1,0,0,0,0,0,0,-,-,33.78303146362305,-117.83090209960938,ORANGE,ORANGE,-117.83091735839844,33.78303146362305
91943039,2022,2022-12-15,9670,2022-12-13,1030,021459,NA,2,1,5,3007,0,1,1,NA,2,041,I-405 S/B,MAGNOLIA STREET,400,S,N,A,-,Y,ORA,NA,405,NA,NA,15.096,H,NA,L,Y,3,0,3,3,A,-,03,22350,NA,N,C,C,A,A,D,E,A,D,0,NA,NA,NA,NA,Y,NA,A,07,0,1,2,0,0,0,0,0,0,-,-,33.71870040893555,-117.9706573486328,ORANGE,FOUNTAIN VALLEY,-117.97064971923828,33.71870803833008
91945457,2022,2022-12-19,9670,2022-12-02,0850,018664,NA,5,1,9,3000,0,3,5,NA,2,005,HARBOR BOULEVARD (16300 BLOCK),SYLVAN RIVER,100,N,N,B,-,N,NA,NA,NA,NA,NA,NA,NA,NA,NA,N,3,0,1,2,A,-,08,22107,NA,F,D,G,A,A,H,-,A,D,0,NA,Y,NA,NA,Y,NA,-,-,0,1,0,0,0,0,1,0,0,-,-,33.72536087036133,-117.91983795166016,ORANGE,UNINCORPORATED,-117.91985321044922,33.7254524230957
91945656,2022,2022-12-19,9670,2022-12-10,0950,018278,NA,6,1,6,3009,0,1,3,NA,2,025,SR-22 W/B,NEWHOPE ST,70,W,N,A,-,Y,ORA,NA,22,NA,R,7.303,H,NA,L,Y,4,0,1,2,A,-,03,22350,NA,N,C,C,A,A,H,-,A,D,0,NA,NA,NA,NA,Y,NA,A,08,0,0,1,0,0,0,0,0,0,-,-,33.76628875732422,-117.92938232421876,ORANGE,GARDEN GROVE,-117.92938232421876,33.766197204589844
91949415,2022,2022-12-22,9675,2022-12-13,1732,018985,NA,2,2,6,3004,0,1,1,NA,2,405,I-405 N/B TO FAIRVIEW RD.,FAIRVIEW RD.,1500,S,N,A,-,Y,NA,NA,NA,NA,NA,NA,NA,NA,NA,Y,4,0,1,2,A,-,03,22350,NA,N,C,C,A,A,H,-,C,D,0,NA,NA,NA,NA,Y,NA,A,08,0,0,1,0,0,0,0,0,0,-,-,33.68843078613281,-117.90264892578124,ORANGE,COSTA MESA,-117.90264892578124,33.68843078613281
9195004,2020,2021-01-15,3000,2020-11-22,0030,6717,891H6,7,5,5,3050,0,0,0,NA,0,18762,LOS ALISOS BL,MUIRLANDS BL,62,W,N,A,-,N,NA,NA,NA,NA,NA,NA,NA,NA,NA,N,3,0,1,1,A,-,01,23152,A,N,E,I,A,A,H,-,C,A,0,NA,NA,NA,NA,Y,Y,A,01,0,1,0,0,0,0,0,0,0,-,-,33.37015151977539,-117.41349029541016,ORANGE,LAKE FOREST,-117.69288635253906,33.61708068847656
9195014,2020,2021-01-15,3000,2020-11-20,1155,1056,892D5,5,5,5,3028,0,0,0,NA,0,751,ALICIA PKWY,VIA AURORA,419,S,N,A,-,N,NA,NA,NA,NA,NA,NA,NA,NA,NA,Y,2,0,1,1,A,-,08,22107,NA,N,E,I,A,A,H,-,A,D,0,NA,NA,Y,NA,Y,NA,C,02,1,0,0,0,0,0,0,0,1,-,-,33.624759674072266,-117.6566162109375,ORANGE,MISSION VIEJO,-117.65679168701172,33.62492752075195
9195155,2020,2021-01-05,3022,2020-10-26,1338,1353,NA,1,5,5,3022,0,0,0,NA,0,NA,VALENCIA AV,LANSDOWNE RD,0,NA,Y,G,-,N,NA,NA,NA,NA,NA,NA,NA,NA,NA,NA,4,0,1,2,A,-,12,21453,A,N,D,C,A,A,H,-,A,A,0,NA,NA,NA,NA,Y,NA,A,01,0,0,1,0,0,0,0,0,0,-,-,33.7147216796875,-117.8292236328125,ORANGE,TUSTIN,-117.83106231689452,33.715938568115234
91957894,2022,2023-01-02,9675,2022-12-23,1720,021633,NA,5,2,7,3019,0,1,3,NA,2,552,SR-55 SOUTHBOUND,MACARTHUR BLVD.,670,N,N,A,-,Y,ORA,NA,55,NA,R,7.122,H,NA,L,Y,4,0,1,2,A,-,03,22350,NA,N,C,C,A,A,H,-,B,D,0,NA,NA,NA,NA,Y,NA,A,01,0,0,1,0,0,0,0,0,0,-,-,33.70027160644531,-117.86016082763672,ORANGE,SANTA ANA,-117.86011505126952,33.70023727416992
91958193,2022,2023-01-03,9670,2022-12-11,0745,018278,NA,7,1,6,3009,0,1,3,NA,2,025,SR-22 W/B,HARBOR BLVD.,1954,W,N,B,C,Y,ORA,NA,22,NA,R,7.466,H,NA,L,Y,4,0,3,1,A,-,03,22350,NA,N,E,I,A,B,H,-,B,D,0,NA,NA,NA,NA,Y,NA,D,22,0,0,3,0,0,0,0,0,0,-,-,33.766151428222656,-117.92678833007813,ORANGE,GARDEN GROVE,-117.92678833007813,33.766212463378906
91958423,2022,2023-01-03,9670,2022-12-30,1808,021821,NA,5,2,7,3001,0,1,1,NA,2,503,I-5 S/B,LINCOLN AVE,167,S,N,B,-,Y,ORA,NA,5,NA,NA,38.871,H,NA,L,Y,4,0,3,3,A,-,03,22350,NA,N,C,C,A,A,H,-,C,D,0,NA,NA,NA,NA,Y,NA,A,01,0,0,3,0,0,0,0,0,0,-,-,33.83184051513672,-117.9318389892578,ORANGE,ANAHEIM,-117.93184661865234,33.83183670043945
91958576,2022,2023-01-03,9675,2022-12-27,2242,021388,NA,2,3,5,3016,0,1,3,NA,2,571,SR-57 NORTHBOUND,ORANGETHORPE AVE,519,S,N,C,-,Y,ORA,NA,57,NA,NA,16.293,H,NA,R,N,4,0,1,1,A,-,03,22350,NA,N,E,I,A,B,H,-,C,D,0,NA,NA,NA,NA,Y,NA,A,01,0,0,1,0,0,0,0,0,0,-,-,33.85982131958008,-117.87638092041016,ORANGE,PLACENTIA,-117.87661743164063,33.859764099121094
91959640,2022,2023-01-04,9675,2022-12-26,1612,020699,NA,1,2,6,3026,0,1,1,NA,2,504,I-5 SOUTHBOUND,ALTON PKWY,1000,N,N,A,-,Y,ORA,NA,5,NA,NA,22.411,H,NA,L,N,4,0,2,2,A,-,03,22350,NA,N,C,C,A,A,H,-,A,D,0,NA,NA,NA,NA,Y,NA,A,01,0,0,2,0,0,0,0,0,0,-,-,33.65800857543945,-117.74607849121094,ORANGE,IRVINE,-117.74602508544922,33.65803909301758
91962782,2022,2023-01-09,9675,2022-12-29,1725,020697,NA,4,2,7,3001,0,1,3,NA,2,095,STATE ROUTE 91 EASTBOUND,WEIR CANYON ROAD,1000,E,N,B,-,Y,ORA,NA,91,NA,R,14.654,H,NA,R,N,4,0,1,2,A,-,03,22350,NA,N,C,C,A,A,H,-,A,D,0,NA,NA,NA,NA,Y,NA,A,01,0,0,1,0,0,0,0,0,0,-,-,33.87071990966797,-117.74093627929688,ORANGE,ANAHEIM,-117.7409439086914,33.870758056640625
91964537,2023,2023-01-10,9690,2023-01-01,1155,020364,NA,7,1,4,3048,0,1,3,NA,2,031,SR-241 S/B TO SANTA MARGARITA PKWY,SANTA MARGARITA PKWY,740,N,N,B,C,Y,NA,NA,NA,NA,NA,NA,NA,NA,NA,Y,4,0,1,1,A,-,03,22350,NA,N,E,I,A,B,H,-,A,D,0,NA,NA,NA,NA,Y,NA,A,01,0,0,1,0,0,0,0,0,0,-,-,33.64043045043945,-117.60375213623048,ORANGE,RANCHO SANTA MARGARITA,-117.60375213623048,33.64043045043945
91965786,2023,2023-01-11,9670,2023-01-09,2020,021459,NA,1,2,7,3001,0,1,3,NA,2,093,SR-91 W/B,STATE COLLEGE BLVD,1584,W,N,C,-,Y,ORA,NA,91,NA,NA,4.921,H,NA,L,N,4,0,3,1,A,-,07,21658,A,N,E,I,A,B,H,-,C,D,0,NA,NA,NA,NA,Y,NA,D,22,0,0,3,0,0,0,0,0,0,-,-,33.854251861572266,-117.89536285400392,ORANGE,ANAHEIM,-117.89534759521484,33.85409927368164