CASE_ID,ACCIDENT_YEAR,PROC_DATE,JURIS,COLLISION_DATE,COLLISION_TIME,OFFICER_ID,REPORTING_DISTRICT,DAY_OF_WEEK,CHP_SHIFT,POPULATION,CNTY_CITY_LOC,SPECIAL_COND,BEAT_TYPE,CHP_BEAT_TYPE,CITY_DIVISION_LAPD,CHP_BEAT_CLASS,BEAT_NUMBER,PRIMARY_RD,SECONDARY_RD,DISTANCE,DIRECTION,INTERSECTION,WEATHER_1,WEATHER_2,STATE_HWY_IND,CALTRANS_COUNTY,CALTRANS_DISTRICT,STATE_ROUTE,ROUTE_SUFFIX,POSTMILE_PREFIX,POSTMILE,LOCATION_TYPE,RAMP_INTERSECTION,SIDE_OF_HWY,TOW_AWAY,COLLISION_SEVERITY,NUMBER_KILLED,NUMBER_INJURED,PARTY_COUNT,PRIMARY_COLL_FACTOR,PCF_CODE_OF_VIOL,PCF_VIOL_CATEGORY,PCF_VIOLATION,PCF_VIOL_SUBSECTION,HIT_AND_RUN,TYPE_OF_COLLISION,MVIW,PED_ACTION,ROAD_SURFACE,ROAD_COND_1,ROAD_COND_2,LIGHTING,CONTROL_DEVICE,CHP_ROAD_TYPE,PEDESTRIAN_ACCIDENT,BICYCLE_ACCIDENT,MOTORCYCLE_ACCIDENT,TRUCK_ACCIDENT,NOT_PRIVATE_PROPERTY,ALCOHOL_INVOLVED,STWD_VEHTYPE_AT_FAULT,CHP_VEHTYPE_AT_FAULT,COUNT_SEVERE_INJ,COUNT_VISIBLE_INJ,COUNT_COMPLAINT_PAIN,COUNT_PED_KILLED,COUNT_PED_INJURED,COUNT_BICYCLIST_KILLED,COUNT_BICYCLIST_INJURED,COUNT_MC_KILLED,COUNT_MC_INJURED,PRIMARY_RAMP,SECONDARY_RAMP,LATITUDE,LONGITUDE,COUNTY,CITY,POINT_X,POINT_Y
9450760,2022,2022-06-16,3010,2022-05-13,2118,2134,413,5,5,6,3010,0,0,0,NA,0,005,MAIN ST,FLORIDA ST,200,W,N,A,-,N,NA,NA,NA,NA,NA,NA,NA,NA,NA,N,4,0,1,2,A,-,04,21703,NA,M,C,C,A,A,H,-,C,A,0,NA,NA,NA,NA,Y,NA,A,01,0,0,1,0,0,0,0,0,0,-,-,NA,NA,ORANGE,HUNTINGTON BEACH,-117.99163055419922,33.69200134277344
9450834,2022,2022-06-16,3026,2022-05-25,1657,7094,PORTO,3,5,6,3026,0,0,0,NA,0,119,YALE AV,NORTHWOOD,16,S,N,A,-,N,NA,NA,NA,NA,NA,NA,NA,NA,NA,N,3,0,1,2,A,-,10,21950,A,N,G,B,B,A,H,-,A,A,0,Y,NA,NA,NA,Y,NA,A,01,0,1,0,0,1,0,0,0,0,-,-,NA,NA,ORANGE,IRVINE,-117.7629165649414,33.7125358581543
94509348,2024,2024-12-19,9675,2024-12-09,2216,021960,NA,1,3,6,3004,0,1,3,NA,2,553,SR-55 NORTHBOUND,I-405,1531,S,N,A,-,Y,ORA,NA,55,NA,R,5.685,H,NA,R,Y,4,0,4,3,A,-,03,22350,NA,N,C,C,A,A,D,-,C,D,0,NA,NA,NA,NA,Y,NA,A,01,0,0,4,0,0,0,0,0,0,-,-,33.683841705322266,-117.8755111694336,ORANGE,COSTA MESA,-117.8754653930664,33.683807373046875
9450951,2022,2022-06-16,3009,2022-05-29,0241,4857,075,7,5,6,3009,0,0,0,NA,0,1-3,TRASK AV,MAGNOLIA ST,0,NA,Y,A,-,N,NA,NA,NA,NA,NA,NA,NA,NA,NA,Y,4,0,2,2,A,-,08,22107,NA,N,B,C,A,A,H,-,C,A,0,NA,NA,NA,NA,Y,NA,A,01,0,0,2,0,0,0,0,0,0,-,-,NA,NA,ORANGE,GARDEN GROVE,-117.97251892089844,33.76667785644531
94510945,2024,2024-12-20,9670,2024-12-01,1355,018180,NA,7,1,7,3001,0,1,1,NA,2,503,I-5 S/B (SANTA ANA FREEWAY),SANTA ANA RD.,75,S,N,A,-,Y,ORA,NA,5,NA,NA,38.461,H,NA,L,Y,3,0,1,2,D,-,00,NA,NA,N,C,C,A,A,H,-,A,D,0,NA,NA,Y,NA,Y,NA,-,-,0,1,0,0,0,0,0,0,1,-,-,33.82741165161133,-117.92701721191406,ORANGE,ANAHEIM,-117.92710876464844,33.82735061645508
94511489,2024,2024-12-20,9675,2024-12-11,1641,018985,NA,3,2,7,3019,0,1,1,NA,2,520,I-5 N/B,LINCOLN AVE.,250,N,N,B,-,Y,ORA,NA,5,NA,NA,32.123,H,NA,R,N,4,0,1,2,A,-,03,22350,NA,N,C,C,A,A,H,-,B,D,0,NA,NA,NA,NA,Y,NA,D,22,0,0,1,0,0,0,0,0,0,-,-,33.75727081298828,-117.85704040527344,ORANGE,SANTA ANA,-117.8569793701172,33.75735855102539
94515291,2024,2024-12-24,9690,2024-12-13,2050,023499,NA,5,2,5,3028,0,1,1,NA,2,055,I-5 S/B (SAN DIEGO FRWY),LA PAZ RD,15628,N,N,A,-,Y,ORA,NA,5,NA,NA,16.838,H,NA,L,N,4,0,1,2,A,-,08,22107,NA,M,B,C,A,A,H,-,C,D,0,NA,NA,NA,NA,Y,Y,-,99,0,0,1,0,0,0,0,0,0,-,-,33.599849700927734,-117.68108367919922,ORANGE,MISSION VIEJO,-117.6810302734375,33.59994125366211
94516505,2024,2024-12-26,9670,2024-12-16,2215,023139,NA,1,3,7,3001,0,1,3,NA,2,094,SR-91 E/B FROM MAGNOLIA AVE,MAGNOLIA AVE,960,E,N,A,-,Y,ORA,NA,91,NA,NA,0.429,H,NA,R,N,4,0,1,2,A,-,03,22350,NA,N,C,C,A,A,H,-,C,A,0,NA,NA,NA,NA,Y,NA,A,01,0,0,1,0,0,0,0,0,0,-,-,33.855979919433594,-117.97303771972656,ORANGE,ANAHEIM,-117.97296905517578,33.85614013671875
9451858,2022,2022-06-07,3000,2022-02-28,0548,5857,891J5,1,5,5,3050,0,0,0,NA,0,161,JERONIMO RD,LAKE FOREST DR,0,NA,Y,A,-,N,NA,NA,NA,NA,NA,NA,NA,NA,NA,Y,3,0,1,2,D,-,00,NA,NA,N,D,C,A,A,H,-,C,A,0,NA,NA,NA,NA,Y,NA,-,-,0,1,0,0,0,0,0,0,0,-,-,33.64215087890625,-117.69754791259766,ORANGE,LAKE FOREST,-117.70333099365234,33.64064025878906
94518587,2024,2024-12-27,9675,2024-12-17,1220,021834,NA,2,1,7,3001,0,1,3,NA,2,093,SR-91 WESTBOUND,GLASSELL STREET,1300,W,N,A,-,Y,ORA,NA,91,NA,NA,7.095,H,NA,L,N,3,0,1,2,A,-,03,22350,NA,N,C,C,A,A,H,-,A,D,0,NA,NA,Y,NA,Y,NA,C,02,0,1,0,0,0,0,0,0,1,-,-,33.846988677978516,-117.8597412109375,ORANGE,ANAHEIM,-117.8597412109375,33.84699249267578
94520660,2024,2024-12-30,9690,2024-12-19,24,023515,NA,4,3,4,3045,0,1,1,NA,2,055,I-5 S/B (SAN DIEGO FRWY),EL TORO RD,350,N,N,A,-,Y,ORA,NA,5,NA,NA,18.879,H,NA,L,Y,4,0,1,2,A,-,03,22350,NA,N,C,C,A,A,H,-,D,D,0,NA,NA,NA,NA,Y,NA,A,08,0,0,1,0,0,0,0,0,0,-,-,33.616580963134766,-117.70995330810548,ORANGE,LAGUNA HILLS,-117.70995330810548,33.616580963134766
94520751,2024,2024-12-31,9675,2024-12-20,1747,019599,NA,5,2,7,3001,0,1,3,NA,2,571,SR-57 NORTHBOUND,LA JOLLA ST.,320,N,N,A,-,Y,ORA,NA,57,NA,NA,16.196,H,NA,R,N,4,0,2,2,A,-,03,22350,NA,N,C,C,A,A,H,-,D,D,0,NA,NA,NA,NA,Y,NA,A,07,0,0,2,0,0,0,0,0,0,-,-,33.85844039916992,-117.87615966796876,ORANGE,ANAHEIM,-117.87606811523438,33.85845947265625
94523107,2024,2025-01-02,9675,2024-12-25,1831,021984,NA,3,2,6,3026,0,1,1,NA,2,503,I-5 NORTHBOUND,JAMBOREE RD,2567,S,N,A,-,Y,ORA,NA,5,NA,R,27.092,H,NA,R,N,4,0,1,3,A,-,03,22350,NA,N,B,C,A,A,H,-,C,D,0,NA,NA,NA,NA,Y,NA,A,01,0,0,1,0,0,0,0,0,0,-,-,33.715049743652344,-117.78838348388672,ORANGE,IRVINE,-117.78836059570313,33.71506881713867
94524742,2024,2025-01-03,9675,2024-12-27,1529,023506,NA,5,2,5,3022,0,1,1,NA,2,503,I-5 NORTHBOUND,TUSTIN RANCH ROAD,1742,S,N,B,-,Y,ORA,NA,5,NA,NA,27.907,H,NA,R,N,4,0,4,2,A,-,07,21658,A,N,C,C,A,A,H,-,A,D,0,NA,NA,NA,NA,Y,NA,A,07,0,0,4,0,0,0,0,0,0,-,-,33.72257995605469,-117.7992706298828,ORANGE,TUSTIN,-117.79921722412108,33.722633361816406
94528709,2024,2025-01-07,9690,2024-12-18,1410,016739,NA,3,2,9,3000,0,3,5,NA,2,003,ANTONIO PKWY,COVENANT HILLS DR,490,S,N,A,-,N,NA,NA,NA,NA,NA,NA,NA,NA,NA,Y,3,0,1,4,A,-,03,22350,NA,N,C,C,A,A,H,-,A,D,0,NA,NA,NA,NA,Y,NA,D,22,0,1,0,0,0,0,0,0,0,-,-,33.53908157348633,-117.62613677978516,ORANGE,UNINCORPORATED,-117.62633514404295,33.5391731262207
94536310,2025,2025-01-14,9675,2025-01-12,200,023293,NA,7,3,7,3001,0,1,3,NA,2,093,SR-91 W/B TO SR-57 N/B,SR-57 NORTHBOUND,160,E,N,A,-,Y,NA,NA,NA,NA,NA,NA,NA,NA,NA,N,3,0,1,1,A,-,01,23152,A,N,F,0,A,A,H,-,D,D,0,NA,NA,NA,NA,Y,Y,D,22,0,1,0,0,0,0,0,0,0,-,-,33.850830078125,-117.8749771118164,ORANGE,ANAHEIM,-117.8752670288086,33.8495979309082
94539239,2025,2025-01-16,9675,2025-01-15,1315,022298,NA,3,1,6,3004,0,1,3,NA,2,553,SR-55 NORTHBOUND (COSTA MESA FREEWAY),I-405 (SAN DIEGO FREEWAY),630,N,N,A,-,Y,ORA,NA,55,NA,R,6.13,H,NA,R,N,4,0,1,2,A,-,03,22350,NA,N,C,C,A,A,H,-,A,D,0,NA,NA,NA,NA,Y,NA,A,01,0,0,1,0,0,0,0,0,0,-,-,33.68886184692383,-117.87059020996094,ORANGE,COSTA MESA,-117.8706512451172,33.68890380859375
94545564,2025,2025-01-22,9670,2025-01-17,825,020938,NA,5,1,6,3008,0,1,3,NA,2,093,SR-91 W/B,MAGNOLIA AVE,300,E,N,A,-,Y,ORA,NA,91,NA,NA,0.484,H,NA,L,N,4,0,1,2,A,-,03,22350,NA,N,C,C,A,A,H,-,A,D,0,NA,NA,NA,NA,Y,NA,D,22,0,0,1,0,0,0,0,0,0,-,-,33.8560905456543,-117.97196197509766,ORANGE,FULLERTON,-117.9719696044922,33.856075286865234
94545767,2025,2025-01-22,9675,2025-01-17,735,022631,NA,5,1,6,3004,0,1,1,NA,2,405,I-405 SOUTHBOUND,SR-55 SOUTHBOUND,700,N,N,A,-,Y,ORA,NA,405,NA,NA,8.899,H,NA,L,Y,3,0,1,3,A,-,03,22350,NA,N,C,C,A,A,H,-,A,D,0,NA,NA,NA,NA,Y,NA,A,01,0,1,0,0,0,0,0,0,0,-,-,33.687259674072266,-117.87509155273438,ORANGE,COSTA MESA,-117.87509155273438,33.68728256225586
94548483,2025,2025-01-24,9675,2025-01-15,1731,018887,NA,3,2,6,3015,0,1,3,NA,2,222,SR-22 WESTBOUND,BEDFORD RD,270,W,N,A,-,Y,ORA,NA,22,NA,R,10.81,H,NA,L,Y,3,0,2,5,A,-,03,22350,NA,N,C,C,A,A,H,-,C,D,0,NA,NA,NA,NA,Y,NA,A,07,0,1,1,0,0,0,0,0,0,-,-,33.778358459472656,-117.87049865722656,ORANGE,ORANGE,-117.87049865722656,33.77836227416992
94550614,2025,2025-01-27,9670,2025-01-23,1720,022421,NA,4,2,6,3009,0,1,3,NA,2,023,SR-22 W/B,MAGNOLIA ST,2112,E,N,A,-,Y,ORA,NA,22,NA,R,5.249,H,NA,L,Y,4,0,1,3,A,-,03,22350,NA,N,C,C,A,A,H,-,D,D,0,NA,NA,NA,NA,Y,NA,A,08,0,0,1,0,0,0,0,0,0,-,-,33.766048431396484,-117.96514129638672,ORANGE,GARDEN GROVE,-117.96514129638672,33.76591110229492
94550750,2025,2025-01-27,9670,2025-01-25,1050,021355,NA,6,1,4,3020,0,1,1,NA,2,045,I-405 S/B,SEAL BEACH BLVD,1056,N,N,A,-,Y,ORA,NA,405,NA,NA,22.921,H,NA,L,N,4,0,3,3,A,-,03,22350,NA,N,C,C,A,A,H,-,A,D,0,NA,NA,NA,NA,Y,NA,A,07,0,0,3,0,0,0,0,0,0,-,-,33.774288177490234,-118.08000946044922,ORANGE,SEAL BEACH,-118.08000946044922,33.77428436279297
94553631,2025,2025-01-29,9675,2025-01-22,1759,020027,NA,3,2,7,3001,0,1,3,NA,2,194,SR-91 WESTBOUND,IMPERIAL HWY,2640,E,N,A,-,Y,ORA,NA,91,NA,R,12.49,H,NA,L,Y,4,0,1,2,A,-,03,22350,NA,N,C,C,A,A,H,-,C,D,0,NA,NA,NA,NA,Y,NA,D,22,0,0,1,0,0,0,0,0,0,-,-,33.86109924316406,-117.7759017944336,ORANGE,ANAHEIM,-117.77595520019533,33.861175537109375
94554449,2025,2025-01-29,9675,2025-01-28,1823,021960,NA,2,2,6,3015,0,1,3,NA,2,222,SR-22 WESTBOUND,MAIN ST.,1584,E,N,A,-,Y,ORA,NA,22,NA,R,11.332,H,NA,L,Y,4,0,2,2,A,-,03,22350,NA,N,C,C,A,A,H,-,C,D,0,NA,NA,NA,NA,Y,NA,A,01,0,0,2,0,0,0,0,0,0,-,-,33.778419494628906,-117.86141204833984,ORANGE,ORANGE,-117.86141967773438,33.77833938598633
94557921,2025,2025-01-31,9675,2025-01-28,1800,022951,NA,2,2,7,3019,0,1,1,NA,2,503,I-5 NORTHBOUND,1ST STREET,1100,S,N,A,-,Y,ORA,NA,5,NA,NA,30.697,H,NA,R,N,4,0,2,3,A,-,03,22350,NA,N,C,C,A,A,H,-,D,D,0,NA,NA,NA,NA,Y,NA,A,01,0,0,2,0,0,0,0,0,0,-,-,33.74320983886719,-117.84007263183594,ORANGE,SANTA ANA,-117.84005737304688,33.743228912353516
9455830,2022,2022-06-28,3026,2022-06-06,1810,647,CROSS,1,5,6,3026,0,0,0,NA,0,115,MERIDIAN,ALTON,0,NA,Y,A,-,N,NA,NA,NA,NA,NA,NA,NA,NA,NA,N,3,0,1,2,A,-,05,21650,A,N,H,G,A,A,H,-,A,D,0,NA,Y,NA,NA,Y,NA,L,04,0,1,0,0,0,0,1,0,0,-,-,NA,NA,ORANGE,IRVINE,-117.75254821777344,33.6553840637207
9456214,2022,2022-06-21,3009,2022-06-08,1103,4352,154,3,5,6,3009,0,0,0,NA,0,2-2,HASTER ST,GARDEN GROVE BL,222,N,N,A,-,N,NA,NA,NA,NA,NA,NA,NA,NA,NA,Y,4,0,1,2,A,-,03,22350,NA,N,C,C,A,A,H,-,A,A,0,NA,NA,NA,NA,Y,NA,A,01,0,0,1,0,0,0,0,0,0,-,-,NA,NA,ORANGE,GARDEN GROVE,-117.90612030029295,33.775115966796875
9456498,2022,2022-06-22,3009,2022-05-30,0340,4021,075,1,5,6,3009,0,0,0,NA,0,013,MAGNOLIA AV,GARDEN GROVE BL,0,NA,Y,A,-,N,NA,NA,NA,NA,NA,NA,NA,NA,NA,Y,4,0,2,3,A,-,12,21453,A,N,D,C,A,A,H,-,A,A,0,NA,NA,NA,NA,Y,NA,A,07,0,0,2,0,0,0,0,0,0,-,-,NA,NA,ORANGE,GARDEN GROVE,-117.97531127929688,33.77399444580078
94566491,2025,2025-02-05,9670,2025-02-03,1740,021900,NA,1,2,3,3013,0,1,1,NA,2,061,I-605 S/B,KATELLA AVE.,7392,S,N,A,-,Y,ORA,NA,605,NA,NA,3.441,H,NA,L,N,4,0,1,3,A,-,03,22350,NA,N,C,C,A,A,H,-,C,D,0,NA,NA,NA,NA,Y,NA,-,-,0,0,1,0,0,0,0,0,0,-,-,33.78356170654297,-118.09185028076172,ORANGE,LOS ALAMITOS,-118.09207916259766,33.78360366821289
94567185,2025,2025-08-11,9670,2025-01-28,100,022046,NA,2,3,7,3001,0,1,1,NA,2,502,I-5 NORTHBOUND,EUCLID ST,2640,S,N,A,-,Y,ORA,NA,5,NA,NA,39.021,H,NA,R,N,3,0,1,3,A,-,01,23152,A,M,B,C,A,A,H,-,C,D,0,NA,NA,NA,NA,Y,Y,A,01,0,1,0,0,0,0,0,0,0,-,-,33.83332061767578,-117.93338012695313,ORANGE,ANAHEIM,-117.933349609375,33.8333625793457
9457134,2022,2022-07-13,3010,2022-06-15,1022,2137,128,3,5,6,3010,0,0,0,NA,0,009,EDWARDS,ROYAL OAK,10,N,N,A,-,N,NA,NA,NA,NA,NA,NA,NA,NA,NA,Y,4,0,1,2,A,-,12,21453,A,N,D,C,A,A,H,-,A,A,0,NA,NA,NA,NA,Y,NA,A,07,0,0,1,0,0,0,0,0,0,-,-,NA,NA,ORANGE,HUNTINGTON BEACH,-118.01573944091795,33.74981689453125
94577198,2025,2025-02-12,9675,2025-02-04,2030,022398,NA,2,2,6,3015,0,1,3,NA,2,550,SR-55 NORTHBOUND,KATELLA AVE,1056,N,N,A,-,Y,ORA,NA,55,NA,NA,15.471,H,NA,R,N,3,0,2,2,A,-,03,22350,NA,N,C,C,A,A,H,-,C,D,0,NA,NA,Y,NA,Y,NA,C,02,0,1,1,0,0,0,0,0,1,-,-,33.81332015991211,-117.8319091796875,ORANGE,ORANGE,-117.83185577392578,33.81332015991211
94577271,2025,2025-02-12,9675,2025-02-03,1619,018887,NA,1,2,6,3026,0,1,1,NA,2,504,I-5 NORTHBOUND,SAND CANYON ROAD,1056,S,N,A,-,Y,ORA,NA,5,NA,R,23.844,H,NA,R,N,4,0,1,2,A,-,03,22350,NA,N,C,C,A,A,H,-,C,D,0,NA,NA,NA,NA,Y,NA,A,07,0,0,1,0,0,0,0,0,0,-,-,33.67613983154297,-117.75676727294922,ORANGE,IRVINE,-117.75672149658205,33.67616271972656
94577322,2025,2025-02-13,9675,2025-02-07,1700,019599,NA,5,2,7,3001,0,1,3,NA,2,094,SR-91 EASTBOUND FROM WEIR CANYON RD.,WEIR CANYON RD.,270,W,N,B,-,Y,NA,NA,NA,NA,NA,NA,NA,NA,NA,N,4,0,2,2,A,-,03,22350,NA,N,C,C,A,B,H,-,A,D,0,NA,NA,NA,NA,Y,NA,A,01,0,0,2,0,0,0,0,0,0,-,-,33.86973190307617,-117.74533081054688,ORANGE,ANAHEIM,-117.74541473388672,33.8701171875
94582857,2025,2025-02-18,9670,2025-02-13,450,021579,NA,4,3,7,3001,0,1,1,NA,2,501,I-5 S/B,LA PALMA AVE,1320,N,N,C,-,Y,ORA,NA,5,NA,NA,41.193,H,NA,L,Y,4,0,1,2,A,-,03,22350,NA,N,B,C,A,B,H,-,D,D,0,NA,NA,NA,NA,Y,NA,A,01,0,0,1,0,0,0,0,0,0,-,-,33.848899841308594,-117.9662628173828,ORANGE,ANAHEIM,-117.96623229980467,33.848934173583984
94586948,2025,2025-02-24,9675,2025-02-13,1321,016748,NA,4,1,6,3008,0,1,3,NA,2,570,SR-57 NORTHBOUND,YORBA LINDA BLVD,100,N,N,B,C,Y,ORA,NA,57,NA,NA,18.372,H,NA,R,Y,3,0,1,1,A,-,03,22350,NA,N,F,A,A,B,H,-,A,D,0,NA,NA,NA,NA,Y,NA,A,01,0,1,0,0,0,0,0,0,0,-,-,33.88945007324219,-117.88020324707033,ORANGE,FULLERTON,-117.88043975830078,33.88944625854492
9459034,2022,2022-06-16,3000,2022-02-28,1005,10933,891J7,1,5,5,3028,0,0,0,NA,0,750,ALICIA PKWY,MUIRLANDS BL,0,NA,Y,A,-,N,NA,NA,NA,NA,NA,NA,NA,NA,NA,Y,4,0,2,3,A,-,12,21453,A,N,D,C,A,A,H,-,A,A,0,NA,NA,NA,NA,Y,NA,A,08,0,0,2,0,0,0,0,0,0,-,-,NA,NA,ORANGE,MISSION VIEJO,-117.68668365478516,33.609886169433594
94591043,2025,2025-02-27,9675,2025-02-18,640,018087,NA,2,1,7,3001,0,1,3,NA,2,095,SR-91 WESTBOUND,RIVERSIDE / ORANGE COUNTY LINE,50,W,N,A,-,Y,ORA,NA,91,NA,R,18.87,H,NA,L,Y,4,0,1,2,A,-,03,22350,NA,N,C,C,A,A,H,-,A,D,0,NA,NA,NA,NA,Y,NA,A,08,0,0,1,0,0,0,0,0,0,-,-,33.86973190307617,-117.67249298095705,ORANGE,ANAHEIM,-117.67243957519533,33.8696174621582
94592206,2025,2025-02-28,9675,2025-02-22,2103,023521,NA,6,2,7,3019,0,1,1,NA,2,502,I-5 NORTHBOUND,1ST ST,739,S,N,A,-,Y,ORA,NA,5,NA,NA,30.867,H,NA,R,N,4,0,1,2,A,-,08,22107,NA,N,B,8,A,A,H,-,C,D,0,NA,NA,NA,NA,Y,NA,A,07,0,0,1,0,0,0,0,0,0,-,-,33.745121002197266,-117.84194183349608,ORANGE,SANTA ANA,-117.84193420410156,33.745121002197266
94594351,2025,2025-03-03,9670,2025-02-26,1030,019694,NA,3,1,3,3006,0,1,3,NA,2,091,STATE ROUTE 91 W/B (RIVERSIDE FWY),VALLEY VIEW ST,500,W,N,A,-,Y,ORA,NA,91,NA,R,0.741,H,NA,L,Y,4,0,1,5,A,-,03,22350,NA,M,C,C,A,A,H,-,A,D,0,NA,NA,NA,NA,Y,NA,A,01,0,0,1,0,0,0,0,0,0,-,-,33.85737991333008,-118.03028869628906,ORANGE,LA PALMA,-118.03026580810548,33.857421875
9459871,2022,2022-08-31,3026,2022-06-03,1504,614,CROSS,5,5,6,3026,0,0,0,NA,0,102,WALNUT AV,JAMBOREE RD,0,NA,Y,A,-,N,NA,NA,NA,NA,NA,NA,NA,NA,NA,N,3,0,2,2,A,-,12,21453,A,N,D,C,A,A,H,-,A,A,0,NA,NA,NA,NA,Y,NA,A,01,0,2,0,0,0,0,0,0,0,-,-,NA,NA,ORANGE,IRVINE,-117.80094146728516,33.71192169189453
9460365,2022,2022-06-27,3000,2022-05-11,0055,10828,921J2,3,5,4,3045,0,0,0,NA,0,4A81,LAS BOLSAS,MAWSON DR,10,E,N,A,-,N,NA,NA,NA,NA,NA,NA,NA,NA,NA,Y,3,0,1,1,A,-,01,23152,A,N,E,I,A,A,H,-,D,D,0,NA,NA,NA,NA,Y,Y,A,07,0,1,0,0,0,0,0,0,0,-,-,NA,NA,ORANGE,LAGUNA HILLS,-117.68775939941406,33.59474182128906
9460368,2022,2022-06-28,3000,2022-05-14,0800,5377,921G7,6,5,5,3040,0,0,0,NA,0,741,LA PAZ RD,SHELLEY,11,S,N,A,-,N,NA,NA,NA,NA,NA,NA,NA,NA,NA,N,3,0,1,2,A,-,09,21802,A,N,H,G,A,A,H,-,A,D,0,NA,Y,NA,NA,Y,NA,A,01,0,1,0,0,0,0,1,0,0,-,-,NA,NA,ORANGE,LAGUNA NIGUEL,-117.70892333984376,33.558101654052734
9460377,2022,2022-07-18,3000,2022-05-10,1505,2849,891J2,2,5,5,3050,0,0,0,NA,0,764,TRABUCO RD,LAKE FOREST DR,15,S,N,A,-,N,NA,NA,NA,NA,NA,NA,NA,NA,NA,N,3,0,1,2,A,-,-,NA,NA,N,D,G,A,A,H,-,A,A,0,NA,Y,NA,NA,Y,NA,L,04,0,1,0,0,0,0,1,0,0,-,-,NA,NA,ORANGE,LAKE FOREST,-117.68605041503906,33.646942138671875
94605144,2025,2025-03-18,9670,2025-03-03,1535,014558,NA,1,2,9,3000,0,3,5,NA,2,005,NEWLAND STREET (14900 BLOCK),WASHINGTON AVE,100,S,N,A,-,N,NA,NA,NA,NA,NA,NA,NA,NA,NA,Y,4,0,1,3,A,-,03,22350,NA,M,C,C,A,A,H,-,A,D,0,NA,NA,NA,NA,Y,NA,A,01,0,0,1,0,0,0,0,0,0,-,-,33.74626159667969,-117.98098754882813,ORANGE,UNINCORPORATED,-117.98088073730467,33.7463264465332
94609911,2025,2025-03-18,9690,2025-01-23,1355,020038,NA,4,1,9,3000,0,3,5,NA,2,003,ASCENSO AVENUE,AMADO,0,NA,Y,A,-,N,NA,NA,NA,NA,NA,NA,NA,NA,NA,N,1,1,0,2,A,-,08,22107,NA,N,B,G,A,A,H,-,A,D,0,NA,Y,NA,NA,Y,NA,M,91,0,0,0,0,0,1,0,0,0,-,-,33.52547073364258,-117.62274932861328,ORANGE,UNINCORPORATED,-117.62267303466795,33.52546691894531
94610389,2025,2025-03-19,9675,2025-03-10,1128,021691,NA,1,1,9,3000,0,2,4,NA,2,034,SANTIAGO CANYON ROAD,BLUE DIAMOND ACCESS ROAD,780,S,N,A,-,N,NA,NA,NA,NA,NA,NA,NA,NA,NA,Y,3,0,5,2,A,-,05,21460,A,N,A,C,A,A,H,-,A,D,0,NA,NA,NA,NA,Y,NA,A,07,0,2,3,0,0,0,0,0,0,-,-,33.75865936279297,-117.7007064819336,ORANGE,UNINCORPORATED,NA,NA
94610887,2025,2025-03-19,9670,2025-03-14,1637,020956,NA,5,2,5,3024,0,1,1,NA,2,042,I-405 N/B (SAN DIEGO FREEWAY),MCFADDEN AVE,1056,N,N,B,D,Y,ORA,NA,405,NA,NA,17.243,H,NA,R,N,4,0,1,2,A,-,03,22350,NA,N,C,C,A,B,H,-,A,D,0,NA,NA,NA,NA,Y,NA,A,01,0,0,1,0,0,0,0,0,0,-,-,33.73945999145508,-117.99832916259766,ORANGE,WESTMINSTER,-117.99835205078124,33.739437103271484
94611024,2025,2025-03-19,9675,2025-03-11,1630,024301,NA,2,2,5,3022,0,1,3,NA,2,551,SR-55 NORTHBOUND,4TH ST,528,S,N,B,-,Y,ORA,NA,55,NA,NA,10.932,H,NA,R,N,4,0,1,2,A,-,03,22350,NA,N,C,C,A,A,H,-,A,D,0,NA,NA,NA,NA,Y,NA,A,01,0,0,1,0,0,0,0,0,0,-,-,33.74755096435547,-117.83235168457033,ORANGE,TUSTIN,-117.83238220214844,33.74755859375
9461160,2021,2022-06-23,3016,2021-02-09,1954,1277,18,2,5,5,3016,0,0,0,NA,0,002,CHAPMAN AV,SUNSET DR,0,NA,Y,A,-,N,NA,NA,NA,NA,NA,NA,NA,NA,NA,N,4,0,1,2,A,-,09,21801,A,N,D,C,A,A,H,-,C,D,0,NA,NA,NA,NA,Y,NA,A,01,0,0,1,0,0,0,0,0,0,-,-,33.87361145019531,-117.87738800048828,ORANGE,PLACENTIA,-117.87741088867188,33.87356185913086