CASE_ID,ACCIDENT_YEAR,PROC_DATE,JURIS,COLLISION_DATE,COLLISION_TIME,OFFICER_ID,REPORTING_DISTRICT,DAY_OF_WEEK,CHP_SHIFT,POPULATION,CNTY_CITY_LOC,SPECIAL_COND,BEAT_TYPE,CHP_BEAT_TYPE,CITY_DIVISION_LAPD,CHP_BEAT_CLASS,BEAT_NUMBER,PRIMARY_RD,SECONDARY_RD,DISTANCE,DIRECTION,INTERSECTION,WEATHER_1,WEATHER_2,STATE_HWY_IND,CALTRANS_COUNTY,CALTRANS_DISTRICT,STATE_ROUTE,ROUTE_SUFFIX,POSTMILE_PREFIX,POSTMILE,LOCATION_TYPE,RAMP_INTERSECTION,SIDE_OF_HWY,TOW_AWAY,COLLISION_SEVERITY,NUMBER_KILLED,NUMBER_INJURED,PARTY_COUNT,PRIMARY_COLL_FACTOR,PCF_CODE_OF_VIOL,PCF_VIOL_CATEGORY,PCF_VIOLATION,PCF_VIOL_SUBSECTION,HIT_AND_RUN,TYPE_OF_COLLISION,MVIW,PED_ACTION,ROAD_SURFACE,ROAD_COND_1,ROAD_COND_2,LIGHTING,CONTROL_DEVICE,CHP_ROAD_TYPE,PEDESTRIAN_ACCIDENT,BICYCLE_ACCIDENT,MOTORCYCLE_ACCIDENT,TRUCK_ACCIDENT,NOT_PRIVATE_PROPERTY,ALCOHOL_INVOLVED,STWD_VEHTYPE_AT_FAULT,CHP_VEHTYPE_AT_FAULT,COUNT_SEVERE_INJ,COUNT_VISIBLE_INJ,COUNT_COMPLAINT_PAIN,COUNT_PED_KILLED,COUNT_PED_INJURED,COUNT_BICYCLIST_KILLED,COUNT_BICYCLIST_INJURED,COUNT_MC_KILLED,COUNT_MC_INJURED,PRIMARY_RAMP,SECONDARY_RAMP,LATITUDE,LONGITUDE,COUNTY,CITY,POINT_X,POINT_Y
94793972,2025,2025-08-07,9670,2025-08-05,1645,021579,NA,2,2,3,3006,0,1,3,NA,2,091,SR-91 W/B,WALKER ST,1056,W,N,A,-,Y,ORA,NA,91,NA,R,0.047,H,NA,L,N,4,0,1,2,A,-,03,22350,NA,N,C,C,A,A,H,-,A,D,0,NA,NA,NA,NA,Y,NA,A,07,0,0,1,0,0,0,0,0,0,-,-,33.86186981201172,-118.04119110107422,ORANGE,LA PALMA,-118.04118347167967,33.86187744140625
9479479,2022,2022-08-18,3009,2022-07-23,2244,4857,075,6,5,6,3009,0,0,0,NA,0,013,TRASK AV,NEWLAND ST,0,NA,Y,A,-,N,NA,NA,NA,NA,NA,NA,NA,NA,NA,N,3,0,2,2,A,-,12,21453,A,N,D,C,A,-,H,-,C,A,0,NA,NA,NA,NA,Y,NA,A,01,0,2,0,0,0,0,0,0,0,-,-,NA,NA,ORANGE,GARDEN GROVE,-117.98108673095705,33.7666130065918
94796101,2025,2025-08-11,9675,2025-08-04,600,021305,NA,1,1,7,3019,0,1,3,NA,2,552,SR-55 SOUTHBOUND,EDINGER AVE,36,S,N,B,-,Y,ORA,NA,55,NA,R,9.425,H,NA,L,N,4,0,2,3,A,-,07,21658,A,N,B,C,A,A,H,-,A,D,0,NA,NA,NA,NA,Y,NA,A,01,0,0,2,0,0,0,0,0,0,-,-,33.72624969482422,-117.83515167236328,ORANGE,SANTA ANA,-117.83518981933594,33.72626876831055
9480413,2022,2022-07-26,3004,2022-07-03,0855,P648,23,7,5,6,3004,0,0,0,NA,0,015,ANTON BL,AVENUE OF THE ARTS,0,NA,Y,A,-,N,NA,NA,NA,NA,NA,NA,NA,NA,NA,Y,3,0,2,2,A,-,12,21453,A,N,F,C,A,A,H,-,A,A,0,NA,NA,NA,NA,Y,NA,A,07,0,2,0,0,0,0,0,0,0,-,-,33.69020080566406,-117.88099670410156,ORANGE,COSTA MESA,-117.8810577392578,33.69021224975586
94804392,2025,2025-08-15,9675,2025-08-07,1506,022298,NA,4,2,9,3000,0,1,1,NA,2,405,I-405 SOUTHBOUND (SAN DIEGO FREEWAY),RED HILL AVENUE,810,S,N,A,-,Y,ORA,NA,405,NA,NA,8.279,H,NA,L,Y,3,0,2,2,A,-,08,22107,NA,N,D,2,A,A,H,-,A,D,0,NA,NA,NA,NA,Y,NA,A,07,0,1,1,0,0,0,0,0,0,-,-,33.685951232910156,-117.86457061767578,ORANGE,UNINCORPORATED,-117.86460113525392,33.68589782714844
94811465,2025,2025-08-21,9675,2025-08-12,650,022234,NA,2,1,7,3001,0,1,3,NA,2,095,SR-91 EASTBOUND (RIVERSIDE FREEWAY),COAL CANYON RD,6093,E,N,A,-,Y,RIV,NA,91,NA,R,0.3,H,NA,R,N,4,0,1,2,A,-,03,22350,NA,N,C,C,A,A,H,-,A,D,0,NA,NA,NA,Y,Y,NA,D,22,0,0,1,0,0,0,0,0,0,-,-,33.87110900878906,-117.66678619384766,ORANGE,ANAHEIM,-117.66688537597656,33.871280670166016
94819078,2025,2025-08-27,9675,2025-08-19,1545,019320,NA,2,2,6,3008,0,1,S,NA,2,101,SR-57 SOUTHBOUND,CHAPMAN AVE,1370,S,N,A,-,Y,ORA,NA,57,NA,NA,17.051,H,NA,L,N,4,0,1,2,A,-,08,22107,NA,N,B,C,A,A,H,-,A,D,0,NA,NA,NA,Y,Y,NA,-,-,0,0,1,0,0,0,0,0,0,-,-,33.87031936645508,-117.8801727294922,ORANGE,FULLERTON,-117.8801040649414,33.87033462524414
94819634,2025,2025-08-27,9675,2025-08-17,1935,023293,NA,7,2,7,3001,0,1,3,NA,2,093,SR-91 WESTBOUND,LAKEVIEW AVE,3538,W,N,A,-,Y,ORA,NA,91,NA,R,9.392,H,NA,L,N,3,0,1,1,A,-,01,23152,A,N,E,I,A,A,D,-,B,D,0,NA,NA,NA,NA,Y,Y,D,22,0,1,0,0,0,0,0,0,0,-,-,33.84537124633789,-117.82392120361328,ORANGE,ANAHEIM,-117.82394409179688,33.84541702270508
94820655,2025,2025-08-27,9670,2025-08-20,2310,022455,NA,3,3,6,3008,0,1,3,NA,2,094,SR-91 EB,EUCLID ST,1400,W,N,A,-,Y,ORA,NA,91,NA,NA,1.953,H,NA,R,N,3,0,2,3,A,-,03,22350,NA,N,C,C,A,A,H,-,C,D,0,NA,NA,NA,Y,Y,NA,A,01,0,1,1,0,0,0,0,0,0,-,-,33.85395050048828,-117.94683837890624,ORANGE,FULLERTON,-117.94683837890624,33.854007720947266
94826701,2025,2025-09-02,9675,2025-08-25,1720,024571,NA,1,2,7,3019,0,1,1,NA,2,503,I-5 NORTHBOUND,1ST ST,528,S,N,A,-,Y,ORA,NA,5,NA,NA,30.741,H,NA,R,N,4,0,1,2,A,-,03,22350,NA,N,C,C,A,A,H,-,A,D,0,NA,NA,NA,NA,Y,NA,A,01,0,0,1,0,0,0,0,0,0,-,-,33.74365997314453,-117.8406219482422,ORANGE,SANTA ANA,-117.84062957763672,33.74365234375
9482844,2022,2022-07-29,3009,2022-07-03,1921,4747,074,7,5,6,3009,0,0,0,NA,0,011,GARDEN GROVE BL,JOSEPHINE ST,300,E,N,A,-,N,NA,NA,NA,NA,NA,NA,NA,NA,NA,Y,4,0,1,3,A,-,03,22350,NA,N,C,C,A,A,H,-,A,D,0,NA,NA,NA,NA,Y,Y,A,01,0,0,1,0,0,0,0,0,0,-,-,NA,NA,ORANGE,GARDEN GROVE,-117.9786376953125,33.77396011352539
94828651,2025,2025-09-03,9670,2025-09-02,750,016271,NA,2,1,9,3000,0,3,5,NA,2,003,HARRISBURG  RD,SHAKESPEARE DR,0,NA,Y,A,-,N,NA,NA,NA,NA,NA,NA,NA,NA,NA,N,4,0,1,2,A,-,09,21802,A,N,D,C,A,A,H,-,A,A,0,NA,NA,NA,NA,Y,NA,A,07,0,0,1,0,0,0,0,0,0,-,-,33.79499816894531,-118.07837677001952,ORANGE,UNINCORPORATED,-118.07845306396484,33.79501724243164
94831337,2025,2025-09-05,9690,2025-08-30,309,021894,NA,6,3,5,3028,0,1,1,NA,2,057,I-5 S/B (SAN DIEGO FRWY),SR-73,2640,S,N,A,-,Y,ORA,NA,5,NA,NA,11.324,H,NA,L,Y,2,0,3,2,A,-,01,23152,A,N,C,C,A,A,H,-,D,D,0,NA,NA,NA,NA,Y,Y,A,01,1,2,0,0,0,0,0,0,0,-,-,33.5258903503418,-117.66831970214844,ORANGE,MISSION VIEJO,-117.66838073730467,33.525856018066406
94834558,2025,2025-09-08,9670,2025-09-06,835,020523,NA,6,1,7,3001,0,1,3,NA,2,094,SR-91 E/B,MAGNOLIA AVE,20,W,N,A,-,Y,ORA,NA,91,NA,R,3.842,H,NA,R,Y,3,0,1,2,A,-,03,22350,NA,N,C,C,A,A,H,-,A,D,0,NA,NA,NA,NA,Y,NA,A,01,0,1,0,0,0,0,0,0,0,-,-,33.85691833496094,-117.97669982910156,ORANGE,ANAHEIM,-117.97669982910156,33.8569450378418
94835477,2025,2025-09-08,9675,2025-09-01,1410,018714,NA,1,2,6,3026,0,1,1,NA,2,504,I-5 S/B TO ALTON PKWY,ALTON PKWY,528,S,N,A,-,Y,NA,NA,NA,NA,NA,NA,NA,NA,NA,Y,4,0,1,3,A,-,03,22350,NA,N,C,C,A,A,H,-,A,D,0,NA,NA,NA,NA,Y,NA,A,01,0,0,1,0,0,0,0,0,0,-,-,33.65428161621094,-117.74353790283205,ORANGE,IRVINE,-117.74379730224608,33.655338287353516
94840930,2025,2025-09-11,9675,2025-09-10,1425,022842,NA,3,2,7,3019,0,1,1,NA,2,502,I-5 SOUTHBOUND,GRAND AVE,1162,S,N,A,-,Y,ORA,NA,5,NA,NA,31.538,H,NA,L,Y,3,0,2,3,A,-,03,22350,NA,N,C,C,A,A,H,-,A,D,0,NA,NA,NA,NA,Y,NA,A,01,0,2,0,0,0,0,0,0,0,-,-,33.752960205078125,-117.84832000732422,ORANGE,SANTA ANA,-117.8483657836914,33.75289535522461
9484324,2022,2022-08-18,3004,2022-07-07,1144,P655,28,4,5,6,3004,0,0,0,NA,0,015,BRISTOL ST,NEWPORT BL,0,NA,Y,A,-,N,NA,NA,NA,NA,NA,NA,NA,NA,NA,Y,3,0,1,2,A,-,09,21453,C,N,D,C,A,A,H,-,A,A,0,NA,NA,NA,Y,Y,NA,F,26,0,1,0,0,0,0,0,0,0,-,-,33.67274856567383,-117.88877868652344,ORANGE,COSTA MESA,-117.8887939453125,33.67274475097656
94845828,2025,2025-09-16,9670,2025-09-10,1705,022455,NA,3,2,6,3008,0,1,3,NA,2,094,SR-91 EB,BROOKHURST ST,1400,W,N,A,-,Y,ORA,NA,91,NA,NA,0.97,H,NA,R,N,3,0,2,2,A,-,03,22350,NA,N,C,C,A,A,H,-,A,D,0,NA,NA,NA,Y,Y,NA,F,55,0,1,1,0,0,0,0,0,0,-,-,33.85369873046875,-117.96399688720705,ORANGE,FULLERTON,-117.96399688720705,33.85376739501953
94850400,2025,2025-09-18,9675,2025-09-18,1150,022354,NA,4,1,6,3008,0,1,3,NA,2,570,SR-57 SOUTHBOUND,ASSOCIATED RD.,1584,S,N,A,-,Y,ORA,NA,57,NA,NA,19.325,H,NA,L,N,4,0,1,2,A,-,03,22350,NA,N,C,C,A,A,H,-,A,D,0,NA,NA,NA,NA,Y,NA,A,01,0,0,1,0,0,0,0,0,0,-,-,33.90319061279297,-117.8810806274414,ORANGE,FULLERTON,-117.88114166259766,33.903194427490234
94850541,2025,2025-09-19,9670,2025-09-18,1715,022761,NA,4,2,9,3000,0,3,5,NA,2,005,NEWLAND ST (14600 BLOCK),MADISON AVE,250,N,N,A,-,N,NA,NA,NA,NA,NA,NA,NA,NA,NA,N,4,0,1,3,A,-,03,22350,NA,N,C,C,A,A,H,-,A,A,0,NA,NA,NA,NA,Y,NA,A,01,0,0,1,0,0,0,0,0,0,-,-,33.74913024902344,-117.98088836669922,ORANGE,UNINCORPORATED,-117.9809112548828,33.74910354614258
94851679,2025,2025-09-19,9675,2025-09-16,1745,023105,NA,2,2,6,3026,0,1,1,NA,2,504,I-5 SOUTHBOUND,SAND CANYON AVE,2112,N,N,A,-,Y,ORA,NA,5,NA,R,24.389,H,NA,L,N,4,0,1,1,A,-,08,22107,NA,N,E,8,A,A,H,-,A,D,0,NA,NA,NA,NA,Y,NA,A,07,0,0,1,0,0,0,0,0,0,-,-,33.682151794433594,-117.76349639892578,ORANGE,IRVINE,-117.7634048461914,33.68221664428711
9485470,2022,2022-08-30,3026,2022-08-10,1605,369,CROSS,3,5,6,3026,0,0,0,NA,0,006,ALTON PKWY,GATEWAY,78,E,N,A,-,N,NA,NA,NA,NA,NA,NA,NA,NA,NA,Y,4,0,2,3,A,-,08,22107,NA,N,B,C,A,A,H,-,A,A,0,NA,NA,NA,NA,Y,NA,A,01,0,0,2,0,0,0,0,0,0,-,-,33.65414810180664,-117.74688720703124,ORANGE,IRVINE,-117.74664306640624,33.65546798706055
94854890,2025,2025-09-22,9675,2025-09-05,1945,024479,NA,5,2,6,3004,0,1,3,NA,2,552,SR-55 SOUTHBOUND,WARNER AVE,242,N,N,A,-,Y,ORA,NA,55,NA,R,8.559,H,NA,L,N,2,0,1,2,A,-,07,21658,A,F,B,C,A,A,H,-,C,D,0,NA,NA,Y,NA,Y,NA,-,99,1,0,0,0,0,0,0,0,1,-,-,33.71622085571289,-117.84429168701172,ORANGE,COSTA MESA,-117.84432983398438,33.716251373291016
94856833,2025,2025-09-23,9675,2025-09-15,300,023539,NA,1,3,6,3026,0,1,1,NA,2,503,INTERSTATE 5 NB,CULVER DR,500,S,N,A,-,Y,ORA,NA,5,NA,R,26.228,H,NA,R,Y,2,0,1,2,A,-,08,22107,NA,N,C,C,A,A,H,-,D,D,0,NA,NA,NA,NA,Y,NA,D,22,1,0,0,0,0,0,0,0,0,-,-,33.70574188232422,-117.77855682373048,ORANGE,IRVINE,-117.77853393554688,33.705753326416016
94858084,2025,2025-09-24,9675,2025-09-16,640,019320,NA,2,1,4,3002,0,1,3,NA,2,570,SR-57 NORTHBOUND,TONNER CYN RD,210,N,N,A,-,Y,ORA,NA,57,NA,NA,21.886,H,NA,R,N,2,0,1,1,C,-,18,NA,NA,N,E,J,A,A,H,-,B,D,0,NA,NA,NA,NA,Y,NA,-,-,1,0,0,0,0,0,0,0,0,-,-,33.939151763916016,-117.87669372558594,ORANGE,BREA,-117.87670135498048,33.93915557861328
94858212,2025,2025-09-24,9675,2025-09-16,718,022298,NA,2,1,6,3004,0,1,1,NA,2,405,I-405 SOUTHBOUND (SAN DIEGO FREEWAY),RED HILL AVENUE,450,S,N,A,-,Y,ORA,NA,405,NA,NA,8.349,H,NA,L,Y,3,0,1,3,A,-,07,21658,A,N,B,2,A,A,H,-,A,D,0,NA,NA,Y,NA,Y,NA,A,07,0,1,0,0,0,0,0,0,1,-,-,33.68621826171875,-117.8657684326172,ORANGE,COSTA MESA,-117.86573028564452,33.68630599975586
94858368,2025,2025-09-24,9675,2025-09-17,1801,024479,NA,3,2,5,3022,0,1,1,NA,2,503,I-5 NORTHBOUND,RED HILL AVE,1000,S,N,A,-,Y,ORA,NA,5,NA,R,28.834,H,NA,R,N,3,0,1,3,A,-,03,22350,NA,N,B,C,A,A,H,-,A,D,0,NA,NA,Y,NA,Y,NA,C,02,0,1,0,0,0,0,0,0,1,-,-,33.731178283691406,-117.81159210205078,ORANGE,TUSTIN,-117.81165313720705,33.73112106323242
94858583,2025,2025-09-24,9675,2025-09-14,1045,022631,NA,7,1,6,3026,0,1,3,NA,2,074,SR-73 S/B FROM BONITA CNYN DR. S/B,BONITA CNYN DR.,750,S,N,B,-,Y,ORA,NA,73,NA,NA,22.277,H,NA,L,Y,3,0,1,1,A,-,03,22350,NA,N,F,8,A,A,H,-,A,D,0,NA,NA,NA,NA,Y,NA,A,01,0,1,0,0,0,0,0,0,0,-,-,33.62968063354492,-117.839111328125,ORANGE,IRVINE,-117.83901977539063,33.629886627197266
9485946,2022,2022-09-12,3000,2022-08-24,1927,2742,992J4,3,5,5,3017,0,0,0,NA,0,778,SOUTH EL CAMINO REAL,AVENIDA VICTORIA,36,S,N,A,-,N,NA,NA,NA,NA,NA,NA,NA,NA,NA,Y,3,0,1,1,A,-,03,22350,NA,N,F,A,A,A,H,-,A,D,0,NA,NA,Y,NA,Y,NA,C,02,0,1,0,0,0,0,0,0,1,-,-,NA,NA,ORANGE,SAN CLEMENTE,-117.6115264892578,33.4264030456543
94859865,2025,2025-11-13,9675,2025-09-23,900,021716,NA,2,1,6,3015,0,1,3,NA,2,551,SR-55 SOUTHBOUND,LA VETA AVE.,265,S,N,A,-,Y,ORA,NA,55,NA,NA,13.159,H,NA,L,N,4,0,1,2,A,-,03,22350,NA,N,C,C,A,A,H,-,A,D,0,NA,NA,NA,NA,Y,NA,A,01,0,0,1,0,0,0,0,0,0,-,-,33.77994155883789,-117.8312530517578,ORANGE,ORANGE,-117.83123016357422,33.77994155883789
94859911,2025,2025-09-25,9675,2025-09-19,1055,022354,NA,5,1,6,3008,0,1,3,NA,2,571,SR-57 SOUTHBOUND,YORBA LINDA BLVD,100,N,N,A,-,Y,ORA,NA,57,NA,NA,18.433,H,NA,L,Y,4,0,1,2,A,-,03,22350,NA,N,C,C,A,A,H,-,A,A,0,NA,NA,NA,Y,Y,NA,G,25,0,0,1,0,0,0,0,0,0,-,-,33.89030838012695,-117.88078308105467,ORANGE,FULLERTON,-117.88078308105467,33.89030838012695
9486439,2022,2022-09-23,3004,2022-09-05,1219,P651,23,1,5,6,3004,0,0,0,NA,0,015,SUNFLOWER AV,SAKIOKA DR,0,NA,Y,A,-,N,NA,NA,NA,NA,NA,NA,NA,NA,NA,Y,3,0,2,2,A,-,12,21453,A,N,D,C,A,A,H,-,A,A,0,NA,NA,NA,NA,Y,NA,A,07,0,2,0,0,0,0,0,0,0,-,-,33.694000244140625,-117.87709808349608,ORANGE,COSTA MESA,-117.87706756591795,33.69405746459961
94868870,2025,2025-10-01,9675,2025-09-20,1623,023051,NA,6,2,6,3026,0,1,1,NA,2,407,I-405 SOUTHBOUND,SAND CANYON AVE,1584,N,N,A,-,Y,ORA,NA,405,NA,NA,3.197,H,NA,L,Y,4,0,1,1,A,-,08,22107,NA,N,E,I,A,A,H,-,A,D,0,NA,NA,NA,NA,Y,NA,A,01,0,0,1,0,0,0,0,0,0,-,-,33.66007995605469,-117.78279876708984,ORANGE,IRVINE,-117.78267669677734,33.66023254394531
94873895,2025,2025-10-06,9670,2025-10-02,655,021355,NA,4,1,6,3008,0,1,3,NA,2,094,SR-91 E/B,HARBOR BLVD,1056,E,N,A,-,Y,ORA,NA,91,NA,NA,2.739,H,NA,R,N,4,0,1,4,A,-,03,22350,NA,N,C,C,A,A,H,-,A,D,0,NA,NA,NA,NA,Y,NA,A,01,0,0,1,0,0,0,0,0,0,-,-,33.85409164428711,-117.93318939208984,ORANGE,FULLERTON,-117.93318939208984,33.85410690307617
9487778,2022,2022-10-21,3026,2022-09-27,1504,690,NA,2,5,6,3026,0,0,0,NA,0,001,MACARTHUR,RED HILL AV,470,E,N,A,-,N,NA,NA,NA,NA,NA,NA,NA,NA,NA,N,3,0,1,2,A,-,03,22350,NA,N,C,C,A,A,H,-,A,A,0,NA,NA,NA,NA,Y,NA,A,01,0,1,0,0,0,0,0,0,0,-,-,33.69390106201172,-117.85488891601563,ORANGE,IRVINE,-117.85405731201172,33.69283676147461
94878476,2025,2025-10-08,9675,2025-10-05,1255,022909,NA,7,1,7,3001,0,1,3,NA,2,094,SR-91 W/B TO IMPERIAL HWY,IMPERIAL HWY,1300,E,N,A,-,Y,ORA,NA,91,NA,R,11.796,H,NA,L,N,4,0,1,2,A,-,08,22107,NA,N,B,C,A,A,H,-,A,D,0,NA,NA,NA,NA,Y,NA,A,07,0,0,1,0,0,0,0,0,0,-,-,33.856178283691406,-117.78655242919922,ORANGE,ANAHEIM,-117.78644561767578,33.85603332519531
94878644,2025,2025-11-13,9675,2025-10-03,1940,023248,NA,5,2,6,3026,0,1,1,NA,2,504,INTERSTATE 5 NORTHBOUND,BARRANCA PKWY,725,N,N,A,-,Y,ORA,NA,5,NA,NA,22.762,H,NA,R,Y,4,0,3,3,A,-,03,22350,NA,N,C,C,A,A,H,-,C,D,0,NA,NA,NA,NA,Y,NA,A,07,0,0,3,0,0,0,0,0,0,-,-,33.66250991821289,-117.74900817871094,ORANGE,IRVINE,-117.7490234375,33.66250228881836
94879199,2025,2025-10-09,9670,2025-10-01,1120,016271,NA,3,1,4,3020,0,1,1,NA,2,045,I-405 S/B,SR-22 E/B,5280,N,N,A,-,Y,ORA,NA,405,NA,NA,21.808,H,NA,L,N,4,0,2,5,A,-,03,22350,NA,N,C,C,A,A,H,-,A,A,0,NA,NA,NA,NA,Y,NA,A,07,0,0,2,0,0,0,0,0,0,-,-,33.77418899536133,-118.06066131591795,ORANGE,SEAL BEACH,-118.06066131591795,33.77425765991211
9488052,2022,2022-08-22,3011,2022-08-01,0027,31543,45,1,5,4,3011,0,0,0,NA,0,003,RT 1,EDISON POLE 2251785E,44,N,N,A,-,Y,ORA,12,1,-,-,7.75,H,-,S,Y,4,0,1,2,A,-,03,22350,NA,N,C,E,A,A,H,-,C,D,0,NA,NA,NA,NA,Y,NA,A,01,0,0,1,0,0,0,0,0,0,-,-,NA,NA,ORANGE,LAGUNA BEACH,-117.7666015625,33.524864196777344
94881931,2025,2025-11-13,9675,2025-10-06,1533,021633,NA,1,2,6,3015,0,1,3,NA,2,050,SR-55 NORTHBOUND,KATELLA AVE,1170,S,N,A,-,Y,ORA,NA,55,NA,NA,15.031,H,NA,R,Y,3,0,4,3,A,-,03,22350,NA,N,C,C,A,A,D,-,A,D,0,NA,NA,NA,NA,Y,NA,A,01,0,2,2,0,0,0,0,0,0,-,-,33.80693054199219,-117.8318099975586,ORANGE,ORANGE,-117.8317642211914,33.80693054199219
94883503,2025,2025-10-13,9670,2025-10-10,1705,022761,NA,5,2,6,3009,0,1,3,NA,2,021,SR-22 WESTBOUND,SPRINGDALE ST,2640,W,N,A,-,Y,ORA,NA,22,NA,R,1.48,H,NA,L,N,3,0,1,2,A,-,03,22350,NA,N,C,C,A,A,H,-,A,A,0,NA,NA,NA,NA,Y,NA,A,01,0,1,0,0,0,0,0,0,0,-,-,33.77437973022461,-118.02799224853516,ORANGE,GARDEN GROVE,-118.02799224853516,33.77440643310547
9488458,2022,2022-08-17,3000,2022-06-29,1625,2742,992G1,3,5,5,3017,0,0,0,NA,0,778,AVENIDA VISTA HERMOSA,CAMINO ADELANTO,15,E,N,A,-,N,NA,NA,NA,NA,NA,NA,NA,NA,NA,N,4,0,1,2,A,-,03,22350,NA,N,C,C,A,A,H,-,A,A,0,NA,NA,NA,NA,Y,NA,A,01,0,0,1,0,0,0,0,0,0,-,-,NA,NA,ORANGE,SAN CLEMENTE,-122.20657348632813,40.01704025268555
94887473,2025,2025-10-15,9690,2025-09-29,1925,020375,NA,1,2,6,3015,0,1,1,NA,2,057,I-5 S/B (SAN DIEGO FRWY),CAMINO LAS RAMBLAS,700,N,N,A,-,Y,ORA,NA,5,NA,NA,6.925,H,NA,L,Y,4,0,1,2,A,-,03,22350,NA,N,C,C,A,A,H,-,C,D,0,NA,NA,NA,NA,Y,Y,A,01,0,0,1,0,0,0,0,0,0,-,-,33.46794128417969,-117.67221069335938,ORANGE,ORANGE,-117.67217254638672,33.46798324584961
9488919,2022,2022-08-30,3010,2022-08-09,2224,1179,272,2,5,6,3010,0,0,0,NA,0,006,WARNER AV,OAK LN,20,E,N,A,-,N,NA,NA,NA,NA,NA,NA,NA,NA,NA,Y,3,0,1,1,A,-,01,23152,A,N,E,I,A,A,H,-,C,D,0,NA,NA,NA,NA,Y,NA,A,01,0,1,0,0,0,0,0,0,0,-,-,NA,NA,ORANGE,HUNTINGTON BEACH,-117.99347686767578,33.71567153930664
9489249,2022,2022-08-31,3000,2022-07-19,1520,5013,972A5,2,5,4,3029,0,0,0,NA,0,736,DEL OBISPO ST,STONEHILL DR,127,S,N,A,-,N,NA,NA,NA,NA,NA,NA,NA,NA,NA,Y,3,0,2,2,A,-,09,21804,A,N,D,C,A,A,H,-,A,A,0,NA,NA,NA,NA,Y,NA,A,01,0,1,1,0,0,0,0,0,0,-,-,NA,NA,ORANGE,DANA POINT,-117.68499755859376,33.47521209716797
94896857,2025,2025-10-22,9675,2025-10-11,1231,024571,NA,6,1,6,3026,0,1,1,NA,2,503,I-5 NORTHBOUND,JAMBOREE RD.,82,N,N,A,-,Y,ORA,NA,5,NA,NA,27.626,H,NA,R,Y,4,0,1,3,A,-,07,21658,A,N,B,C,A,A,H,-,A,D,0,NA,NA,Y,NA,Y,NA,A,07,0,0,1,0,0,0,0,0,1,-,-,33.7199592590332,-117.79550933837892,ORANGE,IRVINE,-117.79544830322266,33.72002029418945
9489717,2022,2022-09-06,3000,2022-06-28,1230,10998,3000,2,5,4,3045,0,0,0,NA,0,645,LAKE FOREST DR,MILL CREEK DR,10,W,N,A,-,N,NA,NA,NA,NA,NA,NA,NA,NA,NA,Y,4,0,2,2,A,-,12,21453,A,N,D,C,A,A,H,-,A,A,0,NA,NA,NA,NA,Y,NA,A,01,0,0,2,0,0,0,0,0,0,-,-,NA,NA,ORANGE,LAGUNA HILLS,-117.73471069335938,33.62995529174805
94898113,2025,2025-10-22,9675,2025-10-14,1050,017773,NA,2,1,6,3026,0,1,1,NA,2,047,I-405 N/B,SR-133,500,N,N,C,-,Y,ORA,NA,405,NA,NA,1.949,H,NA,R,Y,4,0,1,1,A,-,03,22350,NA,N,E,I,A,B,F,-,A,D,0,NA,NA,NA,NA,Y,NA,A,01,0,0,1,0,0,0,0,0,0,-,-,33.65214157104492,-117.763671875,ORANGE,IRVINE,-117.7636489868164,33.6522331237793
94900073,2024,2025-10-24,9675,2024-11-19,2337,018983,NA,2,3,6,3004,0,1,1,NA,2,405,INTERSTATE 405 SOUTHBOUND,HARBOR BOULEVARD,746,S,N,A,-,Y,ORA,NA,405,NA,NA,11.307,H,NA,L,Y,1,1,0,3,C,-,18,NA,NA,N,C,2,E,A,H,-,E,D,0,Y,NA,NA,NA,Y,NA,-,-,0,0,0,1,0,0,0,0,0,-,-,33.688201904296875,-117.91676330566406,ORANGE,COSTA MESA,-117.91674041748048,33.68826675415039
94911281,2025,2025-11-03,9690,2025-10-21,905,016610,NA,2,1,5,3017,0,1,1,NA,2,059,I-5 N/B (SAN DIEGO FRWY),CAMINO DE ESTRELLA,950,S,N,B,-,Y,ORA,NA,5,NA,NA,5.502,H,NA,R,Y,3,0,1,2,A,-,07,21658,A,N,B,C,A,A,H,-,A,D,0,NA,NA,NA,Y,Y,NA,A,07,0,1,0,0,0,0,0,0,0,-,-,33.456539154052734,-117.65168762207033,ORANGE,SAN CLEMENTE,-117.6517333984375,33.456478118896484