CASE_ID,ACCIDENT_YEAR,PROC_DATE,JURIS,COLLISION_DATE,COLLISION_TIME,OFFICER_ID,REPORTING_DISTRICT,DAY_OF_WEEK,CHP_SHIFT,POPULATION,CNTY_CITY_LOC,SPECIAL_COND,BEAT_TYPE,CHP_BEAT_TYPE,CITY_DIVISION_LAPD,CHP_BEAT_CLASS,BEAT_NUMBER,PRIMARY_RD,SECONDARY_RD,DISTANCE,DIRECTION,INTERSECTION,WEATHER_1,WEATHER_2,STATE_HWY_IND,CALTRANS_COUNTY,CALTRANS_DISTRICT,STATE_ROUTE,ROUTE_SUFFIX,POSTMILE_PREFIX,POSTMILE,LOCATION_TYPE,RAMP_INTERSECTION,SIDE_OF_HWY,TOW_AWAY,COLLISION_SEVERITY,NUMBER_KILLED,NUMBER_INJURED,PARTY_COUNT,PRIMARY_COLL_FACTOR,PCF_CODE_OF_VIOL,PCF_VIOL_CATEGORY,PCF_VIOLATION,PCF_VIOL_SUBSECTION,HIT_AND_RUN,TYPE_OF_COLLISION,MVIW,PED_ACTION,ROAD_SURFACE,ROAD_COND_1,ROAD_COND_2,LIGHTING,CONTROL_DEVICE,CHP_ROAD_TYPE,PEDESTRIAN_ACCIDENT,BICYCLE_ACCIDENT,MOTORCYCLE_ACCIDENT,TRUCK_ACCIDENT,NOT_PRIVATE_PROPERTY,ALCOHOL_INVOLVED,STWD_VEHTYPE_AT_FAULT,CHP_VEHTYPE_AT_FAULT,COUNT_SEVERE_INJ,COUNT_VISIBLE_INJ,COUNT_COMPLAINT_PAIN,COUNT_PED_KILLED,COUNT_PED_INJURED,COUNT_BICYCLIST_KILLED,COUNT_BICYCLIST_INJURED,COUNT_MC_KILLED,COUNT_MC_INJURED,PRIMARY_RAMP,SECONDARY_RAMP,LATITUDE,LONGITUDE,COUNTY,CITY,POINT_X,POINT_Y
9641089,2023,2024-01-17,3011,2023-11-06,2054,31573,74,1,5,4,3011,0,0,0,NA,0,001,EL TORO RD,RT 73,0,NA,Y,A,-,Y,ORA,12,73,-,-,16.609,R,4,N,Y,2,0,4,2,A,-,03,22350,NA,N,C,C,A,A,H,-,C,A,0,NA,NA,NA,NA,Y,NA,A,01,2,0,2,0,0,0,0,0,0,-,NO,NA,NA,ORANGE,LAGUNA BEACH,-117.75599670410156,33.59168243408203
9642476,2023,2024-02-29,3004,2023-12-05,1435,P723,19,2,5,6,3004,0,0,0,NA,0,003,GIBRALTER,SAMOA PL,145,N,N,A,-,N,NA,NA,NA,NA,NA,NA,NA,NA,NA,N,3,0,1,2,A,-,09,21804,NA,N,A,G,A,A,H,-,A,D,0,NA,Y,NA,NA,Y,NA,L,04,0,1,0,0,0,0,1,0,0,-,-,33.684051513671875,-117.92578125,ORANGE,COSTA MESA,-117.92581939697266,33.684566497802734
9643186,2023,2024-01-06,3009,2023-11-02,1930,5002,091,4,5,6,3009,0,0,0,NA,0,012,BISCAYNE BL,ORANGEWOOD AV,0,NA,Y,A,-,N,NA,NA,NA,NA,NA,NA,NA,NA,NA,N,3,0,2,2,A,-,00,21650,5,N,A,G,A,A,H,-,C,D,0,NA,Y,NA,NA,Y,Y,L,04,0,2,0,0,0,0,1,0,0,-,-,NA,NA,ORANGE,GARDEN GROVE,-117.9599609375,33.79581832885742
9643675,2023,2024-02-16,3012,2023-10-09,1319,686,22,1,5,5,3012,0,0,0,NA,0,002,WHITTIER BL,STONEWOOD ST,0,NA,Y,A,-,Y,ORA,12,39,-,-,22.439,I,5,S,Y,4,0,1,2,A,-,09,21802,A,N,A,C,A,A,H,-,A,A,0,NA,NA,NA,NA,Y,NA,D,22,0,0,1,0,0,0,0,0,0,-,-,NA,NA,ORANGE,LA HABRA,-117.93807220458984,33.93917465209961
9644180,2023,2024-01-26,3004,2023-11-28,1343,P648,03,2,5,6,3004,0,0,0,NA,0,006,EAST 17TH ST,FULLERTON AV,50,E,N,A,-,N,NA,NA,NA,NA,NA,NA,NA,NA,NA,N,3,0,1,2,A,-,05,21650,1,N,B,C,A,A,H,-,A,D,0,NA,Y,NA,NA,Y,NA,L,04,0,1,0,0,0,0,1,0,0,-,-,33.63610076904297,-117.9197998046875,ORANGE,COSTA MESA,-117.91992950439452,33.63619613647461
9644182,2023,2024-01-26,3004,2023-11-23,922,P648,10,4,5,6,3004,0,0,0,NA,0,013,W WILSON ST,MINER ST,0,NA,Y,A,-,N,NA,NA,NA,NA,NA,NA,NA,NA,NA,Y,3,0,1,2,A,-,-,NA,NA,N,D,C,A,A,H,-,A,D,0,NA,NA,NA,NA,Y,NA,A,01,0,1,0,0,0,0,0,0,0,-,-,33.65610122680664,-117.92179870605467,ORANGE,COSTA MESA,-117.92186737060548,33.6561393737793
9648108,2023,2024-01-17,3000,2023-10-25,213,11636,797J5,3,5,4,3021,0,0,0,NA,0,023,BEACH BL,CHAPMAN AV,0,NA,Y,A,-,Y,ORA,12,39,-,-,9.671,I,5,S,Y,2,0,1,2,A,-,01,23152,A,N,D,C,A,A,H,-,C,D,0,NA,NA,NA,NA,Y,Y,D,22,1,0,0,0,0,0,0,0,0,-,-,NA,NA,ORANGE,STANTON,-117.99306488037108,33.78838348388672
9648168,2023,2024-01-24,3006,2023-11-15,310,329,31,3,5,3,3006,0,0,0,NA,0,002,WALKER ST,CRESCENT AV,185,N,N,A,-,N,NA,NA,NA,NA,NA,NA,NA,NA,NA,Y,2,0,1,1,A,-,01,23152,B,N,E,I,A,A,H,-,C,D,0,NA,NA,NA,NA,Y,Y,A,01,1,0,0,0,0,0,0,0,0,-,-,NA,NA,ORANGE,LA PALMA,-118.0371322631836,33.839569091796875
9648688,2023,2024-02-27,3000,2023-12-02,1325,11752,921F2,6,5,4,3045,0,0,0,NA,0,746,MOULTON PKWY,GLENWOOD DR,0,NA,Y,A,-,N,NA,NA,NA,NA,NA,NA,NA,NA,NA,Y,4,0,2,2,A,-,12,21453,A,N,D,C,A,A,H,-,A,A,0,NA,NA,NA,NA,Y,NA,A,01,0,0,2,0,0,0,0,0,0,-,-,NA,NA,ORANGE,LAGUNA HILLS,-117.71593475341795,33.59586715698242
9651249,2023,2024-02-26,3012,2023-12-01,1540,686,41,5,5,5,3012,0,0,0,NA,0,004,LA HABRA BL,WALNUT ST,0,NA,Y,A,-,N,NA,NA,NA,NA,NA,NA,NA,NA,NA,N,3,0,2,2,A,-,09,21801,A,N,D,C,A,A,H,-,A,A,0,NA,NA,NA,NA,Y,NA,A,07,0,2,0,0,0,0,0,0,0,-,-,NA,NA,ORANGE,LA HABRA,-117.95050811767578,33.931861877441406
9654289,2023,2024-01-26,3000,2023-12-15,1910,10853,972F6,5,5,5,3017,0,0,0,NA,0,778,CAMINO DE LOS MARES,CALLE NUEVO,134,W,N,A,-,N,NA,NA,NA,NA,NA,NA,NA,NA,NA,Y,3,0,2,2,A,-,01,23152,A,N,C,C,A,A,H,-,C,D,0,NA,NA,NA,NA,Y,Y,A,01,0,2,0,0,0,0,0,0,0,-,-,NA,NA,ORANGE,SAN CLEMENTE,-117.64027404785156,33.46519088745117
9654576,2023,2024-08-22,3000,2023-12-07,1141,8816,891F2,4,5,5,3050,0,0,0,NA,0,165,BAKE PKWY,TOLEDO WY,0,NA,Y,A,-,N,NA,NA,NA,NA,NA,NA,NA,NA,NA,Y,4,0,1,4,A,-,12,21453,A,N,D,C,A,A,H,-,A,A,0,NA,NA,NA,NA,Y,NA,A,01,0,0,1,0,0,0,0,0,0,-,-,NA,NA,ORANGE,LAKE FOREST,-117.70692443847656,33.649723052978516
9654655,2023,2024-02-17,3000,2023-12-19,1742,4246,992H4,2,5,5,3017,0,0,0,NA,0,776,W ESCALONES,EL CAMINO REAL,366,W,N,A,-,N,NA,NA,NA,NA,NA,NA,NA,NA,NA,N,4,0,1,2,A,-,05,21651,B,N,H,G,A,A,H,-,B,A,0,NA,Y,NA,NA,Y,NA,A,07,0,0,1,0,0,0,1,0,0,-,-,NA,NA,ORANGE,SAN CLEMENTE,-117.6194076538086,33.42948913574219
9654694,2023,2024-03-02,3000,2023-12-24,1613,12177,952B4,7,5,4,3018,0,0,0,NA,0,730,VILLAGE RD,LAKEVIEW RD,8,S,N,A,-,N,NA,NA,NA,NA,NA,NA,NA,NA,NA,N,3,0,1,2,A,-,08,22107,NA,N,D,C,A,A,H,-,B,D,0,NA,NA,NA,NA,Y,NA,A,07,0,1,0,0,0,0,0,0,0,-,-,NA,NA,ORANGE,SAN JUAN CAPISTRANO,-117.6723861694336,33.53085708618164
9656548,2023,2024-02-23,3011,2023-12-02,1220,31258,71,6,5,4,3011,0,0,0,NA,0,001,LAGUNA CANYON RD,CANYON ACRES DR,5808,N,N,A,-,Y,ORA,12,133,-,-,1.07,H,-,N,Y,3,0,3,2,A,-,03,22350,NA,N,C,C,A,A,H,-,A,D,0,NA,NA,NA,NA,Y,NA,A,01,0,2,1,0,0,0,0,0,0,-,-,NA,NA,ORANGE,LAGUNA BEACH,-117.77482604980467,33.55514907836914
9657146,2024,2024-03-29,3012,2024-01-08,2254,706,43,1,5,5,3012,0,0,0,NA,0,004,641 S PALM ST,LAMBERT RD,290,N,N,A,-,N,NA,NA,NA,NA,NA,NA,NA,NA,NA,N,4,0,1,1,A,-,01,23152,A,N,E,I,A,A,A,-,C,A,0,NA,NA,NA,NA,Y,Y,A,01,0,0,1,0,0,0,0,0,0,-,-,NA,NA,ORANGE,LA HABRA,-117.92439270019533,33.9254150390625
9657181,2023,2024-02-05,3004,2023-12-15,800,P542,13,5,5,6,3004,0,0,0,NA,0,004,FAIR DR,HARBOR BL,10,W,N,A,-,N,NA,NA,NA,NA,NA,NA,NA,NA,NA,N,4,0,1,2,A,-,05,21650,1,N,H,G,A,A,H,-,A,A,0,NA,Y,NA,NA,Y,NA,L,04,0,0,1,0,0,0,1,0,0,-,-,33.66299819946289,-117.91899871826172,ORANGE,COSTA MESA,-117.9193115234375,33.663272857666016
9657229,2023,2024-02-13,3000,2023-09-24,2015,10838,971H6,7,5,4,3029,0,0,0,NA,0,436,GOLDEN LANTERN,STARBOARD LANTERN,0,NA,Y,A,-,N,NA,NA,NA,NA,NA,NA,NA,NA,NA,N,3,0,1,2,A,-,08,22107,NA,N,H,G,A,A,H,-,C,D,0,NA,Y,NA,NA,Y,NA,M,91,0,1,0,0,0,0,1,0,0,-,-,NA,NA,ORANGE,DANA POINT,-117.69638061523438,33.464988708496094
9657631,2024,2024-03-28,3009,2024-01-09,2140,4655,116,2,5,6,3009,0,0,0,NA,0,023,WOODBURY RD,FERNWOOD DR,80,W,N,A,-,N,NA,NA,NA,NA,NA,NA,NA,NA,NA,N,4,0,1,4,A,-,03,22350,NA,N,B,E,A,A,H,-,C,D,0,NA,NA,NA,NA,Y,NA,A,01,0,0,1,0,0,0,0,0,0,-,-,NA,NA,ORANGE,GARDEN GROVE,-117.93978881835938,33.7636604309082
9657704,2024,2024-06-28,3000,2024-01-13,1553,11256,952B2,6,5,5,3028,0,0,0,NA,0,753,MARGUERITE PKWY,MISSION VIEJO TOWN CENTER,0,NA,Y,-,-,N,NA,NA,NA,NA,NA,NA,NA,NA,NA,Y,4,0,1,2,A,-,12,21453,A,N,A,C,A,-,-,-,-,A,0,NA,NA,NA,NA,Y,NA,A,08,0,0,1,0,0,0,0,0,0,-,-,NA,NA,ORANGE,MISSION VIEJO,NA,NA
9657713,2024,2024-03-29,3000,2024-01-20,1155,11797,972E7,6,5,5,3017,0,0,0,NA,0,775,CAMPANA,LOS MARES,55,W,N,C,-,N,NA,NA,NA,NA,NA,NA,NA,NA,NA,Y,4,0,1,3,A,-,03,22350,NA,N,D,C,A,B,H,-,A,D,0,NA,NA,NA,NA,Y,NA,A,07,0,0,1,0,0,0,0,0,0,-,-,NA,NA,ORANGE,SAN CLEMENTE,NA,NA
9661468,2023,2024-03-07,3000,2023-10-03,947,10124,197J2,2,5,4,3021,0,0,0,NA,0,6M21,BEACH BL,KATELLA AV,0,NA,Y,A,-,Y,ORA,12,39,-,-,10.66,I,5,S,N,4,0,1,2,A,-,09,21453,C,N,D,C,A,A,H,-,A,A,0,NA,NA,NA,NA,Y,NA,D,22,0,0,1,0,0,0,0,0,0,-,-,NA,NA,ORANGE,STANTON,-117.99325561523438,33.80289077758789
9662024,2024,2024-04-04,3000,2024-01-17,1240,10321,992H3,3,5,5,3017,0,0,0,NA,0,6M75,AVENIDA PICO,RT 5,0,NA,Y,B,-,N,NA,NA,NA,NA,NA,NA,NA,NA,NA,N,3,0,1,2,A,-,12,21453,A,N,D,C,A,A,H,-,A,A,0,NA,NA,NA,NA,Y,NA,A,07,0,1,0,0,0,0,0,0,0,-,SF,NA,NA,ORANGE,SAN CLEMENTE,-117.62271881103516,33.43878936767578
9667758,2024,2024-04-29,3000,2024-02-19,1840,5013,972D7,1,5,4,3029,0,0,0,NA,0,736,AVENIDA LAS PALMAS,CALLE REAL,275,W,N,B,-,N,NA,NA,NA,NA,NA,NA,NA,NA,NA,Y,4,0,1,2,A,-,03,22350,NA,M,D,C,A,A,H,-,D,D,0,NA,NA,NA,NA,Y,NA,A,07,0,0,1,0,0,0,0,0,0,-,-,NA,NA,ORANGE,DANA POINT,-117.66030883789063,33.45949935913086
9667896,2024,2024-05-04,3000,2024-02-12,1820,12182,862C6,1,5,5,3050,0,0,0,NA,0,765,RANCHO PKWY,LAKE FOREST DR,53,S,N,A,-,N,NA,NA,NA,NA,NA,NA,NA,NA,NA,Y,3,0,1,2,A,-,08,22107,NA,N,C,C,A,A,H,-,C,A,0,NA,NA,Y,NA,Y,NA,A,07,0,1,0,0,0,0,0,0,1,-,-,NA,NA,ORANGE,LAKE FOREST,-117.66131591796876,33.66922378540039
9667930,2024,2024-03-19,3012,2024-01-25,1320,705,26,4,5,5,3012,0,0,0,NA,0,002,LA HABRA BL,HARBOR BL,122,E,N,A,-,N,NA,NA,NA,NA,NA,NA,NA,NA,NA,Y,4,0,1,3,A,-,09,21804,A,N,D,C,A,A,H,-,A,D,0,NA,NA,NA,NA,Y,NA,A,01,0,0,1,0,0,0,0,0,0,-,-,NA,NA,ORANGE,LA HABRA,-117.93264770507813,33.931880950927734
9667973,2024,2024-04-09,3012,2024-02-11,620,698,43,7,5,5,3012,0,0,0,NA,0,004,NORTH HARBOR BL,E LA HABRA BL,0,NA,Y,A,-,N,NA,NA,NA,NA,NA,NA,NA,NA,NA,Y,3,0,3,2,A,-,01,23152,A,N,D,C,A,A,H,-,B,A,0,NA,NA,NA,NA,Y,Y,A,01,0,2,1,0,0,0,0,0,0,-,-,NA,NA,ORANGE,LA HABRA,-117.93304443359376,33.931880950927734
9670959,2023,2024-03-04,3000,2023-12-12,1358,9458,921E6,2,5,4,3049,0,0,0,NA,0,183,ALISO CREEK RD,WOLVERINE WY,0,NA,Y,A,-,N,NA,NA,NA,NA,NA,NA,NA,NA,NA,Y,3,0,1,2,A,-,09,21806,A,N,D,D,A,A,H,-,A,A,0,NA,NA,NA,NA,Y,NA,A,07,0,1,0,0,0,0,0,0,0,-,-,NA,NA,ORANGE,ALISO VIEJO,-117.72496795654295,33.564205169677734
9673863,2024,2024-05-03,3005,2024-02-29,1059,8041,C21,4,5,4,3005,0,0,0,NA,0,002,WALKER ST,ASPEN ST,251,S,N,A,-,N,NA,NA,NA,NA,NA,NA,NA,NA,NA,Y,3,0,1,2,A,-,09,21804,A,N,D,C,A,A,H,-,A,D,0,NA,NA,NA,NA,Y,NA,D,22,0,1,0,0,0,0,0,0,0,-,-,NA,NA,ORANGE,CYPRESS,-118.0368423461914,33.81852340698242
9680342,2024,2024-05-01,3011,2024-03-26,2157,31597,41,2,5,4,3011,0,0,0,NA,0,002,CLEO ST,RT 1,0,NA,Y,B,-,N,NA,NA,NA,NA,NA,NA,NA,NA,NA,N,2,0,1,2,A,-,11,21954,A,N,G,B,D,A,H,-,C,A,0,Y,NA,NA,NA,Y,NA,N,60,1,0,0,0,1,0,0,0,0,-,-,NA,NA,ORANGE,LAGUNA BEACH,-117.77959442138672,33.53761672973633
9681638,2024,2024-06-27,3009,2024-03-14,2004,4787,12,4,5,6,3009,0,0,0,NA,0,1-1,VALLEY VIEW ST,SANTA BARBARA AV,150,S,N,A,-,N,NA,NA,NA,NA,NA,NA,NA,NA,NA,N,4,0,1,2,A,-,03,22350,NA,N,C,C,A,A,H,-,C,D,0,NA,NA,NA,NA,Y,NA,A,01,0,0,1,0,0,0,0,0,0,-,-,NA,NA,ORANGE,GARDEN GROVE,-118.02877044677734,33.790557861328125
9682407,2024,2024-05-14,3000,2024-02-17,1214,4246,992H3,6,5,5,3017,0,0,0,NA,0,775,E AVENIDA PICO,RT 5,32,E,N,A,-,Y,ORA,12,5,-,-,3.612,R,4,S,N,4,0,1,2,A,-,21,22106,NA,N,C,C,A,A,H,-,A,A,0,NA,NA,NA,NA,Y,NA,A,01,0,0,1,0,0,0,0,0,0,-,SF,NA,NA,ORANGE,SAN CLEMENTE,-117.62545013427734,33.440494537353516
9689385,2024,2024-05-14,3009,2024-03-03,1109,4719,115,7,5,6,3009,0,0,0,NA,0,021,TAFT ST,GARDEN GROVE BL,27,W,N,C,-,N,NA,NA,NA,NA,NA,NA,NA,NA,NA,N,4,0,1,2,D,-,00,NA,NA,N,B,C,A,B,H,-,A,A,0,NA,NA,NA,NA,Y,NA,-,-,0,0,1,0,0,0,0,0,0,-,-,NA,NA,ORANGE,GARDEN GROVE,-117.94213104248048,33.77408981323242
9689396,2024,2024-05-14,3005,2024-03-22,2007,8306,C14,5,5,4,3005,0,0,0,NA,0,001,MOODY ST,CAMP ST,0,NA,Y,A,-,N,NA,NA,NA,NA,NA,NA,NA,NA,NA,N,3,0,1,2,A,-,09,21801,A,F,D,G,A,A,H,-,C,A,0,NA,Y,NA,NA,Y,NA,A,01,0,1,0,0,0,0,1,0,0,-,-,NA,NA,ORANGE,CYPRESS,-118.04576873779295,33.829830169677734
9689678,2024,2024-09-16,3002,2024-04-06,1905,12602,739J4,6,5,5,3025,0,0,0,NA,0,001,YORBA LINDA BL,VAN BUREN ST,130,E,N,A,-,N,NA,NA,NA,NA,NA,NA,NA,NA,NA,Y,4,0,1,2,A,-,01,23152,A,N,C,C,A,A,H,-,B,A,0,NA,NA,NA,NA,Y,Y,A,01,0,0,1,0,0,0,0,0,0,-,-,NA,NA,ORANGE,YORBA LINDA,-117.83115386962892,33.88837814331055
9689771,2024,2024-05-07,3009,2024-03-31,1031,5054,23,7,5,6,3009,0,0,0,NA,0,011,SPRINGDALE ST,LAMPSON AV,0,NA,Y,C,-,N,NA,NA,NA,NA,NA,NA,NA,NA,NA,Y,4,0,2,2,A,-,12,21453,A,N,D,C,A,B,H,-,A,A,0,NA,NA,NA,NA,Y,NA,A,01,0,0,2,0,0,0,0,0,0,-,-,NA,NA,ORANGE,GARDEN GROVE,-118.01998138427734,33.78105163574219
9690323,2024,2024-04-25,3000,2024-02-23,1541,5377,921F7,5,5,5,3040,0,0,0,NA,0,741,ALICIA PKWY,AVILA,321,N,N,B,-,N,NA,NA,NA,NA,NA,NA,NA,NA,NA,Y,3,0,1,2,C,-,18,NA,NA,N,A,C,A,A,H,-,A,D,0,NA,NA,NA,NA,Y,NA,-,-,0,1,0,0,0,0,0,0,0,-,-,NA,NA,ORANGE,LAGUNA NIGUEL,-117.71572113037108,33.563629150390625
9690324,2024,2024-04-25,3000,2024-02-13,1635,4246,993A1,2,5,5,3017,0,0,0,NA,0,776,CALLE AMANECER,CALLE CORDILLERA,0,NA,Y,A,-,N,NA,NA,NA,NA,NA,NA,NA,NA,NA,N,4,0,1,2,A,-,09,21802,A,N,D,C,A,A,H,-,B,A,0,NA,NA,NA,NA,Y,NA,A,07,0,0,1,0,0,0,0,0,0,-,-,NA,NA,ORANGE,SAN CLEMENTE,-117.60340881347656,33.45082092285156
9691666,2024,2024-06-04,3012,2024-04-05,1519,686,45,5,5,5,3012,0,0,0,NA,0,004,IMPERIAL HWY,EUCLID ST,840,W,N,A,-,Y,ORA,12,90,-,-,1.6,H,-,E,N,4,0,1,2,A,-,03,22350,NA,N,C,C,A,A,H,-,A,A,0,NA,NA,NA,NA,Y,NA,A,07,0,0,1,0,0,0,0,0,0,-,-,NA,NA,ORANGE,LA HABRA,-117.94893646240234,33.917266845703125
9691787,2024,2024-05-14,3000,2024-03-13,1805,11752,921G1,3,5,4,3045,0,0,0,NA,0,746,PASEO DE VALENCIA,LOS ALISOS BL,252,S,N,A,-,N,NA,NA,NA,NA,NA,NA,NA,NA,NA,Y,2,0,4,3,A,-,01,23152,G,N,E,I,A,A,H,-,B,A,0,NA,NA,NA,NA,Y,Y,A,07,4,0,0,0,0,0,0,0,0,-,-,NA,NA,ORANGE,LAGUNA HILLS,-117.7033233642578,33.60411071777344
9691812,2024,2024-04-24,3000,2024-02-07,1518,3358,972C4,3,5,4,3018,0,0,0,NA,0,731,CAMINO CAPISTRANO,VIA DE ANZA,14,S,N,A,-,N,NA,NA,NA,NA,NA,NA,NA,NA,NA,Y,4,0,2,2,A,-,09,21802,A,N,D,C,A,A,H,-,A,D,0,NA,NA,NA,NA,Y,NA,A,01,0,0,2,0,0,0,0,0,0,-,-,NA,NA,ORANGE,SAN JUAN CAPISTRANO,-117.67009735107422,33.48194885253906
9693160,2024,2024-07-08,3004,2024-05-04,1216,P691,02,6,5,6,3004,0,0,0,NA,0,007,WEST 19TH ST,HARBOR BL,280,E,N,B,-,N,NA,NA,NA,NA,NA,NA,NA,NA,NA,N,4,0,1,2,A,-,05,21650,1,N,D,G,A,A,H,-,A,D,0,NA,Y,NA,NA,Y,NA,L,04,0,0,1,0,0,0,1,0,0,-,-,33.643001556396484,-117.91699981689452,ORANGE,COSTA MESA,-117.91805267333984,33.64334487915039
9696083,2024,2024-06-26,3000,2024-04-10,1435,11752,891D5,3,5,4,3045,0,0,0,NA,0,746,LAKE FOREST DR,IRVINE CENTER DRIVE,0,NA,Y,A,-,N,NA,NA,NA,NA,NA,NA,NA,NA,NA,Y,3,0,4,2,A,-,12,21453,A,N,D,C,A,A,H,-,A,A,0,NA,NA,NA,NA,Y,NA,A,01,0,2,2,0,0,0,0,0,0,-,-,NA,NA,ORANGE,LAGUNA HILLS,-117.73008728027344,33.629554748535156
9696084,2024,2024-06-26,3000,2024-04-01,1637,12177,972A3,1,5,4,3018,0,0,0,NA,0,030,AVENIDA DESCANSO,AVENIDA MARIPOSA,0,NA,Y,A,-,N,NA,NA,NA,NA,NA,NA,NA,NA,NA,N,3,0,2,2,A,-,05,21650,NA,N,D,G,A,A,H,-,A,D,0,NA,Y,NA,NA,Y,NA,L,04,0,2,0,0,0,0,2,0,0,-,-,NA,NA,ORANGE,SAN JUAN CAPISTRANO,-117.6798095703125,33.48603820800781
9696376,2024,2024-06-20,3002,2024-03-29,1921,5307,739J2,5,5,5,3025,0,0,0,NA,0,605,IMPERIAL HWY,PROSPECT AV,0,NA,Y,A,-,N,NA,NA,NA,NA,NA,NA,NA,NA,NA,Y,4,0,1,2,A,-,12,21453,A,N,D,C,A,A,H,-,A,A,0,NA,NA,NA,NA,Y,NA,A,08,0,0,1,0,0,0,0,0,0,-,-,NA,NA,ORANGE,YORBA LINDA,-117.83757019042967,33.90206527709961
9698056,2024,2024-05-20,3000,2024-01-28,935,8186,892A3,7,5,5,3050,0,0,0,NA,0,164,EL TORO RD,MONTCLIFF DR,276,W,N,A,-,N,NA,NA,NA,NA,NA,NA,NA,NA,NA,Y,3,0,1,2,A,-,09,21801,A,N,D,C,A,A,H,-,A,A,0,NA,NA,Y,NA,Y,NA,A,07,0,1,0,0,0,0,0,0,1,-,-,NA,NA,ORANGE,LAKE FOREST,-117.6787109375,33.63788604736328
9698326,2024,2024-07-09,3009,2024-03-31,2336,5200,144,7,5,6,3009,0,0,0,NA,0,2-2,HARBOR BL,GARDEN GROVE BL,0,NA,Y,A,-,N,NA,NA,NA,NA,NA,NA,NA,NA,NA,N,4,0,1,1,A,-,03,22350,NA,N,A,I,A,A,H,-,C,A,0,NA,NA,NA,NA,Y,NA,A,07,0,0,1,0,0,0,0,0,0,-,-,NA,NA,ORANGE,GARDEN GROVE,-117.92029571533205,33.77430725097656
9699794,2024,2024-07-22,3004,2024-05-01,1729,P639,01,3,5,6,3004,0,0,0,NA,0,009,W 18TH ST,PLACENTIA AV,3,W,N,A,-,N,NA,NA,NA,NA,NA,NA,NA,NA,NA,N,2,0,1,2,A,-,11,21950,B,N,A,B,B,A,H,-,A,A,0,Y,NA,Y,NA,Y,NA,N,60,1,0,0,0,1,0,0,0,0,-,-,33.63970947265625,-117.93209838867188,ORANGE,COSTA MESA,-117.93196868896484,33.639739990234375
9701082,2024,2024-07-24,3000,2024-05-15,1636,4246,992H3,3,5,5,3017,0,0,0,NA,0,776,AVENIDA PICO,VIA PICO PLZ,22,W,N,A,-,N,NA,NA,NA,NA,NA,NA,NA,NA,NA,N,4,0,1,2,A,-,04,21703,NA,N,C,C,A,A,H,-,A,A,0,NA,NA,Y,NA,Y,NA,C,03,0,0,1,0,0,0,0,0,1,-,-,NA,NA,ORANGE,SAN CLEMENTE,-117.62371826171876,33.437355041503906
9706858,2024,2024-08-01,3004,2024-05-06,1741,P730,25,1,5,6,3004,0,0,0,NA,0,008,FARIVIEW RD,SOUTH COAST DR,855,S,N,A,-,N,NA,NA,NA,NA,NA,NA,NA,NA,NA,N,3,0,1,1,A,-,03,22350,NA,N,H,G,A,A,H,-,A,D,0,NA,Y,NA,NA,Y,NA,L,04,0,1,0,0,0,0,1,0,0,-,-,33.688880920410156,-117.90757751464844,ORANGE,COSTA MESA,-117.90789794921876,33.68891525268555
9706962,2024,2024-07-25,3011,2024-05-17,1424,31258,51,5,5,4,3011,0,0,0,NA,0,002,PARK AV,BLUMONT ST,0,NA,Y,B,-,N,NA,NA,NA,NA,NA,NA,NA,NA,NA,N,3,0,2,2,A,-,03,22350,NA,N,H,-,F,A,H,-,A,D,0,Y,Y,NA,NA,Y,NA,L,04,0,2,0,0,1,0,1,0,0,-,-,NA,NA,ORANGE,LAGUNA BEACH,-117.77823638916016,33.54204559326172
9707385,2024,2024-07-26,3000,2024-05-07,601,10165,921G3,2,5,4,3045,0,0,0,NA,0,745,VIA LOMAS,ALICIA PKWY,1563,E,N,A,-,N,NA,NA,NA,NA,NA,NA,NA,NA,NA,Y,4,0,1,2,A,-,03,22350,NA,N,D,C,A,A,H,-,A,D,0,NA,NA,NA,NA,Y,NA,A,01,0,0,1,0,0,0,0,0,0,-,-,NA,NA,ORANGE,LAGUNA HILLS,-117.70197296142578,33.58802032470703
9713895,2024,2024-07-16,3000,2024-05-01,257,10008,798A2,3,5,4,3021,0,0,0,NA,0,022,KATELLA AV,COURT AV,0,NA,Y,A,-,N,NA,NA,NA,NA,NA,NA,NA,NA,NA,N,3,0,1,2,A,-,11,21950,B,N,G,-,D,A,H,-,C,D,0,Y,NA,NA,NA,Y,Y,N,60,0,1,0,0,1,0,0,0,0,-,-,NA,NA,ORANGE,STANTON,-117.99105834960938,33.80292892456055
9714083,2024,2024-08-01,3004,2024-06-17,1143,P462,02,1,5,6,3004,0,0,0,NA,0,001,SUPERIOR AV,16TH ST,1000,N,N,A,-,N,NA,NA,NA,NA,NA,NA,NA,NA,NA,Y,3,0,3,2,A,-,09,21804,A,N,D,C,A,A,H,-,A,D,0,NA,NA,NA,NA,Y,NA,A,01,0,3,0,0,0,0,0,0,0,-,-,NA,NA,ORANGE,COSTA MESA,-117.92279815673828,33.63702392578125
9716137,2024,2024-08-02,3004,2024-06-20,2000,P703,09,4,5,6,3004,0,0,0,NA,0,007,WEST 19TH ST,MEYER PL,148,W,N,A,-,N,NA,NA,NA,NA,NA,NA,NA,NA,NA,N,3,0,1,1,C,-,18,NA,NA,N,E,I,A,A,H,-,A,A,0,NA,NA,NA,NA,Y,NA,-,-,0,1,0,0,0,0,0,0,0,-,-,NA,NA,ORANGE,COSTA MESA,-117.92525482177734,33.643428802490234