CASE_ID,ACCIDENT_YEAR,PROC_DATE,JURIS,COLLISION_DATE,COLLISION_TIME,OFFICER_ID,REPORTING_DISTRICT,DAY_OF_WEEK,CHP_SHIFT,POPULATION,CNTY_CITY_LOC,SPECIAL_COND,BEAT_TYPE,CHP_BEAT_TYPE,CITY_DIVISION_LAPD,CHP_BEAT_CLASS,BEAT_NUMBER,PRIMARY_RD,SECONDARY_RD,DISTANCE,DIRECTION,INTERSECTION,WEATHER_1,WEATHER_2,STATE_HWY_IND,CALTRANS_COUNTY,CALTRANS_DISTRICT,STATE_ROUTE,ROUTE_SUFFIX,POSTMILE_PREFIX,POSTMILE,LOCATION_TYPE,RAMP_INTERSECTION,SIDE_OF_HWY,TOW_AWAY,COLLISION_SEVERITY,NUMBER_KILLED,NUMBER_INJURED,PARTY_COUNT,PRIMARY_COLL_FACTOR,PCF_CODE_OF_VIOL,PCF_VIOL_CATEGORY,PCF_VIOLATION,PCF_VIOL_SUBSECTION,HIT_AND_RUN,TYPE_OF_COLLISION,MVIW,PED_ACTION,ROAD_SURFACE,ROAD_COND_1,ROAD_COND_2,LIGHTING,CONTROL_DEVICE,CHP_ROAD_TYPE,PEDESTRIAN_ACCIDENT,BICYCLE_ACCIDENT,MOTORCYCLE_ACCIDENT,TRUCK_ACCIDENT,NOT_PRIVATE_PROPERTY,ALCOHOL_INVOLVED,STWD_VEHTYPE_AT_FAULT,CHP_VEHTYPE_AT_FAULT,COUNT_SEVERE_INJ,COUNT_VISIBLE_INJ,COUNT_COMPLAINT_PAIN,COUNT_PED_KILLED,COUNT_PED_INJURED,COUNT_BICYCLIST_KILLED,COUNT_BICYCLIST_INJURED,COUNT_MC_KILLED,COUNT_MC_INJURED,PRIMARY_RAMP,SECONDARY_RAMP,LATITUDE,LONGITUDE,COUNTY,CITY,POINT_X,POINT_Y
9765971,2025,2025-02-21,3000,2025-01-14,1732,12744,892C4,2,5,5,3028,0,0,0,NA,0,754,LOS ALISOS BL,VIA NOVENO,0,NA,Y,A,-,N,NA,NA,NA,NA,NA,NA,NA,NA,NA,Y,3,0,1,2,A,-,09,21453,C,N,D,C,A,A,H,-,C,A,0,NA,NA,NA,NA,Y,NA,A,07,0,1,0,0,0,0,0,0,0,-,-,33.63618850708008,-117.66200256347656,ORANGE,MISSION VIEJO,-117.6613998413086,33.636131286621094
9767081,2025,2025-04-10,3003,2025-03-16,753,1256,NA,7,5,5,3003,0,0,0,NA,0,NA,LINCOLN AV,HOLDER ST,591,E,N,A,-,N,NA,NA,NA,NA,NA,NA,NA,NA,NA,N,2,0,1,1,A,-,08,22107,NA,N,E,I,A,A,H,-,A,D,0,NA,NA,NA,NA,Y,NA,A,01,1,0,0,0,0,0,0,0,0,-,-,33.83184814453125,-118.01732635498048,ORANGE,BUENA PARK,-118.01774597167967,33.83176803588867
9767263,2025,2025-04-17,3004,2025-04-03,739,P691,RD88,4,5,6,3004,0,0,0,NA,0,002,NEWPORT BL,MESA DR,0,NA,Y,A,-,N,NA,NA,NA,NA,NA,NA,NA,NA,NA,Y,3,0,1,2,A,-,12,21453,A,N,D,C,A,A,H,-,A,A,0,NA,NA,NA,NA,Y,NA,D,22,0,1,0,0,0,0,0,0,0,-,-,33.66564178466797,-117.89427185058594,ORANGE,COSTA MESA,-117.895263671875,33.66632843017578
9769484,2024,2024-12-26,3000,2024-10-24,1825,10287,921J1,4,5,5,3028,0,0,0,NA,0,455,ALICIA PKWY,RT 5,11,W,N,A,-,Y,ORA,12,5,-,-,17.297,R,4,N,N,4,0,1,2,A,-,03,22350,NA,N,C,C,A,A,H,-,C,A,0,NA,NA,NA,NA,Y,NA,A,01,0,0,1,0,0,0,0,0,0,-,-,NA,NA,ORANGE,MISSION VIEJO,-117.6880340576172,33.603092193603516
9769619,2024,2025-01-16,3011,2024-12-08,1207,31613,NA,7,5,4,3011,0,0,0,NA,0,NA,RT 133,LAGUNA CANYON,383,N,N,A,-,Y,ORA,12,133,-,-,0.66,H,-,S,N,3,0,1,2,A,-,03,22350,NA,N,C,C,A,A,H,-,A,D,0,NA,NA,NA,NA,Y,NA,A,01,0,1,0,0,0,0,0,0,0,-,-,NA,NA,ORANGE,LAGUNA BEACH,-117.7794952392578,33.55070495605469
9771158,2024,2025-01-15,3009,2024-12-19,1434,4352,104,4,5,6,3009,0,0,0,NA,0,012,STANFORD AV,NUTWOOD ST,0,NA,Y,A,-,N,NA,NA,NA,NA,NA,NA,NA,NA,NA,Y,4,0,1,3,A,-,12,22450,NA,N,D,C,A,A,H,-,A,A,0,NA,NA,NA,NA,Y,NA,A,01,0,0,1,0,0,0,0,0,0,-,-,NA,NA,ORANGE,GARDEN GROVE,-117.94976806640624,33.7777099609375
9772824,2024,2024-12-27,3000,2024-10-23,1140,11071,862B7,3,5,5,3050,0,0,0,NA,0,064,LAKE FOREST DR,DIMENSION DR,157,W,N,A,-,N,NA,NA,NA,NA,NA,NA,NA,NA,NA,Y,4,0,1,2,A,-,08,22107,NA,N,C,C,A,A,H,-,A,A,0,NA,NA,NA,NA,Y,NA,D,22,0,0,1,0,0,0,0,0,0,-,-,NA,NA,ORANGE,LAKE FOREST,-117.66812896728516,33.66143035888672
9774509,2024,2025-01-17,3000,2024-09-13,2043,11559,971G3,5,5,4,3029,0,0,0,NA,0,4A34,NIGUEL RD,CAMINO DEL AVION,0,S,N,A,-,N,NA,NA,NA,NA,NA,NA,NA,NA,NA,Y,2,0,1,2,A,-,12,21453,A,N,D,C,A,A,H,-,C,A,0,NA,NA,Y,NA,Y,NA,C,02,1,0,0,0,0,0,0,0,1,-,-,33.29222106933594,-117.4241180419922,ORANGE,DANA POINT,-117.71127319335938,33.48977279663086
9776478,2024,2025-02-04,3000,2024-12-24,1421,10968,971F4,2,5,4,3029,0,0,0,NA,0,6M38,NIGUEL RD,STONEHILL DR,0,NA,Y,C,-,N,NA,NA,NA,NA,NA,NA,NA,NA,NA,N,4,0,1,1,A,-,03,22350,NA,N,H,A,A,B,H,-,A,A,0,NA,NA,Y,NA,Y,NA,C,02,0,0,1,0,0,0,0,0,1,-,-,NA,NA,ORANGE,DANA POINT,-117.7138671875,33.47935104370117
9777321,2025,2025-02-28,3005,2025-02-03,1829,8370,C25,1,5,4,3005,0,0,0,NA,0,003,MYRA AV,WALKER,82,W,N,A,-,N,NA,NA,NA,NA,NA,NA,NA,NA,NA,N,4,0,1,2,A,-,03,22350,NA,N,C,C,A,A,H,-,C,A,0,NA,NA,NA,NA,Y,NA,A,01,0,0,1,0,0,0,0,0,0,-,-,NA,NA,ORANGE,CYPRESS,-118.03705596923828,33.81497573852539
9777627,2025,2025-03-17,3000,2025-01-06,828,12942,892E1,1,5,5,3028,0,0,0,NA,0,058,SANTA MARGARITA PKWY,MARGUERITE PKWY,0,NA,Y,A,-,N,NA,NA,NA,NA,NA,NA,NA,NA,NA,N,3,0,1,2,B,-,22,NA,NA,N,D,G,A,A,H,-,A,A,0,NA,Y,NA,NA,Y,NA,L,04,0,1,0,0,0,0,1,0,0,-,-,33.390499114990234,-117.38400268554688,ORANGE,MISSION VIEJO,-117.64463806152344,33.65155792236328
9780543,2024,2025-03-13,3000,2024-12-30,1740,4248,NA,1,5,5,3017,0,0,0,NA,0,777,AVENIDA LA PATA,CALLE DEL CERRO,233,W,N,A,-,N,NA,NA,NA,NA,NA,NA,NA,NA,NA,N,3,0,1,2,A,-,08,22107,NA,N,C,G,A,A,H,-,C,D,0,NA,Y,NA,NA,Y,NA,A,07,0,1,0,0,0,0,1,0,0,-,-,NA,NA,ORANGE,SAN CLEMENTE,-117.59232330322266,33.45120620727539
9780576,2025,2025-03-19,3002,2025-02-02,1704,12602,740,7,5,5,3025,0,0,0,NA,0,001,LAKEVIEW AV,BASTANCHURY RD,19,N,N,A,-,N,NA,NA,NA,NA,NA,NA,NA,NA,NA,N,4,0,1,2,A,-,03,22350,NA,N,C,C,A,A,H,-,A,A,0,NA,NA,NA,NA,Y,NA,A,01,0,0,1,0,0,0,0,0,0,-,-,NA,NA,ORANGE,YORBA LINDA,-117.8115692138672,33.8995361328125
9780593,2025,2025-03-26,3000,2025-01-29,1712,12795,921G2,3,5,4,3045,0,0,0,NA,0,747,PASEO DE VALENCIA,KENNINGTON DR,450,N,N,A,-,N,NA,NA,NA,NA,NA,NA,NA,NA,NA,Y,4,0,2,3,A,-,03,22350,NA,N,C,C,A,A,H,-,A,D,0,NA,NA,NA,NA,Y,NA,A,07,0,0,2,0,0,0,0,0,0,-,-,NA,NA,ORANGE,LAGUNA HILLS,-117.7027587890625,33.6026611328125
9782213,2025,2025-02-06,3000,2025-01-09,1533,11572,973D7,4,5,5,3017,0,0,0,NA,0,NA,AVENIDA PICO,CAMINO CELOSIA,130,W,N,A,-,N,NA,NA,NA,NA,NA,NA,NA,NA,NA,N,3,0,1,1,A,-,03,22350,NA,N,E,I,A,A,H,-,A,D,0,NA,Y,NA,NA,Y,NA,L,04,0,1,0,0,0,0,1,0,0,-,-,NA,NA,ORANGE,SAN CLEMENTE,-117.5815887451172,33.45683288574219
9789302,2025,2025-03-27,3005,2025-03-12,16,8332,C21,3,5,4,3005,0,0,0,NA,0,002,WALKER ST,BALL RD,0,NA,Y,A,-,N,NA,NA,NA,NA,NA,NA,NA,NA,NA,Y,4,0,2,2,D,-,00,NA,NA,N,D,C,A,B,H,-,C,A,0,NA,NA,NA,NA,Y,NA,-,-,0,0,2,0,0,0,0,0,0,-,-,NA,NA,ORANGE,CYPRESS,-118.0368194580078,33.816959381103516
9790667,2025,2025-04-02,3003,2025-03-05,1806,1124,NA,3,5,5,3003,0,0,0,NA,0,NA,RT 39,LA PALMA AV,75,N,N,C,-,N,NA,NA,NA,NA,NA,NA,NA,NA,NA,N,3,0,1,2,A,-,11,21954,A,N,G,B,D,B,H,-,C,A,0,Y,NA,NA,NA,Y,NA,N,60,0,1,0,0,1,0,0,0,0,-,-,33.84700012207031,-117.997802734375,ORANGE,BUENA PARK,-117.99781799316406,33.846805572509766
9792570,2025,2025-05-02,3003,2025-02-23,1451,1193,NA,7,5,5,3003,0,0,0,NA,0,NA,VALLEY VIEW ST,LOS ENCINOS ST,0,NA,Y,A,-,N,NA,NA,NA,NA,NA,NA,NA,NA,NA,N,4,0,1,2,A,-,10,21950,NA,N,G,B,B,A,H,-,A,A,0,Y,NA,NA,NA,Y,NA,A,01,0,0,1,0,1,0,0,0,0,-,-,33.8336296081543,-118.02848052978516,ORANGE,BUENA PARK,-118.02865600585938,33.838111877441406
9801104,2025,2025-04-17,3000,2025-02-18,1120,10380,921G2,2,5,4,3045,0,0,0,NA,0,6M47,PASEO DE VALENCIA,KENNINGTON DR,0,NA,Y,A,-,N,NA,NA,NA,NA,NA,NA,NA,NA,NA,N,2,0,1,1,A,-,03,22350,NA,N,E,I,A,A,H,-,A,A,0,NA,Y,NA,NA,Y,NA,M,91,1,0,0,0,0,0,1,0,0,-,-,NA,NA,ORANGE,LAGUNA HILLS,-117.70243072509766,33.601463317871094
9802118,2025,2025-04-29,3004,2025-04-02,1650,PL691,RD15,3,5,6,3004,0,0,0,NA,0,011,ADAMS AV,ROYAL PALM DR,0,NA,Y,A,-,N,NA,NA,NA,NA,NA,NA,NA,NA,NA,Y,3,0,1,2,A,-,12,21453,A,N,D,C,A,A,H,-,A,A,0,NA,NA,NA,NA,Y,NA,A,01,0,1,0,0,0,0,0,0,0,-,-,33.67338943481445,-117.92180633544922,ORANGE,COSTA MESA,-117.92201995849608,33.6733283996582
9802170,2025,2025-04-24,3004,2025-04-07,854,P691,RD14,1,5,6,3004,0,0,0,NA,0,009,PLACENTIA AV,SWAN CIR,12000,S,N,A,-,N,NA,NA,NA,NA,NA,NA,NA,NA,NA,Y,3,0,1,2,A,-,03,22350,NA,N,C,C,A,A,H,-,A,D,0,NA,NA,NA,NA,Y,NA,D,22,0,1,0,0,0,0,0,0,0,-,-,33.66899108886719,-117.93733978271484,ORANGE,COSTA MESA,-117.93193817138672,33.63845443725586
9803129,2025,2025-04-21,3009,2025-03-21,1531,5257,032,5,5,6,3009,0,0,0,NA,0,011,KNOTT ST,CHAPMAN AV,0,NA,Y,A,-,N,NA,NA,NA,NA,NA,NA,NA,NA,NA,Y,3,0,2,2,A,-,09,21801,A,N,D,C,A,A,H,-,A,A,0,NA,NA,NA,NA,Y,NA,A,01,0,2,0,0,0,0,0,0,0,-,-,NA,NA,ORANGE,GARDEN GROVE,-118.01113128662108,33.78830337524414
9803725,2025,2025-04-29,3000,2025-03-13,952,8640,892A,4,5,5,3050,0,0,0,NA,0,164,EL TORO RD,MONTCLIFF DR,0,NA,Y,C,-,N,NA,NA,NA,NA,NA,NA,NA,NA,NA,Y,3,0,1,1,A,-,09,21801,A,N,E,I,A,B,H,-,A,A,0,NA,NA,NA,NA,Y,NA,A,01,0,1,0,0,0,0,0,0,0,-,-,NA,NA,ORANGE,LAKE FOREST,-117.67788696289063,33.63820266723633
9804716,2025,2025-06-13,3011,2025-04-18,28,31653,NA,5,5,4,3011,0,0,0,NA,0,NA,LAGUNA CANYON CREEK RD,CASTLE ROCK RD,602,S,N,A,-,Y,ORA,12,133,-,-,2.14,H,-,N,Y,3,0,2,3,A,-,01,23152,A,N,C,E,A,A,H,-,C,A,0,NA,NA,NA,NA,Y,Y,A,01,0,2,0,0,0,0,0,0,0,-,-,NA,NA,ORANGE,LAGUNA BEACH,-117.76385498046876,33.56451416015625
9805287,2025,2025-04-30,3000,2025-03-19,758,9936,3000,3,5,4,3048,0,0,0,NA,0,6M68,ANTONIO PKWY,VIA VERDE,0,NA,Y,A,-,N,NA,NA,NA,NA,NA,NA,NA,NA,NA,Y,4,0,1,2,A,-,12,21453,A,N,D,C,A,A,H,-,A,A,0,NA,NA,NA,NA,Y,NA,A,07,0,0,1,0,0,0,0,0,0,-,-,NA,NA,ORANGE,RANCHO SANTA MARGARITA,-117.61396026611328,33.61773681640625
9806118,2025,2025-05-27,3002,2025-03-27,1329,3893,741D6,4,5,5,3025,0,0,0,NA,0,004,LA PALMA AV,VIA DEL RIO,107,E,N,A,-,N,NA,NA,NA,NA,NA,NA,NA,NA,NA,Y,3,0,1,1,A,-,08,22107,NA,N,E,I,A,A,H,-,A,D,0,NA,NA,NA,NA,Y,NA,D,22,0,1,0,0,0,0,0,0,0,-,-,NA,NA,ORANGE,YORBA LINDA,-117.73723602294922,33.8815803527832
9806782,2025,2025-05-14,3003,2025-04-25,1545,1289,NA,5,5,5,3003,0,0,0,NA,0,NA,ARTESIA BL,FULLERTON AV,0,NA,Y,A,-,N,NA,NA,NA,NA,NA,NA,NA,NA,NA,Y,3,0,3,2,A,-,09,21802,NA,N,D,C,A,A,H,-,A,D,0,NA,NA,NA,NA,Y,NA,A,01,0,1,2,0,0,0,0,0,0,-,-,33.87300109863281,-117.9990005493164,ORANGE,BUENA PARK,-117.9997787475586,33.873497009277344
9807491,2025,2025-05-30,3006,2025-04-27,1319,350,17,7,5,3,3006,0,0,0,NA,0,001,ORANGETHORPE AV,WALKER ST,0,NA,Y,B,-,N,NA,NA,NA,NA,NA,NA,NA,NA,NA,Y,2,0,2,2,A,-,12,21453,A,N,D,C,A,A,H,-,A,A,0,NA,NA,NA,NA,Y,NA,-,NA,1,0,1,0,0,0,0,0,0,-,-,NA,NA,ORANGE,LA PALMA,-118.03752136230467,33.85868453979492
9807498,2025,2025-05-30,3003,2025-04-26,1755,1300,3003,6,5,5,3003,0,0,0,NA,0,004,WESTERN AV,LA PALMA AV,958,S,N,A,-,N,NA,NA,NA,NA,NA,NA,NA,NA,NA,Y,2,0,1,2,C,-,18,NA,NA,N,C,C,A,A,H,-,A,A,0,NA,NA,NA,NA,Y,NA,-,-,1,0,0,0,0,0,0,0,0,-,-,33.50379180908203,-118.00090789794922,ORANGE,BUENA PARK,-118.00244903564452,33.8440055847168
9807801,2025,2025-06-26,3012,2025-04-09,800,738,36,3,5,5,3012,0,0,0,NA,0,003,W IMPERIAL HWY,DEL SUR AV,40,W,N,A,-,Y,ORA,12,90,-,-,1.25,H,-,W,N,4,0,1,2,A,-,00,21235,B,N,H,C,A,A,D,-,A,D,0,NA,NA,NA,NA,Y,NA,M,94,0,0,1,0,0,0,0,0,0,-,-,NA,NA,ORANGE,LA HABRA,-117.95506286621094,33.91738510131836
9808673,2025,2025-08-05,3009,2025-07-05,1733,5100,136,6,5,6,3009,0,0,0,NA,0,2-3,WESTMINSTER AV,NEWHOPE ST,0,NA,Y,A,-,N,NA,NA,NA,NA,NA,NA,NA,NA,NA,Y,2,0,3,2,B,-,22,NA,NA,N,D,C,A,A,H,-,A,A,0,NA,NA,NA,NA,Y,NA,J,48,1,2,0,0,0,0,0,0,0,-,-,NA,NA,ORANGE,GARDEN GROVE,-117.9289093017578,33.75965881347656
9812470,2025,2025-10-31,3012,2025-08-23,1444,737,21,6,5,5,3012,0,0,0,NA,0,003,WHITTIER BL,WALNUT ST,0,NA,Y,A,-,Y,ORA,12,39,-,-,21.719,I,5,S,Y,3,0,2,2,A,-,09,21801,A,N,A,C,A,A,H,-,A,A,0,NA,NA,NA,NA,Y,NA,A,01,0,2,0,0,0,0,0,0,0,-,-,NA,NA,ORANGE,LA HABRA,-117.95055389404295,33.93916702270508
9813825,2025,2025-06-12,3009,2025-05-15,1635,5074,094,4,5,6,3009,0,0,0,NA,0,013,GARDEN GROVE BL,VILLAGE RD,101,W,N,A,-,N,NA,NA,NA,NA,NA,NA,NA,NA,NA,N,3,0,1,2,A,-,09,21804,A,M,G,G,A,A,H,-,A,D,0,NA,Y,NA,NA,Y,NA,-,99,0,1,0,0,0,0,1,0,0,-,-,NA,NA,ORANGE,GARDEN GROVE,-117.96482849121094,33.773983001708984
9815752,2024,2025-06-13,3012,2024-12-30,1807,612,32,1,5,5,3012,0,0,0,NA,0,003,LAMBERT CIR,BEACH BL,0,NA,Y,A,-,Y,ORA,12,39,-,-,19.67,I,5,S,N,3,0,1,2,A,-,11,21456,B,N,G,B,B,A,H,-,C,A,0,Y,NA,NA,NA,Y,NA,N,60,0,1,0,0,1,0,0,0,0,-,-,NA,NA,ORANGE,LA HABRA,-117.9678955078125,33.92463302612305
9817048,2025,2025-06-23,3012,2025-05-21,1512,686,37,3,5,5,3012,0,0,0,NA,0,003,IMPERIAL HWY,BRASS LANTERN DR,0,NA,Y,A,-,N,NA,NA,NA,NA,NA,NA,NA,NA,NA,Y,3,0,1,2,A,-,09,21801,A,N,A,C,A,A,H,-,A,A,0,NA,NA,NA,NA,Y,NA,A,01,0,1,0,0,0,0,0,0,0,-,-,NA,NA,ORANGE,LA HABRA,-117.97161102294922,33.917293548583984
9819816,2025,2025-09-30,3000,2025-09-01,2043,12744,892F5,1,5,5,3028,0,0,0,NA,0,754,LANZAROTE,ALICIA PKWY,28,N,N,A,-,N,NA,NA,NA,NA,NA,NA,NA,NA,NA,N,2,0,1,1,A,-,08,22107,NA,N,E,I,A,A,H,-,C,A,0,NA,Y,NA,NA,Y,NA,L,04,1,0,0,0,0,0,1,0,0,-,-,33.62799835205078,-117.6369400024414,ORANGE,MISSION VIEJO,-117.63784790039063,33.62757873535156
9819885,2025,2025-09-26,3000,2025-08-16,1422,5377,951F5,6,5,5,3040,0,0,0,NA,0,741,ALICIA PKWY,NIGUEL RD,11,E,N,A,-,N,NA,NA,NA,NA,NA,NA,NA,NA,NA,N,3,0,1,2,A,-,05,21650,1,N,H,G,A,A,H,-,A,A,0,NA,Y,NA,NA,Y,NA,L,04,0,1,0,0,0,0,1,0,0,-,-,NA,NA,ORANGE,LAGUNA NIGUEL,-117.71560668945313,33.52937316894531
9826027,2025,2025-06-17,3004,2025-06-05,1123,P683,RD14,4,5,6,3004,0,0,0,NA,0,009,PLACENTIA AV,SWAN CIR,650,S,N,B,-,N,NA,NA,NA,NA,NA,NA,NA,NA,NA,Y,3,0,1,1,C,-,18,NA,NA,N,E,I,A,A,H,-,A,D,0,NA,NA,NA,NA,Y,NA,-,-,0,1,0,0,0,0,0,0,0,-,-,33.66899108886719,-117.93733978271484,ORANGE,COSTA MESA,-117.93736267089844,33.66719436645508
9826069,2025,2025-06-20,3012,2025-05-22,1254,611,15,4,5,5,3012,0,0,0,NA,0,001,LA HABRA BL,LEORA ST,25,W,N,A,-,N,NA,NA,NA,NA,NA,NA,NA,NA,NA,Y,4,0,2,2,A,-,08,22107,NA,N,A,-,A,A,H,-,A,D,0,NA,NA,NA,NA,Y,NA,A,01,0,0,2,0,0,0,0,0,0,-,-,NA,NA,ORANGE,LA HABRA,-117.95217895507813,33.931861877441406
9826643,2025,2025-06-27,3000,2025-05-01,1550,11797,993A1,4,5,5,3017,0,0,0,NA,0,775,CALLE TREPADORA,CALLE AMANECER,0,NA,Y,A,-,N,NA,NA,NA,NA,NA,NA,NA,NA,NA,N,3,0,1,2,A,-,10,21950,NA,N,G,B,B,A,H,-,A,A,0,Y,NA,NA,NA,Y,NA,A,01,0,1,0,0,1,0,0,0,0,-,-,NA,NA,ORANGE,SAN CLEMENTE,-117.60089111328124,33.45273971557617
9827357,2024,2025-01-06,3009,2024-12-16,1122,5054,092,1,5,6,3009,0,0,0,NA,0,012,BROOKHURST ST,MELODY PARK DR,268,N,N,A,-,N,NA,NA,NA,NA,NA,NA,NA,NA,NA,Y,4,0,1,1,A,-,08,22107,NA,N,E,I,A,A,H,-,A,D,0,NA,NA,NA,NA,Y,NA,A,01,0,0,1,0,0,0,0,0,0,-,-,NA,NA,ORANGE,GARDEN GROVE,-117.9587631225586,33.7915153503418
9827428,2025,2025-08-11,3000,2025-03-07,654,11536,798A1,5,5,4,3021,0,0,0,NA,0,022,CERRITOS AV,DALE AV,0,NA,Y,A,-,N,NA,NA,NA,NA,NA,NA,NA,NA,NA,Y,4,0,1,3,A,-,00,21463,A,N,D,C,A,A,H,-,A,A,0,NA,NA,NA,NA,Y,NA,D,22,0,0,1,0,0,0,0,0,0,-,-,NA,NA,ORANGE,STANTON,-117.98448181152344,33.810298919677734
9828995,2025,2025-07-31,3000,2025-05-22,2137,6717,891G5,4,5,5,3050,0,0,0,NA,0,18762,MUIRLANDS BL,DYLAN AV,7,N,N,B,-,N,NA,NA,NA,NA,NA,NA,NA,NA,NA,Y,4,0,1,2,A,-,12,21453,A,N,D,C,A,A,H,-,C,A,0,NA,NA,NA,NA,Y,NA,A,07,0,0,1,0,0,0,0,0,0,-,-,33.373741149902344,-117.42244720458984,ORANGE,LAKE FOREST,-117.70682525634766,33.62980270385742
9829412,2025,2025-06-30,3004,2025-06-12,1000,P542,RD12,4,5,6,3004,0,0,0,NA,0,015,ELDEN AV,CECIL PL,0,NA,Y,-,-,N,NA,NA,NA,NA,NA,NA,NA,NA,NA,N,4,0,2,2,A,-,09,21801,A,N,D,C,A,A,H,-,A,D,0,NA,NA,NA,NA,Y,NA,A,01,0,0,2,0,0,0,0,0,0,-,-,33.65132141113281,-117.9052734375,ORANGE,COSTA MESA,-117.90511322021484,33.65190887451172
9830100,2025,2025-07-23,3000,2025-05-12,1243,11536,797J4,1,5,4,3021,0,0,0,NA,0,024,BEACH BL,CHAPMAN AV,235,N,N,A,-,Y,ORA,12,39,-,-,9.73,H,-,S,N,4,0,1,2,A,-,08,22107,NA,N,C,C,A,A,H,-,A,A,0,NA,NA,NA,NA,Y,NA,A,08,0,0,1,0,0,0,0,0,0,-,-,NA,NA,ORANGE,STANTON,-117.99307250976563,33.78924560546875
9830878,2025,2025-07-14,3000,2025-06-02,930,10077,891J2,1,5,5,3050,0,0,0,NA,0,764,RED RIVER DR,TRABUCO RD,4.9,E,N,A,-,N,NA,NA,NA,NA,NA,NA,NA,NA,NA,N,3,0,1,2,B,-,22,NA,NA,N,D,G,A,A,H,-,A,A,0,NA,Y,NA,NA,Y,NA,L,04,0,1,0,0,0,0,1,0,0,-,-,NA,NA,ORANGE,LAKE FOREST,-117.68527221679688,33.64431381225586
9831041,2025,2025-07-14,3000,2025-06-04,810,1149,972D1,3,5,4,3018,0,0,0,NA,0,6M31,RANCHO VIEJO RD,PASEO ESPADA,0,NA,Y,A,-,N,NA,NA,NA,NA,NA,NA,NA,NA,NA,Y,4,0,1,2,A,-,09,21803,A,N,D,C,A,A,H,-,A,A,0,NA,NA,NA,NA,Y,NA,A,07,0,0,1,0,0,0,0,0,0,-,-,NA,NA,ORANGE,SAN JUAN CAPISTRANO,-117.65384674072266,33.50196838378906
9831626,2025,2026-01-15,3002,2025-04-25,1408,11346,740A4,5,5,5,3025,0,0,0,NA,0,002,YORBA LINDA BL,RICHFIELD RD,0,NA,Y,A,-,N,NA,NA,NA,NA,NA,NA,NA,NA,NA,N,4,0,1,2,A,-,12,21453,A,N,A,C,A,A,H,-,A,A,0,NA,NA,NA,NA,Y,NA,A,01,0,0,1,0,0,0,0,0,0,-,-,NA,NA,ORANGE,YORBA LINDA,-117.82645416259766,33.88835525512695
9832567,2025,2025-07-16,3004,2025-06-21,1207,P744,RD18,6,5,6,3004,0,0,0,NA,0,015,ROYAL PALM DR,PONDEROSA ST,11,S,N,A,-,N,NA,NA,NA,NA,NA,NA,NA,NA,NA,N,3,0,1,1,A,-,03,22350,NA,N,H,J,A,A,H,-,A,D,0,NA,Y,NA,NA,Y,NA,L,04,0,1,0,0,0,0,1,0,0,-,-,33.67522048950195,-117.9220962524414,ORANGE,COSTA MESA,-117.92202758789063,33.675071716308594
9832879,2025,2025-07-31,3012,2025-06-27,1025,705,33,5,5,5,3012,0,0,0,NA,0,003,LAMBERT RD,MOUNTAIN VIEW AV,4,W,N,A,-,N,NA,NA,NA,NA,NA,NA,NA,NA,NA,N,4,0,1,1,A,-,08,22107,NA,N,E,I,A,A,H,-,A,B,0,NA,NA,NA,NA,Y,NA,A,07,0,0,1,0,0,0,0,0,0,-,-,NA,NA,ORANGE,LA HABRA,-117.95165252685548,33.924530029296875
9833051,2025,2025-07-16,3009,2025-06-10,1126,3422,101,2,5,6,3009,0,0,0,NA,0,012,DALLAS DR,DEWEY DR,167,N,N,A,-,N,NA,NA,NA,NA,NA,NA,NA,NA,NA,Y,3,0,1,2,A,-,06,21750,NA,N,D,C,A,A,H,-,A,D,0,NA,NA,NA,NA,Y,NA,A,01,0,1,0,0,0,0,0,0,0,-,-,NA,NA,ORANGE,GARDEN GROVE,-117.95348358154295,33.800838470458984
9833118,2025,2025-07-16,3009,2025-05-21,1021,4748,156,3,5,6,3009,0,0,0,NA,0,023,WESTMINSTER AV,ROXEY,0,NA,Y,A,-,N,NA,NA,NA,NA,NA,NA,NA,NA,NA,N,4,0,1,3,A,-,09,21453,C,M,B,C,A,A,H,-,A,A,0,NA,NA,NA,NA,Y,NA,A,01,0,0,1,0,0,0,0,0,0,-,-,NA,NA,ORANGE,GARDEN GROVE,-117.90930938720705,33.75978469848633
9833227,2025,2025-07-22,3002,2025-06-23,1014,3893,NA,1,5,5,3025,0,0,0,NA,0,001,YORBA LINDA BL,VALLEY VIEW AV,0,NA,Y,A,-,N,NA,NA,NA,NA,NA,NA,NA,NA,NA,Y,4,0,1,2,A,-,12,21453,NA,N,D,C,A,A,H,-,A,A,0,NA,NA,NA,NA,Y,NA,-,-,0,0,1,0,0,0,0,0,0,-,-,NA,NA,ORANGE,YORBA LINDA,-117.8286590576172,33.88836669921875
9866828,2025,2025-08-21,3000,2025-01-05,610,11939,797H,7,5,4,3021,0,0,0,NA,0,021,WESTERN AV,SYRACUSE AV,20,S,N,A,E,N,NA,NA,NA,NA,NA,NA,NA,NA,NA,N,1,1,0,2,A,-,11,21954,A,N,G,B,D,A,H,-,C,D,0,Y,NA,NA,NA,Y,NA,N,60,0,0,0,1,0,0,0,0,0,-,-,33.08488845825195,-118.00192260742188,ORANGE,STANTON,-118.001953125,33.80492401123047