CASE_ID,ACCIDENT_YEAR,PROC_DATE,JURIS,COLLISION_DATE,COLLISION_TIME,OFFICER_ID,REPORTING_DISTRICT,DAY_OF_WEEK,CHP_SHIFT,POPULATION,CNTY_CITY_LOC,SPECIAL_COND,BEAT_TYPE,CHP_BEAT_TYPE,CITY_DIVISION_LAPD,CHP_BEAT_CLASS,BEAT_NUMBER,PRIMARY_RD,SECONDARY_RD,DISTANCE,DIRECTION,INTERSECTION,WEATHER_1,WEATHER_2,STATE_HWY_IND,CALTRANS_COUNTY,CALTRANS_DISTRICT,STATE_ROUTE,ROUTE_SUFFIX,POSTMILE_PREFIX,POSTMILE,LOCATION_TYPE,RAMP_INTERSECTION,SIDE_OF_HWY,TOW_AWAY,COLLISION_SEVERITY,NUMBER_KILLED,NUMBER_INJURED,PARTY_COUNT,PRIMARY_COLL_FACTOR,PCF_CODE_OF_VIOL,PCF_VIOL_CATEGORY,PCF_VIOLATION,PCF_VIOL_SUBSECTION,HIT_AND_RUN,TYPE_OF_COLLISION,MVIW,PED_ACTION,ROAD_SURFACE,ROAD_COND_1,ROAD_COND_2,LIGHTING,CONTROL_DEVICE,CHP_ROAD_TYPE,PEDESTRIAN_ACCIDENT,BICYCLE_ACCIDENT,MOTORCYCLE_ACCIDENT,TRUCK_ACCIDENT,NOT_PRIVATE_PROPERTY,ALCOHOL_INVOLVED,STWD_VEHTYPE_AT_FAULT,CHP_VEHTYPE_AT_FAULT,COUNT_SEVERE_INJ,COUNT_VISIBLE_INJ,COUNT_COMPLAINT_PAIN,COUNT_PED_KILLED,COUNT_PED_INJURED,COUNT_BICYCLIST_KILLED,COUNT_BICYCLIST_INJURED,COUNT_MC_KILLED,COUNT_MC_INJURED,PRIMARY_RAMP,SECONDARY_RAMP,LATITUDE,LONGITUDE,COUNTY,CITY,POINT_X,POINT_Y
6342362,2014,2014-06-12,3019,2014-01-08,1705,2776,WE,3,5,7,3019,0,0,0,NA,0,001,FAIRVIEW AV,5TH ST,180,N,N,B,-,N,NA,NA,NA,NA,NA,NA,NA,NA,NA,N,4,0,1,2,A,-,03,22350,NA,M,C,C,A,A,H,-,B,A,0,NA,NA,NA,NA,Y,NA,D,22,0,0,1,0,0,0,0,0,0,-,-,NA,NA,ORANGE,SANTA ANA,-117.90465201,33.74922978
6343228,2014,2016-03-09,9670,2014-01-13,0615,011491,9670,1,1,5,3003,0,1,3,NA,2,092,RT 91,BEACH BL,1000,W,N,A,-,Y,ORA,12,91,-,R,2.43,H,-,E,Y,4,0,1,2,A,-,07,21658,A,N,C,C,A,A,-,-,A,A,1,NA,NA,NA,NA,Y,NA,A,01,0,0,1,0,0,0,0,0,0,-,-,33.85608,-118.00286,ORANGE,BUENA PARK,-118.00122974,33.85595988
6344018,2014,2016-03-09,3002,2014-01-03,2302,1501,B117,5,5,4,3002,0,0,0,NA,0,B13,IMPERIAL HWY,BERRY ST,8,W,N,A,-,Y,ORA,12,90,-,-,4,H,-,W,Y,4,0,1,2,A,-,03,22350,NA,N,C,C,A,A,H,-,C,A,0,NA,NA,NA,NA,Y,NA,A,07,0,0,1,0,0,0,0,0,0,-,-,NA,NA,ORANGE,BREA,-117.90711303,33.91743548
6344265,2014,2016-04-05,9675,2014-06-16,1450,19942,NA,1,2,6,3015,0,1,3,NA,2,222,RT 22,CITY DR,800,W,N,A,-,Y,ORA,12,22,-,L,9.68,H,-,E,Y,4,0,2,2,A,-,03,22350,NA,N,C,C,A,A,H,-,A,D,6,NA,NA,NA,NA,Y,NA,D,22,0,0,2,0,0,0,0,0,0,-,-,33.77883,-117.89298,ORANGE,ORANGE,-118.04198072,33.77450039
6352198,2014,2015-12-24,3010,2014-01-20,1038,147,195,1,5,6,3010,0,0,0,NA,0,004,RT 1,CENTER SIGNAL,33,N,N,A,-,Y,ORA,12,1,-,-,27.06,H,-,S,N,4,0,1,2,A,-,03,22350,NA,N,C,C,A,A,H,-,A,A,0,NA,NA,NA,NA,Y,NA,A,01,0,0,1,0,0,0,0,0,0,-,-,NA,NA,ORANGE,HUNTINGTON BEACH,-118.03241218,33.68015502
6353958,2014,2014-06-11,3007,2014-01-02,0554,257,67,4,5,5,3007,0,0,0,NA,0,110,EUCLID,NEWHOPE,0,NA,Y,A,-,N,NA,NA,NA,NA,NA,NA,NA,NA,NA,Y,4,0,1,2,A,-,12,21453,A,N,D,C,A,A,H,-,C,A,0,NA,NA,NA,NA,Y,NA,A,01,0,0,1,0,0,0,0,0,0,-,-,NA,NA,ORANGE,FOUNTAIN VALLEY,-117.93660011,33.69984004
6354966,2014,2014-06-09,3009,2014-01-10,1521,3713,144,5,5,6,3009,0,0,0,NA,0,022,GARDEN GROVE BL,RAINBOW ST,91,W,N,A,-,N,NA,NA,NA,NA,NA,NA,NA,NA,NA,Y,4,0,1,2,A,-,09,21801,A,N,D,C,A,A,H,-,A,A,0,NA,NA,NA,NA,Y,NA,D,22,0,0,1,0,0,0,0,0,0,-,-,NA,NA,ORANGE,GARDEN GROVE,-117.91805859,33.77445807
6355027,2014,2014-06-09,3003,2014-01-11,1004,1079,NA,6,5,5,3003,0,0,0,NA,0,001,MALVERN AV,FALLS WY,9,N,N,A,-,N,NA,NA,NA,NA,NA,NA,NA,NA,NA,N,4,0,1,2,A,-,09,21802,A,N,D,C,A,A,H,-,A,A,0,NA,NA,NA,NA,Y,NA,A,01,0,0,1,0,0,0,0,0,0,-,-,33.0034,-117.9944,ORANGE,BUENA PARK,-117.99427024,33.883528
6356459,2014,2014-06-10,3009,2014-01-20,1558,3442,163,1,5,6,3009,0,0,0,NA,0,022,HASTER ST,ALLARD AV,5,S,N,A,-,N,NA,NA,NA,NA,NA,NA,NA,NA,NA,N,4,0,2,2,A,-,03,22350,NA,N,C,C,A,A,H,-,A,A,0,NA,NA,NA,NA,Y,NA,A,01,0,0,2,0,0,0,0,0,0,-,-,NA,NA,ORANGE,GARDEN GROVE,-117.90613992,33.78566629
6359621,2014,2014-06-11,3000,2014-01-11,0745,8896,971J6,6,5,4,3029,0,0,0,NA,0,734,ALCAZAR,LA CRESTA DR,0,NA,Y,A,-,N,NA,NA,NA,NA,NA,NA,NA,NA,NA,N,3,0,2,3,A,-,09,21802,A,F,G,B,D,A,H,-,A,A,0,Y,NA,NA,NA,Y,NA,D,22,0,2,0,0,2,0,0,0,0,-,-,NA,NA,ORANGE,DANA POINT,-117.69468004,33.46907001
6362708,2014,2014-06-10,3000,2014-01-30,1750,1920,952B2,4,5,5,3028,0,0,0,NA,0,755,MARGUERITE PKWY,AVERY PKWY,930,N,N,A,-,N,NA,NA,NA,NA,NA,NA,NA,NA,NA,Y,4,0,3,2,A,-,03,22350,NA,N,C,C,A,A,H,-,C,A,0,NA,NA,NA,NA,Y,NA,A,01,0,0,3,0,0,0,0,0,0,-,-,NA,NA,ORANGE,MISSION VIEJO,-117.67066782,33.5497238
6363193,2014,2016-03-15,9675,2014-01-16,1835,17833,NA,4,2,6,3026,0,1,1,NA,2,406,RT 405,VON KARMAN AV,150,S,N,A,-,Y,ORA,12,405,-,-,7.37,H,-,N,Y,4,0,2,2,A,-,03,22350,NA,N,C,C,A,A,H,-,C,D,6,NA,NA,NA,NA,Y,NA,A,01,0,0,2,0,0,0,0,0,0,-,-,33.68013,-117.85041,ORANGE,IRVINE,-117.85044846,33.67998959
6363713,2014,2014-06-16,3019,2014-01-27,1657,3151,NE,1,5,7,3019,0,0,0,NA,0,002,17TH ST,PENN WY,100,E,N,A,-,N,NA,NA,NA,NA,NA,NA,NA,NA,NA,N,4,0,1,2,A,-,03,22350,NA,N,C,C,A,A,H,-,B,D,0,NA,NA,NA,NA,Y,NA,A,01,0,0,1,0,0,0,0,0,0,-,-,NA,NA,ORANGE,SANTA ANA,-117.86284364,33.76000364
6365486,2014,2016-03-09,9675,2014-02-18,0755,14558,NA,2,1,5,3022,0,1,3,NA,2,551,RT 55,17TH ST,1600,S,N,B,-,Y,ORA,12,55,-,-,11.49,H,-,S,Y,3,0,1,2,A,-,03,22350,NA,N,C,C,A,A,H,-,A,D,6,NA,NA,Y,NA,Y,NA,C,02,0,1,0,0,0,0,0,0,1,-,-,33.75401,-117.83159,ORANGE,TUSTIN,-117.83157106,33.75551545
6365580,2014,2014-06-03,3024,2014-01-31,1153,195,P16,5,5,5,3024,0,0,0,NA,0,WEST,WESTMINSTER BL,GOLDENWEST ST,150,W,N,A,-,N,NA,NA,NA,NA,NA,NA,NA,NA,NA,N,4,0,1,2,A,-,07,21658,A,N,B,C,A,A,H,-,A,D,0,NA,NA,NA,NA,Y,NA,D,22,0,0,1,0,0,0,0,0,0,-,-,NA,NA,ORANGE,WESTMINSTER,-118.00766234,33.75913377
6366096,2014,2016-03-08,9675,2014-01-27,0810,19394,NA,1,1,6,3015,0,1,3,NA,2,222,RT 22,CAMBRIDGE ST,250,W,N,A,-,Y,ORA,12,22,-,R,12.31,H,-,E,Y,4,0,1,2,A,-,03,22350,NA,N,C,C,A,A,H,-,A,D,6,NA,NA,NA,NA,Y,NA,D,22,0,0,1,0,0,0,0,0,0,-,-,33.77567,-117.84541,ORANGE,ORANGE,-117.8451486,33.77583458
6369638,2014,2016-03-07,9690,2014-01-18,1844,18840,NA,6,2,5,3017,0,1,1,NA,2,059,RT 5,AVENIDA PICO,200,N,N,A,-,Y,ORA,12,5,-,-,3.46,H,-,N,N,4,0,1,2,A,-,03,22350,NA,N,C,C,A,A,H,-,D,D,1,NA,NA,NA,NA,Y,NA,A,01,0,0,1,0,0,0,0,0,0,-,-,33.44367,-116.62898,ORANGE,SAN CLEMENTE,-117.62302499,33.43936861
6371587,2014,2014-06-04,3008,2014-01-01,1923,1177,2-1,3,5,6,3008,0,0,0,NA,0,NA,GILBERT ST,MOORE AV,236,N,N,A,-,N,NA,NA,NA,NA,NA,NA,NA,NA,NA,Y,3,0,1,1,A,-,01,23152,A,N,E,I,A,A,H,-,C,D,0,NA,NA,NA,NA,Y,Y,A,01,0,1,0,0,0,0,0,0,0,-,-,NA,NA,ORANGE,FULLERTON,-117.96811177,33.87646175
6371979,2014,2015-01-20,3000,2014-01-16,2050,1917,971J5,4,5,4,3029,0,0,0,NA,0,4A35,ZARZITO,LA CRESTA,108,S,N,A,-,N,NA,NA,NA,NA,NA,NA,NA,NA,NA,Y,4,0,1,2,A,-,01,23152,F,N,B,E,A,A,H,-,C,D,0,NA,NA,NA,NA,Y,NA,A,01,0,0,1,0,0,0,0,0,0,-,-,NA,NA,ORANGE,DANA POINT,-117.69183743,33.46877398
6373098,2014,2014-06-03,3008,2014-01-23,1519,1068,NA,4,5,6,3008,0,0,0,NA,0,0Z3,ST COLLEGE BL,DOROTHY LN,240,N,N,A,-,N,NA,NA,NA,NA,NA,NA,NA,NA,NA,Y,4,0,1,3,A,-,03,22350,NA,N,C,C,A,A,H,-,A,A,0,NA,NA,NA,NA,Y,NA,D,22,0,0,1,0,0,0,0,0,0,-,-,33.8814,-117.90254,ORANGE,FULLERTON,-117.889762,33.88212
6376936,2014,2016-03-08,9670,2014-02-21,1910,19550,NA,5,2,6,3009,0,1,3,NA,2,025,RT 22,GARDEN GROVE BL,700,E,N,A,-,Y,ORA,12,22,-,R,9.02,H,-,W,N,4,0,2,2,A,-,03,22350,NA,N,C,C,A,A,H,-,C,D,1,NA,NA,NA,NA,Y,NA,A,01,0,0,2,0,0,0,0,0,0,-,-,33.77522,-117.90801,ORANGE,GARDEN GROVE,-117.90248108,33.77575347
6377606,2014,2014-07-17,3009,2014-01-27,1442,1796,65,1,5,6,3009,0,0,0,NA,0,1 1,GARDEN GROVE BL,MONROE ST,220,W,N,A,-,N,NA,NA,NA,NA,NA,NA,NA,NA,NA,N,4,0,1,2,A,-,05,21650,1,N,E,G,A,A,H,-,A,D,0,NA,Y,NA,NA,Y,NA,L,04,0,0,1,0,0,0,1,0,0,-,-,NA,NA,ORANGE,GARDEN GROVE,-117.98628218,33.77377
6377634,2014,2014-06-09,3009,2014-01-18,1943,3972,014,6,5,6,3009,0,0,0,NA,0,1 1,VALLEY VIEW,LAMPSON,0,NA,Y,A,-,N,NA,NA,NA,NA,NA,NA,NA,NA,NA,Y,4,0,1,2,A,-,09,21453,C,N,D,C,A,A,D,E,C,A,0,NA,NA,NA,NA,Y,NA,A,01,0,0,1,0,0,0,0,0,0,-,-,NA,NA,ORANGE,GARDEN GROVE,-118.02958,33.7819301
6378298,2014,2014-06-09,3010,2014-01-24,1741,1059,147,5,5,6,3010,0,0,0,NA,0,009,MCFADDEN AV,PRODUCER LN,236,E,N,B,-,N,NA,NA,NA,NA,NA,NA,NA,NA,NA,Y,4,0,1,3,A,-,03,22350,NA,N,C,C,A,A,H,-,C,A,0,NA,NA,NA,NA,Y,NA,A,07,0,0,1,0,0,0,0,0,0,-,-,NA,NA,ORANGE,HUNTINGTON BEACH,-118.02529551,33.73725404
6378331,2014,2014-06-18,3001,2014-02-06,2135,1544,NA,4,5,7,3001,0,0,0,NA,0,0D2,ROMNEYA DR,EUCLID ST,172,W,N,C,-,N,NA,NA,NA,NA,NA,NA,NA,NA,NA,Y,4,0,1,2,A,-,01,23152,A,N,A,C,A,B,H,-,C,D,0,NA,NA,NA,NA,Y,Y,A,01,0,0,1,0,0,0,0,0,0,-,-,NA,NA,ORANGE,ANAHEIM,-117.94234516,33.85066626
6378359,2014,2014-06-18,3000,2014-02-02,1710,2742,992E2,7,5,5,3017,0,0,0,NA,0,777,CAMINO CAPISTRANO,VIA BREVE,78,S,N,A,-,N,NA,NA,NA,NA,NA,NA,NA,NA,NA,N,3,0,1,1,D,-,00,NA,NA,N,E,A,A,A,H,-,A,D,0,NA,Y,NA,NA,Y,Y,-,-,0,1,0,0,0,0,1,0,0,-,-,NA,NA,ORANGE,SAN CLEMENTE,-117.64754,33.44499
6378471,2014,2014-07-08,3007,2014-02-02,0605,283,14,7,5,5,3007,0,0,0,NA,0,001,BROOKHURST ST,EDINGER AV,0,NA,Y,A,-,N,NA,NA,NA,NA,NA,NA,NA,NA,NA,N,3,0,2,2,D,-,00,NA,NA,N,D,C,A,A,H,-,B,A,0,NA,NA,NA,NA,Y,NA,-,-,0,1,1,0,0,0,0,0,0,-,-,NA,NA,ORANGE,FOUNTAIN VALLEY,-117.95474002,33.73041009
6379252,2014,2014-06-16,3026,2014-02-17,1307,4779,NA,1,5,6,3026,0,0,0,NA,0,00C,ALTON PKWY,JEFFREY RD,0,NA,Y,A,-,N,NA,NA,NA,NA,NA,NA,NA,NA,NA,N,4,0,2,2,A,-,03,22350,NA,N,C,C,A,A,H,-,A,A,0,NA,NA,NA,NA,Y,NA,A,01,0,0,2,0,0,0,0,0,0,-,-,NA,NA,ORANGE,IRVINE,-117.78865003,33.66970007
6379543,2014,2016-01-23,3001,2014-02-07,1408,1740,NA,5,5,7,3001,0,0,0,NA,0,0D2,EUCLID ST,RT 91,28,S,N,B,-,Y,ORA,12,91,-,-,2.43,R,4,E,Y,3,0,1,2,A,-,03,22350,NA,N,C,C,A,A,H,-,A,A,0,NA,NA,NA,NA,Y,NA,A,01,0,1,0,0,0,0,0,0,0,-,EO,NA,NA,ORANGE,ANAHEIM,-117.93863637,33.85408808
6382075,2014,2014-06-20,3015,2014-02-03,1347,1364,34N,1,5,6,3015,0,0,0,NA,0,NA,EAST CHAPMAN AV,JAMES ST,84,E,N,A,-,N,NA,NA,NA,NA,NA,NA,NA,NA,NA,Y,4,0,2,2,A,-,09,21804,A,N,D,C,A,A,H,-,A,D,0,NA,NA,NA,NA,Y,NA,A,01,0,0,2,0,0,0,0,0,0,-,-,NA,NA,ORANGE,ORANGE,-117.81332422,33.78778
6382812,2014,2014-06-16,3019,2014-02-12,1057,2776,SC,3,5,7,3019,0,0,0,NA,0,004,RAITT ST,WILLITS ST,0,NA,Y,A,-,N,NA,NA,NA,NA,NA,NA,NA,NA,NA,Y,4,0,1,2,A,-,12,22450,A,N,D,C,A,D,H,-,A,A,0,NA,NA,NA,NA,Y,NA,A,08,0,0,1,0,0,0,0,0,0,-,-,NA,NA,ORANGE,SANTA ANA,-117.89381007,33.73989002
6383600,2014,2015-11-24,3004,2014-02-13,1111,542,22,4,5,6,3004,0,0,0,NA,0,010,BAKER ST,NEWPORT FRONTAGE RD,0,NA,Y,A,-,Y,ORA,12,55,-,R,5.177,R,4,S,Y,4,0,4,4,A,-,12,21453,A,N,D,C,A,A,H,-,A,A,0,NA,NA,NA,NA,Y,NA,A,01,0,0,4,0,0,0,0,0,0,-,-,33.68011,-117.88017,ORANGE,COSTA MESA,-117.88110482,33.67804406
6384292,2014,2016-03-09,3004,2014-02-15,1120,542,11,6,5,6,3004,0,0,0,NA,0,001,NEWPORT BL,EAST 19TH ST,0,NA,Y,A,-,Y,ORA,12,55,-,-,2.021,I,5,N,Y,4,0,1,2,A,-,12,21453,A,N,D,C,A,A,H,-,A,A,0,NA,NA,NA,NA,Y,NA,A,07,0,0,1,0,0,0,0,0,0,-,-,33.64356,-117.91689,ORANGE,COSTA MESA,-117.91658428,33.64332249
6384775,2014,2015-02-02,3024,2014-02-19,1905,131,P05,3,5,5,3024,0,0,0,NA,0,WEST,NATAL DR,GOLDENWEST ST,52,E,N,A,-,N,NA,NA,NA,NA,NA,NA,NA,NA,NA,N,4,0,1,2,A,-,09,21801,A,N,H,G,A,A,H,-,C,D,0,NA,Y,NA,NA,Y,NA,L,04,0,0,1,0,0,0,1,0,0,-,-,NA,NA,ORANGE,WESTMINSTER,-118.00717928,33.77182108
6384793,2014,2014-07-02,3008,2014-02-17,1418,1147,NA,1,5,6,3008,0,0,0,NA,0,Z-2,WALNUT AV,LINCOLN AV,148,W,N,A,-,N,NA,NA,NA,NA,NA,NA,NA,NA,NA,N,4,0,1,2,A,-,09,21800,A,N,H,G,A,A,H,-,A,D,0,NA,Y,NA,NA,Y,NA,L,04,0,0,1,0,0,0,1,0,0,-,-,NA,NA,ORANGE,FULLERTON,-117.91134638,33.86838595
6385774,2014,2016-02-17,9690,2014-01-16,1745,015713,NA,4,2,5,3028,0,1,1,NA,2,055,RT 5,LA PAZ RD,570,N,N,A,-,Y,ORA,12,5,-,-,16.738,H,-,N,N,4,0,1,2,A,-,03,22350,NA,N,C,C,A,A,H,-,D,A,1,NA,NA,NA,NA,Y,NA,A,07,0,0,1,0,0,0,0,0,0,-,-,33.59962,-117.67902,ORANGE,MISSION VIEJO,-117.67935397,33.59952449
6387103,2014,2014-06-18,3022,2014-02-09,0820,1223,NORTH,7,5,5,3022,0,0,0,NA,0,NA,IRVINE BL,JAMBOREE RD,0,NA,Y,B,-,N,NA,NA,NA,NA,NA,NA,NA,NA,NA,Y,3,0,2,2,A,-,12,21453,A,N,D,C,A,A,H,-,A,A,0,NA,NA,NA,NA,Y,NA,A,01,0,2,0,0,0,0,0,0,0,-,-,33.7301,-117.7894,ORANGE,TUSTIN,-117.78729011,33.73054003
6387910,2014,2016-02-01,9675,2014-02-06,1625,15114,NA,4,2,7,3001,0,1,3,NA,2,094,RT 91,WEIR CANYON RD,450,W,N,C,-,Y,ORA,12,91,-,R,14.34,H,-,E,N,4,0,1,2,A,-,03,22350,NA,N,C,C,A,B,H,-,A,D,1,NA,NA,NA,NA,Y,NA,A,01,0,0,1,0,0,0,0,0,0,-,-,33.86995,-117.74638,ORANGE,ANAHEIM,-117.74630784,33.870012
6389389,2014,2014-07-03,3000,2014-02-21,1830,3207,921C6,5,5,4,3049,0,0,0,NA,0,481,OAKGROVE,E HUNTINGTON,0,NA,Y,A,-,N,NA,NA,NA,NA,NA,NA,NA,NA,NA,Y,4,0,2,2,A,-,03,22350,NA,N,C,C,A,A,H,-,C,D,0,NA,NA,NA,NA,Y,NA,A,01,0,0,2,0,0,0,0,0,0,-,-,NA,NA,ORANGE,ALISO VIEJO,-117.73431012,33.56864012
6389464,2014,2016-03-07,9690,2014-02-08,0935,014953,NA,6,1,5,3017,0,1,1,NA,2,059,RT 5,AVENIDA VISTA HERMOSA,2640,N,N,A,-,Y,ORA,12,5,-,-,4.58,H,-,N,Y,4,0,4,2,A,-,03,22350,NA,N,C,C,A,A,H,-,A,D,1,NA,NA,NA,NA,Y,NA,A,01,0,0,4,0,0,0,0,0,0,-,-,33.44922,-117.63801,ORANGE,SAN CLEMENTE,-117.63834091,33.44928737
6390825,2014,2014-06-19,9675,2014-02-25,0950,020668,NA,2,1,9,3000,0,2,4,NA,2,012,VALENCIA AV,SANDPIPER WY,1030,E,N,A,-,N,NA,NA,NA,NA,NA,NA,NA,NA,NA,Y,4,0,2,2,A,-,16,24002,A,N,C,C,A,A,H,-,A,D,0,NA,NA,NA,Y,Y,NA,F,27,0,0,2,0,0,0,0,0,0,-,-,33.93329,-117.84684,ORANGE,UNINCORPORATED,-117.84792346,33.92740764
6392170,2014,2016-03-16,9675,2014-02-14,1540,20044,NA,5,2,6,3026,0,1,1,NA,2,504,RT 5,ALTON PKWY,718,S,N,A,-,Y,ORA,12,5,-,-,22.07,H,-,S,Y,4,0,1,2,A,-,03,22350,NA,N,C,C,A,A,H,-,A,D,1,NA,NA,NA,NA,Y,NA,D,22,0,0,1,0,0,0,0,0,0,-,-,33.65383,-117.74273,ORANGE,IRVINE,-117.74270168,33.65395695
6393492,2014,2014-06-19,3026,2014-02-26,1805,6352,NA,3,5,6,3026,0,0,0,NA,0,00C,CULVER DR,WALNUT AV,461,N,N,B,-,N,NA,NA,NA,NA,NA,NA,NA,NA,NA,N,4,0,1,3,A,-,03,22350,NA,N,C,C,A,A,H,-,C,A,0,NA,NA,NA,NA,Y,NA,A,01,0,0,1,0,0,0,0,0,0,-,-,NA,NA,ORANGE,IRVINE,-117.78679639,33.70572361
6393507,2014,2014-06-19,3015,2014-02-20,1427,1240,13 N,4,5,6,3015,0,0,0,NA,0,723 M,S SHAFFER ST,EAST CHAPMAN AV,0,NA,Y,A,-,N,NA,NA,NA,NA,NA,NA,NA,NA,NA,N,3,0,1,2,A,-,09,21801,A,N,D,G,A,A,H,-,A,A,0,NA,Y,NA,NA,Y,Y,A,01,0,1,0,0,0,0,1,0,0,-,-,NA,NA,ORANGE,ORANGE,-117.84876006,33.78786007
6393600,2014,2014-06-18,3000,2014-02-16,1812,2785,921E3,7,5,4,3049,0,0,0,NA,0,784,ALISO CREEK,ALISO VIEJO PKWY,0,NA,Y,A,-,N,NA,NA,NA,NA,NA,NA,NA,NA,NA,Y,4,0,1,2,A,-,12,21453,A,N,D,C,A,A,H,-,C,A,0,NA,NA,NA,NA,Y,NA,A,01,0,0,1,0,0,0,0,0,0,-,-,NA,NA,ORANGE,ALISO VIEJO,-117.72513006,33.56428007
6393715,2014,2016-02-01,9670,2014-02-16,1120,17192,NA,7,1,7,3001,0,1,3,NA,2,093,RT 91,HARBOR BL,1000,W,N,A,-,Y,ORA,12,91,-,-,3.07,H,-,W,Y,4,0,1,1,A,-,08,22107,NA,N,E,I,A,A,H,-,A,D,1,NA,NA,NA,NA,Y,NA,A,01,0,0,1,0,0,0,0,0,0,-,-,33.05437,-117.93157,ORANGE,ANAHEIM,-117.92753883,33.85394885
6396536,2014,2014-06-25,3004,2014-02-06,1437,462,05,4,5,6,3004,0,0,0,NA,0,015,SUPERIOR AV,17TH ST,40,S,N,B,-,N,NA,NA,NA,NA,NA,NA,NA,NA,NA,N,4,0,1,2,A,-,03,22350,NA,N,C,C,A,B,H,-,A,A,0,NA,NA,NA,NA,Y,NA,A,01,0,0,1,0,0,0,0,0,0,-,-,33.63589,-117.29378,ORANGE,COSTA MESA,-117.92367135,33.636114
6396944,2014,2014-06-04,3000,2014-01-21,1727,2621,798B1,2,5,4,3021,0,0,0,NA,0,021,CERRITOS AV,SHERRILL ST,106,W,N,A,-,N,NA,NA,NA,NA,NA,NA,NA,NA,NA,N,4,0,1,3,A,-,09,21801,A,N,D,C,F,A,H,-,B,D,0,Y,NA,NA,NA,Y,NA,D,23,0,0,1,0,1,0,0,0,0,-,-,NA,NA,ORANGE,STANTON,-117.97989798,33.81032084
6397447,2014,2015-01-27,3002,2014-01-24,1519,1382,426X,5,5,4,3002,0,0,0,NA,0,013,BREA BL,BIRCH ST,45,S,N,B,-,N,NA,NA,NA,NA,NA,NA,NA,NA,NA,N,4,0,1,2,A,-,03,22350,NA,N,C,C,A,A,H,-,A,A,0,NA,NA,NA,NA,Y,NA,A,08,0,0,1,0,0,0,0,0,0,-,-,NA,NA,ORANGE,BREA,-117.89960012,33.91816727
6398139,2014,2014-06-25,3001,2014-02-26,1041,1655,NA,3,5,7,3001,0,0,0,NA,0,NA,FRONTERA ST,PARK VISTA ST,224,NA,N,B,-,N,NA,NA,NA,NA,NA,NA,NA,NA,NA,Y,3,0,1,2,A,-,08,22107,NA,N,C,E,A,A,H,-,A,D,0,NA,NA,NA,NA,Y,NA,A,01,0,1,0,0,0,0,0,0,0,-,-,NA,NA,ORANGE,ANAHEIM,-117.86715,33.84620011
6398168,2014,2014-06-25,3000,2014-02-25,0655,5348,992H2,2,5,5,3017,0,0,0,NA,0,6M75,EL CAMINO REAL,AVENIDA FLORENCIA,0,NA,Y,A,-,N,NA,NA,NA,NA,NA,NA,NA,NA,NA,Y,4,0,2,2,A,-,09,21802,A,N,D,C,A,A,H,-,A,A,0,NA,NA,NA,NA,Y,NA,A,01,0,0,2,0,0,0,0,0,0,-,-,NA,NA,ORANGE,SAN CLEMENTE,-117.62610006,33.4321401
6398214,2014,2014-06-18,3000,2014-02-12,1303,7734,922E3,3,5,5,3028,0,0,0,NA,0,752,FELIPE RD,ATHENS CT,21,N,N,A,-,N,NA,NA,NA,NA,NA,NA,NA,NA,NA,Y,3,0,1,1,A,-,08,22107,NA,N,E,I,A,A,H,-,A,A,0,NA,NA,NA,NA,Y,NA,A,01,0,1,0,0,0,0,0,0,0,-,-,NA,NA,ORANGE,MISSION VIEJO,-117.64901016,33.58319511
6398703,2014,2016-03-15,3026,2014-01-29,1635,7094,NA,3,5,6,3026,0,0,0,NA,0,00U,JAMBOREE,RT 405,48,S,N,A,-,Y,ORA,12,405,-,-,7.141,R,4,S,Y,3,0,1,2,A,-,03,22350,NA,N,C,C,A,A,H,-,A,A,0,NA,NA,NA,NA,Y,NA,A,07,0,1,0,0,0,0,0,0,0,-,-,NA,NA,ORANGE,IRVINE,-117.84710463,33.67819623
6399028,2014,2014-06-26,9675,2014-02-04,1520,20627,NA,2,2,9,3000,0,3,5,NA,2,002,NEWPORT AV,LA COLINA DR,36,N,N,A,-,N,NA,NA,NA,NA,NA,NA,NA,NA,NA,Y,3,0,1,2,A,-,09,21453,B,N,B,C,A,A,H,-,A,D,0,NA,NA,NA,NA,Y,NA,A,01,0,1,0,0,0,0,0,0,0,-,-,33.75512,-117.80516,ORANGE,UNINCORPORATED,-117.80533518,33.75499638
6399133,2014,2016-03-09,9675,2014-02-14,1425,020044,2,5,2,6,3015,0,3,5,NA,2,001,RT 55,WALNUT AV,480,N,N,A,-,Y,ORA,12,55,-,-,14.25,H,-,N,Y,4,0,1,2,A,-,03,22350,NA,N,C,C,A,A,H,-,A,D,6,NA,NA,NA,NA,Y,NA,A,01,0,0,1,0,0,0,0,0,0,-,-,33.79571,-117.83064,ORANGE,ORANGE,-117.83078192,33.79560993
6399637,2014,2016-02-25,9675,2014-01-21,2130,20625,NA,2,2,7,3001,0,1,3,NA,2,572,RT 57,BALL RD,450,N,N,A,-,Y,ORA,12,57,-,-,13.51,H,-,N,Y,4,0,2,2,A,-,07,21658,A,F,B,C,A,A,D,-,D,D,6,NA,NA,NA,NA,Y,NA,A,01,0,0,2,0,0,0,0,0,0,-,-,33.81996,-117.87619,ORANGE,ANAHEIM,-117.8760357,33.81945078
6400294,2014,2016-03-15,9675,2014-02-04,1559,19942,NA,2,2,6,3026,0,1,1,NA,2,405,RT 405,CULVER DR,2000,N,N,A,-,Y,ORA,12,405,-,-,5.93,H,-,S,Y,4,0,1,3,A,-,03,22350,NA,N,C,C,A,A,H,-,A,D,6,NA,NA,NA,NA,Y,NA,A,07,0,0,1,0,0,0,0,0,0,-,-,33.67025,-117.82589,ORANGE,IRVINE,-117.82789955,33.67104719
6400343,2014,2016-03-21,9675,2014-02-22,1515,016984,NA,6,2,7,3001,0,1,3,NA,2,095,RT 91,WEIR CANYON RD,1584,E,N,B,-,Y,ORA,12,91,-,R,14.76,H,-,E,N,4,0,1,2,A,-,03,22350,NA,N,C,C,A,A,H,-,A,D,1,NA,NA,NA,NA,Y,NA,A,01,0,0,1,0,0,0,0,0,0,-,-,33.86953,-117.73185,ORANGE,ANAHEIM,-117.73912036,33.87083179