CASE_ID,ACCIDENT_YEAR,PROC_DATE,JURIS,COLLISION_DATE,COLLISION_TIME,OFFICER_ID,REPORTING_DISTRICT,DAY_OF_WEEK,CHP_SHIFT,POPULATION,CNTY_CITY_LOC,SPECIAL_COND,BEAT_TYPE,CHP_BEAT_TYPE,CITY_DIVISION_LAPD,CHP_BEAT_CLASS,BEAT_NUMBER,PRIMARY_RD,SECONDARY_RD,DISTANCE,DIRECTION,INTERSECTION,WEATHER_1,WEATHER_2,STATE_HWY_IND,CALTRANS_COUNTY,CALTRANS_DISTRICT,STATE_ROUTE,ROUTE_SUFFIX,POSTMILE_PREFIX,POSTMILE,LOCATION_TYPE,RAMP_INTERSECTION,SIDE_OF_HWY,TOW_AWAY,COLLISION_SEVERITY,NUMBER_KILLED,NUMBER_INJURED,PARTY_COUNT,PRIMARY_COLL_FACTOR,PCF_CODE_OF_VIOL,PCF_VIOL_CATEGORY,PCF_VIOLATION,PCF_VIOL_SUBSECTION,HIT_AND_RUN,TYPE_OF_COLLISION,MVIW,PED_ACTION,ROAD_SURFACE,ROAD_COND_1,ROAD_COND_2,LIGHTING,CONTROL_DEVICE,CHP_ROAD_TYPE,PEDESTRIAN_ACCIDENT,BICYCLE_ACCIDENT,MOTORCYCLE_ACCIDENT,TRUCK_ACCIDENT,NOT_PRIVATE_PROPERTY,ALCOHOL_INVOLVED,STWD_VEHTYPE_AT_FAULT,CHP_VEHTYPE_AT_FAULT,COUNT_SEVERE_INJ,COUNT_VISIBLE_INJ,COUNT_COMPLAINT_PAIN,COUNT_PED_KILLED,COUNT_PED_INJURED,COUNT_BICYCLIST_KILLED,COUNT_BICYCLIST_INJURED,COUNT_MC_KILLED,COUNT_MC_INJURED,PRIMARY_RAMP,SECONDARY_RAMP,LATITUDE,LONGITUDE,COUNTY,CITY,POINT_X,POINT_Y
6493611,2014,2014-08-07,3015,2014-05-17,1317,1364,46,6,5,6,3015,0,0,0,NA,0,713,EAST KATELLA AV,N SACRAMENTO ST,261,E,N,A,-,N,NA,NA,NA,NA,NA,NA,NA,NA,NA,Y,4,0,2,4,A,-,03,22350,NA,N,C,C,A,A,H,-,A,D,0,NA,NA,NA,NA,Y,NA,D,22,0,0,2,0,0,0,0,0,0,-,-,NA,NA,ORANGE,ORANGE,-117.82984101,33.81027
6495455,2014,2014-07-25,3001,2014-05-20,2154,A1252,NA,2,5,7,3001,0,0,0,NA,0,0D1,BALL RD,FERN AV,159,E,N,A,-,N,NA,NA,NA,NA,NA,NA,NA,NA,NA,N,4,0,1,2,A,-,07,21658,A,N,D,C,A,A,H,-,C,D,0,NA,NA,NA,NA,Y,NA,A,01,0,0,1,0,0,0,0,0,0,-,-,NA,NA,ORANGE,ANAHEIM,-117.98849775,33.81747522
6496092,2014,2014-08-07,3010,2014-06-14,1325,2061,434,6,5,6,3010,0,0,0,NA,0,003,MAIN ST,YORKTOWN,35,S,N,A,-,N,NA,NA,NA,NA,NA,NA,NA,NA,NA,N,4,0,1,2,A,-,03,22350,NA,N,C,C,A,A,H,-,A,D,0,NA,NA,NA,NA,Y,NA,D,22,0,0,1,0,0,0,0,0,0,-,-,NA,NA,ORANGE,HUNTINGTON BEACH,-118.00175,33.67922404
6496309,2014,2016-04-05,9670,2014-06-16,1245,13414,NA,1,1,6,3009,0,1,3,NA,2,021,RT 22,KNOTT AV,200,W,N,A,-,Y,ORA,12,22,-,R,2.61,H,-,W,Y,4,0,1,3,A,-,03,22350,NA,N,B,C,A,A,H,-,A,D,1,NA,NA,NA,Y,Y,NA,A,01,0,0,1,0,0,0,0,0,0,-,-,33.77478,-118.01039,ORANGE,GARDEN GROVE,-118.00835566,33.77461131
6498288,2014,2014-08-01,3002,2014-05-19,1808,1408,B148,1,5,4,3002,0,0,0,NA,0,B12,BIRCH ST,KRAEMER BL,280,W,N,A,-,N,NA,NA,NA,NA,NA,NA,NA,NA,NA,Y,4,0,2,2,A,-,09,21804,A,N,D,C,A,A,H,-,A,D,0,NA,NA,NA,NA,Y,NA,D,22,0,0,2,0,0,0,0,0,0,-,-,NA,NA,ORANGE,BREA,-117.86477062,33.91825
6498425,2014,2014-07-08,3008,2014-03-24,0736,1147,NA,1,5,6,3008,0,0,0,NA,0,0Z1,EUCLID ST,MALVERN AV,360,N,N,A,-,N,NA,NA,NA,NA,NA,NA,NA,NA,NA,Y,4,0,1,1,C,-,18,NA,NA,N,E,I,A,A,H,-,A,D,0,NA,NA,NA,NA,Y,NA,-,-,0,0,1,0,0,0,0,0,0,-,-,NA,NA,ORANGE,FULLERTON,-117.94196375,33.87596591
6498429,2014,2014-07-08,3008,2014-03-21,1557,1158,NA,5,5,6,3008,0,0,0,NA,0,NA,VALENCIA DR,EUCLID ST,550,W,N,A,-,N,NA,NA,NA,NA,NA,NA,NA,NA,NA,Y,3,0,1,2,A,-,17,22517,NA,N,B,G,A,A,H,-,A,D,0,NA,Y,NA,NA,Y,NA,A,08,0,1,0,0,0,0,1,0,0,-,-,NA,NA,ORANGE,FULLERTON,-117.94374754,33.8665775
6498491,2014,2016-04-09,9670,2014-04-25,0355,20720,NA,5,3,5,3003,0,1,3,NA,2,091,RT 91,VALLEY VIEW ST,2640,E,N,A,-,Y,ORA,12,91,-,R,1.35,H,-,W,N,4,0,2,2,A,-,03,22350,NA,N,C,C,A,A,H,-,C,D,1,NA,NA,NA,NA,Y,NA,A,01,0,0,2,0,0,0,0,0,0,-,-,33.8561,-118.01866,ORANGE,BUENA PARK,-118.01998487,33.85602699
6498495,2014,2016-04-09,9670,2014-04-24,0508,20720,NA,4,3,7,3001,0,1,1,NA,2,501,RT 5,MAGNOLIA AV,500,S,N,A,-,Y,ORA,12,5,-,-,41.84,H,-,S,Y,3,0,1,1,A,-,08,22107,NA,N,E,I,A,A,H,-,C,D,6,NA,NA,NA,NA,Y,NA,A,01,0,1,0,0,0,0,0,0,0,-,-,33.852,-117.973,ORANGE,ANAHEIM,-117.97511954,33.85397221
6498763,2014,2014-07-29,9670,2014-05-02,0927,16194,NA,5,1,5,3024,0,1,1,NA,2,043,RT 405,EDWARDS ST,5,N,N,A,-,Y,NA,NA,405,NA,NA,NA,NA,NA,NA,Y,4,0,1,3,A,-,03,22350,NA,N,C,C,A,A,H,-,A,D,0,NA,NA,NA,NA,Y,NA,A,01,0,0,1,0,0,0,0,0,0,-,-,33.75359,-118.01521,ORANGE,WESTMINSTER,-118.01524135,33.7535496
6499018,2014,2014-07-21,3019,2014-04-11,1821,2001,SC,5,5,7,3019,0,0,0,NA,0,NA,BRISTOL ST,CENTRAL AV,278,N,N,A,-,N,NA,NA,NA,NA,NA,NA,NA,NA,NA,Y,4,0,1,2,A,-,09,21801,A,N,D,C,A,A,H,-,A,D,0,NA,NA,NA,NA,Y,NA,A,01,0,0,1,0,0,0,0,0,0,-,-,NA,NA,ORANGE,SANTA ANA,-117.88538,33.71332204
6499080,2014,2014-07-18,3003,2014-04-10,1141,752,3003,4,5,5,3003,0,0,0,NA,0,003,CRESCENT AV,DALE ST,0,NA,Y,A,-,N,NA,NA,NA,NA,NA,NA,NA,NA,NA,N,4,0,2,2,A,-,09,21801,A,N,A,C,A,A,H,-,A,A,0,NA,NA,NA,NA,Y,NA,-,NA,0,0,2,0,0,0,0,0,0,-,-,NA,NA,ORANGE,BUENA PARK,-117.98482005,33.83948007
6500087,2014,2014-07-25,3001,2014-05-07,1830,406,NA,3,5,7,3001,0,0,0,NA,0,0D1,BELINDA CIR,W LINCOLN AV,17,N,N,A,-,N,NA,NA,NA,NA,NA,NA,NA,NA,NA,N,4,0,1,2,A,-,10,21950,A,N,G,B,B,A,H,-,A,A,0,Y,NA,NA,NA,Y,NA,A,01,0,0,1,0,1,0,0,0,0,-,-,NA,NA,ORANGE,ANAHEIM,-117.96603129,33.8325166
6500451,2014,2014-08-01,3008,2014-05-02,1057,1297,NA,5,5,6,3008,0,0,0,NA,0,0Z2,LEMON ST,ORANGETHORPE AV,485,N,N,A,-,N,NA,NA,NA,NA,NA,NA,NA,NA,NA,N,4,0,1,2,A,-,05,21650,1,N,D,G,A,A,H,-,A,D,0,NA,Y,NA,NA,Y,NA,L,04,0,0,1,0,0,0,1,0,0,-,-,NA,NA,ORANGE,FULLERTON,-117.91988,33.86083957
6500515,2014,2014-07-30,3008,2014-05-13,1049,1117,NA,2,5,6,3008,0,0,0,NA,0,0Z2,HARBOR BL,CHADMAN AV,20,N,N,A,-,N,NA,NA,NA,NA,NA,NA,NA,NA,NA,NA,4,0,1,2,A,-,03,22350,NA,N,C,C,A,A,H,-,A,A,0,NA,NA,NA,NA,Y,NA,A,01,0,0,1,0,0,0,0,0,0,-,-,NA,NA,ORANGE,FULLERTON,-117.92434,33.87398483
6501091,2014,2014-07-25,3003,2014-05-01,1549,1114,43,4,5,5,3003,0,0,0,NA,0,003,DALE ST,WHITAKER ST,22,N,N,A,-,N,NA,NA,NA,NA,NA,NA,NA,NA,NA,Y,4,0,1,1,A,-,08,22107,NA,N,A,I,A,A,H,-,A,A,0,NA,NA,NA,NA,Y,NA,A,01,0,0,1,0,0,0,0,0,0,-,-,33.86646,-117.98953,ORANGE,BUENA PARK,-117.98506,33.86640032
6501095,2014,2014-07-25,3003,2014-05-13,1259,652,NA,2,5,5,3003,0,0,0,NA,0,NA,LA PALMA AV,BUENA PARK DOWNTOWN,0,NA,Y,A,-,N,NA,NA,NA,NA,NA,NA,NA,NA,NA,Y,4,0,1,3,A,-,09,21801,A,N,D,C,A,A,H,-,A,A,0,NA,NA,NA,NA,Y,NA,-,NA,0,0,1,0,0,0,0,0,0,-,-,33.50483,-117.5926,ORANGE,BUENA PARK,-117.987505,33.846621
6501293,2014,2014-07-28,3019,2014-05-05,1720,2630,SE,1,5,7,3019,0,0,0,NA,0,003,MACARTHUR BL,MAIN ST,50,W,N,A,-,N,NA,NA,NA,NA,NA,NA,NA,NA,NA,N,4,0,1,3,A,-,03,22350,NA,N,C,C,A,A,H,-,A,A,0,NA,NA,NA,NA,Y,NA,A,01,0,0,1,0,0,0,0,0,0,-,-,NA,NA,ORANGE,SANTA ANA,-117.86837399,33.7000986
6501325,2014,2014-07-28,3019,2014-05-08,1931,2775,NE,4,5,7,3019,0,0,0,NA,0,002,GRAND,17TH ST,350,S,N,A,-,N,NA,NA,NA,NA,NA,NA,NA,NA,NA,Y,4,0,1,2,D,-,00,NA,NA,N,B,C,A,A,H,-,C,D,0,NA,NA,NA,NA,Y,NA,-,-,0,0,1,0,0,0,0,0,0,-,-,NA,NA,ORANGE,SANTA ANA,-117.85192,33.75896052
6501334,2014,2016-04-09,9670,2014-05-02,1140,20797,NA,5,1,7,3001,0,1,1,NA,2,501,RT 5,ORANGETHORPE AV,549,S,N,A,-,Y,ORA,12,5,-,-,42.42,H,-,S,Y,3,0,1,2,A,-,07,21658,A,N,E,I,A,A,H,-,A,D,6,NA,NA,NA,NA,Y,NA,A,01,0,1,0,0,0,0,0,0,0,-,-,33.85873,-117.98464,ORANGE,ANAHEIM,-117.98397825,33.85826134
6503142,2014,2014-07-15,3019,2014-04-12,1912,3266,WE,6,5,7,3019,0,0,0,NA,0,001,17TH ST,NANCY LN,0,NA,Y,A,-,N,NA,NA,NA,NA,NA,NA,NA,NA,NA,N,3,0,1,2,A,-,11,21954,A,N,G,B,D,A,H,-,A,A,0,Y,NA,NA,NA,Y,NA,N,60,0,1,0,0,1,0,0,0,0,-,-,NA,NA,ORANGE,SANTA ANA,-117.90682,33.75993
6506031,2014,2016-02-09,9675,2014-05-27,1115,20770,NA,2,1,7,3001,0,1,3,NA,2,093,RT 91,LAKEVIEW AV,100,W,N,A,-,Y,ORA,12,91,-,R,10.07,H,-,W,Y,4,0,1,2,A,-,03,22350,NA,F,C,C,A,A,H,-,A,D,1,NA,NA,NA,NA,Y,NA,A,07,0,0,1,0,0,0,0,0,0,-,-,33.85041,-117.81589,ORANGE,ANAHEIM,-117.81474772,33.85079466
6508330,2014,2014-07-21,3000,2014-04-21,1400,2236,893C2,1,5,4,3048,0,0,0,NA,0,789,PLANO TRABUCO,SANTA MARGARITA PKWY,63,S,N,A,-,N,NA,NA,NA,NA,NA,NA,NA,NA,NA,N,3,0,3,3,A,-,01,23152,E,N,C,C,A,A,H,-,A,A,0,NA,NA,NA,NA,Y,NA,A,01,0,1,2,0,0,0,0,0,0,-,-,NA,NA,ORANGE,RANCHO SANTA MARGARITA,-117.57757207,33.64815834
6508452,2014,2014-08-01,3001,2014-05-30,0747,41555,NA,5,5,7,3001,0,0,0,NA,0,0D2,LA PALMA AV,CHANTILLY ST,428,W,N,A,-,N,NA,NA,NA,NA,NA,NA,NA,NA,NA,Y,4,0,1,5,A,-,08,22107,NA,N,C,E,A,A,H,-,A,D,0,NA,NA,NA,NA,Y,NA,A,01,0,0,1,0,0,0,0,0,0,-,-,NA,NA,ORANGE,ANAHEIM,-117.87566474,33.8469065
6508908,2014,2014-08-05,3015,2014-05-25,1512,1425,16E,7,5,6,3015,0,0,0,NA,0,231,NORTH TUSTIN ST,MAYFAIR AV,164,S,N,A,-,N,NA,NA,NA,NA,NA,NA,NA,NA,NA,Y,4,0,1,2,A,-,09,21804,A,N,D,C,A,A,H,-,A,D,0,NA,NA,NA,NA,Y,NA,A,01,0,0,1,0,0,0,0,0,0,-,-,NA,NA,ORANGE,ORANGE,-117.83566702,33.79859046
6508948,2014,2014-08-05,3009,2014-05-12,0814,0145,81,1,5,6,3009,0,0,0,NA,0,1 2,MAGNOLIA ST,KATELLA AV,300,S,N,A,-,N,NA,NA,NA,NA,NA,NA,NA,NA,NA,Y,4,0,2,3,A,-,03,22350,NA,N,B,C,A,A,H,-,A,A,0,NA,NA,NA,NA,Y,NA,A,01,0,0,2,0,0,0,0,0,0,-,-,NA,NA,ORANGE,GARDEN GROVE,-117.97564,33.80225753
6509188,2014,2014-08-07,3022,2014-05-02,1938,1252,NA,5,5,5,3022,0,0,0,NA,0,004,EL CAMINO REAL,TUSTIN RANCH RD,0,NA,Y,A,-,N,NA,NA,NA,NA,NA,NA,NA,NA,NA,Y,3,0,1,2,A,-,09,21801,A,N,D,C,A,-,A,H,A,A,0,NA,NA,NA,NA,Y,NA,A,01,0,1,0,0,0,0,0,0,0,-,-,NA,NA,ORANGE,TUSTIN,-117.80018,33.72952009
6511138,2014,2014-07-30,3002,2014-05-03,1445,1562,427Y,6,5,4,3002,0,0,0,NA,0,013,BIRCH ST,REDWOOD AV,131,W,N,A,-,N,NA,NA,NA,NA,NA,NA,NA,NA,NA,Y,3,0,2,2,A,-,05,21650,NA,N,A,C,A,A,H,-,A,A,0,NA,NA,NA,NA,Y,NA,D,22,0,2,0,0,0,0,0,0,0,-,-,NA,NA,ORANGE,BREA,-117.89592077,33.91762
6511334,2014,2014-08-07,3010,2014-05-27,2058,1155,446,2,5,6,3010,0,0,0,NA,0,003,YELLOWSTONE,BUSHARD,0,NA,Y,A,-,N,NA,NA,NA,NA,NA,NA,NA,NA,NA,Y,3,0,1,2,A,-,09,21802,A,N,D,C,A,A,H,-,C,A,0,NA,NA,NA,NA,Y,NA,A,01,0,1,0,0,0,0,0,0,0,-,-,NA,NA,ORANGE,HUNTINGTON BEACH,-117.96249007,33.66859005
6511638,2014,2014-08-12,3022,2014-06-02,2200,1096,COC,1,5,5,3022,0,0,0,NA,0,004,SAN JUAN ST,FARMINGTON RD,108,W,N,A,-,N,NA,NA,NA,NA,NA,NA,NA,NA,NA,Y,3,0,1,2,A,-,01,23152,A,N,A,E,A,A,H,-,C,D,0,NA,NA,Y,NA,Y,Y,C,02,0,1,0,0,0,0,0,0,1,-,-,33.4402,-117.4833,ORANGE,TUSTIN,-117.80923202,33.73390973
6514103,2014,2016-04-05,9670,2014-06-18,0630,15587,NA,3,1,6,3009,0,1,3,NA,2,021,RT 22,SPRINGDALE ST,1370,W,N,A,-,Y,ORA,12,22,-,R,1.65,H,-,W,Y,3,0,1,3,A,-,07,21658,A,N,B,C,A,A,D,-,A,D,1,NA,NA,Y,NA,Y,NA,D,22,0,1,0,0,0,0,0,0,1,-,-,33.77452,-118.02505,ORANGE,GARDEN GROVE,-118.02501732,33.77437031
6514797,2014,2015-02-10,3010,2014-06-05,0710,1225,326,4,5,6,3010,0,0,0,NA,0,004,RT 1,SEAPOINT,200,S,N,A,-,Y,ORA,12,1,-,-,27.01,H,-,N,Y,4,0,1,4,C,-,18,NA,NA,N,C,C,A,A,H,-,A,A,0,NA,NA,NA,NA,Y,NA,-,-,0,0,1,0,0,0,0,0,0,-,-,NA,NA,ORANGE,HUNTINGTON BEACH,-118.03169799,33.679697
6514845,2014,2014-08-11,3019,2014-05-23,1720,3327,NA,5,5,7,3019,0,0,0,NA,0,003,MAIN ST,WARNER ST,99,S,N,A,-,N,NA,NA,NA,NA,NA,NA,NA,NA,NA,Y,4,0,1,1,A,-,03,22350,NA,N,E,I,A,A,H,-,A,D,0,NA,NA,NA,NA,Y,NA,A,07,0,0,1,0,0,0,0,0,0,-,-,NA,NA,ORANGE,SANTA ANA,-117.86793733,33.71575867
6515572,2014,2014-08-07,3013,2014-05-24,2021,184,NA,6,5,3,3013,0,0,0,NA,0,NA,KATELLA AV,COTTONWOOD WY,730,E,N,A,-,N,NA,NA,NA,NA,NA,NA,NA,NA,NA,Y,4,0,1,3,A,-,03,22350,NA,N,C,C,A,A,H,-,C,A,0,NA,NA,NA,NA,Y,NA,A,01,0,0,1,0,0,0,0,0,0,-,-,NA,NA,ORANGE,LOS ALAMITOS,-118.04948234,33.80313927
6515576,2014,2014-09-22,3013,2014-05-27,1420,185,3013,2,5,3,3013,0,0,0,NA,0,005,KATELLA AV,COTTONWOOD WY,90,E,N,A,-,N,NA,NA,NA,NA,NA,NA,NA,NA,NA,Y,3,0,2,2,A,-,03,22350,NA,N,C,C,A,A,H,-,A,D,0,NA,NA,NA,NA,Y,NA,A,01,0,1,1,0,0,0,0,0,0,-,-,NA,NA,ORANGE,LOS ALAMITOS,-118.0515844,33.80314
6515828,2014,2014-08-20,3001,2014-06-19,1855,406,NA,4,5,7,3001,0,0,0,NA,0,0D3,EAST BALL RD,S ATHENA WY,210,W,N,A,-,N,NA,NA,NA,NA,NA,NA,NA,NA,NA,Y,4,0,1,2,A,-,09,21804,A,N,D,C,A,-,H,-,A,D,0,NA,NA,NA,NA,Y,NA,A,01,0,0,1,0,0,0,0,0,0,-,-,NA,NA,ORANGE,ANAHEIM,-117.88279974,33.8181
6516236,2014,2015-04-07,3026,2014-06-02,0747,900,NA,1,5,6,3026,0,0,0,NA,0,00P,IRVINE BL,RT 133,269,W,N,A,-,Y,ORA,12,133,-,-,11.838,R,4,N,Y,3,0,2,2,A,-,03,22350,NA,N,C,G,A,A,H,-,A,A,0,NA,Y,Y,NA,Y,NA,C,02,0,1,1,0,0,0,1,0,1,-,NF,NA,NA,ORANGE,IRVINE,-117.73626878,33.69606119
6517096,2014,2016-04-09,9670,2014-06-14,1745,20453,NA,6,2,5,3003,0,1,3,NA,2,091,RT 91,BEACH BL,1200,E,N,A,-,Y,ORA,12,91,-,R,2.86,H,-,W,Y,4,0,2,2,A,-,03,22350,NA,N,C,C,A,A,H,-,A,D,1,NA,NA,NA,NA,Y,NA,A,01,0,0,2,0,0,0,0,0,0,-,-,33.85624,-117.98976,ORANGE,BUENA PARK,-117.99376177,33.85620507
6519129,2014,2014-08-13,3000,2014-06-07,1155,6717,862C5,6,5,5,3050,0,0,0,NA,0,18762,PORTOLA PKWY,BAKE PKWY,57,N,N,A,-,N,NA,NA,NA,NA,NA,NA,NA,NA,NA,Y,4,0,1,3,A,-,03,22350,NA,N,C,C,A,A,H,-,A,A,0,NA,NA,NA,NA,Y,NA,A,01,0,0,1,0,0,0,0,0,0,-,-,33.40406,-117.3944,ORANGE,LAKE FOREST,-117.66218611,33.67801586
6524302,2014,2016-03-01,3010,2014-05-02,1221,1176,149,5,5,6,3010,0,0,0,NA,0,009,GOLDEN WEST,BRUNSWICK,35,S,N,A,-,N,NA,NA,NA,NA,NA,NA,NA,NA,NA,Y,4,0,1,1,A,-,08,22107,NA,N,E,I,A,A,H,-,A,D,0,NA,NA,NA,NA,Y,NA,A,01,0,0,1,0,0,0,0,0,0,-,-,NA,NA,ORANGE,HUNTINGTON BEACH,-118.00692754,33.73931406
6526413,2014,2014-07-08,3026,2014-03-07,2208,381,PORTO,5,5,6,3026,0,0,0,NA,0,00P,ALTON PKWY,COMMERCENTRE,961,S,N,A,-,N,NA,NA,NA,NA,NA,NA,NA,NA,NA,Y,3,0,2,1,A,-,08,22107,NA,N,F,I,A,A,H,-,C,D,0,NA,NA,NA,NA,Y,NA,A,07,0,2,0,0,0,0,0,0,0,-,-,NA,NA,ORANGE,IRVINE,-117.69311168,33.66924655
6528142,2014,2016-04-09,9675,2014-06-14,1430,17504,NA,6,2,7,3019,0,1,1,NA,2,503,RT 5,RT 55,500,S,N,A,-,Y,ORA,12,5,-,-,30.19,H,-,N,N,4,0,2,3,A,-,03,22350,NA,N,C,C,A,A,H,-,A,D,1,NA,NA,NA,NA,Y,NA,D,22,0,0,2,0,0,0,0,0,0,-,-,33.74044,-117.83226,ORANGE,SANTA ANA,-117.83263324,33.74035594
6528414,2014,2014-08-13,3019,2014-06-02,0832,1561,WE,1,5,7,3019,0,0,0,NA,0,001,EUCLID ST,1ST ST,35,S,N,A,-,N,NA,NA,NA,NA,NA,NA,NA,NA,NA,N,4,0,2,2,A,-,03,22350,NA,N,C,C,A,A,H,-,A,A,0,NA,NA,NA,NA,Y,NA,D,22,0,0,2,0,0,0,0,0,0,-,-,NA,NA,ORANGE,SANTA ANA,-117.93748,33.74505
6528509,2014,2016-03-29,9675,2014-06-13,1830,19979,NA,5,2,5,3014,0,1,3,NA,2,074,RT 73,BIRCH ST,800,S,N,A,-,Y,ORA,12,73,-,-,25.24,H,-,N,Y,3,0,1,2,A,-,08,22107,NA,N,E,I,A,A,H,-,A,D,1,NA,NA,NA,NA,Y,NA,A,01,0,1,0,0,0,0,0,0,0,-,-,33.65906,-117.86985,ORANGE,NEWPORT BEACH,-117.87104706,33.65986068
6529348,2014,2014-08-09,3019,2014-06-08,1830,3327,WE,7,5,7,3019,0,0,0,NA,0,001,NEWHOPE ST,MAURIE AV,0,NA,Y,A,-,N,NA,NA,NA,NA,NA,NA,NA,NA,NA,Y,2,0,1,2,A,-,08,22100,A,N,B,C,A,A,H,-,A,D,0,NA,NA,Y,NA,Y,NA,A,01,1,0,0,0,0,0,0,0,1,-,-,NA,NA,ORANGE,SANTA ANA,-117.92884011,33.75531002
6529929,2014,2016-04-04,9670,2014-06-21,1910,18654,NA,6,2,4,3020,0,1,1,NA,2,044,RT 405,SEAL BEACH BL,2000,S,N,A,-,Y,ORA,12,405,-,-,22.26,H,-,N,Y,4,0,1,2,A,-,03,22350,NA,N,C,C,A,A,H,-,A,D,1,NA,NA,NA,NA,Y,NA,D,22,0,0,1,0,0,0,0,0,0,-,-,33.7749,-118.06184,ORANGE,SEAL BEACH,-118.06825112,33.77442986
6532469,2014,2014-08-01,3000,2014-05-26,2038,5163,951J1,1,5,5,3040,0,0,0,NA,0,740,CROWN VALLEY PKWY,GREENFIELD DR,0,NA,Y,A,-,N,NA,NA,NA,NA,NA,NA,NA,NA,NA,N,4,0,1,2,A,-,10,21950,A,N,G,B,B,A,H,-,C,A,0,Y,NA,NA,NA,Y,NA,A,01,0,0,1,0,1,0,0,0,0,-,-,NA,NA,ORANGE,LAGUNA NIGUEL,-117.68526009,33.55371002
6533355,2014,2014-08-20,3001,2014-06-24,0942,1508,NA,2,5,7,3001,0,0,0,NA,0,0D3,EAST CERRITOS AV,STATE COLLEGE BL,0,NA,Y,B,-,N,NA,NA,NA,NA,NA,NA,NA,NA,NA,N,3,0,1,2,A,-,12,21453,A,N,D,C,A,A,H,-,A,A,0,NA,NA,NA,NA,Y,NA,D,22,0,1,0,0,0,0,0,0,0,-,-,NA,NA,ORANGE,ANAHEIM,-117.88925006,33.81063006
6536003,2014,2016-04-04,9690,2014-05-24,1145,016610,NA,6,1,4,3018,0,1,1,NA,2,057,RT 5,RT 74,2000,N,N,B,-,Y,ORA,12,5,-,-,9.98,H,-,S,Y,4,0,1,3,A,-,03,22350,NA,F,C,C,A,A,H,-,A,D,1,NA,NA,NA,NA,Y,NA,A,01,0,0,1,0,0,0,0,0,0,-,-,33.5136,-117.66315,ORANGE,SAN JUAN CAPISTRANO,-117.66035501,33.50753209
6536004,2014,2016-04-04,9690,2014-05-23,1435,015713,NA,5,2,5,3017,0,1,1,NA,2,059,RT 5,AVENIDA PICO,2640,S,N,A,-,Y,ORA,12,5,-,-,2.89,H,-,N,N,4,0,1,2,A,-,03,22350,NA,N,C,C,A,A,H,-,A,D,1,NA,NA,NA,NA,Y,NA,A,07,0,0,1,0,0,0,0,0,0,-,-,33.43525,-117.6173,ORANGE,SAN CLEMENTE,-117.61636132,33.43358445
6536009,2014,2016-03-30,9690,2014-05-18,1430,017631,NA,7,2,9,3000,0,1,3,NA,2,011,RT 1,EL MORRO CANYON RD,1400,S,N,A,-,Y,ORA,12,1,-,-,11.89,H,-,N,N,4,0,1,2,A,-,03,22350,NA,N,C,C,A,A,H,-,A,D,0,NA,NA,NA,NA,Y,NA,A,01,0,0,1,0,0,0,0,0,0,-,-,33.56034,-117.82162,ORANGE,UNINCORPORATED,-117.82156769,33.56066458
6536010,2014,2016-04-04,9690,2014-05-17,1240,016610,NA,6,1,4,3018,0,1,1,NA,2,057,RT 5,JUNIPERO SERRA RD,2000,N,N,A,-,Y,ORA,12,5,-,-,11.31,H,-,S,N,4,0,1,2,A,-,03,22350,NA,N,C,C,A,A,H,-,A,D,1,NA,NA,NA,NA,Y,NA,A,07,0,0,1,0,0,0,0,0,0,-,-,33.52636,-117.66883,ORANGE,SAN JUAN CAPISTRANO,-117.66823692,33.52565342
6536999,2014,2014-08-19,3026,2014-06-10,0932,4991,NA,2,5,6,3026,0,0,0,NA,0,00P,WALNUT,THE MALL,0,NA,Y,A,-,N,NA,NA,NA,NA,NA,NA,NA,NA,NA,N,4,0,1,2,A,-,12,22450,A,N,D,C,A,A,H,-,A,A,0,NA,NA,NA,NA,Y,NA,A,01,0,0,1,0,0,0,0,0,0,-,-,NA,NA,ORANGE,IRVINE,-117.79222,33.7086601
6539303,2014,2014-08-09,3019,2014-06-13,2154,3249,NA,5,5,7,3019,0,0,0,NA,0,001,FAIRVIEW ST,1ST ST,0,NA,Y,A,-,N,NA,NA,NA,NA,NA,NA,NA,NA,NA,N,4,0,1,2,A,-,09,21453,C,M,D,C,A,A,H,-,C,A,0,NA,NA,NA,NA,Y,NA,D,22,0,0,1,0,0,0,0,0,0,-,-,NA,NA,ORANGE,SANTA ANA,-117.90535003,33.7452801
6539450,2014,2014-09-03,3010,2014-06-21,1825,2116,189,6,5,6,3010,0,0,0,NA,0,007,EDWARDS,SLATER,0,NA,Y,A,-,N,NA,NA,NA,NA,NA,NA,NA,NA,NA,Y,4,0,1,3,A,-,09,21801,A,N,D,C,A,A,H,-,A,A,0,NA,NA,NA,NA,Y,NA,A,01,0,0,1,0,0,0,0,0,0,-,-,NA,NA,ORANGE,HUNTINGTON BEACH,-118.01517011,33.70823011
6539454,2014,2014-08-27,3010,2014-06-19,1400,1010,451,4,5,6,3010,0,0,0,NA,0,004,MAIN ST,WALNUT AV,0,NA,Y,A,-,N,NA,NA,NA,NA,NA,NA,NA,NA,NA,N,4,0,1,2,A,-,21,22106,NA,M,G,B,E,A,H,-,A,D,0,Y,NA,NA,NA,Y,NA,A,07,0,0,1,0,1,0,0,0,0,-,-,NA,NA,ORANGE,HUNTINGTON BEACH,-118.00111013,33.65805004
6539479,2014,2014-08-16,3019,2014-06-12,1045,1572,SOUTH,4,5,7,3019,0,0,0,NA,0,004,BRISTOL ST,SEGERSTROM,36,N,N,A,-,N,NA,NA,NA,NA,NA,NA,NA,NA,NA,N,4,0,1,2,A,-,03,22350,NA,N,C,C,A,A,H,-,A,A,0,NA,NA,NA,NA,Y,NA,A,07,0,0,1,0,0,0,0,0,0,-,-,NA,NA,ORANGE,SANTA ANA,-117.88546105,33.70752841
6539526,2014,2014-08-29,3001,2014-06-20,1406,1740,NA,5,5,7,3001,0,0,0,NA,0,0D2,E LINCOLN AV,PEREGRINE ST,64,E,N,A,-,N,NA,NA,NA,NA,NA,NA,NA,NA,NA,Y,4,0,1,2,A,-,03,22350,NA,N,C,C,A,A,H,-,A,A,0,NA,NA,NA,NA,Y,NA,A,01,0,0,1,0,0,0,0,0,0,-,-,NA,NA,ORANGE,ANAHEIM,-117.8836631,33.83906877