CASE_ID,ACCIDENT_YEAR,PROC_DATE,JURIS,COLLISION_DATE,COLLISION_TIME,OFFICER_ID,REPORTING_DISTRICT,DAY_OF_WEEK,CHP_SHIFT,POPULATION,CNTY_CITY_LOC,SPECIAL_COND,BEAT_TYPE,CHP_BEAT_TYPE,CITY_DIVISION_LAPD,CHP_BEAT_CLASS,BEAT_NUMBER,PRIMARY_RD,SECONDARY_RD,DISTANCE,DIRECTION,INTERSECTION,WEATHER_1,WEATHER_2,STATE_HWY_IND,CALTRANS_COUNTY,CALTRANS_DISTRICT,STATE_ROUTE,ROUTE_SUFFIX,POSTMILE_PREFIX,POSTMILE,LOCATION_TYPE,RAMP_INTERSECTION,SIDE_OF_HWY,TOW_AWAY,COLLISION_SEVERITY,NUMBER_KILLED,NUMBER_INJURED,PARTY_COUNT,PRIMARY_COLL_FACTOR,PCF_CODE_OF_VIOL,PCF_VIOL_CATEGORY,PCF_VIOLATION,PCF_VIOL_SUBSECTION,HIT_AND_RUN,TYPE_OF_COLLISION,MVIW,PED_ACTION,ROAD_SURFACE,ROAD_COND_1,ROAD_COND_2,LIGHTING,CONTROL_DEVICE,CHP_ROAD_TYPE,PEDESTRIAN_ACCIDENT,BICYCLE_ACCIDENT,MOTORCYCLE_ACCIDENT,TRUCK_ACCIDENT,NOT_PRIVATE_PROPERTY,ALCOHOL_INVOLVED,STWD_VEHTYPE_AT_FAULT,CHP_VEHTYPE_AT_FAULT,COUNT_SEVERE_INJ,COUNT_VISIBLE_INJ,COUNT_COMPLAINT_PAIN,COUNT_PED_KILLED,COUNT_PED_INJURED,COUNT_BICYCLIST_KILLED,COUNT_BICYCLIST_INJURED,COUNT_MC_KILLED,COUNT_MC_INJURED,PRIMARY_RAMP,SECONDARY_RAMP,LATITUDE,LONGITUDE,COUNTY,CITY,POINT_X,POINT_Y
6752493,2014,2016-06-15,9670,2014-12-13,1920,20455,NA,6,2,7,3001,0,1,1,NA,2,502,RT 5,DISNEYLAND DR,500,N,N,A,-,Y,ORA,12,5,-,-,38.28,H,-,N,Y,3,0,2,3,A,-,07,21658,A,N,B,C,A,A,H,-,D,D,6,NA,NA,NA,NA,Y,NA,A,01,0,2,0,0,0,0,0,0,0,-,-,33.82466,-117.92407,ORANGE,ANAHEIM,-117.9247679,33.82532275
6752533,2014,2015-02-04,3000,2014-12-19,1840,8737,922C7,5,5,5,3028,0,0,0,NA,0,755,MARGUERITE PKWY,HILLCREST,400,S,N,A,-,N,NA,NA,NA,NA,NA,NA,NA,NA,NA,Y,4,0,1,3,A,-,03,22350,NA,N,C,C,A,A,H,-,C,A,0,NA,NA,NA,NA,Y,NA,A,01,0,0,1,0,0,0,0,0,0,-,-,NA,NA,ORANGE,MISSION VIEJO,-117.66334805,33.55797516
6755229,2014,2016-06-18,3000,2014-12-06,1505,2947,797J5,6,5,4,3021,0,0,0,NA,0,023,BEACH BL,STANFORD AV,473,N,N,A,-,Y,ORA,12,39,-,-,8.92,H,-,N,Y,4,0,1,2,A,-,03,22350,NA,N,C,C,A,A,H,-,A,A,0,NA,NA,Y,NA,Y,NA,C,02,0,0,1,0,0,0,0,0,1,-,-,NA,NA,ORANGE,STANTON,-117.99273877,33.77733339
6755422,2014,2015-02-09,3010,2014-12-03,1005,0147,273,3,5,6,3010,0,0,0,NA,0,006,SLATER,KEELSON,0,NA,Y,B,-,N,NA,NA,NA,NA,NA,NA,NA,NA,NA,Y,4,0,1,2,A,-,01,23152,E,N,D,C,A,B,H,-,A,A,0,NA,NA,NA,NA,Y,NA,A,01,0,0,1,0,0,0,0,0,0,-,-,NA,NA,ORANGE,HUNTINGTON BEACH,-117.99077004,33.70840007
6755749,2014,2015-02-05,3004,2014-12-17,1457,P541,33,3,5,6,3004,0,0,0,NA,0,015,BEAR,METRO POINTE EAST,0,NA,Y,B,-,N,NA,NA,NA,NA,NA,NA,NA,NA,NA,Y,4,0,1,2,A,-,12,21453,A,N,C,C,A,A,H,-,A,A,0,NA,NA,NA,NA,Y,NA,A,01,0,0,1,0,0,0,0,0,0,-,-,33.69069,-117.53317,ORANGE,COSTA MESA,-117.892234,33.689129
6755773,2014,2016-06-18,3004,2014-12-09,1756,P543,33,2,5,6,3004,0,0,0,NA,0,005,BRISTOL ST,RT 405,20,N,N,A,-,Y,ORA,12,405,-,-,9.341,R,4,N,Y,3,0,2,2,A,-,12,21453,A,N,D,C,A,A,H,-,C,A,0,NA,NA,NA,NA,Y,NA,A,01,0,1,1,0,0,0,0,0,0,-,NF,33.4119,-117.5308,ORANGE,COSTA MESA,-117.88266624,33.68750756
6756087,2014,2015-02-10,9675,2014-12-17,0935,13600,NA,3,1,9,3000,0,3,5,NA,2,001,VILLA PARK RD,HEWES ST,10,W,N,B,-,N,NA,NA,NA,NA,NA,NA,NA,NA,NA,Y,4,0,1,2,A,-,03,22350,NA,N,C,C,A,A,H,-,A,A,0,NA,NA,NA,NA,Y,NA,D,22,0,0,1,0,0,0,0,0,0,-,-,33.80974,-117.80137,ORANGE,UNINCORPORATED,-117.80093281,33.81003106
6756121,2014,2015-02-09,3008,2014-12-11,1844,1177,NA,4,5,6,3008,0,0,0,NA,0,0Z2,EUCLID ST,MALVERN AV,0,NA,Y,B,-,N,NA,NA,NA,NA,NA,NA,NA,NA,NA,Y,4,0,5,4,A,-,09,21801,A,N,D,C,A,A,H,-,C,A,0,NA,NA,NA,NA,Y,NA,A,01,0,0,5,0,0,0,0,0,0,-,-,NA,NA,ORANGE,FULLERTON,-117.9419701,33.87498006
6756212,2014,2015-02-03,3008,2014-12-07,1104,1347,NA,7,5,6,3008,0,0,0,NA,0,002,N LEMON ST,CHAPMAN AV,0,NA,Y,A,-,N,NA,NA,NA,NA,NA,NA,NA,NA,NA,Y,4,0,1,2,A,-,09,21801,A,N,D,C,A,A,H,-,A,A,0,NA,NA,NA,NA,Y,NA,A,01,0,0,1,0,0,0,0,0,0,-,-,NA,NA,ORANGE,FULLERTON,-117.91985011,33.87402012
6756215,2014,2016-06-10,9675,2014-12-18,1933,17504,NA,4,2,7,3001,0,1,3,NA,2,195,RT 91,WEIR CANYON RD,2500,E,N,A,-,Y,ORA,12,91,-,R,14.93,H,-,W,Y,4,0,1,1,A,-,08,22107,NA,N,E,I,A,A,H,-,C,D,1,NA,NA,NA,NA,Y,NA,A,01,0,0,1,0,0,0,0,0,0,-,-,33.87112,-117.73791,ORANGE,ANAHEIM,-117.73652121,33.87121557
6758425,2014,2015-02-04,3015,2014-12-03,1437,1386,54W,3,5,6,3015,0,0,0,NA,0,711M,EAST CHAPMAN AV,PROSPECT ST,700,E,N,C,-,N,NA,NA,NA,NA,NA,NA,NA,NA,NA,N,4,0,1,2,A,-,03,22350,NA,N,C,C,A,B,H,-,A,A,0,NA,NA,NA,NA,Y,NA,D,22,0,0,1,0,0,0,0,0,0,-,-,NA,NA,ORANGE,ORANGE,-117.81610185,33.7878
6758993,2014,2015-01-26,3026,2014-11-22,1836,448,NA,6,5,6,3026,0,0,0,NA,0,NA,BARRANCA,HARVARD,117,E,N,A,-,N,NA,NA,NA,NA,NA,NA,NA,NA,NA,Y,4,0,1,2,A,-,01,23152,A,N,C,C,A,A,H,-,C,A,0,NA,NA,NA,NA,Y,Y,A,01,0,0,1,0,0,0,0,0,0,-,-,NA,NA,ORANGE,IRVINE,-117.8183685,33.68824166
6759824,2014,2016-06-10,9690,2014-11-05,1800,18349,NA,3,2,5,3028,0,1,1,NA,2,056,RT 5,OSO PKWY,100,S,N,A,-,Y,ORA,12,5,-,-,15.2,H,-,S,Y,4,0,3,3,A,-,03,22350,NA,N,C,C,A,A,H,-,C,D,1,NA,NA,NA,NA,Y,NA,A,07,0,0,3,0,0,0,0,0,0,-,-,33.57982,-117.67194,ORANGE,MISSION VIEJO,-117.67191056,33.57988091
6762284,2014,2015-01-28,3001,2014-11-18,2353,2165,NA,2,5,7,3001,0,0,0,NA,0,0D3,SOUTH MANCHESTER AV,WEST BROADWAY,0,NA,Y,A,-,N,NA,NA,NA,NA,NA,NA,NA,NA,NA,Y,4,0,1,2,A,-,09,21801,A,N,A,C,A,A,H,-,C,A,0,NA,NA,NA,NA,Y,NA,A,07,0,0,1,0,0,0,0,0,0,-,-,NA,NA,ORANGE,ANAHEIM,-117.93008011,33.82943003
6763685,2014,2015-02-03,3000,2014-12-08,1029,2872,892E1,1,5,5,3028,0,0,0,NA,0,156,SANTA MARGARITA,PORTOLA PLAZA,0,NA,Y,A,-,N,NA,NA,NA,NA,NA,NA,NA,NA,NA,Y,4,0,1,2,A,-,12,21453,A,N,D,C,A,A,H,-,A,A,0,NA,NA,NA,NA,Y,NA,A,01,0,0,1,0,0,0,0,0,0,-,-,33.65193,-117.64497,ORANGE,MISSION VIEJO,-117.646473,33.652766
6765374,2014,2015-02-02,3015,2014-12-04,1449,919,NA,4,5,6,3015,0,0,0,NA,0,712,N BATAVIA ST,NICOLAS AV,1,S,N,A,-,N,NA,NA,NA,NA,NA,NA,NA,NA,NA,Y,3,0,4,2,A,-,09,21801,A,N,D,C,A,A,H,-,A,D,0,NA,NA,NA,NA,Y,NA,A,01,0,1,3,0,0,0,0,0,0,-,-,NA,NA,ORANGE,ORANGE,-117.86183,33.80007726
6765468,2014,2015-01-29,3022,2014-12-06,1745,1262,NA,6,5,5,3022,0,0,0,NA,0,003,EDIUGER AV,AVIADON LN,260,W,N,A,-,N,NA,NA,NA,NA,NA,NA,NA,NA,NA,Y,4,0,1,4,A,-,03,22350,NA,N,C,C,A,A,H,-,C,A,0,NA,NA,NA,NA,Y,NA,A,01,0,0,1,0,0,0,0,0,0,-,-,33.70379,-117.80577,ORANGE,TUSTIN,-117.8049,33.702858
6765542,2014,2015-02-05,3002,2014-12-24,0937,1382,428Z,3,5,4,3002,0,0,0,NA,0,012,STATE COLLEGE BL,AVOCADO ST,527,S,N,A,-,N,NA,NA,NA,NA,NA,NA,NA,NA,NA,Y,4,0,2,5,A,-,12,21453,A,N,D,C,A,A,H,-,A,A,0,NA,NA,NA,NA,Y,NA,A,07,0,0,2,0,0,0,0,0,0,-,-,NA,NA,ORANGE,BREA,-117.88290811,33.92085546
6765914,2014,2015-02-05,3011,2014-12-21,1426,31004,42,7,5,4,3011,0,0,0,NA,0,002,RT 1,THALIA ST,15,S,N,A,-,Y,NA,NA,NA,NA,NA,NA,NA,NA,NA,N,4,0,1,2,A,-,03,22350,NA,N,C,C,A,A,H,-,A,A,0,NA,NA,NA,NA,Y,NA,A,01,0,0,1,0,0,0,0,0,0,-,-,NA,NA,ORANGE,LAGUNA BEACH,NA,NA
6766101,2015,2015-02-04,3014,2015-01-16,1003,1244,RD15,5,5,5,3014,0,0,0,NA,0,0A1,MCFADDEN PL,21ST ST,147,N,N,A,-,N,NA,NA,NA,NA,NA,NA,NA,NA,NA,N,4,0,1,2,A,-,13,22515,B,N,H,C,A,A,H,-,A,D,0,NA,NA,NA,NA,Y,NA,A,07,0,0,1,0,0,0,0,0,0,-,-,33.6087,-117.9285,ORANGE,NEWPORT BEACH,-117.92779,33.60893
6767106,2014,2015-02-03,3015,2014-12-22,1409,1098,33,1,5,6,3015,0,0,0,NA,0,731,S TUSTIN ST,E FAIRWAY DR,0,NA,Y,A,-,N,NA,NA,NA,NA,NA,NA,NA,NA,NA,NA,3,0,1,2,A,-,09,21802,A,N,D,C,A,A,H,-,A,A,0,NA,NA,NA,NA,Y,NA,A,07,0,1,0,0,0,0,0,0,0,-,-,NA,NA,ORANGE,ORANGE,-117.83575013,33.77862006
6767208,2014,2016-03-01,3001,2014-12-20,1949,1617,NA,6,5,7,3001,0,0,0,NA,0,0D3,EAST KATELLA AV,RT 57,232,E,N,A,-,N,NA,NA,NA,NA,NA,NA,NA,NA,NA,Y,4,0,4,2,A,-,03,22350,NA,N,C,C,A,A,H,-,C,A,0,NA,NA,NA,NA,Y,NA,A,01,0,0,4,0,0,0,0,0,0,-,NF,NA,NA,ORANGE,ANAHEIM,-117.88012,33.80608
6767606,2014,2015-02-05,3001,2014-12-20,1914,1544,NA,6,5,7,3001,0,0,0,NA,0,0D2,EAST ORANGETHORPE AV,NORTH STATE COLLEGE BL,0,NA,Y,B,-,N,NA,NA,NA,NA,NA,NA,NA,NA,NA,N,3,0,1,2,A,-,10,21950,A,M,G,B,B,A,H,-,C,A,0,Y,NA,NA,NA,Y,NA,A,01,0,1,0,0,1,0,0,0,0,-,-,NA,NA,ORANGE,ANAHEIM,-117.88941002,33.85964007
6767609,2014,2015-02-05,3001,2014-12-11,2140,415,NA,4,5,7,3001,0,0,0,NA,0,0D3,SOUTH WALNUT ST,WEST BALL RD,0,NA,Y,A,-,N,NA,NA,NA,NA,NA,NA,NA,NA,NA,Y,4,0,3,2,A,-,09,21801,A,N,D,C,A,A,H,-,C,A,0,NA,NA,NA,NA,Y,NA,-,NA,0,0,3,0,0,0,0,0,0,-,-,NA,NA,ORANGE,ANAHEIM,-117.9285001,33.8179801
6767610,2014,2015-02-05,3001,2014-12-18,2043,415,NA,4,5,7,3001,0,0,0,NA,0,0D2,NORTH HARBOR BL,W LINCOLN AV,0,NA,Y,A,-,N,NA,NA,NA,NA,NA,NA,NA,NA,NA,Y,3,0,1,2,D,-,00,NA,NA,N,D,C,A,A,H,-,C,A,0,NA,NA,NA,NA,Y,NA,-,-,0,1,0,0,0,0,0,0,0,-,-,NA,NA,ORANGE,ANAHEIM,-117.91962007,33.83418002
6768220,2014,2015-01-28,3026,2014-11-19,1808,465,NA,3,5,6,3026,0,0,0,NA,0,00U,CULVER,SANDBURG,528,N,N,A,-,N,NA,NA,NA,NA,NA,NA,NA,NA,NA,N,3,0,1,2,A,-,09,21804,A,N,D,G,A,A,H,-,C,A,0,NA,Y,NA,NA,Y,NA,A,01,0,1,0,0,0,0,1,0,0,-,-,NA,NA,ORANGE,IRVINE,-117.827398,33.66362065
6769118,2015,2015-05-05,3000,2015-03-18,0930,1920,861J6,3,5,5,3050,0,0,0,NA,0,764,BAKE PKWY,COMMERCENTRE,0,NA,Y,A,-,N,NA,NA,NA,NA,NA,NA,NA,NA,NA,Y,4,0,1,2,A,-,12,21453,A,N,D,C,A,A,H,-,A,A,0,NA,NA,NA,NA,Y,NA,-,-,0,0,1,0,0,0,0,0,0,-,-,NA,NA,ORANGE,LAKE FOREST,-117.68623004,33.66548004
6769429,2015,2016-10-27,9690,2015-03-11,1340,14953,NA,3,1,5,3017,0,1,1,NA,2,059,RT 5,CAMINO DE ESTRELLA,2500,S,N,B,-,Y,ORA,12,5,-,-,5.33,H,-,N,Y,4,0,1,3,A,-,03,22350,NA,N,C,C,A,A,D,-,A,D,1,NA,NA,NA,NA,Y,NA,A,01,0,0,1,0,0,0,0,0,0,-,-,33.4575,-117.65343,ORANGE,SAN CLEMENTE,-117.6490771,33.45529207
6771535,2014,2015-02-10,3015,2014-12-18,1548,1519,77S,4,5,6,3015,0,0,0,NA,0,002,NORTH TUSTIN ST,MEATS AV,435,N,N,A,-,N,NA,NA,NA,NA,NA,NA,NA,NA,NA,Y,4,0,1,2,A,-,09,21804,A,N,-,C,A,A,H,-,A,-,0,NA,NA,NA,NA,Y,NA,A,08,0,0,1,0,0,0,0,0,0,-,-,NA,NA,ORANGE,ORANGE,-117.83606172,33.82410212
6771542,2014,2015-02-06,3022,2014-12-25,1612,1077,NA,4,5,5,3022,0,0,0,NA,0,NA,NEWPORT AV,BRYAN AV,20,N,N,A,-,N,NA,NA,NA,NA,NA,NA,NA,NA,NA,N,4,0,1,2,A,-,03,22350,NA,N,C,C,A,A,H,-,A,A,0,NA,NA,NA,NA,Y,NA,A,01,0,0,1,0,0,0,0,0,0,-,-,33.74388,-117.81635,ORANGE,TUSTIN,-117.81647723,33.74378158
6771592,2014,2015-02-06,9675,2014-12-16,1515,17773,NA,2,2,9,3000,0,3,5,NA,2,004,IRVINE AV,UNIVERSITY DR,35,N,N,B,-,N,NA,NA,NA,NA,NA,NA,NA,NA,NA,Y,4,0,2,2,A,-,03,22350,NA,N,C,C,A,A,H,-,A,A,0,NA,NA,NA,NA,Y,NA,A,01,0,0,2,0,0,0,0,0,0,-,-,33.65619,-117.88703,ORANGE,UNINCORPORATED,-117.88700043,33.6559363
6773395,2014,2016-06-18,3004,2014-12-30,1522,P543,32,2,5,6,3004,0,0,0,NA,0,005,BRISTOL ST,RT 405,68,N,N,A,-,Y,ORA,12,405,-,-,9.745,R,4,S,Y,4,0,5,3,A,-,03,22350,NA,N,C,C,A,A,H,-,A,A,0,NA,NA,NA,NA,Y,NA,A,01,0,0,5,0,0,0,0,0,0,-,-,33.411,-117.5308,ORANGE,COSTA MESA,-117.8896921,33.68733484
6773422,2014,2015-02-12,3015,2014-12-28,1542,1483,54E,7,5,6,3015,0,0,0,NA,0,NA,CHAPMAN AV,HEWES ST,115,E,N,A,-,N,NA,NA,NA,NA,NA,NA,NA,NA,NA,N,3,0,1,2,A,-,-,NA,NA,N,C,C,A,A,H,-,A,A,0,NA,NA,NA,NA,Y,NA,A,01,0,1,0,0,0,0,0,0,0,-,-,NA,NA,ORANGE,ORANGE,-117.80533245,33.78774
6773816,2014,2015-03-20,3001,2014-12-15,1918,1373,NA,1,5,7,3001,0,0,0,NA,0,0D2,SOUTH STATE COLLEGE BL,E ALMONT AV,42,S,N,A,-,N,NA,NA,NA,NA,NA,NA,NA,NA,NA,N,1,1,0,2,A,-,11,21954,A,N,G,B,D,A,H,-,C,D,0,Y,NA,NA,NA,Y,Y,N,60,0,0,0,1,0,0,0,0,0,-,-,NA,NA,ORANGE,ANAHEIM,-117.88937,33.81969486
6773817,2014,2015-02-06,3001,2014-12-26,1741,415,D2,5,5,7,3001,0,0,0,NA,0,NA,BALL RD,HARBOR BL,0,NA,Y,A,-,N,NA,NA,NA,NA,NA,NA,NA,NA,NA,Y,3,0,1,2,A,-,09,21453,C,N,D,C,A,A,H,-,C,A,0,NA,NA,NA,NA,Y,NA,A,07,0,1,0,0,0,0,0,0,0,-,-,NA,NA,ORANGE,ANAHEIM,-117.91550013,33.81803007
6776150,2014,2015-07-13,3019,2014-11-04,1637,2776,NA,2,5,7,3019,0,0,0,NA,0,NA,GRAND AV,STAFFORD ST,63,S,N,A,-,N,NA,NA,NA,NA,NA,NA,NA,NA,NA,N,4,0,1,2,A,-,07,21658,A,N,B,C,A,A,H,-,A,D,0,NA,NA,Y,NA,Y,NA,A,01,0,0,1,0,0,0,0,0,1,-,-,NA,NA,ORANGE,SANTA ANA,-117.85193178,33.75317743
6777831,2015,2015-02-24,3019,2015-01-20,1743,3342,SC,2,5,7,3019,0,0,0,NA,0,004,FAIRVIEW AV,SAINT ANDREW PL,100,S,N,A,-,N,NA,NA,NA,NA,NA,NA,NA,NA,NA,Y,4,0,1,5,A,-,05,21650,NA,N,A,C,A,A,H,-,C,A,0,NA,NA,NA,NA,Y,NA,A,01,0,0,1,0,0,0,0,0,0,-,-,NA,NA,ORANGE,SANTA ANA,-117.90767539,33.72320769
6779126,2015,2016-04-28,3000,2015-01-09,2135,4601,972B7,5,5,4,3029,0,0,0,NA,0,638,RT 1,PALISADES DR,2520,N,N,A,-,N,NA,NA,NA,NA,NA,NA,NA,NA,NA,Y,3,0,1,7,A,-,01,23152,A,N,G,B,F,A,H,-,D,D,0,Y,NA,NA,NA,Y,Y,A,07,0,1,0,0,1,0,0,0,0,-,-,NA,NA,ORANGE,DANA POINT,-117.674451,33.459639
6780818,2014,2015-01-28,3010,2014-11-29,1540,2116,NA,6,5,6,3010,0,0,0,NA,0,002,DELAWARE,ATLANTA,229,S,N,A,-,N,NA,NA,NA,NA,NA,NA,NA,NA,NA,N,3,0,2,1,A,-,03,22350,NA,N,H,A,A,A,H,-,A,D,0,NA,NA,Y,NA,Y,NA,C,02,0,2,0,0,0,0,0,0,2,-,-,NA,NA,ORANGE,HUNTINGTON BEACH,-117.99259,33.65701212
6782745,2015,2016-09-12,9670,2015-01-10,1145,15041,NA,6,1,6,3008,0,1,3,NA,2,093,RT 91,EUCLID ST,300,E,N,C,-,Y,ORA,12,91,-,-,2.33,H,-,W,N,4,0,1,2,A,-,03,22350,NA,N,C,C,A,B,H,-,A,D,1,NA,NA,NA,NA,Y,NA,A,01,0,0,1,0,0,0,0,0,0,-,-,33.85435,-117.93651,ORANGE,FULLERTON,-117.94038241,33.85423949
6783531,2015,2016-10-18,9670,2015-02-28,1245,17192,NA,6,1,6,3010,0,1,1,NA,2,042,RT 405,BEACH BL,500,N,N,B,-,Y,ORA,12,405,-,-,16.66,H,-,N,N,4,0,1,3,A,-,03,22350,NA,N,C,C,A,A,H,-,A,D,1,NA,NA,NA,NA,Y,NA,D,22,0,0,1,0,0,0,0,0,0,-,-,33.74514,-118.01024,ORANGE,HUNTINGTON BEACH,-117.99083701,33.73389479
6783932,2015,2016-09-07,9670,2015-03-20,1258,20994,NA,5,1,5,3003,0,1,1,NA,2,500,RT 5,WESTERN AV,274,N,N,A,-,Y,ORA,12,5,-,-,43.78,H,-,N,Y,3,0,2,1,A,-,08,22107,NA,N,E,I,A,A,H,-,A,D,1,NA,NA,NA,NA,Y,NA,D,22,0,1,1,0,0,0,0,0,0,-,-,33.86948,-118.0033,ORANGE,BUENA PARK,-118.00324645,33.86931872
6784120,2015,2016-10-24,3001,2015-01-06,1544,406,NA,2,5,7,3001,0,0,0,NA,0,0D4,IMPERIAL HWY,LA PALMA AV,940,S,N,A,-,Y,ORA,12,90,-,-,12.64,H,-,E,N,4,0,1,2,A,-,03,22350,NA,N,C,C,A,A,H,-,A,D,0,NA,NA,NA,NA,Y,NA,A,01,0,0,1,0,0,0,0,0,0,-,-,NA,NA,ORANGE,ANAHEIM,-117.79056071,33.85710743
6784127,2015,2015-02-18,3011,2015-01-06,1805,31364,42,2,5,4,3011,0,0,0,NA,0,002,GLENNEYRE ST,BROOKS ST,6,N,N,A,-,N,NA,NA,NA,NA,NA,NA,NA,NA,NA,N,2,0,1,2,A,-,10,21950,A,N,G,B,B,A,H,-,C,D,0,Y,NA,NA,NA,Y,NA,A,01,1,0,0,0,1,0,0,0,0,-,-,NA,NA,ORANGE,LAGUNA BEACH,-117.77560045,33.53371393
6786740,2014,2015-03-27,3010,2014-12-30,1852,10751234,424,2,5,6,3010,0,0,0,NA,0,003,NEWLAND,BRIDGEPORT,18,S,N,C,-,N,NA,NA,NA,NA,NA,NA,NA,NA,NA,Y,4,0,2,2,A,-,03,22350,NA,N,C,C,A,B,H,-,C,D,0,NA,NA,NA,NA,Y,NA,A,01,0,0,2,0,0,0,0,0,0,-,-,NA,NA,ORANGE,HUNTINGTON BEACH,-117.98008939,33.68262065
6786864,2015,2015-08-12,3015,2015-01-04,2100,1514,27E,7,5,6,3015,0,0,0,NA,0,321,N BATAVIA ST,GROVE AV,593,N,N,A,-,N,NA,NA,NA,NA,NA,NA,NA,NA,NA,Y,4,0,1,2,A,-,08,22107,NA,N,C,C,A,A,H,-,C,D,0,NA,NA,NA,Y,Y,NA,F,26,0,0,1,0,0,0,0,0,0,-,-,NA,NA,ORANGE,ORANGE,-117.86208907,33.82253561
6788639,2015,2015-03-03,3016,2015-01-20,1719,1153,35,2,5,5,3016,0,0,0,NA,0,001,ALTA VISTA ST,ROSE DR,487,E,N,B,-,N,NA,NA,NA,NA,NA,NA,NA,NA,NA,Y,3,0,1,2,A,-,01,23152,A,N,D,C,A,A,H,-,C,D,0,NA,NA,NA,NA,Y,Y,A,01,0,1,0,0,0,0,0,0,0,-,-,NA,NA,ORANGE,PLACENTIA,-117.84182243,33.87552339
6789479,2015,2015-02-23,3009,2015-01-04,0409,3819,156,7,5,6,3009,0,0,0,NA,0,2 3,WESTMINSTER AV,ROXEY DR,235,W,N,A,-,N,NA,NA,NA,NA,NA,NA,NA,NA,NA,Y,2,0,2,1,A,-,01,23152,A,N,A,I,A,A,H,-,C,D,0,NA,NA,NA,NA,Y,NA,A,01,1,0,1,0,0,0,0,0,0,-,-,NA,NA,ORANGE,GARDEN GROVE,-117.91005126,33.75991048
6791324,2015,2016-09-12,9670,2015-01-18,1340,20809,NA,7,1,6,3008,0,1,3,NA,2,093,RT 91,HARBOR BL,100,E,N,A,-,Y,ORA,12,91,-,-,3.28,H,-,E,Y,4,0,1,2,A,-,03,22350,NA,N,B,C,A,A,H,-,A,D,1,NA,NA,NA,NA,Y,NA,A,01,0,0,1,0,0,0,0,0,0,-,-,33.85384,-117.92229,ORANGE,FULLERTON,-117.92386793,33.85383683
6791348,2015,2016-09-12,9670,2015-01-11,1022,17951,NA,7,1,7,3001,0,1,1,NA,2,503,RT 5,ANAHEIM BL,103,S,N,B,C,Y,ORA,12,5,-,-,36.63,H,-,S,Y,4,0,2,3,A,-,03,22350,NA,N,C,C,A,B,H,-,A,D,6,NA,NA,NA,NA,Y,NA,A,07,0,0,2,0,0,0,0,0,0,-,-,33.80596,-117.90587,ORANGE,ANAHEIM,-117.90661728,33.80673377
6792655,2015,2015-02-24,3001,2015-01-15,1753,415,NA,4,5,7,3001,0,0,0,NA,0,0D1,W STONYBROOK DR,S OAKWILDE DR,57,W,N,A,-,N,NA,NA,NA,NA,NA,NA,NA,NA,NA,N,4,0,1,2,A,-,11,21954,A,N,G,B,D,A,H,-,C,D,0,Y,NA,NA,NA,Y,NA,N,60,0,0,1,0,1,0,0,0,0,-,-,NA,NA,ORANGE,ANAHEIM,-117.98784723,33.82145801
6792919,2015,2016-10-21,9675,2015-01-10,0638,16748,NA,6,1,4,3002,0,1,3,NA,2,570,RT 57,IMPERIAL HWY,1000,N,N,B,-,Y,ORA,12,57,-,-,20.06,H,-,N,Y,4,0,1,4,A,-,07,21658,A,F,B,C,A,A,H,-,A,D,6,NA,NA,NA,Y,Y,NA,G,25,0,0,1,0,0,0,0,0,0,-,-,33.91562,-117.88187,ORANGE,BREA,-117.88279929,33.913584
6793469,2015,2015-02-27,3001,2015-01-20,1726,1740,NA,2,5,7,3001,0,0,0,NA,0,0D1,WEST CRESCENT AV,N BROOKHURST ST,0,NA,Y,B,-,N,NA,NA,NA,NA,NA,NA,NA,NA,NA,Y,4,0,1,2,A,-,09,21801,A,N,A,C,A,A,H,-,C,A,0,NA,NA,NA,NA,Y,NA,A,01,0,0,1,0,0,0,0,0,0,-,-,NA,NA,ORANGE,ANAHEIM,-117.95905001,33.8398201
6794449,2015,2015-11-17,9670,2015-01-10,1730,19304,NA,6,2,5,3007,0,1,1,NA,2,040,RT 405,EUCLID ST,1200,N,N,B,C,Y,ORA,12,405,-,-,12.73,H,-,N,N,4,0,2,2,A,-,03,22350,NA,N,C,C,A,B,H,-,C,D,1,NA,NA,NA,NA,Y,NA,A,01,0,0,2,0,0,0,0,0,0,-,-,33.69765,-117.93924,ORANGE,FOUNTAIN VALLEY,-117.93904008,33.69749209
6796506,2015,2016-09-14,3015,2015-01-14,1537,1487,43,3,5,6,3015,0,0,0,NA,0,332,EAST CHAPMAN AV,RT 55,0,NA,Y,A,-,Y,ORA,12,55,-,-,13.578,R,4,S,N,4,0,1,3,A,-,03,22350,NA,N,C,C,A,A,H,-,A,D,0,NA,NA,NA,NA,Y,NA,A,07,0,0,1,0,0,0,0,0,0,-,-,NA,NA,ORANGE,ORANGE,-117.83122042,33.78582546
6796808,2015,2016-10-06,9670,2015-01-24,1715,20194,NA,6,2,7,3001,0,1,3,NA,2,093,RT 91,EUCLID ST,500,E,N,A,-,Y,ORA,12,91,-,-,2.36,H,-,W,Y,3,0,1,2,A,-,03,22350,NA,N,C,C,A,A,H,-,C,D,1,NA,NA,NA,NA,Y,NA,D,22,0,1,0,0,0,0,0,0,0,-,-,33.85435,-117.93348,ORANGE,ANAHEIM,-117.93986058,33.85423658
6796902,2015,2015-02-25,3008,2015-01-15,1050,1117,NA,4,5,6,3008,0,0,0,NA,0,0Z2,COMMONWEALTH AV,HARBOR BL,5,E,N,A,-,N,NA,NA,NA,NA,NA,NA,NA,NA,NA,Y,4,0,1,2,A,-,01,23152,A,N,A,C,A,A,H,-,A,A,0,NA,NA,NA,NA,Y,NA,A,07,0,0,1,0,0,0,0,0,0,-,-,NA,NA,ORANGE,FULLERTON,-117.92431,33.87036
6796946,2015,2016-10-06,9670,2015-01-22,0745,15927,NA,4,1,5,3003,0,1,3,NA,2,092,RT 91,BEACH BL,1500,W,N,B,-,Y,ORA,12,91,-,R,2.1,H,-,E,N,4,0,1,2,A,-,03,22350,NA,N,C,C,A,A,H,-,A,D,1,NA,NA,NA,NA,Y,NA,A,07,0,0,1,0,0,0,0,0,0,-,-,33.85578,-118.00556,ORANGE,BUENA PARK,-118.00697252,33.85592886