CASE_ID,ACCIDENT_YEAR,PROC_DATE,JURIS,COLLISION_DATE,COLLISION_TIME,OFFICER_ID,REPORTING_DISTRICT,DAY_OF_WEEK,CHP_SHIFT,POPULATION,CNTY_CITY_LOC,SPECIAL_COND,BEAT_TYPE,CHP_BEAT_TYPE,CITY_DIVISION_LAPD,CHP_BEAT_CLASS,BEAT_NUMBER,PRIMARY_RD,SECONDARY_RD,DISTANCE,DIRECTION,INTERSECTION,WEATHER_1,WEATHER_2,STATE_HWY_IND,CALTRANS_COUNTY,CALTRANS_DISTRICT,STATE_ROUTE,ROUTE_SUFFIX,POSTMILE_PREFIX,POSTMILE,LOCATION_TYPE,RAMP_INTERSECTION,SIDE_OF_HWY,TOW_AWAY,COLLISION_SEVERITY,NUMBER_KILLED,NUMBER_INJURED,PARTY_COUNT,PRIMARY_COLL_FACTOR,PCF_CODE_OF_VIOL,PCF_VIOL_CATEGORY,PCF_VIOLATION,PCF_VIOL_SUBSECTION,HIT_AND_RUN,TYPE_OF_COLLISION,MVIW,PED_ACTION,ROAD_SURFACE,ROAD_COND_1,ROAD_COND_2,LIGHTING,CONTROL_DEVICE,CHP_ROAD_TYPE,PEDESTRIAN_ACCIDENT,BICYCLE_ACCIDENT,MOTORCYCLE_ACCIDENT,TRUCK_ACCIDENT,NOT_PRIVATE_PROPERTY,ALCOHOL_INVOLVED,STWD_VEHTYPE_AT_FAULT,CHP_VEHTYPE_AT_FAULT,COUNT_SEVERE_INJ,COUNT_VISIBLE_INJ,COUNT_COMPLAINT_PAIN,COUNT_PED_KILLED,COUNT_PED_INJURED,COUNT_BICYCLIST_KILLED,COUNT_BICYCLIST_INJURED,COUNT_MC_KILLED,COUNT_MC_INJURED,PRIMARY_RAMP,SECONDARY_RAMP,LATITUDE,LONGITUDE,COUNTY,CITY,POINT_X,POINT_Y
6796952,2015,2015-02-23,3000,2015-01-14,1515,1056,992J2,3,5,5,3017,0,0,0,NA,0,075,E AVENIDA PICO,AVENIDA PRESIDIO,424,W,N,A,-,N,NA,NA,NA,NA,NA,NA,NA,NA,NA,N,3,0,1,3,A,-,04,21703,NA,N,C,C,A,A,H,-,A,A,0,NA,NA,NA,NA,Y,NA,A,07,0,1,0,0,0,0,0,0,0,-,-,33.44319,-117.61486,ORANGE,SAN CLEMENTE,-117.61695746,33.44152346
6796953,2015,2015-02-23,3000,2015-01-08,1439,9590,921H2,4,5,4,3045,0,0,0,NA,0,746,YORK CIR,WILKES PL,257,W,N,A,-,N,NA,NA,NA,NA,NA,NA,NA,NA,NA,Y,3,0,1,3,A,-,01,23152,A,N,D,E,A,A,H,-,A,D,0,NA,NA,NA,NA,Y,Y,A,01,0,1,0,0,0,0,0,0,0,-,-,NA,NA,ORANGE,LAGUNA HILLS,-117.69681466,33.59567894
6796962,2015,2015-02-25,3008,2015-01-15,1617,1177,23,4,5,6,3008,0,0,0,NA,0,NA,ST COLLEGE BL,CYPRESS WY,215,N,N,A,-,N,NA,NA,NA,NA,NA,NA,NA,NA,NA,Y,4,0,1,2,A,-,07,21658,A,N,B,C,A,A,H,-,A,D,0,NA,NA,Y,NA,Y,NA,A,01,0,0,1,0,0,0,0,0,1,-,-,NA,NA,ORANGE,FULLERTON,-117.889435,33.861783
6796969,2015,2015-02-25,3008,2015-01-11,1118,1484,NA,7,5,6,3008,0,0,0,NA,0,002,LEMON ST,ORANGETHORPE AV,0,NA,Y,C,-,N,NA,NA,NA,NA,NA,NA,NA,NA,NA,Y,4,0,1,2,A,-,09,21801,A,N,A,C,A,B,H,-,A,A,0,NA,NA,NA,NA,Y,NA,-,NA,0,0,1,0,0,0,0,0,0,-,-,NA,NA,ORANGE,FULLERTON,-117.91987002,33.85951001
6798075,2015,2015-02-23,3015,2015-01-14,0758,919,16W,3,5,6,3015,0,0,0,NA,0,712,SHAFFER ST,MAYFAIR AV,0,NA,Y,A,-,N,NA,NA,NA,NA,NA,NA,NA,NA,NA,N,4,0,1,2,A,-,09,21804,A,N,D,G,A,A,H,-,A,A,0,NA,Y,NA,NA,Y,NA,L,04,0,0,1,0,0,0,1,0,0,-,-,NA,NA,ORANGE,ORANGE,-117.84871005,33.79913001
6798767,2015,2016-10-10,9670,2015-01-20,1548,20809,NA,2,2,6,3009,0,1,3,NA,2,024,RT 22,HARBOR BL,400,W,N,A,-,Y,ORA,12,22,-,R,7.75,H,-,E,Y,4,0,1,4,A,-,03,22350,NA,N,C,C,A,A,H,-,A,D,1,NA,NA,NA,NA,Y,NA,D,22,0,0,1,0,0,0,0,0,0,-,-,33.76656,-117.92202,ORANGE,GARDEN GROVE,-117.92192299,33.76723389
6799196,2015,2015-02-25,3012,2015-01-23,1400,288,41,5,5,5,3012,0,0,0,NA,0,0NE,LA HABRA BL,EUCLID ST,53,W,N,-,-,N,NA,NA,NA,NA,NA,NA,NA,NA,NA,N,4,0,1,2,A,-,03,22350,NA,N,C,C,A,A,H,-,A,A,0,NA,NA,NA,NA,Y,NA,A,01,0,0,1,0,0,0,0,0,0,-,-,NA,NA,ORANGE,LA HABRA,-117.94630432,33.93186
6799344,2015,2015-02-18,3026,2015-01-06,1537,8929,NA,2,5,6,3026,0,0,0,NA,0,00C,MCGAW AV,ARMSTRONG AV,0,NA,Y,A,-,N,NA,NA,NA,NA,NA,NA,NA,NA,NA,Y,4,0,2,2,A,-,09,21802,A,N,D,C,A,A,H,-,A,A,0,NA,NA,NA,NA,Y,NA,A,01,0,0,2,0,0,0,0,0,0,-,-,NA,NA,ORANGE,IRVINE,-117.84605006,33.69347012
6803593,2015,2015-03-02,3022,2015-01-12,1325,1142,NA,1,5,5,3022,0,0,0,NA,0,NA,17TH ST,MALENA DR,225,W,N,A,-,N,NA,NA,NA,NA,NA,NA,NA,NA,NA,Y,3,0,1,1,A,-,08,22107,NA,N,E,I,A,A,H,-,A,D,0,NA,NA,NA,NA,Y,NA,A,07,0,1,0,0,0,0,0,0,0,-,-,33.7599,-117.824,ORANGE,TUSTIN,-117.82399826,33.75990595
6804740,2015,2015-03-10,3000,2015-01-20,1840,3569,952B4,2,5,4,3018,0,0,0,NA,0,232,VILLAGE RD,LAKEVIEW ST,0,NA,Y,A,-,N,NA,NA,NA,NA,NA,NA,NA,NA,NA,Y,4,0,1,2,A,-,01,23152,A,N,C,E,A,A,H,-,C,D,0,NA,NA,NA,NA,Y,Y,A,01,0,0,1,0,0,0,0,0,0,-,-,NA,NA,ORANGE,SAN JUAN CAPISTRANO,-117.67237008,33.53087003
6804801,2015,2015-03-02,3003,2015-01-05,2032,799,NA,1,5,5,3003,0,0,0,NA,0,004,LA PALMA AV,SAN RAFAEL DR,0,NA,Y,A,-,N,NA,NA,NA,NA,NA,NA,NA,NA,NA,Y,4,0,1,2,A,-,12,21453,A,N,D,C,A,A,H,-,C,A,0,NA,NA,NA,NA,Y,NA,A,01,0,0,1,0,0,0,0,0,0,-,-,33.5047,-118.128,ORANGE,BUENA PARK,-118.02423007,33.84661002
6806762,2015,2015-03-03,3026,2015-01-28,1654,390,U1,3,5,6,3026,0,0,0,NA,0,00U,RED HILL AV,DEERE,560,N,N,A,-,N,NA,NA,NA,NA,NA,NA,NA,NA,NA,Y,4,0,1,2,A,-,03,22350,NA,N,C,C,A,A,H,-,A,D,0,NA,NA,NA,NA,Y,NA,A,08,0,0,1,0,0,0,0,0,0,-,-,NA,NA,ORANGE,IRVINE,-117.844878,33.70396199
6806969,2015,2015-03-04,3009,2015-01-17,0223,3607,095,6,5,6,3009,0,0,0,NA,0,013,ERIN RD,TRASK AV,15,N,N,A,-,N,NA,NA,NA,NA,NA,NA,NA,NA,NA,Y,4,0,1,1,A,-,08,22107,NA,N,E,I,A,A,H,-,C,A,0,NA,NA,NA,NA,Y,NA,A,01,0,0,1,0,0,0,0,0,0,-,-,NA,NA,ORANGE,GARDEN GROVE,-117.96233,33.76677113
6806985,2015,2015-03-12,3020,2015-01-07,1205,152,NA,3,5,4,3020,0,0,0,NA,0,00N,WESTMINSTER AV,SEAL BEACH,15,E,N,A,-,N,NA,NA,NA,NA,NA,NA,NA,NA,NA,N,4,0,1,2,A,-,03,22350,NA,N,C,C,A,A,H,-,A,A,0,NA,NA,NA,NA,Y,NA,A,NA,0,0,1,0,0,0,0,0,0,-,-,NA,NA,ORANGE,SEAL BEACH,-118.07773076,33.75948
6806995,2015,2015-03-04,3012,2015-01-15,0910,586,41,4,5,5,3012,0,0,0,NA,0,004,LA HABRA BL,WALLACE ST,68,E,N,A,-,N,NA,NA,NA,NA,NA,NA,NA,NA,NA,Y,3,0,1,3,A,-,03,22350,NA,N,C,C,B,A,H,-,A,D,0,Y,NA,NA,NA,Y,NA,A,07,0,1,0,0,1,0,0,0,0,-,-,NA,NA,ORANGE,LA HABRA,-117.94709637,33.93186685
6807546,2015,2015-03-03,3002,2015-01-07,1443,1382,227X,3,5,4,3002,0,0,0,NA,0,011,BREA BL,CANYON COUNTRY RD,0,NA,Y,A,-,N,NA,NA,NA,NA,NA,NA,NA,NA,NA,Y,4,0,1,2,A,-,09,21801,A,N,D,C,A,A,H,-,A,A,0,NA,NA,NA,NA,Y,NA,A,01,0,0,1,0,0,0,0,0,0,-,-,NA,NA,ORANGE,BREA,-117.892882,33.936395
6808947,2015,2016-11-01,9670,2015-01-30,0645,20860,NA,5,1,4,3020,0,1,1,NA,2,044,RT 405,SEAL BEACH BL,50,S,N,B,-,Y,ORA,12,405,-,-,22.63,H,-,S,Y,3,0,3,5,A,-,03,22350,NA,F,C,C,A,B,H,-,B,D,1,NA,NA,NA,NA,Y,NA,-,99,0,1,2,0,0,0,0,0,0,-,-,33.77371,-118.07411,ORANGE,SEAL BEACH,-118.07491105,33.77428102
6809162,2015,2015-03-06,3014,2015-02-05,2135,1253,RD39,4,5,5,3014,0,0,0,NA,0,0A3,NEWPORT CENTER DR E,ANACAPA DR,0,NA,Y,A,-,N,NA,NA,NA,NA,NA,NA,NA,NA,NA,Y,3,0,2,2,A,-,09,21801,A,N,A,C,A,A,H,-,C,A,0,NA,NA,NA,NA,Y,NA,A,01,0,1,1,0,0,0,0,0,0,-,-,33.6126,-117.875,ORANGE,NEWPORT BEACH,-117.87512004,33.61254012
6809306,2015,2015-03-04,3003,2015-01-30,1926,657,NA,5,5,5,3003,0,0,0,NA,0,NA,LINCOLN AV,HOLDER ST,0,NA,Y,A,-,N,NA,NA,NA,NA,NA,NA,NA,NA,NA,Y,4,0,4,4,A,-,12,21453,A,N,B,C,A,A,H,-,E,A,0,NA,NA,NA,NA,Y,NA,A,01,0,0,4,0,0,0,0,0,0,-,-,NA,NA,ORANGE,BUENA PARK,-118.01969011,33.83189002
6809800,2015,2015-03-03,3015,2015-01-28,1318,1386,12,3,5,6,3015,0,0,0,NA,0,711M,N CAMBRIDGE ST,N LA VETA AV,0,NA,Y,A,-,N,NA,NA,NA,NA,NA,NA,NA,NA,NA,N,3,0,1,2,A,-,10,21950,A,F,G,G,A,A,H,-,A,D,0,NA,Y,NA,NA,Y,NA,A,01,0,1,0,0,0,0,1,0,0,-,-,NA,NA,ORANGE,ORANGE,-117.84442004,33.78055011
6811373,2015,2015-03-11,3019,2015-02-02,0716,2528,NE,1,5,7,3019,0,0,0,NA,0,002,SANTIAGO AV,CIVIC CENTER DR,80,S,N,A,-,N,NA,NA,NA,NA,NA,NA,NA,NA,NA,N,4,0,1,2,A,-,03,22350,NA,N,C,G,A,A,H,-,A,D,0,NA,Y,NA,NA,Y,NA,D,22,0,0,1,0,0,0,1,0,0,-,-,NA,NA,ORANGE,SANTA ANA,-117.85852138,33.75332881
6811972,2015,2015-02-27,3024,2015-01-10,1507,191,P 09,6,5,5,3024,0,0,0,NA,0,00W,WESTMINSTER BL,SPRINGDALE ST,9,E,N,C,-,N,NA,NA,NA,NA,NA,NA,NA,NA,NA,Y,3,0,1,1,A,-,08,22107,NA,N,E,I,A,B,H,-,A,A,0,NA,NA,NA,NA,Y,NA,A,01,0,1,0,0,0,0,0,0,0,-,-,NA,NA,ORANGE,WESTMINSTER,-118.02459046,33.75908
6811988,2015,2015-02-27,3024,2015-01-16,1747,195,P15 2,5,5,5,3024,0,0,0,NA,0,WEST,SPRINGDALE ST,ASH ST,0,NA,Y,A,-,N,NA,NA,NA,NA,NA,NA,NA,NA,NA,N,3,0,1,2,A,-,10,21950,A,N,G,B,B,A,H,-,C,D,0,Y,NA,NA,NA,Y,NA,A,07,0,1,0,0,1,0,0,0,0,-,-,NA,NA,ORANGE,WESTMINSTER,-118.02459004,33.75813011
6812046,2015,2015-03-04,3009,2015-01-23,0808,3927,113,5,5,6,3009,0,0,0,NA,0,021,EUCLID ST,CHAPMAN AV,200,N,N,A,-,N,NA,NA,NA,NA,NA,NA,NA,NA,NA,Y,4,0,1,2,A,-,03,22350,NA,N,C,C,A,A,H,-,A,D,0,NA,NA,NA,NA,Y,NA,A,08,0,0,1,0,0,0,0,0,0,-,-,NA,NA,ORANGE,GARDEN GROVE,-117.94127858,33.78921811
6815752,2015,2015-03-05,3010,2015-01-13,1459,1198,179,2,5,6,3010,0,0,0,NA,0,007,GOLDENWEST,HEIL,151,S,N,A,-,N,NA,NA,NA,NA,NA,NA,NA,NA,NA,Y,2,0,1,2,A,-,09,21801,A,N,D,C,A,A,H,-,A,D,0,NA,NA,Y,NA,Y,NA,A,01,1,0,0,0,0,0,0,0,1,-,-,NA,NA,ORANGE,HUNTINGTON BEACH,-118.00667,33.72239598
6816664,2015,2016-09-23,9675,2015-01-31,1430,19241,NA,6,2,7,3001,0,1,3,NA,2,094,RT 91,IMPERIAL HWY,1056,W,N,A,-,Y,ORA,12,91,-,R,11.51,H,-,W,Y,3,0,1,4,A,-,03,22350,NA,N,C,C,A,A,H,-,A,D,1,NA,NA,NA,NA,Y,NA,A,07,0,1,0,0,0,0,0,0,0,-,-,33.85457,-117.7941,ORANGE,ANAHEIM,-117.7910359,33.8545007
6816758,2015,2015-03-05,3010,2015-02-06,0756,0197,189,5,5,6,3010,0,0,0,NA,0,007,EDWARDS,ARMADA,0,NA,Y,E,-,N,NA,NA,NA,NA,NA,NA,NA,NA,NA,N,3,0,2,2,A,-,09,21802,A,N,D,C,A,A,H,-,A,A,0,NA,NA,NA,NA,Y,NA,A,07,0,1,1,0,0,0,0,0,0,-,-,NA,NA,ORANGE,HUNTINGTON BEACH,-118.01532007,33.70552
6816783,2015,2016-09-23,9675,2015-02-04,1655,018087,NA,3,2,7,3001,0,1,3,NA,2,094,RT 91,IMPERIAL HWY,800,W,N,A,-,Y,ORA,12,91,-,R,11.44,H,-,W,NA,4,0,1,3,A,-,03,22350,NA,N,C,C,A,A,H,-,A,D,1,NA,NA,NA,NA,Y,NA,A,01,0,0,1,0,0,0,0,0,0,-,-,33.85462,-117.79662,ORANGE,ANAHEIM,-117.79224079,33.85442707
6816788,2015,2015-03-05,3010,2015-02-05,1154,1059,421,4,5,6,3010,0,0,0,NA,0,005,GOTHARD ST,GARFIELD AV,0,NA,Y,A,-,N,NA,NA,NA,NA,NA,NA,NA,NA,NA,Y,3,0,2,2,A,-,12,21453,A,N,D,C,A,A,H,-,A,A,0,NA,NA,NA,NA,Y,NA,A,07,0,1,1,0,0,0,0,0,0,-,-,NA,NA,ORANGE,HUNTINGTON BEACH,-118.00184004,33.68662002
6817084,2015,2016-10-03,9675,2015-01-20,0530,20766,NA,2,3,7,3019,0,1,1,NA,2,502,RT 5,MAIN ST,588,N,N,B,-,Y,ORA,12,5,-,-,33.22,H,-,S,Y,4,0,1,2,A,-,08,22107,NA,N,C,E,A,A,H,-,C,D,1,NA,NA,NA,NA,Y,NA,A,01,0,0,1,0,0,0,0,0,0,-,-,33.76867,-117.86802,ORANGE,SANTA ANA,-117.86831933,33.76878797
6817473,2015,2015-03-06,9670,2015-02-05,1235,012927,NA,4,1,9,3000,0,3,5,NA,2,004,CERRITOS AV,GILBERT ST,0,NA,Y,A,-,N,NA,NA,NA,NA,NA,NA,NA,NA,NA,Y,4,0,1,2,A,-,09,21801,A,N,D,C,A,A,H,-,A,A,0,NA,NA,NA,NA,Y,NA,A,01,0,0,1,0,0,0,0,0,0,-,-,33.81066,-117.96771,ORANGE,UNINCORPORATED,-117.96758003,33.81040006
6817697,2015,2016-09-26,9670,2015-02-09,1208,014303,NA,1,1,9,3000,0,1,3,NA,2,390,BEACH BL,MCFADDEN AV,30,N,N,A,-,Y,ORA,12,39,-,-,6.15,H,-,N,N,3,0,1,2,A,-,05,21650,1,N,H,G,A,A,H,-,A,A,0,NA,Y,NA,NA,Y,NA,L,04,0,1,0,0,0,0,1,0,0,-,-,33.73757,-117.98928,ORANGE,UNINCORPORATED,-117.98931184,33.73758017
6817701,2015,2016-10-10,9670,2015-02-05,1555,14751,NA,4,2,6,3009,0,1,3,NA,2,024,RT 22,HARBOR BL,600,E,N,A,-,Y,ORA,12,22,-,R,7.97,H,-,E,Y,4,0,1,3,A,-,03,22350,NA,N,C,C,A,A,H,-,A,D,1,NA,NA,NA,NA,Y,NA,A,01,0,0,1,0,0,0,0,0,0,-,-,33.7684,-117.91784,ORANGE,GARDEN GROVE,-117.9184321,33.76843968
6817725,2015,2015-03-09,3000,2015-02-10,1405,1920,952B2,2,5,5,3028,0,0,0,NA,0,750,MARGUERITE PKWY,AVERY PKWY,0,NA,Y,A,-,N,NA,NA,NA,NA,NA,NA,NA,NA,NA,Y,4,0,1,2,A,-,09,21453,C,N,D,C,A,A,H,-,A,A,0,NA,NA,NA,NA,Y,NA,A,01,0,0,1,0,0,0,0,0,0,-,-,NA,NA,ORANGE,MISSION VIEJO,-117.67102009,33.54721011
6818154,2015,2015-02-27,3015,2015-01-21,1239,1386,61,3,5,6,3015,0,0,0,NA,0,711M,SOUTH MAIN ST,W COLUMBIA PL,0,NA,Y,A,-,N,NA,NA,NA,NA,NA,NA,NA,NA,NA,N,4,0,1,2,A,-,09,21801,A,N,D,C,A,A,H,-,A,D,0,NA,NA,NA,NA,Y,NA,A,01,0,0,1,0,0,0,0,0,0,-,-,NA,NA,ORANGE,ORANGE,-117.86730011,33.78326009
6821481,2015,2015-03-06,3024,2015-02-09,1847,381,P29,1,5,5,3024,0,0,0,NA,0,0ES,BROOKHURST ST,HAZARD AV,15,S,N,A,-,N,NA,NA,NA,NA,NA,NA,NA,NA,NA,N,4,0,1,2,A,-,05,21650,1,N,H,G,A,A,H,-,C,A,0,NA,Y,NA,NA,Y,NA,L,04,0,0,1,0,0,0,1,0,0,-,-,NA,NA,ORANGE,WESTMINSTER,-117.955,33.75221887
6822249,2015,2015-03-02,3024,2015-01-26,1824,382,P15,1,5,5,3024,0,0,0,NA,0,WEST,WESTMINSTER BL,SPRINGDALE ST,72,W,N,B,F,N,NA,NA,NA,NA,NA,NA,NA,NA,NA,Y,4,0,1,2,A,-,01,23152,A,N,B,C,A,B,H,-,C,A,0,NA,NA,NA,NA,Y,Y,A,07,0,0,1,0,0,0,0,0,0,-,-,NA,NA,ORANGE,WESTMINSTER,-118.02485635,33.75908
6823234,2015,2015-03-10,3000,2015-01-28,0830,2194,972C2,3,5,4,3018,0,0,0,NA,0,M32,DEL OBISPO ST,CAMINO CAPISTRANO,25,E,N,A,-,N,NA,NA,NA,NA,NA,NA,NA,NA,NA,N,2,0,1,2,A,-,11,21954,A,N,G,B,D,A,H,-,A,A,0,Y,NA,NA,NA,Y,NA,N,60,1,0,0,0,1,0,0,0,0,-,-,NA,NA,ORANGE,SAN JUAN CAPISTRANO,-117.66243844,33.4980749
6826189,2015,2016-10-11,9675,2015-02-19,0730,20044,NA,4,1,6,3015,0,1,1,NA,2,502,RT 5,STATE COLLEGE BL,165,S,N,B,-,Y,ORA,12,5,-,-,35.17,H,-,S,N,4,0,1,2,A,-,03,22350,NA,N,C,C,A,A,H,-,A,D,1,NA,NA,NA,NA,Y,NA,A,01,0,0,1,0,0,0,0,0,0,-,-,33.79047,-117.8891,ORANGE,ORANGE,-117.88966091,33.79108609
6827508,2014,2015-03-10,3019,2014-12-17,0944,3349,SC,3,5,7,3019,0,0,0,NA,0,004,SOUTH BRISTOL ST,EDINGER AV,300,S,N,A,-,N,NA,NA,NA,NA,NA,NA,NA,NA,NA,Y,4,0,1,2,A,-,09,21804,A,N,-,A,A,A,H,-,A,A,0,NA,NA,Y,NA,Y,NA,A,01,0,0,1,0,0,0,0,0,1,-,-,NA,NA,ORANGE,SANTA ANA,-117.88521494,33.72635348
6828292,2015,2015-03-12,3007,2015-02-17,1352,244,15,2,5,5,3007,0,0,0,NA,0,001,EDINGER,LAS FLORES,8,W,N,A,-,N,NA,NA,NA,NA,NA,NA,NA,NA,NA,Y,4,0,2,2,A,-,09,21801,A,N,A,C,A,A,H,-,A,D,0,NA,NA,NA,NA,Y,NA,A,01,0,0,2,0,0,0,0,0,0,-,-,NA,NA,ORANGE,FOUNTAIN VALLEY,-117.94984624,33.73060934
6829718,2015,2016-11-01,9675,2015-03-13,0555,20627,NA,5,3,6,3026,0,1,1,NA,2,503,RT 5,JAMBOREE RD,200,N,N,A,-,Y,ORA,12,5,-,-,27.65,H,-,N,Y,4,0,1,2,A,-,07,21658,A,N,B,C,A,A,H,-,B,D,1,NA,NA,NA,Y,Y,NA,A,01,0,0,1,0,0,0,0,0,0,-,-,33.4328,-117.48106,ORANGE,IRVINE,-117.79575708,33.72023127
6831751,2015,2015-03-17,3000,2015-02-12,0717,9192,921C2,4,5,4,3049,0,0,0,NA,0,6M81,ALISO CREEK RD,WESTWING,130,N,N,A,-,N,NA,NA,NA,NA,NA,NA,NA,NA,NA,Y,3,0,2,3,A,-,03,22350,NA,N,C,-,A,A,H,-,A,A,0,NA,NA,NA,NA,Y,NA,A,01,0,1,1,0,0,0,0,0,0,-,-,NA,NA,ORANGE,ALISO VIEJO,-117.7388173,33.59642809
6836541,2015,2016-10-03,9675,2015-02-23,1835,020738,NA,1,2,7,3019,0,1,1,NA,2,530,RT 5,MAIN ST,600,N,N,A,-,Y,ORA,12,5,-,-,30.67,H,-,N,N,4,0,1,2,A,-,03,22350,NA,N,C,C,A,A,H,-,C,D,1,NA,NA,NA,NA,Y,NA,A,07,0,0,1,0,0,0,0,0,0,-,-,33.74283,-117.84024,ORANGE,SANTA ANA,-117.83967981,33.74301143
6837108,2015,2015-03-16,3000,2015-02-23,0715,4049,892H3,1,5,4,3048,0,0,0,NA,0,667,SANTA MARGARITA PKWY,ALICIA PKWY,104,S,N,A,-,N,NA,NA,NA,NA,NA,NA,NA,NA,NA,N,4,0,1,2,A,-,03,22350,NA,N,C,C,A,B,H,-,A,A,0,NA,NA,NA,NA,Y,NA,A,07,0,0,1,0,0,0,0,0,0,-,-,NA,NA,ORANGE,RANCHO SANTA MARGARITA,-117.61869305,33.63847088
6837422,2015,2015-03-19,3000,2015-02-23,1907,1123,952B4,1,5,4,3018,0,0,0,NA,0,333,RANCHO VIEJO RD,VILLAGE RD,0,NA,Y,A,-,N,NA,NA,NA,NA,NA,NA,NA,NA,NA,N,4,0,1,2,A,-,09,21453,C,N,D,C,A,A,H,-,C,A,0,NA,NA,Y,NA,Y,NA,A,01,0,0,1,0,0,0,0,0,0,-,-,33.53036,-117.67278,ORANGE,SAN JUAN CAPISTRANO,-117.67291006,33.53038008
6837576,2015,2015-03-16,3024,2015-02-17,0959,141,P34,2,5,5,3024,0,0,0,NA,0,EAST,MCFADDEN AV,BUSHARD ST,19,W,N,A,-,N,NA,NA,NA,NA,NA,NA,NA,NA,NA,N,3,0,1,2,A,-,10,21950,A,N,G,B,B,A,H,-,A,A,0,Y,NA,NA,NA,Y,NA,A,01,0,1,0,0,1,0,0,0,0,-,-,NA,NA,ORANGE,WESTMINSTER,-117.96349235,33.73762946
6837657,2015,2016-11-01,9670,2015-02-26,1000,17022,NA,4,1,5,3024,0,1,1,NA,2,043,RT 405,SPRINGDALE ST,375,N,N,A,-,Y,ORA,12,405,-,-,19.45,H,-,S,Y,4,0,2,3,A,-,03,22350,NA,N,C,C,A,A,H,-,A,D,1,NA,NA,NA,NA,Y,NA,A,07,0,0,2,0,0,0,0,0,0,-,-,33.76144,-118.02521,ORANGE,WESTMINSTER,-118.02556614,33.76191269
6837901,2015,2016-10-21,3012,2015-02-17,1810,288,12,2,5,5,3012,0,0,0,NA,0,0NW,WHITTIER BL,WALNUT ST,0,NA,Y,A,-,Y,ORA,12,39,-,-,21.719,I,5,N,Y,4,0,1,3,A,-,01,23152,A,N,A,C,A,A,H,-,C,A,0,NA,NA,NA,NA,Y,Y,D,22,0,0,1,0,0,0,0,0,0,-,-,NA,NA,ORANGE,LA HABRA,-117.95053527,33.93903559
6840193,2015,2015-03-20,3014,2015-02-28,2121,1329,RD42,6,5,5,3014,0,0,0,NA,0,0A3,RUBY AV,BALBOA AV,138,N,N,A,-,N,NA,NA,NA,NA,NA,NA,NA,NA,NA,N,2,0,2,2,A,-,13,22515,A,N,G,B,E,A,H,-,C,D,0,Y,NA,NA,NA,Y,Y,A,07,1,1,0,0,1,0,0,0,0,-,-,36.6074,-117.8949,ORANGE,NEWPORT BEACH,-117.89489367,33.60735832
6845558,2015,2016-09-23,9675,2015-03-02,1735,20780,NA,1,2,7,3019,0,1,3,NA,2,552,RT 55,WARNER AV,300,N,N,B,-,Y,ORA,12,55,-,R,8.56,H,-,S,Y,4,0,1,4,A,-,03,22350,NA,N,C,C,A,A,H,-,A,D,6,NA,NA,NA,NA,Y,NA,A,01,0,0,1,0,0,0,0,0,0,-,-,33.71632,-117.84403,ORANGE,SANTA ANA,-117.84423419,33.71622996
6845769,2015,2016-09-16,9690,2015-02-21,1600,16128,NA,6,2,4,3045,0,1,1,NA,2,055,RT 5,EL TORO RD,880,N,N,B,-,Y,ORA,12,5,-,-,19.08,H,-,S,Y,4,0,1,2,A,-,03,22350,NA,N,C,C,A,A,H,-,A,D,1,NA,NA,NA,NA,Y,NA,A,01,0,0,1,0,0,0,0,0,0,-,-,33.61686,-117.71058,ORANGE,LAGUNA HILLS,-117.71213142,33.61888655
6845789,2015,2016-09-19,9690,2015-02-25,0900,15114,NA,3,1,4,3018,0,1,1,NA,2,057,RT 5,ORTEGA HWY,90,S,N,A,-,Y,ORA,12,5,-,-,9.449,R,1,N,N,4,0,1,2,A,-,03,22350,NA,N,C,C,A,A,H,-,A,D,1,NA,NA,NA,NA,Y,NA,A,07,0,0,1,0,0,0,0,0,0,TO,-,33.50231,-117.65784,ORANGE,SAN JUAN CAPISTRANO,-117.65825763,33.50027689
6845810,2015,2016-10-28,9690,2015-02-05,1110,19361,NA,4,1,4,3018,0,1,1,NA,2,057,RT 5,RT 74,1056,N,N,A,-,Y,ORA,12,5,-,-,9.93,H,-,S,Y,4,0,3,2,A,-,08,22107,NA,N,D,C,A,A,H,-,A,D,1,NA,NA,NA,NA,Y,NA,A,01,0,0,3,0,0,0,0,0,0,-,-,33.50691,-117.65999,ORANGE,SAN JUAN CAPISTRANO,-117.66005879,33.50686856
6846284,2015,2015-03-13,3019,2015-02-22,1138,2580,SC,7,5,7,3019,0,0,0,NA,0,004,BRISTOL ST,MACARTHUR BL,200,N,N,B,-,N,NA,NA,NA,NA,NA,NA,NA,NA,NA,N,3,0,2,2,A,-,03,22350,NA,N,C,C,A,A,H,-,A,D,0,NA,NA,NA,NA,Y,NA,A,01,0,1,1,0,0,0,0,0,0,-,-,NA,NA,ORANGE,SANTA ANA,-117.88561,33.7006283
6846364,2015,2016-10-27,9690,2015-01-24,0455,018479,NA,6,3,5,3017,0,1,1,NA,2,059,RT 5,CAMINO DE ESTRELLA,1250,S,N,A,-,Y,ORA,12,5,-,-,5.5,H,-,N,Y,3,0,1,3,A,-,08,22107,NA,N,C,C,A,A,D,-,D,D,1,NA,NA,NA,NA,Y,NA,-,NA,0,1,0,0,0,0,0,0,0,-,-,33.45645,-117.65171,ORANGE,SAN CLEMENTE,-117.65166,33.45644254
6847583,2015,2016-09-15,9675,2015-03-06,1800,18733,NA,5,2,6,3015,0,1,3,NA,2,572,RT 57,LINCOLN AV,300,S,N,A,-,Y,ORA,12,57,-,-,14.6,H,-,N,Y,4,0,1,2,A,-,03,22350,NA,N,C,C,A,A,H,-,A,A,6,NA,NA,NA,NA,Y,NA,A,01,0,0,1,0,0,0,0,0,0,TO,-,33.83452,-117.87581,ORANGE,ORANGE,-117.87591221,33.83525727