CASE_ID,ACCIDENT_YEAR,PROC_DATE,JURIS,COLLISION_DATE,COLLISION_TIME,OFFICER_ID,REPORTING_DISTRICT,DAY_OF_WEEK,CHP_SHIFT,POPULATION,CNTY_CITY_LOC,SPECIAL_COND,BEAT_TYPE,CHP_BEAT_TYPE,CITY_DIVISION_LAPD,CHP_BEAT_CLASS,BEAT_NUMBER,PRIMARY_RD,SECONDARY_RD,DISTANCE,DIRECTION,INTERSECTION,WEATHER_1,WEATHER_2,STATE_HWY_IND,CALTRANS_COUNTY,CALTRANS_DISTRICT,STATE_ROUTE,ROUTE_SUFFIX,POSTMILE_PREFIX,POSTMILE,LOCATION_TYPE,RAMP_INTERSECTION,SIDE_OF_HWY,TOW_AWAY,COLLISION_SEVERITY,NUMBER_KILLED,NUMBER_INJURED,PARTY_COUNT,PRIMARY_COLL_FACTOR,PCF_CODE_OF_VIOL,PCF_VIOL_CATEGORY,PCF_VIOLATION,PCF_VIOL_SUBSECTION,HIT_AND_RUN,TYPE_OF_COLLISION,MVIW,PED_ACTION,ROAD_SURFACE,ROAD_COND_1,ROAD_COND_2,LIGHTING,CONTROL_DEVICE,CHP_ROAD_TYPE,PEDESTRIAN_ACCIDENT,BICYCLE_ACCIDENT,MOTORCYCLE_ACCIDENT,TRUCK_ACCIDENT,NOT_PRIVATE_PROPERTY,ALCOHOL_INVOLVED,STWD_VEHTYPE_AT_FAULT,CHP_VEHTYPE_AT_FAULT,COUNT_SEVERE_INJ,COUNT_VISIBLE_INJ,COUNT_COMPLAINT_PAIN,COUNT_PED_KILLED,COUNT_PED_INJURED,COUNT_BICYCLIST_KILLED,COUNT_BICYCLIST_INJURED,COUNT_MC_KILLED,COUNT_MC_INJURED,PRIMARY_RAMP,SECONDARY_RAMP,LATITUDE,LONGITUDE,COUNTY,CITY,POINT_X,POINT_Y
7009755,2015,2015-08-18,3000,2015-07-28,0543,3412,971H3,2,5,4,3029,0,0,0,NA,0,1A36,GOLDEN LANTERN,JEREMIAH DR,183,N,N,B,-,N,NA,NA,NA,NA,NA,NA,NA,NA,NA,Y,3,0,1,1,A,-,03,22350,NA,N,E,I,A,A,H,-,B,D,0,NA,NA,NA,NA,Y,NA,A,01,0,1,0,0,0,0,0,0,0,-,-,NA,NA,ORANGE,DANA POINT,-117.6981346,33.48642145
7010196,2015,2017-01-28,9675,2015-07-23,1713,18834,NA,4,2,7,3001,0,1,3,NA,2,093,RT 91,SUNKIST ST,400,W,N,A,-,Y,ORA,12,91,-,-,5.81,H,-,W,Y,3,0,1,2,A,-,07,21658,A,N,C,C,A,A,H,-,A,D,6,NA,NA,Y,NA,Y,NA,D,22,0,1,0,0,0,0,0,0,1,-,-,33.8521,-117.22031,ORANGE,ANAHEIM,-117.88048583,33.85205896
7010381,2015,2017-01-23,9675,2015-07-29,0812,14497,NA,3,1,7,3019,0,1,3,NA,2,551,RT 55,4TH ST,108,N,N,A,-,Y,ORA,12,55,-,-,11.1,H,-,S,N,4,0,1,2,A,-,03,22350,NA,N,C,C,A,A,H,-,A,D,6,NA,NA,NA,NA,Y,NA,A,01,0,0,1,0,0,0,0,0,0,-,-,33.74865,-117.83197,ORANGE,SANTA ANA,-117.83210955,33.74988399
7011774,2015,2017-01-14,3011,2015-07-22,1524,31340,43,3,5,4,3011,0,0,0,NA,0,002,RT 1,MOUNTAIN RD,0,NA,Y,A,-,Y,ORA,12,1,-,-,8.371,I,5,N,Y,3,0,2,2,A,-,03,22350,NA,N,C,C,A,A,H,-,A,A,0,NA,NA,NA,NA,Y,NA,A,01,0,1,1,0,0,0,0,0,0,-,-,NA,NA,ORANGE,LAGUNA BEACH,-117.77385037,33.53097274
7011824,2015,2017-01-28,9675,2015-07-16,1855,16984,NA,4,2,7,3019,0,1,1,NA,2,502,RT 5,MAIN ST,2640,N,N,A,-,Y,ORA,12,5,-,-,33.53,H,-,S,Y,4,0,1,2,A,-,08,22107,NA,N,E,I,A,A,H,-,A,D,1,NA,NA,NA,NA,Y,NA,A,07,0,0,1,0,0,0,0,0,0,-,-,33.77144,-117.87024,ORANGE,SANTA ANA,-117.87168837,33.77312427
7012666,2015,2017-01-23,9675,2015-07-25,1837,18834,NA,6,2,7,3019,0,1,3,NA,2,053,RT 55,MACARTHUR BL,600,S,N,A,-,Y,ORA,12,55,-,-,6.86,H,-,N,Y,4,0,3,2,A,-,03,22350,NA,N,C,C,A,A,H,-,A,D,6,NA,NA,NA,NA,Y,NA,A,01,0,0,3,0,0,0,0,0,0,-,-,33.6974,-117.86225,ORANGE,SANTA ANA,-117.86305062,33.69707322
7013839,2015,2015-08-12,3003,2015-06-15,2318,752,3003,1,5,5,3003,0,0,0,NA,0,004,LA PALMA AV,EL DOMINO WY E,0,NA,Y,A,-,N,NA,NA,NA,NA,NA,NA,NA,NA,NA,N,4,0,1,2,A,-,09,21801,A,N,D,C,A,A,H,-,C,D,0,NA,NA,NA,NA,Y,NA,-,NA,0,0,1,0,0,0,0,0,0,-,-,33.8467,-118.0056,ORANGE,BUENA PARK,-118.00577002,33.8466001
7013968,2015,2015-08-13,3003,2015-06-14,2120,507,NA,7,5,5,3003,0,0,0,NA,0,NA,ORANGETHORPE AV,WESTERN AV,80,E,N,B,-,N,NA,NA,NA,NA,NA,NA,NA,NA,NA,Y,4,0,1,3,A,-,01,23152,A,N,C,C,A,A,H,-,C,A,0,NA,NA,NA,NA,Y,Y,A,01,0,0,1,0,0,0,0,0,0,-,-,NA,NA,ORANGE,BUENA PARK,-118.00221713,33.85896411
7014091,2015,2015-08-18,3026,2015-07-20,1035,4779,C,1,5,6,3026,0,0,0,NA,0,00C,ALTON PKWY,GATEWAY,0,NA,Y,B,-,N,NA,NA,NA,NA,NA,NA,NA,NA,NA,Y,3,0,2,2,A,-,12,21453,A,N,D,C,A,A,H,-,A,A,0,NA,NA,NA,NA,Y,NA,D,22,0,2,0,0,0,0,0,0,0,-,-,NA,NA,ORANGE,IRVINE,-117.74690013,33.65545008
7014424,2015,2015-08-18,3014,2015-07-22,1206,1244,RD36,3,5,5,3014,0,0,0,NA,0,0A3,JAMBOREE RD,UNIVERSITY DR,0,NA,Y,A,-,N,NA,NA,NA,NA,NA,NA,NA,NA,NA,Y,4,0,1,2,A,-,09,21453,C,N,D,C,A,A,H,-,A,A,0,NA,NA,NA,NA,Y,NA,A,01,0,0,1,0,0,0,0,0,0,-,-,NA,NA,ORANGE,NEWPORT BEACH,-117.86673007,33.64713007
7015625,2015,2015-08-17,3026,2015-06-23,0635,4991,NA,2,5,6,3026,0,0,0,NA,0,00P,JEFFREY,HIDEAWAY,0,NA,Y,A,-,N,NA,NA,NA,NA,NA,NA,NA,NA,NA,N,4,0,1,2,A,-,05,21650,1,N,D,G,A,A,H,-,A,A,0,NA,Y,NA,NA,Y,NA,L,04,0,0,1,0,0,0,1,0,0,-,-,NA,NA,ORANGE,IRVINE,-117.75923013,33.69926009
7016575,2014,2015-08-11,3000,2014-09-29,2100,7026,993A5,1,5,5,3017,0,0,0,NA,0,472,SOUTH EL CAMINO REAL,TRAFALGAR,124,S,N,A,-,N,NA,NA,NA,NA,NA,NA,NA,NA,NA,N,3,0,1,2,A,-,07,21658,A,N,B,C,A,A,H,-,C,D,0,NA,NA,NA,NA,Y,NA,A,07,0,1,0,0,0,0,0,0,0,-,-,NA,NA,ORANGE,SAN CLEMENTE,-117.60951075,33.42357131
7018460,2015,2015-08-21,3015,2015-08-01,1658,1386,25W,6,5,6,3015,0,0,0,NA,0,711,N BATAVIA ST,W COLLINS AV,0,NA,Y,A,-,N,NA,NA,NA,NA,NA,NA,NA,NA,NA,Y,3,0,1,1,A,-,21,22106,NA,N,F,A,A,A,H,-,A,A,0,NA,NA,Y,NA,Y,NA,C,02,0,1,0,0,0,0,0,0,1,-,-,NA,NA,ORANGE,ORANGE,-117.86179011,33.80241006
7019462,2015,2015-08-26,3009,2015-08-15,0228,NA,NA,6,5,6,3009,0,0,0,NA,0,NA,E SUNGROVE CIR,SUNGROVE CIR,210,E,N,A,-,N,NA,NA,NA,NA,NA,NA,NA,NA,NA,Y,4,0,1,2,A,-,03,22350,NA,N,A,C,A,A,H,-,C,D,0,NA,NA,Y,NA,Y,NA,C,02,0,0,1,0,0,0,0,0,1,-,-,33.78112,-117.90816,ORANGE,GARDEN GROVE,-117.90904,33.79061
7019992,2015,2015-09-29,3008,2015-09-09,1219,1074,NA,3,5,6,3008,0,0,0,NA,0,0Z2,HARBOR BL,VALENCIA MESA DR,0,NA,Y,A,-,N,NA,NA,NA,NA,NA,NA,NA,NA,NA,Y,3,0,3,2,A,-,09,21806,A,N,D,C,A,A,H,-,A,A,0,NA,NA,NA,NA,Y,NA,A,01,0,1,2,0,0,0,0,0,0,-,-,33.53362,-117.55421,ORANGE,FULLERTON,-117.92852006,33.89341003
7020517,2015,2015-08-20,3015,2015-07-24,1839,1240,12,5,5,6,3015,0,0,0,NA,0,723M,W LA VETA AV,SOUTH LEMON ST,0,NA,Y,A,-,N,NA,NA,NA,NA,NA,NA,NA,NA,NA,Y,3,0,4,2,A,-,01,23152,A,M,D,C,A,A,H,-,A,A,0,NA,NA,NA,NA,Y,Y,D,22,0,4,0,0,0,0,0,0,0,-,-,NA,NA,ORANGE,ORANGE,-117.85530008,33.78060001
7020788,2015,2015-08-14,3015,2015-07-25,2028,1240,22E,6,5,6,3015,0,0,0,NA,0,711,SOUTH LEMON ST,W ALMOND AV,0,NA,Y,A,-,N,NA,NA,NA,NA,NA,NA,NA,NA,NA,Y,4,0,1,2,A,-,12,22450,NA,N,D,C,A,A,H,-,C,A,0,NA,NA,NA,NA,Y,NA,A,01,0,0,1,0,0,0,0,0,0,-,-,NA,NA,ORANGE,ORANGE,-117.85528,33.7860601
7021662,2015,2015-08-18,3001,2015-07-27,1059,1508,NA,1,5,7,3001,0,0,0,NA,0,0D1,LINCOLN AV,GAIN ST,136,E,N,A,-,N,NA,NA,NA,NA,NA,NA,NA,NA,NA,N,3,0,1,2,A,-,03,22350,NA,N,C,D,A,A,H,-,A,D,0,NA,NA,Y,NA,Y,NA,C,02,0,1,0,0,0,0,0,0,1,-,-,NA,NA,ORANGE,ANAHEIM,-117.97253329,33.8323477
7021774,2015,2015-08-24,3010,2015-07-29,0815,1096,422,3,5,6,3010,0,0,0,NA,0,005,HUNTINGTON,YORKTOWN,1,E,N,B,-,N,NA,NA,NA,NA,NA,NA,NA,NA,NA,Y,4,0,2,2,A,-,09,21802,A,N,D,C,A,A,H,-,A,A,0,NA,NA,NA,NA,Y,NA,D,22,0,0,2,0,0,0,0,0,0,-,-,NA,NA,ORANGE,HUNTINGTON BEACH,-117.99524,33.6791
7023343,2015,2015-09-19,3026,2015-06-27,1655,482,HJC,6,5,6,3026,0,0,0,NA,0,00P,SAND CANYON,ROOSEVELT,0,NA,Y,A,-,N,NA,NA,NA,NA,NA,NA,NA,NA,NA,Y,4,0,1,3,A,-,03,22350,NA,N,C,C,A,-,H,-,A,A,0,NA,NA,NA,NA,Y,NA,A,01,0,0,1,0,0,0,0,0,0,-,-,NA,NA,ORANGE,IRVINE,-117.75170001,33.68433006
7023475,2015,2015-08-26,3026,2015-07-12,1052,422,NA,7,5,6,3026,0,0,0,NA,0,00U,CULVER,TRABUCO,73,S,N,A,-,N,NA,NA,NA,NA,NA,NA,NA,NA,NA,Y,4,0,2,3,A,-,03,22350,NA,N,C,C,A,A,H,-,A,D,0,NA,NA,NA,NA,Y,NA,D,22,0,0,2,0,0,0,0,0,0,-,-,NA,NA,ORANGE,IRVINE,-117.78170355,33.71077646
7023928,2015,2015-08-19,3000,2015-08-03,2058,1990,921H3,1,5,4,3045,0,0,0,NA,0,186M45,ALICIA PKWY,COMMUNITY CENTER,27,S,N,A,-,N,NA,NA,NA,NA,NA,NA,NA,NA,NA,Y,4,0,1,2,A,-,01,23152,NA,F,G,B,B,A,H,-,C,A,0,Y,NA,NA,NA,Y,Y,A,08,0,0,1,0,1,0,0,0,0,-,-,33.59225,-117.69949,ORANGE,LAGUNA HILLS,-117.699907,33.590705
7024541,2015,2017-01-13,9670,2015-07-31,1738,20809,NA,5,2,4,3020,0,1,1,NA,2,045,RT 405,SEAL BEACH BL,300,S,N,A,-,Y,ORA,12,405,-,-,22.58,H,-,S,Y,2,0,1,2,A,-,07,21658,A,N,B,C,A,A,H,-,A,D,1,NA,NA,Y,NA,Y,NA,A,01,1,0,0,0,0,0,0,0,1,-,-,33.77418,-118.07376,ORANGE,SEAL BEACH,-118.07403214,33.77428484
7024574,2015,2017-01-14,9670,2015-07-26,1440,18534,NA,7,2,5,3003,0,1,3,NA,2,092,RT 91,ORANGETHORPE AV,18,S,N,A,-,Y,ORA,12,91,-,R,0.741,R,3,E,N,3,0,1,2,A,-,21,22106,NA,N,H,G,A,A,H,-,A,D,1,NA,Y,NA,NA,Y,NA,L,04,0,1,0,0,0,0,1,0,0,-,-,33.85861,-118.03493,ORANGE,BUENA PARK,-118.03038232,33.85723526
7026397,2015,2015-12-23,3010,2015-08-02,2354,1140,148,7,5,6,3010,0,0,0,NA,0,009,MCFADDEN,SPRINGDALE,0,NA,Y,A,-,N,NA,NA,NA,NA,NA,NA,NA,NA,NA,Y,4,0,1,2,A,-,01,23152,NA,N,D,C,A,A,H,-,C,A,0,NA,NA,NA,NA,Y,NA,A,01,0,0,1,0,0,0,0,0,0,-,-,NA,NA,ORANGE,HUNTINGTON BEACH,-118.02431002,33.73724008
7026902,2015,2017-01-14,9670,2015-07-21,0742,019290,NA,2,1,6,3010,0,1,1,NA,2,041,RT 405,MAGNOLIA ST,50,N,N,B,-,Y,ORA,12,405,-,-,15.22,H,-,S,Y,4,0,1,2,A,-,03,22350,NA,N,C,C,A,A,H,-,A,D,1,NA,NA,Y,NA,Y,NA,C,02,0,0,1,0,0,0,0,0,1,-,-,33.72007,-117.97439,ORANGE,HUNTINGTON BEACH,-117.97215048,33.72000639
7026940,2015,2015-09-04,3010,2015-07-21,1622,251,281,2,5,6,3010,0,0,0,NA,0,006,GOTHARD,BELVA,0,N,Y,A,-,N,NA,NA,NA,NA,NA,NA,NA,NA,NA,Y,3,0,1,2,A,-,09,21802,A,N,D,C,A,A,H,-,A,A,0,NA,NA,NA,NA,Y,NA,A,01,0,1,0,0,0,0,0,0,0,-,-,NA,NA,ORANGE,HUNTINGTON BEACH,-117.99994005,33.70473005
7026988,2015,2015-08-26,3001,2015-07-15,1215,1278,NA,3,5,7,3001,0,0,0,NA,0,0D1,SOUTH KNOTT AV,WEST ORANGE AV,183,N,N,A,-,N,NA,NA,NA,NA,NA,NA,NA,NA,NA,N,4,0,1,2,D,-,00,NA,NA,N,G,B,E,A,H,-,A,D,0,Y,NA,NA,NA,Y,NA,-,-,0,0,1,0,1,0,0,0,0,-,-,NA,NA,ORANGE,ANAHEIM,-118.01088707,33.82508172
7028027,2015,2015-10-15,3008,2015-10-02,1724,1177,NA,5,5,6,3008,0,0,0,NA,0,0Z2,HARBOR BL,ELM AV,120,N,N,A,-,N,NA,NA,NA,NA,NA,NA,NA,NA,NA,Y,3,0,2,4,A,-,03,22350,NA,N,C,C,A,A,H,-,A,D,0,NA,NA,NA,NA,Y,NA,D,22,0,1,1,0,0,0,0,0,0,-,-,NA,NA,ORANGE,FULLERTON,-117.92428,33.86476899
7028333,2015,2015-08-29,3010,2015-08-08,1544,1059,447,6,5,6,3010,0,0,0,NA,0,003,BROOKHURST ST,ADAMS AV,535,N,N,A,-,N,NA,NA,NA,NA,NA,NA,NA,NA,NA,Y,4,0,2,3,A,-,04,21703,NA,N,C,C,A,A,H,-,A,A,0,NA,NA,NA,NA,Y,NA,A,01,0,0,2,0,0,0,0,0,0,-,-,NA,NA,ORANGE,HUNTINGTON BEACH,-117.95398,33.67391674
7028836,2015,2017-01-19,9670,2015-08-14,0115,019120,NA,5,3,3,3013,0,1,1,NA,2,061,RT 605,KATELLA AV,3168,S,N,B,-,Y,ORA,12,605,-,R,0.81,H,-,S,N,3,0,1,2,A,-,07,21658,A,F,B,C,A,A,H,-,C,D,1,NA,NA,NA,NA,Y,NA,-,99,0,1,0,0,0,0,0,0,0,-,-,33.79433,-118.08754,ORANGE,LOS ALAMITOS,-118.08702514,33.79539084
7028887,2015,2015-09-14,3019,2015-08-11,2045,2939,NE,2,5,7,3019,0,0,0,NA,0,002,1ST ST,LYON ST,16,W,N,A,-,N,NA,NA,NA,NA,NA,NA,NA,NA,NA,Y,2,0,2,2,D,-,00,NA,NA,N,D,C,A,A,H,-,C,A,0,NA,NA,NA,NA,Y,NA,-,-,1,0,1,0,0,0,0,0,0,-,-,NA,NA,ORANGE,SANTA ANA,-117.8450425,33.7456
7028907,2015,2015-09-14,3010,2015-08-14,2341,1225,189,5,5,6,3010,0,0,0,NA,0,007,EDWARDS,INLET DR,171,S,N,A,-,N,NA,NA,NA,NA,NA,NA,NA,NA,NA,N,3,0,1,2,A,-,01,23152,A,M,C,G,A,A,H,-,A,D,0,NA,Y,NA,NA,Y,Y,A,01,0,1,0,0,0,0,1,0,0,-,-,NA,NA,ORANGE,HUNTINGTON BEACH,-118.01503499,33.69870116
7030513,2015,2015-08-26,3000,2015-07-09,1515,5377,NA,4,5,5,3040,0,0,0,NA,0,741,CROWN VALLEY PKWY,GOLDEN LANTERN,42,W,N,A,-,N,NA,NA,NA,NA,NA,NA,NA,NA,NA,N,4,0,1,2,A,-,03,22350,NA,F,C,C,A,A,H,-,A,A,0,NA,NA,NA,NA,Y,NA,D,22,0,0,1,0,0,0,0,0,0,-,-,NA,NA,ORANGE,LAGUNA NIGUEL,-117.69208745,33.5428988
7032750,2015,2015-12-17,3000,2015-08-02,0930,8787,798A1,7,5,4,3021,0,0,0,NA,0,022,CERRITOS AV,YANA DR,536,E,N,A,-,N,NA,NA,NA,NA,NA,NA,NA,NA,NA,Y,3,0,1,4,A,-,03,22350,NA,N,B,E,A,A,H,-,A,D,0,NA,NA,NA,NA,Y,NA,A,01,0,1,0,0,0,0,0,0,0,-,-,NA,NA,ORANGE,STANTON,-117.98120979,33.81031667
7033252,2015,2016-07-26,3022,2015-07-17,1925,1270,NA,5,5,5,3022,0,0,0,NA,0,NA,EAST DR,EL CAMINO REAL,24,S,N,A,-,N,NA,NA,NA,NA,NA,NA,NA,NA,NA,N,3,0,2,3,A,-,10,21950,A,N,G,B,B,A,H,-,A,A,0,Y,NA,NA,NA,Y,NA,A,01,0,1,1,0,2,0,0,0,0,-,-,33.7227,-117.7932,ORANGE,TUSTIN,-117.79383395,33.72338163
7033474,2015,2017-01-23,9675,2015-07-31,1750,019809,NA,5,2,6,3004,0,1,3,NA,2,553,RT 55,MESA DR,650,S,N,A,-,Y,ORA,12,55,-,-,3.9,H,-,N,Y,3,0,2,2,A,-,01,23152,A,N,C,C,A,A,H,-,A,D,1,NA,NA,NA,NA,Y,Y,A,01,0,1,1,0,0,0,0,0,0,-,-,33.65663,-117.90413,ORANGE,COSTA MESA,-117.89624626,33.66452543
7034034,2015,2015-08-26,9690,2015-07-01,1039,14552,NA,3,1,9,3000,0,3,5,NA,2,004,CROWN VALLEY PKWY,ONEILL DR,1341,W,N,B,-,N,NA,NA,NA,NA,NA,NA,NA,NA,NA,N,4,0,1,2,A,-,21,22106,NA,N,C,C,A,A,H,-,A,A,0,NA,NA,NA,NA,Y,NA,D,22,0,0,1,0,0,0,0,0,0,-,-,33.56475,-117.64463,ORANGE,UNINCORPORATED,-117.64749885,33.56360422
7034052,2015,2015-08-26,9690,2015-07-28,0850,020125,NA,2,1,9,3000,0,2,4,NA,2,030,EL TORO RD,VALLEY VISTA WY,550,W,N,A,-,N,NA,NA,NA,NA,NA,NA,NA,NA,NA,Y,3,0,1,1,A,-,08,22107,NA,N,E,I,A,A,H,-,A,D,0,NA,NA,NA,NA,Y,NA,D,22,0,1,0,0,0,0,0,0,0,-,-,33.40232,-117.37267,ORANGE,UNINCORPORATED,-117.62390475,33.67332917
7034172,2015,2017-01-13,9690,2015-07-03,1215,18840,NA,5,1,5,3017,0,1,1,NA,2,059,RT 5,EL CAMINO REAL,1000,N,N,A,-,Y,ORA,12,5,-,-,1.87,H,-,N,Y,4,0,2,3,D,-,00,NA,NA,N,C,C,A,A,H,-,A,D,1,NA,NA,NA,NA,Y,NA,-,-,0,0,2,0,0,0,0,0,0,-,-,33.42082,-117.60658,ORANGE,SAN CLEMENTE,-117.60681543,33.42101797
7034175,2015,2017-01-28,9690,2015-07-09,0452,14919,NA,4,3,4,3018,0,1,1,NA,2,057,RT 5,SAN JUAN CREEK RD,447,S,N,B,-,Y,ORA,12,5,-,-,8.79,H,-,S,Y,4,0,1,2,A,-,03,22350,NA,N,C,C,A,A,H,-,D,D,1,NA,NA,NA,NA,Y,NA,A,01,0,0,1,0,0,0,0,0,0,-,-,33.49041,-117.66281,ORANGE,SAN JUAN CAPISTRANO,-117.66226563,33.49134346
7034179,2015,2017-01-14,9690,2015-07-16,1445,18479,NA,4,2,5,3028,0,1,1,NA,2,056,RT 5,CROWN VALLEY PKWY,400,S,N,A,-,Y,ORA,12,5,-,-,13.7,H,-,N,N,4,0,1,3,A,-,03,22350,NA,N,C,C,A,A,H,-,A,D,1,NA,NA,NA,NA,Y,NA,A,07,0,0,1,0,0,0,0,0,0,-,-,33.55514,-117.67262,ORANGE,MISSION VIEJO,-117.67286518,33.55813965
7034187,2015,2017-01-13,9690,2015-07-12,1315,18840,NA,7,1,5,3017,0,1,1,NA,2,059,RT 5,AVENIDA VAQUERO,1500,N,N,A,-,Y,ORA,12,5,-,-,5.27,H,-,N,Y,3,0,2,1,A,-,03,22350,NA,N,F,A,A,A,D,-,A,D,1,NA,NA,Y,NA,Y,NA,C,02,0,2,0,0,0,0,0,0,2,-,-,33.45486,-117.64815,ORANGE,SAN CLEMENTE,-117.6481559,33.45489771
7035040,2015,2015-08-22,3022,2015-07-14,1056,1109,SOUTH,2,5,5,3022,0,0,0,NA,0,003,RED HILL AV,VALENCIA AV,34,S,N,A,-,N,NA,NA,NA,NA,NA,NA,NA,NA,NA,N,4,0,1,2,A,-,21,22106,NA,N,C,C,A,A,H,-,A,A,0,NA,NA,NA,NA,Y,NA,A,01,0,0,1,0,0,0,0,0,0,-,-,NA,NA,ORANGE,TUSTIN,-117.83220152,33.71669848
7035839,2015,2016-07-26,3019,2015-07-15,1730,2315,SE,3,5,7,3019,0,0,0,NA,0,003,WARNER AV,HALLADAY ST,0,NA,Y,A,-,N,NA,NA,NA,NA,NA,NA,NA,NA,NA,Y,4,0,1,2,A,-,09,21801,A,N,D,C,A,-,H,-,A,D,0,NA,NA,NA,NA,Y,NA,D,22,0,0,1,0,0,0,0,0,0,-,-,NA,NA,ORANGE,SANTA ANA,-117.85984001,33.71599002
7035840,2015,2017-01-13,9670,2015-08-12,0943,14751,NA,3,1,6,3009,0,1,3,NA,2,025,RT 22,GARDEN GROVE BL,400,E,N,A,-,Y,ORA,12,22,-,R,8.97,H,-,W,Y,4,0,2,2,C,-,18,NA,NA,N,H,A,A,A,H,-,A,D,1,NA,NA,NA,Y,Y,NA,-,-,0,0,2,0,0,0,0,0,0,-,-,33.77522,-117.90338,ORANGE,GARDEN GROVE,-117.90323573,33.77536288
7036150,2015,2017-01-23,9675,2015-08-03,1730,020766,NA,1,2,5,3022,0,1,3,NA,2,551,RT 55,MAIN ST,50,S,N,A,-,Y,ORA,12,55,-,-,10.53,H,-,N,N,4,0,1,2,A,-,03,22350,NA,N,C,C,A,A,H,-,A,D,6,NA,NA,NA,NA,Y,NA,A,01,0,0,1,0,0,0,0,0,0,-,-,NA,NA,ORANGE,TUSTIN,-117.83374126,33.74178636
7037087,2015,2015-08-26,3009,2015-08-15,1032,0145,106,6,5,6,3009,0,0,0,NA,0,1 3,TRAYLOR WY,BROOKHURST ST,0,NA,Y,A,-,N,NA,NA,NA,NA,NA,NA,NA,NA,NA,Y,4,0,1,2,A,-,09,21801,A,N,D,C,A,A,H,-,A,A,0,NA,NA,NA,NA,Y,NA,A,01,0,0,1,0,0,0,0,0,0,-,-,NA,NA,ORANGE,GARDEN GROVE,-117.95490004,33.76261005
7037266,2015,2015-09-02,3008,2015-07-28,1829,1117,NA,2,5,6,3008,0,0,0,NA,0,0Z2,MALVERN AV,WOODS AV,0,NA,Y,A,-,N,NA,NA,NA,NA,NA,NA,NA,NA,NA,Y,3,0,4,2,A,-,09,21801,A,N,A,C,A,A,H,-,A,A,0,NA,NA,NA,NA,Y,NA,A,01,0,1,3,0,0,0,0,0,0,-,-,NA,NA,ORANGE,FULLERTON,-117.93762002,33.87475001
7037902,2015,2015-09-04,3015,2015-08-07,2056,1432,44N,5,5,6,3015,0,0,0,NA,0,003,E WASHINGTON AV,HEWES,40,W,N,A,-,N,NA,NA,NA,NA,NA,NA,NA,NA,NA,N,4,0,1,2,A,-,03,22350,NA,N,C,C,A,A,H,-,C,A,0,NA,NA,NA,NA,Y,NA,A,01,0,0,1,0,0,0,0,0,0,-,-,NA,NA,ORANGE,ORANGE,-117.80586131,33.78634122
7037948,2015,2015-09-19,3001,2015-08-13,1131,41555,NA,4,5,7,3001,0,0,0,NA,0,0D1,W LINCOLN AV,EUCLID ST,23,W,N,A,-,N,NA,NA,NA,NA,NA,NA,NA,NA,NA,Y,3,0,1,3,A,-,09,21453,B,N,D,C,A,A,H,-,A,A,0,NA,NA,NA,NA,Y,NA,A,01,0,1,0,0,0,0,0,0,0,-,-,NA,NA,ORANGE,ANAHEIM,-117.94155554,33.83258846
7038150,2015,2015-09-15,3001,2015-08-10,1610,3001,NA,1,5,7,3001,0,0,0,NA,0,0D2,WEST LA PALMA AV,N ARBOR ST,0,NA,Y,A,-,N,NA,NA,NA,NA,NA,NA,NA,NA,NA,Y,4,0,2,2,A,-,08,22107,NA,N,A,C,A,A,H,-,A,A,0,NA,NA,NA,NA,Y,NA,D,22,0,0,2,0,0,0,0,0,0,-,-,NA,NA,ORANGE,ANAHEIM,-117.93842006,33.84711009
7038248,2015,2017-01-14,3001,2015-08-07,1615,A1252,NA,5,5,7,3001,0,0,0,NA,0,0D4,RT 90,LA PALMA AV,503,N,N,A,-,Y,ORA,12,90,-,-,12.36,H,-,E,Y,3,0,4,3,A,-,03,22350,NA,N,C,C,A,A,H,-,A,A,0,NA,NA,NA,NA,Y,NA,A,01,0,1,3,0,0,0,0,0,0,-,-,NA,NA,ORANGE,ANAHEIM,-117.79051051,33.86126291
7038995,2015,2017-02-02,3011,2015-08-16,1142,31403,81,7,5,4,3011,0,0,0,NA,0,003,COAST HWY,WESLEY DR,149,S,N,A,-,Y,ORA,12,1,-,-,6.73,H,-,N,Y,2,0,2,2,A,-,05,21460,NA,N,D,C,A,A,H,-,A,D,0,NA,NA,NA,NA,Y,NA,D,22,2,0,0,0,0,0,0,0,0,-,-,NA,NA,ORANGE,LAGUNA BEACH,-117.75510046,33.51365874
7039513,2015,2015-09-30,3004,2015-08-02,1245,P573,15,7,5,6,3004,0,0,0,NA,0,004,HARBOR BL,MERRIMAC WY,14,S,N,A,-,N,NA,NA,NA,NA,NA,NA,NA,NA,NA,N,4,0,1,2,A,-,17,21451,A,F,G,B,B,A,H,-,A,A,0,Y,NA,NA,NA,Y,NA,A,08,0,0,1,0,1,0,0,0,0,-,-,33.66824,-117.91913,ORANGE,COSTA MESA,-117.91931,33.66834162
7041359,2015,2015-09-10,3000,2015-07-21,1950,8418,971H6,2,5,4,3029,0,0,0,NA,0,737,STREET OF THE AMBER LANTERN,LA CRESTA DR,341,N,N,A,-,N,NA,NA,NA,NA,NA,NA,NA,NA,NA,N,4,0,1,2,A,-,08,22107,NA,M,B,E,A,A,H,-,B,D,0,NA,NA,NA,NA,Y,NA,A,01,0,0,1,0,0,0,0,0,0,-,-,NA,NA,ORANGE,DANA POINT,-117.70226,33.470028
7041904,2015,2015-10-12,3008,2015-08-19,1810,1117,NA,3,5,6,3008,0,0,0,NA,0,0Z2,EUCLID AV,LAKEVIEW DR,0,NA,Y,A,-,N,NA,NA,NA,NA,NA,NA,NA,NA,NA,Y,3,0,4,2,A,-,01,23152,A,N,D,C,A,A,H,-,A,A,0,NA,NA,NA,NA,Y,Y,A,01,0,2,2,0,0,0,0,0,0,-,-,NA,NA,ORANGE,FULLERTON,-117.94095003,33.90406011