CASE_ID,ACCIDENT_YEAR,PROC_DATE,JURIS,COLLISION_DATE,COLLISION_TIME,OFFICER_ID,REPORTING_DISTRICT,DAY_OF_WEEK,CHP_SHIFT,POPULATION,CNTY_CITY_LOC,SPECIAL_COND,BEAT_TYPE,CHP_BEAT_TYPE,CITY_DIVISION_LAPD,CHP_BEAT_CLASS,BEAT_NUMBER,PRIMARY_RD,SECONDARY_RD,DISTANCE,DIRECTION,INTERSECTION,WEATHER_1,WEATHER_2,STATE_HWY_IND,CALTRANS_COUNTY,CALTRANS_DISTRICT,STATE_ROUTE,ROUTE_SUFFIX,POSTMILE_PREFIX,POSTMILE,LOCATION_TYPE,RAMP_INTERSECTION,SIDE_OF_HWY,TOW_AWAY,COLLISION_SEVERITY,NUMBER_KILLED,NUMBER_INJURED,PARTY_COUNT,PRIMARY_COLL_FACTOR,PCF_CODE_OF_VIOL,PCF_VIOL_CATEGORY,PCF_VIOLATION,PCF_VIOL_SUBSECTION,HIT_AND_RUN,TYPE_OF_COLLISION,MVIW,PED_ACTION,ROAD_SURFACE,ROAD_COND_1,ROAD_COND_2,LIGHTING,CONTROL_DEVICE,CHP_ROAD_TYPE,PEDESTRIAN_ACCIDENT,BICYCLE_ACCIDENT,MOTORCYCLE_ACCIDENT,TRUCK_ACCIDENT,NOT_PRIVATE_PROPERTY,ALCOHOL_INVOLVED,STWD_VEHTYPE_AT_FAULT,CHP_VEHTYPE_AT_FAULT,COUNT_SEVERE_INJ,COUNT_VISIBLE_INJ,COUNT_COMPLAINT_PAIN,COUNT_PED_KILLED,COUNT_PED_INJURED,COUNT_BICYCLIST_KILLED,COUNT_BICYCLIST_INJURED,COUNT_MC_KILLED,COUNT_MC_INJURED,PRIMARY_RAMP,SECONDARY_RAMP,LATITUDE,LONGITUDE,COUNTY,CITY,POINT_X,POINT_Y
81289430,2020,2020-08-20,3014,2020-08-09,1630,1418,RD51,7,5,5,3014,0,0,0,NA,0,A4,SAN JOAQUIN HILLS RD,SAN MIGUEL DR,353,S,N,A,-,N,NA,NA,NA,NA,NA,NA,NA,NA,NA,Y,4,0,3,2,A,-,01,23152,NA,N,C,C,A,A,H,-,A,D,0,NA,NA,NA,NA,Y,Y,A,01,0,0,3,0,0,0,0,0,0,-,-,33.61090087890625,-117.86460113525392,ORANGE,NEWPORT BEACH,-117.86502075195313,33.611080169677734
81295694,2020,2020-08-31,3024,2020-07-28,1324,435,P-22,2,5,5,3024,0,0,0,NA,0,WEST,GOLDENWEST STREET,SOWELL AVENUE,0,NA,Y,A,-,N,NA,NA,NA,NA,NA,NA,NA,NA,NA,Y,4,0,2,2,A,-,09,21802,A,N,D,C,A,A,H,-,A,A,0,NA,NA,NA,NA,Y,NA,A,08,0,0,2,0,0,0,0,0,0,-,-,33.74869155883789,-118.00727081298828,ORANGE,WESTMINSTER,-118.00701904296876,33.7486686706543
81300998,2020,2020-10-19,3007,2020-08-24,1800,322,15,1,5,5,3007,0,0,0,NA,0,001,EDINGER,WARD,19,W,N,A,-,N,NA,NA,NA,NA,NA,NA,NA,NA,NA,Y,3,0,3,2,A,-,09,21801,A,N,A,C,A,A,H,-,A,A,0,NA,NA,NA,NA,Y,NA,A,01,0,2,1,0,0,0,0,0,0,-,-,NA,NA,ORANGE,FOUNTAIN VALLEY,-117.94606018066406,33.730716705322266
81305430,2020,2020-11-05,3007,2020-09-07,1300,1156,53,1,5,5,3007,0,0,0,NA,0,003,MAGNOLIA,LA ROCA,137,N,N,A,-,N,NA,NA,NA,NA,NA,NA,NA,NA,NA,N,4,0,1,2,A,-,08,22107,NA,N,B,C,A,A,H,-,A,D,0,NA,NA,NA,NA,Y,NA,A,01,0,0,1,0,0,0,0,0,0,-,-,NA,NA,ORANGE,FOUNTAIN VALLEY,-117.97195434570313,33.70387649536133
81309870,2020,2020-09-23,3014,2020-09-15,2039,1471,RD43,2,5,5,3014,0,0,0,NA,0,A3,MARINE AVE,BAYSIDE DR,47,S,N,A,-,N,NA,NA,NA,NA,NA,NA,NA,NA,NA,Y,2,0,2,2,A,-,03,22350,NA,N,A,C,A,A,H,-,C,A,0,NA,NA,NA,NA,Y,NA,A,01,1,0,1,0,0,0,0,0,0,-,-,33.61029815673828,-117.88980102539063,ORANGE,NEWPORT BEACH,-117.88988494873048,33.61045455932617
81311878,2020,2020-09-25,3010,2020-09-21,1348,1243,262,1,5,6,3010,0,0,0,NA,0,007,WARNER AVE,BEACH BLVD,120,E,N,A,-,Y,NA,NA,NA,NA,NA,NA,NA,NA,NA,N,4,0,1,2,A,-,07,21658,A,N,B,C,A,A,H,-,A,A,0,NA,NA,NA,NA,Y,NA,A,07,0,0,1,0,0,0,0,0,0,-,-,33.71569061279297,-117.98902893066406,ORANGE,HUNTINGTON BEACH,-117.98883056640624,33.71554946899414
8131722,2016,2016-11-22,3010,2016-09-17,1316,1225,472,6,5,6,3010,0,0,0,NA,0,002,BEACH SERVICE RD,TWIN DOLPHIN,485,S,N,A,-,N,NA,NA,NA,NA,NA,NA,NA,NA,NA,N,3,0,1,1,B,-,22,NA,NA,N,F,J,A,A,G,-,A,D,0,NA,Y,NA,NA,Y,NA,L,04,0,1,0,0,0,0,1,0,0,-,-,NA,NA,ORANGE,HUNTINGTON BEACH,NA,NA
8131739,2016,2017-02-24,3010,2016-09-08,1816,3004,292,4,5,6,3010,0,0,0,NA,0,005,TALBERT,BEACH BL,84,W,N,A,-,Y,ORA,12,39,-,-,3.611,I,6,S,Y,3,0,2,2,A,-,03,22350,NA,N,A,C,A,A,H,-,B,A,0,NA,NA,NA,NA,Y,NA,A,01,0,1,1,0,0,0,0,0,0,-,-,NA,NA,ORANGE,HUNTINGTON BEACH,-117.9892435,33.70092334
81318817,2020,2020-10-06,3001,2020-10-01,1339,A2332,D-4,4,5,7,3001,0,0,0,NA,0,D-4,NOHL RANCH ROAD,OLD BUCKET LANE,0,E,Y,A,-,N,NA,NA,NA,NA,NA,NA,NA,NA,NA,Y,3,0,1,2,A,-,09,21802,A,N,D,C,A,A,H,-,A,A,0,NA,NA,NA,NA,Y,NA,A,07,0,1,0,0,0,0,0,0,0,-,-,33.83892822265625,-117.8134536743164,ORANGE,ANAHEIM,-117.81320190429688,33.83890151977539
81318821,2020,2020-10-06,3001,2020-10-01,2139,A1047,NA,4,5,7,3001,0,0,0,NA,0,D-1,LINCOLN AVENUE,WESTERN AVENUE,37,W,N,A,-,N,NA,NA,NA,NA,NA,NA,NA,NA,NA,N,4,0,2,3,A,-,03,22350,NA,M,C,C,A,A,H,-,C,A,0,NA,NA,NA,NA,Y,NA,D,22,0,0,2,0,0,0,0,0,0,-,-,33.83198165893555,-118.00209045410156,ORANGE,ANAHEIM,-118.00238800048828,33.83203125
81320535,2020,2020-10-09,3001,2020-10-04,1326,A2110,D-3,7,5,7,3001,0,0,0,NA,0,D-3,9TH STREET,KATELLA AVENUE,0,NA,Y,A,-,N,NA,NA,NA,NA,NA,NA,NA,NA,NA,Y,3,0,1,1,A,-,08,22107,NA,N,E,I,A,A,H,-,A,A,0,NA,NA,NA,NA,Y,NA,A,07,0,1,0,0,0,0,0,0,0,-,-,33.80324172973633,-117.93273162841795,ORANGE,ANAHEIM,-117.93274688720705,33.803321838378906
81320857,2020,2020-11-05,3007,2020-10-04,0302,325,43,7,5,5,3007,0,0,0,NA,0,001,MAGNOLIA,SLATER,0,NA,Y,E,-,N,NA,NA,NA,NA,NA,NA,NA,NA,NA,Y,3,0,2,2,A,-,12,21453,A,N,D,C,A,A,H,-,C,A,0,NA,NA,NA,NA,Y,NA,A,07,0,1,1,0,0,0,0,0,0,-,-,NA,NA,ORANGE,FOUNTAIN VALLEY,-117.97183990478516,33.70853042602539
81322403,2020,2020-10-13,3010,2020-10-08,1218,2222,465,4,5,6,3010,0,0,0,NA,0,002,MAGNOLIA ST,HAMILTON AVE,0,NA,Y,A,-,N,NA,NA,NA,NA,NA,NA,NA,NA,NA,N,3,0,1,2,A,-,09,21801,A,N,D,C,A,A,H,-,A,A,0,NA,NA,NA,NA,Y,NA,D,22,0,1,0,0,0,0,0,0,0,-,-,33.65037155151367,-117.97074127197266,ORANGE,HUNTINGTON BEACH,-117.97091674804688,33.650489807128906
81322988,2020,2020-10-13,3014,2020-09-24,1952,1498,RD11,4,5,5,3014,0,0,0,NA,0,A1,E BALBOA BLVD,SEVILLE AVE,30,E,N,A,-,N,NA,NA,NA,NA,NA,NA,NA,NA,NA,Y,3,0,1,4,A,-,01,23152,A,N,C,E,A,A,H,-,C,D,0,NA,NA,NA,NA,Y,Y,A,01,0,1,0,0,0,0,0,0,0,-,-,33.59870147705078,-117.88480377197266,ORANGE,NEWPORT BEACH,-117.884765625,33.598995208740234
8132676,2016,2016-11-28,3000,2016-08-25,1151,2731,797J5,4,5,4,3021,0,0,0,NA,0,023,BEACH BL,LAMPSON AV,0,NA,Y,A,-,N,NA,NA,NA,NA,NA,NA,NA,NA,NA,Y,4,0,1,2,A,-,12,21453,A,N,D,C,A,A,H,-,A,A,0,NA,NA,NA,NA,Y,NA,D,22,0,0,1,0,0,0,0,0,0,-,-,NA,NA,ORANGE,STANTON,-117.99298003,33.78111004
8133150,2016,2016-11-15,3000,2016-10-29,0345,8784,891H5,6,5,5,3050,0,0,0,NA,0,891H5,EL TORO RD,MUIRLANDS BL,0,NA,Y,A,-,N,NA,NA,NA,NA,NA,NA,NA,NA,NA,Y,2,0,1,2,A,-,09,21453,NA,N,A,C,A,A,H,-,C,A,0,NA,NA,NA,NA,Y,Y,-,-,1,0,0,0,0,0,0,0,0,-,-,NA,NA,ORANGE,LAKE FOREST,-117.69729009,33.6232501
8133373,2016,2016-09-30,3004,2016-09-09,1615,P543,22,5,5,6,3004,0,0,0,NA,0,005,BRISTOL ST,BAKER ST,37,S,N,A,-,N,NA,NA,NA,NA,NA,NA,NA,NA,NA,N,4,0,1,2,A,-,21,22106,NA,N,C,C,A,A,H,-,A,A,0,NA,NA,NA,NA,Y,NA,A,01,0,0,1,0,0,0,0,0,0,-,-,33.4049,-117.539,ORANGE,COSTA MESA,-117.8857,33.68001857
81335715,2020,2020-10-30,3014,2020-10-26,1147,1418,RD26,1,5,5,3014,0,0,0,NA,0,A2,SR-55 (NEWPORT BLVD),SR-1 (W COAST HWY),751,N,N,F,-,Y,NA,NA,55,NA,NA,NA,NA,NA,NA,Y,4,0,1,2,A,-,03,22350,NA,N,C,C,A,A,H,-,A,D,0,NA,NA,NA,NA,Y,NA,A,07,0,0,1,0,0,0,0,0,0,-,-,33.62329864501953,-117.92859649658205,ORANGE,NEWPORT BEACH,-117.92853546142578,33.62328338623047
81336188,2020,2020-11-02,3010,2020-10-27,1105,3135,283,2,5,6,3010,0,0,0,NA,0,006,BEACH BL - SR39,SPEER AVE,0,NA,Y,A,-,Y,NA,NA,NA,NA,NA,NA,NA,NA,NA,N,4,0,1,1,C,-,18,NA,NA,N,F,A,A,A,H,-,A,D,0,NA,NA,Y,NA,Y,NA,-,-,0,0,1,0,0,0,0,0,1,-,-,33.705440521240234,-117.98934173583984,ORANGE,HUNTINGTON BEACH,NA,NA
81339744,2020,2020-11-05,3007,2020-10-13,1850,306,33,2,5,5,3007,0,0,0,NA,0,001,WARNER,BUSHARD,863,W,N,A,-,Y,NA,NA,NA,NA,NA,NA,NA,NA,NA,Y,2,0,1,2,A,-,11,21954,A,N,G,B,D,A,H,-,B,D,0,Y,NA,NA,NA,Y,Y,N,60,1,0,0,0,1,0,0,0,0,-,-,NA,NA,ORANGE,FOUNTAIN VALLEY,-117.96601104736328,33.716033935546875
81339759,2020,2020-11-05,3007,2020-10-18,2237,318,47,7,5,5,3007,0,0,0,NA,0,002,EUCLID,WARNER,246,S,N,A,-,N,NA,NA,NA,NA,NA,NA,NA,NA,NA,Y,3,0,1,2,A,-,01,23152,A,N,C,C,A,A,H,-,C,A,0,NA,NA,NA,NA,Y,Y,D,23,0,1,0,0,0,0,0,0,0,-,-,NA,NA,ORANGE,FOUNTAIN VALLEY,-117.93720245361328,33.71578598022461
8134372,2016,2016-10-05,3009,2016-09-22,0638,4500,21,4,5,6,3009,0,0,0,NA,0,113,ALLEN DR,MOCKINGBIRD CT,85,W,N,B,-,N,NA,NA,NA,NA,NA,NA,NA,NA,NA,Y,4,0,1,2,A,-,08,22107,NA,N,C,E,A,A,H,-,A,D,0,NA,NA,NA,NA,Y,NA,A,01,0,0,1,0,0,0,0,0,0,-,-,NA,NA,ORANGE,GARDEN GROVE,-117.94918891,33.78545155
8134620,2016,2016-10-05,3001,2016-09-16,0256,A2250,1924,5,5,7,3001,0,0,0,NA,0,031,S DISNEYLAND DR,N BALL RD,900,N,N,A,-,N,NA,NA,NA,NA,NA,NA,NA,NA,NA,Y,3,0,1,2,A,-,05,21650,NA,N,A,C,A,A,H,-,C,D,0,NA,NA,NA,NA,Y,NA,A,07,0,1,0,0,0,0,0,0,0,-,-,NA,NA,ORANGE,ANAHEIM,-117.92281265,33.82008365
8134635,2016,2016-10-04,3019,2016-09-09,1350,2776,WE,5,5,7,3019,0,0,0,NA,0,001,5TH ST,WESTERN AV,173,E,N,A,-,N,NA,NA,NA,NA,NA,NA,NA,NA,NA,Y,4,0,1,2,A,-,21,22106,NA,N,H,C,A,A,H,-,A,D,0,NA,NA,NA,NA,Y,NA,A,07,0,0,1,0,0,0,0,0,0,-,-,33.74863,-117.89139,ORANGE,SANTA ANA,-117.89092224,33.748780000000004
81347190,2020,2020-11-17,3014,2020-11-12,1036,1374,RD24,4,5,5,3014,0,0,0,NA,0,A2,SUPERIOR AVE,PLACENTIA AVE,0,NA,Y,A,-,N,NA,NA,NA,NA,NA,NA,NA,NA,NA,Y,4,0,2,2,A,-,12,21453,NA,N,D,C,A,A,H,-,A,A,0,NA,NA,NA,NA,Y,NA,A,01,0,0,2,0,0,0,0,0,0,-,-,33.627899169921875,-117.93170166015624,ORANGE,NEWPORT BEACH,-117.93177032470705,33.6279296875
81349964,2020,2020-11-20,3001,2020-11-09,1811,A1622,D-3,1,5,7,3001,0,0,0,NA,0,D-3,EUCLID STREET,BROADWAY,466,N,N,A,-,N,NA,NA,NA,NA,NA,NA,NA,NA,NA,N,4,0,1,2,A,-,03,22350,NA,N,C,C,A,A,H,-,C,A,0,NA,NA,NA,NA,Y,NA,D,22,0,0,1,0,0,0,0,0,0,-,-,33.829071044921875,-117.94164276123048,ORANGE,ANAHEIM,-117.94150543212892,33.83015823364258
81349977,2020,2020-11-20,3001,2020-11-12,1341,A1740,NA,4,5,7,3001,0,0,0,NA,0,D-2,LA PALMA AVENUE,STATE COLLEGE BOULEVARD,525,E,N,A,-,N,NA,NA,NA,NA,NA,NA,NA,NA,NA,Y,4,0,3,2,A,-,09,21804,A,N,D,C,A,A,H,-,A,D,0,NA,NA,NA,NA,Y,NA,A,01,0,0,3,0,0,0,0,0,0,-,-,33.847259521484375,-117.88919830322266,ORANGE,ANAHEIM,-117.8875732421875,33.84727096557617
81350005,2020,2020-11-20,3001,2020-11-18,1122,A1825,NA,3,5,7,3001,0,0,0,NA,0,D-1,BEACH BOULEVARD,LINCOLN AVENUE,40,N,N,A,-,Y,NA,NA,NA,NA,NA,NA,NA,NA,NA,N,4,0,2,2,A,-,03,22350,NA,N,C,C,A,A,H,-,A,A,0,NA,NA,NA,NA,Y,NA,A,01,0,0,2,0,0,0,0,0,0,-,-,33.83192825317383,-117.99334716796876,ORANGE,ANAHEIM,-117.9936065673828,33.8321418762207
81354716,2020,2020-11-30,3001,2020-11-26,1829,A2601,NA,4,5,7,3001,0,0,0,NA,0,D-1,ORANGE AVENUE,DANBROOK DRIVE,0,NA,Y,A,G,N,NA,NA,NA,NA,NA,NA,NA,NA,NA,Y,4,0,1,2,A,-,09,21802,A,N,D,C,A,A,H,-,C,D,0,NA,NA,Y,NA,Y,NA,J,41,0,0,1,0,0,0,0,0,1,-,-,33.82469177246094,-118.00827026367188,ORANGE,ANAHEIM,-118.00826263427734,33.824588775634766
81356878,2020,2020-12-02,3010,2020-11-30,1639,1225,262,1,5,6,3010,0,0,0,NA,0,007,HEIL AVE,RHINE DR,0,NA,Y,A,-,N,NA,NA,NA,NA,NA,NA,NA,NA,NA,Y,4,0,1,2,A,-,09,21801,A,N,D,C,A,A,H,-,A,A,0,NA,NA,NA,NA,Y,NA,A,01,0,0,1,0,0,0,0,0,0,-,-,33.72270965576172,-117.99136352539063,ORANGE,HUNTINGTON BEACH,-117.99138641357422,33.7229118347168
8136195,2016,2016-10-06,3019,2016-09-05,1738,3446,NE,1,5,7,3019,0,0,0,NA,0,002,MABURY ST,6TH ST,66,N,N,A,-,N,NA,NA,NA,NA,NA,NA,NA,NA,NA,Y,3,0,1,2,A,-,08,22107,NA,N,C,E,A,A,H,-,A,D,0,NA,NA,NA,NA,Y,NA,A,01,0,1,0,0,0,0,0,0,0,-,-,NA,NA,ORANGE,SANTA ANA,-117.84381312,33.75082091
8136243,2016,2016-10-06,3019,2016-09-07,0742,1561,SC,3,5,7,3019,0,0,0,NA,0,004,WARNER AV,GREENVILLE ST,0,E,N,B,-,N,NA,NA,NA,NA,NA,NA,NA,NA,NA,N,4,0,1,2,A,-,03,22350,NA,N,C,C,A,A,H,-,A,A,0,NA,NA,NA,NA,Y,NA,A,01,0,0,1,0,0,0,0,0,0,-,-,33.71527,-117.90436,ORANGE,SANTA ANA,-117.90414002,33.71526
81364785,2020,2020-12-14,3024,2020-10-13,1235,435,P-34,2,5,5,3024,0,0,0,NA,0,EAST,MAGNOLIA STREET,BOLSA AVENUE,33,S,N,A,-,N,NA,NA,NA,NA,NA,NA,NA,NA,NA,Y,3,0,1,2,A,-,07,21658,A,N,B,C,A,A,H,-,A,A,0,NA,NA,Y,NA,Y,NA,-,35,0,1,0,0,0,0,0,0,1,-,-,33.74483108520508,-117.97222137451172,ORANGE,WESTMINSTER,-117.97225952148438,33.7447395324707
81364822,2020,2020-12-14,3024,2020-10-28,2337,472,P-36,3,5,5,3024,0,0,0,NA,0,EAST,CUNNINGHAM AVENUE,BROOKHURST STREET,150,E,N,A,-,N,NA,NA,NA,NA,NA,NA,NA,NA,NA,Y,3,0,1,1,A,-,08,22107,NA,N,E,I,A,A,H,-,C,A,0,NA,NA,NA,NA,Y,NA,A,01,0,1,0,0,0,0,0,0,0,-,-,33.7388916015625,-117.95475769042967,ORANGE,WESTMINSTER,-117.95437622070313,33.738887786865234
81366063,2020,2020-12-14,3010,2020-12-12,1554,1208,433,6,5,6,3010,0,0,0,NA,0,003,ADAMS AVE,NEWLAND ST,53,W,N,A,-,N,NA,NA,NA,NA,NA,NA,NA,NA,NA,Y,3,0,1,2,A,-,01,23152,F,N,C,C,A,A,H,-,A,A,0,NA,NA,NA,NA,Y,Y,A,01,0,1,0,0,0,0,0,0,0,-,-,33.672210693359375,-117.97965240478516,ORANGE,HUNTINGTON BEACH,-117.98009490966795,33.672279357910156
81367996,2020,2020-12-16,3015,2020-12-15,0850,1598,22W,2,5,6,3015,0,0,0,NA,0,712M,MAIN ST,CHAPMAN AVE,35,S,N,A,-,N,NA,NA,NA,NA,NA,NA,NA,NA,NA,N,4,0,1,2,A,-,03,22350,NA,N,C,C,A,A,H,-,A,A,0,NA,NA,NA,NA,Y,NA,A,08,0,0,1,0,0,0,0,0,0,-,-,33.787479400634766,-117.86730194091795,ORANGE,ORANGE,-117.86730194091795,33.787899017333984
81367998,2020,2020-12-16,3001,2020-12-09,1424,A1555,D-3,3,5,7,3001,0,0,0,NA,0,D-3,WEST STREET,TRANSIT PLAZA,0,NA,Y,A,-,N,NA,NA,NA,NA,NA,NA,NA,NA,NA,N,3,0,1,2,A,-,03,22350,NA,N,G,B,E,A,H,-,A,A,0,Y,NA,NA,NA,Y,NA,D,22,0,1,0,0,1,0,0,0,0,-,-,NA,NA,ORANGE,ANAHEIM,-117.923893,33.798013
8136990,2016,2016-10-10,3014,2016-09-26,0719,1346,RD54,1,5,5,3014,0,0,0,NA,0,0A4,MACARTHUR BL,BONITA CANYON DR,129,S,N,A,-,N,NA,NA,NA,NA,NA,NA,NA,NA,NA,Y,3,0,4,3,A,-,01,23152,E,N,C,C,A,A,H,-,A,A,0,NA,NA,NA,NA,Y,NA,A,01,0,2,2,0,0,0,0,0,0,-,-,NA,NA,ORANGE,NEWPORT BEACH,-117.86236943,33.62907463
8137017,2016,2017-02-18,3003,2016-09-02,2211,726,NA,5,5,5,3003,0,0,0,NA,0,001,BEACH BL,STAGE RD,130,N,N,A,-,Y,ORA,12,39,-,-,16.15,H,-,S,N,4,0,2,2,A,-,03,22350,A,N,C,C,A,A,H,-,C,A,0,NA,NA,NA,NA,Y,NA,A,01,0,0,2,0,0,0,0,0,0,-,-,33.821,-117.9979,ORANGE,BUENA PARK,-117.99798946,33.88185819
8137029,2016,2016-11-16,3014,2016-09-16,2022,1468,RD33,5,5,5,3014,0,0,0,NA,0,0A3,SOUTH BRISTOL ST,BAYVIEW PL,23,W,N,A,-,N,NA,NA,NA,NA,NA,NA,NA,NA,NA,Y,3,0,1,2,A,-,03,22350,NA,N,C,C,A,A,H,-,C,A,0,NA,NA,NA,NA,Y,NA,A,01,0,1,0,0,0,0,0,0,0,-,-,33.6568,-117.8681,ORANGE,NEWPORT BEACH,-117.86798824,33.65676004
81373605,2020,2020-12-23,3024,2020-11-20,1336,455,P-37,5,5,5,3024,0,0,0,NA,0,EAST,BEACH BOULEVARD (SR 39),MCFADDEN AVENUE,443,S,N,A,-,Y,NA,NA,NA,NA,NA,NA,NA,NA,NA,N,4,0,1,2,A,-,07,21658,A,N,B,C,A,A,H,-,A,D,0,NA,NA,NA,NA,Y,NA,A,01,0,0,1,0,0,0,0,0,0,-,-,NA,NA,ORANGE,WESTMINSTER,-117.98947143554688,33.73626708984375
81378935,2020,2020-12-31,3007,2020-12-22,1047,1161,43,2,5,5,3007,0,0,0,NA,0,001,MAGNOLIA,LA PALOMA,237,N,N,A,-,N,NA,NA,NA,NA,NA,NA,NA,NA,NA,N,2,0,1,2,A,-,09,21804,A,N,D,A,A,A,H,-,A,D,0,NA,NA,Y,NA,Y,NA,A,01,1,0,0,0,0,0,0,0,1,-,-,NA,NA,ORANGE,FOUNTAIN VALLEY,-117.97190856933594,33.7140007019043
81379243,2020,2021-01-04,3001,2020-12-31,1245,A1825,NA,4,5,7,3001,0,0,0,NA,0,D-3,BALL ROAD,PHOENIX CLUB DRIVE,337,E,N,A,-,N,NA,NA,NA,NA,NA,NA,NA,NA,NA,Y,4,0,2,2,A,-,03,22350,NA,N,C,C,A,A,H,-,A,A,0,NA,NA,NA,NA,Y,NA,A,07,0,0,2,0,0,0,0,0,0,-,-,33.81740951538086,-117.87200927734376,ORANGE,ANAHEIM,-117.87217712402344,33.817569732666016
81380447,2020,2021-01-05,3015,2020-12-30,1930,1667,RD12,3,5,6,3015,0,0,0,NA,0,BEAT 1,GLASSELL ST,W/B 22 FREEWAY ONRAMP,168,N,N,A,-,N,NA,NA,NA,NA,NA,NA,NA,NA,NA,N,4,0,1,2,A,-,03,22350,NA,M,C,C,A,A,H,-,C,D,0,NA,NA,NA,NA,Y,NA,A,01,0,0,1,0,0,0,0,0,0,-,-,NA,NA,ORANGE,ORANGE,-117.85321044921876,33.7762336730957
81383798,2021,2021-01-08,3001,2021-01-06,1751,A1047,NA,3,5,7,3001,0,0,0,NA,0,D-2,LINCOLN AVENUE,EAST STREET,300,E,N,A,-,N,NA,NA,NA,NA,NA,NA,NA,NA,NA,N,3,0,1,2,A,-,05,21650,1,N,D,G,A,A,H,-,C,C,0,NA,Y,NA,NA,Y,NA,L,04,0,1,0,0,0,0,1,0,0,-,-,33.8382682800293,-117.90281677246094,ORANGE,ANAHEIM,-117.90174865722656,33.83830261230469
81384582,2020,2021-01-11,3007,2020-09-26,1428,324,43,6,5,5,3007,0,0,0,NA,0,001,MAGNOLIA,SLATER,80,N,N,A,-,N,NA,NA,NA,NA,NA,NA,NA,NA,NA,N,3,0,2,3,A,-,03,22350,NA,N,C,C,A,A,H,-,A,A,0,NA,NA,NA,NA,Y,NA,A,01,0,1,1,0,0,0,0,0,0,-,-,NA,NA,ORANGE,FOUNTAIN VALLEY,-117.97184753417967,33.70874786376953
81386408,2021,2021-01-13,3001,2021-01-11,1131,A1068,NA,1,5,7,3001,0,0,0,NA,0,NA,GLASSELL STREET,FRONTERA STREET,0,NA,Y,A,-,Y,NA,NA,NA,NA,NA,NA,NA,NA,NA,Y,4,0,1,2,A,-,12,21453,A,N,D,C,A,A,H,-,A,A,0,NA,NA,NA,NA,Y,NA,-,-,0,0,1,0,0,0,0,0,0,-,-,33.84642028808594,-117.85479736328124,ORANGE,ANAHEIM,-117.85449981689452,33.84629821777344
81389061,2021,2021-01-18,3010,2021-01-08,1456,1208,262,5,5,6,3010,0,0,0,NA,0,007,WARNER AVE,GOTHARD ST,202,E,N,A,-,N,NA,NA,NA,NA,NA,NA,NA,NA,NA,Y,3,0,1,3,A,-,03,22350,NA,N,C,C,A,A,H,-,A,A,0,NA,NA,NA,NA,Y,NA,A,01,0,1,0,0,0,0,0,0,0,-,-,33.715511322021484,-118.0001983642578,ORANGE,HUNTINGTON BEACH,-117.99942016601563,33.71562957763672
81390315,2021,2021-01-19,3001,2021-01-17,1848,A2440,D-2,7,5,7,3001,0,0,0,NA,0,D-2,LINCOLN AVENUE,ILLINOIS STREET,0,NA,Y,A,-,N,NA,NA,NA,NA,NA,NA,NA,NA,NA,Y,3,0,1,2,A,-,09,21804,A,N,D,C,A,A,H,-,C,A,0,NA,NA,Y,NA,Y,NA,A,08,0,1,0,0,0,0,0,0,1,-,-,33.832740783691406,-117.92588806152344,ORANGE,ANAHEIM,-117.92584991455078,33.83274459838867
8139172,2016,2017-03-04,3000,2016-11-14,1105,5036,921J1,1,5,5,3028,0,0,0,NA,0,750,ALICIA PKWY,RT 5,0,NA,Y,A,-,Y,ORA,12,5,-,-,17.297,R,4,N,Y,3,0,1,3,A,-,12,21453,A,N,D,C,A,A,H,-,A,A,0,NA,NA,NA,NA,Y,NA,D,22,0,1,0,0,0,0,0,0,0,-,NF,NA,NA,ORANGE,MISSION VIEJO,-117.68798733,33.60306461
81392476,2020,2021-01-22,3024,2020-12-21,1512,329,P-12,1,5,5,3024,0,0,0,NA,0,WEST,HOOVER STREET,23RD STREET,0,NA,Y,A,-,N,NA,NA,NA,NA,NA,NA,NA,NA,NA,Y,4,0,1,2,A,-,09,21802,A,N,D,C,A,A,H,-,A,D,0,NA,NA,NA,NA,Y,NA,A,07,0,0,1,0,0,0,0,0,0,-,-,33.76454162597656,-117.99839019775392,ORANGE,WESTMINSTER,-117.99846649169922,33.7646484375
81392721,2021,2021-01-22,3007,2021-01-15,0923,312,42,5,5,5,3007,0,0,0,NA,0,001,SANTA SUZANNE,LA ESTRELLA,335,S,N,A,-,N,NA,NA,NA,NA,NA,NA,NA,NA,NA,N,4,0,1,3,A,-,08,22107,NA,N,C,E,A,A,H,-,A,D,0,NA,NA,NA,NA,Y,NA,A,07,0,0,1,0,0,0,0,0,0,-,-,NA,NA,ORANGE,FOUNTAIN VALLEY,-117.9761962890625,33.71074295043945