CASE_ID,ACCIDENT_YEAR,PROC_DATE,JURIS,COLLISION_DATE,COLLISION_TIME,OFFICER_ID,REPORTING_DISTRICT,DAY_OF_WEEK,CHP_SHIFT,POPULATION,CNTY_CITY_LOC,SPECIAL_COND,BEAT_TYPE,CHP_BEAT_TYPE,CITY_DIVISION_LAPD,CHP_BEAT_CLASS,BEAT_NUMBER,PRIMARY_RD,SECONDARY_RD,DISTANCE,DIRECTION,INTERSECTION,WEATHER_1,WEATHER_2,STATE_HWY_IND,CALTRANS_COUNTY,CALTRANS_DISTRICT,STATE_ROUTE,ROUTE_SUFFIX,POSTMILE_PREFIX,POSTMILE,LOCATION_TYPE,RAMP_INTERSECTION,SIDE_OF_HWY,TOW_AWAY,COLLISION_SEVERITY,NUMBER_KILLED,NUMBER_INJURED,PARTY_COUNT,PRIMARY_COLL_FACTOR,PCF_CODE_OF_VIOL,PCF_VIOL_CATEGORY,PCF_VIOLATION,PCF_VIOL_SUBSECTION,HIT_AND_RUN,TYPE_OF_COLLISION,MVIW,PED_ACTION,ROAD_SURFACE,ROAD_COND_1,ROAD_COND_2,LIGHTING,CONTROL_DEVICE,CHP_ROAD_TYPE,PEDESTRIAN_ACCIDENT,BICYCLE_ACCIDENT,MOTORCYCLE_ACCIDENT,TRUCK_ACCIDENT,NOT_PRIVATE_PROPERTY,ALCOHOL_INVOLVED,STWD_VEHTYPE_AT_FAULT,CHP_VEHTYPE_AT_FAULT,COUNT_SEVERE_INJ,COUNT_VISIBLE_INJ,COUNT_COMPLAINT_PAIN,COUNT_PED_KILLED,COUNT_PED_INJURED,COUNT_BICYCLIST_KILLED,COUNT_BICYCLIST_INJURED,COUNT_MC_KILLED,COUNT_MC_INJURED,PRIMARY_RAMP,SECONDARY_RAMP,LATITUDE,LONGITUDE,COUNTY,CITY,POINT_X,POINT_Y
81736770,2022,2022-03-30,3019,2022-03-05,1709,3317,NE,6,5,7,3019,0,0,0,NA,0,002,3RD STREET,SPURGEON STREET,8,E,N,B,-,N,NA,NA,NA,NA,NA,NA,NA,NA,NA,N,4,0,1,2,D,-,00,NA,NA,N,G,B,B,A,H,-,A,D,0,Y,NA,NA,NA,Y,NA,-,-,0,0,1,0,1,0,0,0,0,-,-,33.746280670166016,-117.8656768798828,ORANGE,SANTA ANA,-117.86557006835938,33.747108459472656
8173812,2016,2016-12-02,3009,2016-11-10,0722,3486,22,4,5,6,3009,0,0,0,NA,0,011,VALLEY VIEW ST,CHAPMAN AV,244,N,N,A,-,N,NA,NA,NA,NA,NA,NA,NA,NA,NA,N,4,0,1,2,A,-,10,21952,NA,N,G,B,B,A,H,-,A,D,0,Y,NA,NA,NA,Y,NA,D,22,0,0,1,0,1,0,0,0,0,-,-,NA,NA,ORANGE,GARDEN GROVE,-118.02857,33.7890587
81738422,2022,2022-04-01,3007,2022-03-18,2112,278,43,5,5,5,3007,0,0,0,NA,0,001,MAGNOLIA,SLATER,0,NA,Y,A,-,N,NA,NA,NA,NA,NA,NA,NA,NA,NA,Y,4,0,1,2,A,-,09,21801,A,N,-,C,A,A,H,-,C,A,0,NA,NA,NA,NA,Y,NA,A,01,0,0,1,0,0,0,0,0,0,-,-,NA,NA,ORANGE,FOUNTAIN VALLEY,-117.97183990478516,33.708526611328125
81738491,2022,2022-04-01,3001,2022-03-15,2044,A2467,D-2,2,5,7,3001,0,0,0,NA,0,D-2,ANAHEIM BOULEVARD,LINCOLN AVENUE,0,NA,Y,A,-,N,NA,NA,NA,NA,NA,NA,NA,NA,NA,Y,4,0,3,3,A,-,12,21453,A,N,D,C,A,A,H,-,C,A,0,NA,NA,NA,NA,Y,NA,A,01,0,0,3,0,0,0,0,0,0,-,-,33.835411071777344,-117.9140167236328,ORANGE,ANAHEIM,-117.91432189941406,33.836669921875
8173869,2016,2016-11-29,3009,2016-11-13,1105,4435,114,7,5,6,3009,0,0,0,NA,0,021,GARDEN GROVE BL,TAFT ST,0,NA,Y,A,-,N,NA,NA,NA,NA,NA,NA,NA,NA,NA,Y,4,0,1,2,A,-,09,21804,A,N,D,C,A,A,H,-,A,A,0,NA,NA,Y,NA,Y,NA,A,01,0,0,1,0,0,0,0,0,1,-,-,NA,NA,ORANGE,GARDEN GROVE,-117.94213005,33.77409011
81739523,2022,2022-04-04,3022,2022-03-10,2101,1395,NA,4,5,5,3022,0,0,0,NA,0,NA,EL CAMINO REAL,ORANGE ST,804,E,N,A,-,N,NA,NA,NA,NA,NA,NA,NA,NA,NA,N,4,0,1,2,A,-,09,21804,A,N,D,G,A,A,H,-,C,D,0,NA,Y,NA,NA,Y,NA,A,07,0,0,1,0,0,0,1,0,0,-,-,33.7369499206543,-117.8203125,ORANGE,TUSTIN,-117.81824493408205,33.73583984375
81739535,2022,2022-04-04,3015,2022-03-05,1631,1647,RD 17,6,5,6,3015,0,0,0,NA,0,222,TUSTIN ST,MEATS AVE,0,NA,Y,A,-,N,NA,NA,NA,NA,NA,NA,NA,NA,NA,N,4,0,1,2,A,-,03,22350,NA,N,C,C,A,A,H,-,A,A,0,NA,NA,NA,NA,Y,NA,A,07,0,0,1,0,0,0,0,0,0,-,-,33.82305145263672,-117.83599090576172,ORANGE,ORANGE,-117.83602905273438,33.82291030883789
81739565,2022,2022-04-04,3015,2022-03-24,1946,1559,21W,4,5,6,3015,0,0,0,NA,0,113,LEWIS ST,CHAPMAN AVE,50,N,N,A,-,N,NA,NA,NA,NA,NA,NA,NA,NA,NA,Y,4,0,2,3,A,-,09,21801,A,N,D,E,A,A,H,-,C,A,0,NA,NA,NA,NA,Y,NA,A,01,0,0,2,0,0,0,0,0,0,-,-,33.78892135620117,-117.89749908447266,ORANGE,ORANGE,-117.8975067138672,33.78886032104492
81740817,2022,2022-04-05,3019,2022-02-07,1552,3769,NE,1,5,7,3019,0,0,0,NA,0,002,SANTA CLARA AVENUE,GRAND AVENUE,500,W,N,A,-,N,NA,NA,NA,NA,NA,NA,NA,NA,NA,Y,4,0,2,2,A,-,09,21804,A,N,B,C,A,A,H,-,A,D,0,NA,NA,NA,NA,Y,NA,A,01,0,0,2,0,0,0,0,0,0,-,-,33.767189025878906,-117.85135650634766,ORANGE,SANTA ANA,-117.85314178466795,33.76717758178711
81741267,2022,2022-04-05,3014,2022-03-27,1742,1527,RD15,7,5,5,3014,0,0,0,NA,0,A1,SR-55 (NEWPORT BLVD),VIA LIDO,350,N,N,A,-,Y,ORA,NA,55,NA,NA,0.17,H,NA,R,N,2,0,1,1,A,-,03,22350,NA,N,H,A,A,A,H,-,A,D,0,NA,NA,NA,NA,Y,Y,M,91,1,0,0,0,0,0,0,0,0,-,-,33.619590759277344,-117.92958831787108,ORANGE,NEWPORT BEACH,-117.92986297607422,33.61969757080078
81741830,2022,2022-04-06,3010,2022-03-31,1516,3042,293,4,5,6,3010,0,0,0,NA,0,005,TALBERT AVE,HARTLUND ST,0,NA,Y,B,-,N,NA,NA,NA,NA,NA,NA,NA,NA,NA,N,4,0,1,2,A,-,05,21202,A,N,H,G,A,A,H,-,A,D,0,NA,Y,NA,NA,Y,Y,L,04,0,0,1,0,0,0,1,0,0,-,-,33.699981689453125,-117.98330688476563,ORANGE,HUNTINGTON BEACH,-117.9829330444336,33.70124816894531
81741914,2022,2022-04-06,3008,2022-01-30,1617,1378,ZONE,7,5,6,3008,0,0,0,NA,0,NA,ASSOCIATED RD,MILTON AVE,0,NA,Y,A,-,N,NA,NA,NA,NA,NA,NA,NA,NA,NA,Y,4,0,1,2,A,-,09,21802,A,N,D,C,A,A,H,-,A,D,0,NA,NA,NA,NA,Y,NA,A,01,0,0,1,0,0,0,0,0,0,-,-,NA,NA,ORANGE,FULLERTON,-117.88562774658205,33.891265869140625
81742735,2022,2022-04-07,3001,2022-03-30,0939,A1825,NA,3,5,7,3001,0,0,0,NA,0,D-2,HARBOR BOULEVARD,LINCOLN AVENUE,0,NA,Y,A,-,N,NA,NA,NA,NA,NA,NA,NA,NA,NA,Y,3,0,2,2,A,-,09,21801,A,N,A,C,A,A,H,-,A,A,0,NA,NA,NA,NA,Y,NA,A,01,0,2,0,0,0,0,0,0,0,-,-,33.83304977416992,-117.91934204101563,ORANGE,ANAHEIM,-117.91961669921876,33.83417510986328
81742747,2022,2022-04-07,3001,2022-04-05,0904,A1466,D-4,2,5,7,3001,0,0,0,NA,0,D-4,LA PALMA AVENUE,MILLER STREET,0,NA,Y,A,-,N,NA,NA,NA,NA,NA,NA,NA,NA,NA,Y,4,0,2,2,A,-,12,21453,A,N,A,C,A,A,H,-,A,A,0,NA,NA,NA,NA,Y,NA,A,01,0,0,2,0,0,0,0,0,0,-,-,NA,NA,ORANGE,ANAHEIM,-117.84689331054688,33.853759765625
81742855,2022,2022-04-07,3002,2022-03-14,0418,1707,NA,1,5,4,3002,0,0,0,NA,0,012,CARBON CANYON RD,RUBY ST,89,E,N,A,-,Y,NA,NA,NA,NA,NA,NA,NA,NA,NA,Y,3,0,1,1,A,-,01,23152,A,N,E,I,A,A,C,H,C,A,0,NA,NA,NA,NA,Y,Y,A,01,0,1,0,0,0,0,0,0,0,-,-,33.9244499206543,-117.80509185791016,ORANGE,BREA,-117.80520629882813,33.92586135864258
81743786,2022,2022-04-08,3022,2022-03-24,1350,1323,NA,4,5,5,3022,0,0,0,NA,0,NA,MAIN ST,NEWPORT AV (E),624,E,N,A,-,N,NA,NA,NA,NA,NA,NA,NA,NA,NA,N,4,0,1,2,A,-,09,21804,A,N,D,G,A,A,H,-,A,D,0,NA,Y,NA,NA,Y,NA,A,01,0,0,1,0,0,0,1,0,0,-,-,33.741859436035156,-117.81788635253906,ORANGE,TUSTIN,-117.8161392211914,33.74213790893555
81745878,2022,2022-04-12,3002,2022-03-17,1705,1671,NA,4,5,4,3002,0,0,0,NA,0,011,SKYLER WY,HURST PL,0,NA,Y,A,-,Y,NA,NA,NA,NA,NA,NA,NA,NA,NA,N,3,0,1,2,A,-,10,21950,A,N,G,B,B,A,H,-,A,D,0,Y,NA,NA,NA,Y,NA,A,07,0,1,0,0,1,0,0,0,0,-,-,33.93339920043945,-117.90892791748048,ORANGE,BREA,-117.90923309326172,33.933475494384766
81747014,2022,2022-04-13,3007,2022-04-07,2308,330,42,4,5,5,3007,0,0,0,NA,0,001,MAGNOLIA,SLATER,0,NA,Y,A,-,N,NA,NA,NA,NA,NA,NA,NA,NA,NA,Y,4,0,1,3,A,-,01,23152,F,N,C,C,A,A,H,-,C,A,0,NA,NA,NA,NA,Y,NA,A,01,0,0,1,0,0,0,0,0,0,-,-,NA,NA,ORANGE,FOUNTAIN VALLEY,-117.97183990478516,33.708526611328125
81747616,2022,2022-04-14,3001,2022-04-12,1730,A1618,D-4,2,5,7,3001,0,0,0,NA,0,D-4,SANTA ANA CANYON ROAD,ANAHEIM HILLS ROAD,400,W,N,A,-,N,NA,NA,NA,NA,NA,NA,NA,NA,NA,Y,4,0,1,2,A,-,03,22350,NA,N,C,C,A,A,H,-,A,D,0,NA,NA,NA,NA,Y,NA,A,01,0,0,1,0,0,0,0,0,0,-,-,33.85396957397461,-117.77899932861328,ORANGE,ANAHEIM,-117.78018951416016,33.85359191894531
8174907,2016,2016-11-29,3014,2016-11-14,1731,1490,RD16,1,5,5,3014,0,0,0,NA,0,0A1,BALBOA BL,38TH ST,0,NA,Y,A,-,N,NA,NA,NA,NA,NA,NA,NA,NA,NA,N,3,0,1,2,A,-,21,22106,NA,N,H,G,A,A,H,-,C,A,0,NA,Y,NA,NA,Y,NA,A,07,0,1,0,0,0,0,1,0,0,-,-,33.3744,-117.5672,ORANGE,NEWPORT BEACH,-117.93536009,33.61779002
8174960,2016,2016-11-29,3026,2016-10-08,0747,4991,NA,6,5,6,3026,0,0,0,NA,0,00U,HARVARD,UNIVERSITY,292,S,N,A,-,N,NA,NA,NA,NA,NA,NA,NA,NA,NA,N,3,0,1,1,D,-,00,NA,NA,N,-,A,A,A,H,-,A,D,0,NA,Y,NA,NA,Y,NA,-,-,0,1,0,0,0,0,1,0,0,-,-,NA,NA,ORANGE,IRVINE,-117.83881921,33.65687079
8175081,2016,2016-11-29,3004,2016-11-05,1201,P542,18,6,5,6,3004,0,0,0,NA,0,NA,HARBOR BL,VILLAGE WY,49,S,N,A,-,N,NA,NA,NA,NA,NA,NA,NA,NA,NA,N,4,0,1,2,A,-,09,21801,A,N,C,C,A,A,H,-,A,D,0,NA,NA,NA,NA,Y,NA,A,07,0,0,1,0,0,0,0,0,0,-,-,33.6769,-117.9197,ORANGE,COSTA MESA,-117.91937915,33.67734566
81754885,2022,2022-04-25,3001,2022-04-01,0724,A1007,D-3,5,5,7,3001,0,0,0,NA,0,D-3,CERRITOS AVENUE,EUCLID STREET,0,NA,Y,A,-,N,NA,NA,NA,NA,NA,NA,NA,NA,NA,Y,4,0,1,2,D,-,00,NA,NA,N,A,C,A,A,H,-,A,A,0,NA,NA,NA,NA,Y,Y,-,-,0,0,1,0,0,0,0,0,0,-,-,33.810691833496094,-117.94129180908205,ORANGE,ANAHEIM,-117.94145965576172,33.80964279174805
81755182,2022,2022-04-25,3007,2022-03-29,0623,304,47,2,5,5,3007,0,0,0,NA,0,002,WARNER,MT. HOPE,0,NA,Y,B,-,N,NA,NA,NA,NA,NA,NA,NA,NA,NA,N,3,0,1,2,A,-,09,21800,A,N,D,G,A,A,H,-,B,A,0,NA,Y,NA,NA,Y,NA,A,07,0,1,0,0,0,0,1,0,0,-,-,NA,NA,ORANGE,FOUNTAIN VALLEY,-117.93279266357422,33.716609954833984
81756275,2022,2022-04-26,3019,2022-03-11,1900,3631,WE,5,5,7,3019,0,0,0,NA,0,001,MCFADDEN AVENUE,NEWHOPE STREET,0,NA,Y,A,-,N,NA,NA,NA,NA,NA,NA,NA,NA,NA,Y,4,0,1,2,A,-,12,21453,A,N,D,C,A,A,H,-,C,D,0,NA,NA,NA,NA,Y,NA,A,01,0,0,1,0,0,0,0,0,0,-,-,33.73094940185547,-117.92900848388672,ORANGE,SANTA ANA,-117.92864990234376,33.73822784423828
81756281,2022,2022-04-26,3019,2022-03-12,1733,3552,NE,6,5,7,3019,0,0,0,NA,0,002,4TH STREET,ROUTE 55 SB ONRAMP (W),0,NA,Y,A,-,N,NA,NA,NA,NA,NA,NA,NA,NA,NA,N,4,0,1,2,A,-,12,21453,A,N,D,C,A,A,H,-,A,A,0,NA,NA,NA,NA,Y,NA,A,08,0,0,1,0,0,0,0,0,0,-,-,33.74797821044922,-117.8341064453125,ORANGE,SANTA ANA,NA,NA
81757340,2022,2022-04-27,3019,2022-03-16,1621,3736,SC,3,5,7,3019,0,0,0,NA,0,004,BRISTOL STREET,CENTRAL AVENUE,25,S,N,A,-,N,NA,NA,NA,NA,NA,NA,NA,NA,NA,Y,4,0,3,3,A,-,03,22350,NA,N,C,C,A,A,H,-,A,D,0,NA,NA,NA,NA,Y,NA,A,01,0,0,3,0,0,0,0,0,0,-,-,33.71257019042969,-117.8851318359375,ORANGE,SANTA ANA,-117.88539123535156,33.71253204345703
81760625,2022,2022-04-29,3010,2022-04-25,0750,0147,437,1,5,6,3010,0,0,0,NA,0,003,BROOKHURST ST,YORKTOWN AVE (E),0,NA,Y,A,-,N,NA,NA,NA,NA,NA,NA,NA,NA,NA,Y,3,0,4,2,A,-,12,21453,A,N,D,C,A,A,H,-,A,A,0,NA,NA,NA,NA,Y,NA,D,22,0,1,3,0,0,0,0,0,0,-,-,33.6798095703125,-117.95353698730467,ORANGE,HUNTINGTON BEACH,-117.95404052734376,33.67961883544922
81761434,2022,2022-05-02,3001,2022-04-26,1016,A1825,NA,2,5,7,3001,0,0,0,NA,0,D-2,EAST STREET,SYCAMORE STREET,50,N,N,B,-,N,NA,NA,NA,NA,NA,NA,NA,NA,NA,Y,3,0,2,1,A,-,08,22107,NA,F,E,I,A,A,H,-,A,A,0,NA,NA,NA,NA,Y,NA,D,22,0,2,0,0,0,0,0,0,0,-,-,33.84223937988281,-117.90413665771484,ORANGE,ANAHEIM,-117.90413665771484,33.842567443847656
81761772,2022,2022-05-02,3022,2022-04-20,1327,1154,NA,3,5,5,3022,0,0,0,NA,0,NA,VALENCIA AV,KENSINGTON PARK DR,251,E,N,A,-,N,NA,NA,NA,NA,NA,NA,NA,NA,NA,Y,3,0,2,2,A,-,09,21804,A,N,D,C,A,A,H,-,A,D,0,NA,NA,NA,NA,Y,NA,A,01,0,2,0,0,0,0,0,0,0,-,-,NA,NA,ORANGE,TUSTIN,-117.81822967529295,33.710750579833984
81762867,2022,2022-05-03,3008,2022-03-17,0829,1407,ZONE,4,5,6,3008,0,0,0,NA,0,NA,ROSECRANS AVE,CAMINO REY,356,E,N,A,-,N,NA,NA,NA,NA,NA,NA,NA,NA,NA,N,4,0,1,2,D,-,00,NA,NA,N,B,G,A,A,H,-,A,D,0,NA,Y,NA,NA,Y,NA,-,-,0,0,1,0,0,0,1,0,0,-,-,NA,NA,ORANGE,FULLERTON,-117.95111083984376,33.89263153076172
81763802,2022,2022-05-04,3001,2022-04-27,1434,A2292,NA,3,5,7,3001,0,0,0,NA,0,D-3,HARBOR BOULEVARD,KATELLA AVENUE,553,S,N,A,-,N,NA,NA,NA,NA,NA,NA,NA,NA,NA,Y,4,0,1,2,A,-,03,22350,NA,M,C,C,A,A,H,-,A,D,0,NA,NA,NA,NA,Y,NA,A,01,0,0,1,0,0,0,0,0,0,-,-,NA,NA,ORANGE,ANAHEIM,-117.91535186767578,33.801734924316406
81763901,2022,2022-05-04,3008,2022-03-22,2021,1274,ZONE,2,5,6,3008,0,0,0,NA,0,NA,ORANGETHORPE AVE,ACACIA AVE,60,E,N,A,-,N,NA,NA,NA,NA,NA,NA,NA,NA,NA,Y,4,0,3,2,A,-,01,23152,A,N,C,C,A,A,D,-,C,A,0,NA,NA,NA,NA,Y,Y,A,01,0,0,3,0,0,0,0,0,0,-,-,NA,NA,ORANGE,FULLERTON,-117.89787292480467,33.85963821411133
81763902,2022,2022-05-04,3008,2022-03-23,0654,1233,ZONE,3,5,6,3008,0,0,0,NA,0,NA,HARBOR BLVD,BREA BLVD (1),280,N,N,A,-,N,NA,NA,NA,NA,NA,NA,NA,NA,NA,N,4,0,1,2,A,-,09,21801,A,N,D,C,A,A,H,-,A,D,0,NA,NA,NA,NA,Y,NA,A,01,0,0,1,0,0,0,0,0,0,-,-,NA,NA,ORANGE,FULLERTON,-117.92518615722656,33.88373947143555
81764247,2022,2022-05-04,3014,2022-04-23,0736,1555,RD33,6,5,5,3014,0,0,0,NA,0,A3,BIRCH ST,BRISTOL ST S,0,NA,Y,A,-,N,NA,NA,NA,NA,NA,NA,NA,NA,NA,Y,2,0,1,2,A,-,12,21453,A,N,D,C,A,A,H,-,A,A,0,NA,NA,NA,NA,Y,NA,A,01,1,0,0,0,0,0,0,0,0,-,-,33.66082000732422,-117.8737564086914,ORANGE,NEWPORT BEACH,-117.87370300292967,33.66073989868164
81764266,2022,2022-05-04,3014,2022-04-25,1530,1483,RD54,1,5,5,3014,0,0,0,NA,0,A4,MACARTHUR BLVD,SAN JOAQUIN HILLS RD,3372,N,N,A,-,N,NA,NA,NA,NA,NA,NA,NA,NA,NA,Y,4,0,1,2,A,-,01,23152,F,N,B,C,A,A,H,-,A,D,0,NA,NA,NA,NA,Y,NA,D,22,0,0,1,0,0,0,0,0,0,-,-,33.622501373291016,-117.86100006103516,ORANGE,NEWPORT BEACH,-117.8611297607422,33.622127532958984
8176521,2016,2017-03-02,3012,2016-11-17,1437,288,35,4,5,5,3012,0,0,0,NA,0,0SW,IMPERIAL HWY,MARKET PL EAST,0,NA,Y,A,-,Y,ORA,12,90,-,-,0.89,H,-,W,Y,4,0,1,2,A,-,12,21453,A,N,D,C,A,A,H,-,A,A,0,NA,NA,NA,NA,Y,NA,A,01,0,0,1,0,0,0,0,0,0,-,-,NA,NA,ORANGE,LA HABRA,-117.96134129,33.91737357
81765317,2022,2022-05-05,3007,2022-04-17,1227,1161,25,7,5,5,3007,0,0,0,NA,0,001,EDINGER,WARD,526,W,N,A,-,N,NA,NA,NA,NA,NA,NA,NA,NA,NA,Y,3,0,2,4,A,-,03,22350,NA,N,C,C,A,A,H,-,A,D,0,NA,NA,NA,NA,Y,NA,A,01,0,1,1,0,0,0,0,0,0,-,-,NA,NA,ORANGE,FOUNTAIN VALLEY,-117.94772338867188,33.73067092895508
81765911,2022,2022-05-06,3019,2022-03-22,1604,3784,NE,2,5,7,3019,0,0,0,NA,0,002,MAIN STREET,5TH STREET,0,NA,Y,A,-,N,NA,NA,NA,NA,NA,NA,NA,NA,NA,Y,2,0,1,2,A,-,05,21651,B,N,D,C,A,A,D,-,A,A,0,NA,NA,Y,NA,Y,NA,A,01,1,0,0,0,0,0,0,0,1,-,-,33.74808883666992,-117.86769104003906,ORANGE,SANTA ANA,-117.86761474609376,33.7489128112793
81766768,2022,2022-05-09,3010,2022-05-04,1306,2070,431,3,5,6,3010,0,0,0,NA,0,004,ADAMS AVE,MAIN ST,0,NA,Y,A,-,N,NA,NA,NA,NA,NA,NA,NA,NA,NA,Y,3,0,1,2,A,-,09,21801,A,N,D,C,A,A,H,-,A,A,0,NA,NA,NA,NA,Y,NA,A,01,0,1,0,0,0,0,0,0,0,-,-,33.67206954956055,-118.00171661376952,ORANGE,HUNTINGTON BEACH,-118.00167083740234,33.67206954956055
81767156,2022,2022-05-09,3008,2022-02-20,0214,1569,ZONE,7,5,6,3008,0,0,0,NA,0,NA,ORANGETHORPE AVE,STATE COLLEGE BLVD,249,E,N,-,-,N,NA,NA,NA,NA,NA,NA,NA,NA,NA,Y,4,0,2,2,A,-,09,21804,A,N,C,C,A,A,H,-,C,D,0,NA,NA,NA,NA,Y,NA,A,01,0,0,2,0,0,0,0,0,0,-,-,NA,NA,ORANGE,FULLERTON,-117.88859558105467,33.859649658203125
8176897,2016,2016-12-02,3001,2016-11-17,2223,415,NA,4,5,7,3001,0,0,0,NA,0,0D4,N OAK KNOLL DR,EAST ORANGETHORPE AV,19,N,N,A,-,N,NA,NA,NA,NA,NA,NA,NA,NA,NA,Y,2,0,2,2,A,-,08,22107,NA,N,D,C,A,A,H,-,C,A,0,NA,NA,NA,NA,Y,NA,A,01,1,0,1,0,0,0,0,0,0,-,-,NA,NA,ORANGE,ANAHEIM,-117.79761829,33.86362206
81770183,2022,2022-05-12,3001,2022-05-10,1349,A2312,D-4,2,5,7,3001,0,0,0,NA,0,D-4,SANTA ANA CANYON ROAD,AVENIDA MARGARITA,6,E,N,A,-,N,NA,NA,NA,NA,NA,NA,NA,NA,NA,N,4,0,1,2,A,-,08,22107,NA,N,D,C,A,A,H,-,A,D,0,NA,NA,NA,NA,Y,NA,-,-,0,0,1,0,0,0,0,0,0,-,-,33.85100173950195,-117.79328918457033,ORANGE,ANAHEIM,-117.79332733154295,33.85136795043945
81771963,2022,2022-05-16,3015,2022-04-15,2031,1677,16W,5,5,6,3015,0,0,0,NA,0,111,SHAFFER ST,WALNUT AVE,608,N,N,A,-,N,NA,NA,NA,NA,NA,NA,NA,NA,NA,Y,4,0,4,2,A,-,08,22107,NA,N,B,E,A,A,H,-,C,D,0,NA,NA,NA,NA,Y,NA,D,22,0,0,4,0,0,0,0,0,0,-,-,33.79515075683594,-117.84880828857422,ORANGE,ORANGE,-117.84871673583984,33.796756744384766
8177338,2016,2016-12-02,3014,2016-11-14,1500,1379,RD47,1,5,5,3014,0,0,0,NA,0,0A3,MACARTHUR BL,SAN MIGUEL DR,53,N,N,A,-,N,NA,NA,NA,NA,NA,NA,NA,NA,NA,N,4,0,1,2,A,-,03,22350,NA,N,C,C,A,A,H,-,A,A,0,NA,NA,NA,NA,Y,NA,A,01,0,0,1,0,0,0,0,0,0,-,-,33.61173,-117.86975,ORANGE,NEWPORT BEACH,-117.86987029,33.61157308
81773413,2022,2022-05-17,3001,2022-05-11,1521,A1555,NA,3,5,7,3001,0,0,0,NA,0,D-3,EUCLID STREET,CERRITOS AVENUE,0,NA,Y,A,-,N,NA,NA,NA,NA,NA,NA,NA,NA,NA,Y,4,0,2,2,A,-,12,21453,A,N,D,C,A,A,H,-,A,A,0,NA,NA,NA,NA,Y,NA,A,01,0,0,2,0,0,0,0,0,0,-,-,33.809730529785156,-117.94171905517578,ORANGE,ANAHEIM,-117.94145965576172,33.80964279174805
8177396,2016,2017-01-23,3026,2016-11-21,1220,576,NA,1,5,6,3026,0,0,0,NA,0,00U,JAMBOREE,PALATINE,58,N,N,A,-,N,NA,NA,NA,NA,NA,NA,NA,NA,NA,Y,4,0,1,2,A,-,08,22107,NA,N,C,C,A,A,H,-,A,A,0,NA,NA,Y,Y,Y,NA,C,02,0,0,1,0,0,0,0,0,1,-,-,NA,NA,ORANGE,IRVINE,-117.84946802,33.67074198
81774541,2022,2022-05-18,3015,2022-05-09,0817,1443,27W,1,5,6,3015,0,0,0,NA,0,222,BATAVIA ST,GROVE AVE (N),390,N,N,A,-,N,NA,NA,NA,NA,NA,NA,NA,NA,NA,Y,4,0,2,2,A,-,03,22350,NA,N,C,C,A,A,H,-,A,A,0,NA,NA,NA,NA,Y,NA,A,08,0,0,2,0,0,0,0,0,0,-,-,33.82086944580078,-117.86199188232422,ORANGE,ORANGE,-117.8620834350586,33.821990966796875
81775504,2022,2022-05-19,3015,2022-04-28,0740,1250,RD84,4,5,6,3015,0,0,0,NA,0,711M,SANTIAGO CANYON RD,ORANGE PARK BLVD,110,W,N,A,-,N,NA,NA,NA,NA,NA,NA,NA,NA,NA,Y,4,0,1,3,A,-,03,22350,NA,N,C,C,A,A,H,-,A,A,0,NA,NA,NA,NA,Y,NA,A,01,0,0,1,0,0,0,0,0,0,-,-,33.813560485839844,-117.78343963623048,ORANGE,ORANGE,-117.78383636474608,33.81353759765625
81776387,2022,2022-05-20,3001,2022-05-16,1042,A1466,D-4,1,5,7,3001,0,0,0,NA,0,D-4,SERRANO AVENUE,MARBLEHEAD WAY,0,NA,Y,A,-,N,NA,NA,NA,NA,NA,NA,NA,NA,NA,Y,3,0,1,2,A,-,09,21802,A,N,D,D,A,A,H,-,A,D,0,NA,NA,NA,NA,Y,NA,A,07,0,1,0,0,0,0,0,0,0,-,-,NA,NA,ORANGE,ANAHEIM,-117.73499298095705,33.8532829284668
81777211,2022,2022-05-23,3024,2022-03-28,0837,502,P-13,1,5,5,3024,0,0,0,NA,0,EAST,NEWLAND STREET,TRASK AVENUE,0,NA,Y,B,-,N,NA,NA,NA,NA,NA,NA,NA,NA,NA,Y,4,0,1,2,D,-,00,NA,NA,N,D,C,A,A,H,-,A,A,0,NA,NA,NA,NA,Y,NA,-,-,0,0,1,0,0,0,0,0,0,-,-,33.76670837402344,-117.98068237304688,ORANGE,WESTMINSTER,-117.98108673095705,33.7666130065918
81779750,2022,2022-05-25,3002,2022-04-28,1745,1684,NA,4,5,4,3002,0,0,0,NA,0,014,BREA BL,DATE ST,0,NA,Y,A,-,N,NA,NA,NA,NA,NA,NA,NA,NA,NA,Y,4,0,1,2,A,-,09,21802,A,N,D,C,A,A,H,-,A,A,0,NA,NA,NA,NA,Y,NA,A,07,0,0,1,0,0,0,0,0,0,-,-,33.9149284362793,-117.90126037597656,ORANGE,BREA,-117.90125274658205,33.914878845214844