CASE_ID,ACCIDENT_YEAR,PROC_DATE,JURIS,COLLISION_DATE,COLLISION_TIME,OFFICER_ID,REPORTING_DISTRICT,DAY_OF_WEEK,CHP_SHIFT,POPULATION,CNTY_CITY_LOC,SPECIAL_COND,BEAT_TYPE,CHP_BEAT_TYPE,CITY_DIVISION_LAPD,CHP_BEAT_CLASS,BEAT_NUMBER,PRIMARY_RD,SECONDARY_RD,DISTANCE,DIRECTION,INTERSECTION,WEATHER_1,WEATHER_2,STATE_HWY_IND,CALTRANS_COUNTY,CALTRANS_DISTRICT,STATE_ROUTE,ROUTE_SUFFIX,POSTMILE_PREFIX,POSTMILE,LOCATION_TYPE,RAMP_INTERSECTION,SIDE_OF_HWY,TOW_AWAY,COLLISION_SEVERITY,NUMBER_KILLED,NUMBER_INJURED,PARTY_COUNT,PRIMARY_COLL_FACTOR,PCF_CODE_OF_VIOL,PCF_VIOL_CATEGORY,PCF_VIOLATION,PCF_VIOL_SUBSECTION,HIT_AND_RUN,TYPE_OF_COLLISION,MVIW,PED_ACTION,ROAD_SURFACE,ROAD_COND_1,ROAD_COND_2,LIGHTING,CONTROL_DEVICE,CHP_ROAD_TYPE,PEDESTRIAN_ACCIDENT,BICYCLE_ACCIDENT,MOTORCYCLE_ACCIDENT,TRUCK_ACCIDENT,NOT_PRIVATE_PROPERTY,ALCOHOL_INVOLVED,STWD_VEHTYPE_AT_FAULT,CHP_VEHTYPE_AT_FAULT,COUNT_SEVERE_INJ,COUNT_VISIBLE_INJ,COUNT_COMPLAINT_PAIN,COUNT_PED_KILLED,COUNT_PED_INJURED,COUNT_BICYCLIST_KILLED,COUNT_BICYCLIST_INJURED,COUNT_MC_KILLED,COUNT_MC_INJURED,PRIMARY_RAMP,SECONDARY_RAMP,LATITUDE,LONGITUDE,COUNTY,CITY,POINT_X,POINT_Y
81940508,2022,2022-12-13,3019,2022-11-06,1738,3730,WE,7,5,7,3019,0,0,0,NA,0,001,FAIRVIEW STREET,5TH STREET,375,N,N,A,-,N,NA,NA,NA,NA,NA,NA,NA,NA,NA,Y,3,0,1,3,A,-,03,22350,NA,N,C,C,A,A,H,-,A,D,0,NA,NA,NA,NA,Y,NA,A,07,0,1,0,0,0,0,0,0,0,-,-,33.74885177612305,-117.90474700927734,ORANGE,SANTA ANA,-117.90435791015624,33.74970245361328
81942720,2022,2022-12-15,3015,2022-11-22,2323,1670,RD 77,2,5,6,3015,0,0,0,NA,0,222,TUSTIN ST,LINCOLN AVE,0,NA,Y,A,-,N,NA,NA,NA,NA,NA,NA,NA,NA,NA,N,4,0,1,2,A,-,09,21453,C,N,D,C,A,A,H,-,C,A,0,NA,NA,NA,NA,Y,NA,A,01,0,0,1,0,0,0,0,0,0,-,-,33.83491134643555,-117.836181640625,ORANGE,ORANGE,-117.83625030517578,33.83496856689453
81943912,2022,2022-12-16,3015,2022-11-26,0722,1672,RD41,6,5,6,3015,0,0,0,NA,0,212,RT 5 FRONTAGE ROAD,THE CITY DRIVE,0,NA,Y,A,-,Y,NA,NA,NA,NA,NA,NA,NA,NA,NA,Y,4,0,1,2,A,-,12,21453,A,N,D,C,A,A,H,-,A,A,0,NA,NA,NA,NA,Y,NA,-,-,0,0,1,0,0,0,0,0,0,-,-,33.79085922241211,-117.89047241210938,ORANGE,ORANGE,NA,NA
81944909,2022,2022-12-19,3001,2022-12-05,1839,A1278,NA,1,5,7,3001,0,0,0,NA,0,D-2,STATE COLLEGE BOULEVARD,PLACENTIA AVENUE,0,NA,Y,A,-,N,NA,NA,NA,NA,NA,NA,NA,NA,NA,Y,4,0,2,2,A,-,12,21453,A,N,D,C,A,A,H,-,C,A,0,NA,NA,NA,NA,Y,NA,A,01,0,0,2,0,0,0,0,0,0,-,-,33.850730895996094,-117.88916778564452,ORANGE,ANAHEIM,-117.88919067382813,33.85087203979492
81946433,2022,2022-12-20,3001,2022-10-31,1806,A1962,NA,1,5,7,3001,0,0,0,NA,0,NA,ORANGETHORPE AVENUE,CYMBAL STREET,149,W,N,A,-,N,NA,NA,NA,NA,NA,NA,NA,NA,NA,Y,3,0,5,4,A,-,03,22350,NA,N,C,C,A,A,H,-,C,A,0,NA,NA,NA,NA,Y,NA,A,01,0,2,3,0,0,0,0,0,0,-,-,33.86505889892578,-117.8068618774414,ORANGE,ANAHEIM,-117.80754852294922,33.86528015136719
81946559,2022,2022-12-20,3008,2022-09-14,1402,1284,ZONE,3,5,6,3008,0,0,0,NA,0,NA,COMMONWEALTH AVE,PRITCHARD AVE,0,NA,Y,A,-,N,NA,NA,NA,NA,NA,NA,NA,NA,NA,N,3,0,1,2,A,-,03,22350,NA,N,B,C,A,A,H,-,A,A,0,NA,NA,Y,NA,Y,NA,C,02,0,1,0,0,0,0,0,0,1,-,-,NA,NA,ORANGE,FULLERTON,-117.9736099243164,33.870033264160156
81946561,2022,2022-12-20,3008,2022-10-26,1454,1233,ZONE,3,5,6,3008,0,0,0,NA,0,NA,BASTANCHURY RD,ASHWOOD CIR,303,E,N,A,-,N,NA,NA,NA,NA,NA,NA,NA,NA,NA,Y,4,0,1,2,A,-,09,21804,A,N,C,C,A,A,H,-,A,D,0,NA,NA,NA,NA,Y,NA,A,01,0,0,1,0,0,0,0,0,0,-,-,NA,NA,ORANGE,FULLERTON,-117.9006805419922,33.89957046508789
81947646,2022,2022-12-21,3015,2022-12-14,0947,1545,RD41,3,5,6,3015,0,0,0,NA,0,721M,STATE COLLEGE BLVD,ANAHEIM WAY,0,NA,Y,A,-,N,NA,NA,NA,NA,NA,NA,NA,NA,NA,Y,4,0,2,3,A,-,12,21453,A,N,D,C,A,A,H,-,A,A,0,NA,NA,NA,NA,Y,NA,D,22,0,0,2,0,0,0,0,0,0,-,-,33.79267883300781,-117.88983917236328,ORANGE,ORANGE,-117.8899383544922,33.792667388916016
81947666,2022,2022-12-21,3001,2022-12-20,1000,A2767,D-4,2,5,7,3001,0,0,0,NA,0,D-4,SANTA ANA CANYON ROAD,VIA CORTEZ,488,W,N,A,-,N,NA,NA,NA,NA,NA,NA,NA,NA,NA,Y,4,0,1,2,A,-,03,22350,NA,N,C,C,A,A,H,-,A,D,0,NA,NA,NA,NA,Y,NA,A,01,0,0,1,0,0,0,0,0,0,-,-,33.852230072021484,-117.7868194580078,ORANGE,ANAHEIM,-117.78825378417967,33.8516960144043
8194866,2016,2017-01-23,3009,2016-12-23,2202,3739,117,5,5,6,3009,0,0,0,NA,0,2 3,EUCLID ST,HAZARD AV,140,N,N,C,-,N,NA,NA,NA,NA,NA,NA,NA,NA,NA,Y,4,0,1,2,A,-,01,23152,A,N,C,C,A,B,H,-,C,A,0,NA,NA,NA,NA,Y,Y,A,07,0,0,1,0,0,0,0,0,0,-,-,NA,NA,ORANGE,GARDEN GROVE,-117.93758,33.75273383
81948710,2022,2022-12-22,3001,2022-12-20,1552,A1397,NA,2,5,7,3001,0,0,0,NA,0,D-1,BROOKHURST STREET,ALAMEDA AVENUE,0,NA,Y,A,-,N,NA,NA,NA,NA,NA,NA,NA,NA,NA,N,4,0,1,2,A,-,03,22350,NA,N,C,C,A,A,H,-,A,D,0,NA,NA,NA,NA,Y,NA,A,07,0,0,1,0,0,0,0,0,0,-,-,NA,NA,ORANGE,ANAHEIM,-117.9590301513672,33.837913513183594
81950811,2022,2022-12-23,3001,2022-12-21,1416,A2382,NA,3,5,7,3001,0,0,0,NA,0,D-1,ORANGE AVENUE,VELARE STREET,8,W,N,A,-,N,NA,NA,NA,NA,NA,NA,NA,NA,NA,Y,4,0,1,2,A,-,09,21804,A,N,D,C,A,A,H,-,A,D,0,NA,NA,NA,NA,Y,NA,A,01,0,0,1,0,0,0,0,0,0,-,-,NA,NA,ORANGE,ANAHEIM,-117.9739990234375,33.824928283691406
81950860,2022,2022-12-23,3010,2022-12-18,0934,2090,359,7,5,6,3010,0,0,0,NA,0,004,9TH ST,OLIVE AVE,93,N,N,A,-,N,NA,NA,NA,NA,NA,NA,NA,NA,NA,Y,4,0,2,2,A,-,08,22107,NA,N,B,C,A,A,H,-,A,D,0,NA,NA,NA,NA,Y,NA,A,01,0,0,2,0,0,0,0,0,0,-,-,33.6617317199707,-118.00435638427734,ORANGE,HUNTINGTON BEACH,-118.00406646728516,33.661964416503906
81950873,2022,2022-12-23,3010,2022-12-21,0558,1208,138,3,5,6,3010,0,0,0,NA,0,007,EDWARDS ST,WARNER AVE,0,NA,Y,A,-,N,NA,NA,NA,NA,NA,NA,NA,NA,NA,Y,4,0,2,2,A,-,09,21801,A,N,A,C,A,A,H,-,C,A,0,NA,NA,NA,NA,Y,NA,A,01,0,0,2,0,0,0,0,0,0,-,-,33.71538162231445,-118.01512908935548,ORANGE,HUNTINGTON BEACH,-118.01527404785156,33.71543884277344
81954105,2022,2022-12-28,3026,2022-12-09,0813,8929,NA,5,5,6,3026,0,0,0,NA,0,NA,SANTA CLARA,PASEO WESTPARK,5,W,N,A,-,N,NA,NA,NA,NA,NA,NA,NA,NA,NA,N,3,0,1,2,A,-,12,22450,A,N,D,C,A,A,H,-,A,D,0,NA,NA,NA,NA,Y,NA,A,01,0,1,0,0,0,0,0,0,0,-,-,33.68824005126953,-117.81321716308594,ORANGE,IRVINE,-117.81309509277344,33.688018798828125
8195468,2017,2017-06-27,3011,2017-01-17,1112,31407,33,2,5,4,3011,0,0,0,NA,0,001,RT 133,PAGEANT OF THE MASTERS,0,NA,Y,A,-,Y,ORA,12,133,-,-,0.41,H,-,N,Y,4,0,1,2,A,-,12,21453,A,N,D,C,A,A,H,-,A,A,0,NA,NA,NA,NA,Y,NA,A,01,0,0,1,0,0,0,0,0,0,-,-,NA,NA,ORANGE,LAGUNA BEACH,-117.78189442,33.54774772
81954871,2022,2022-12-29,3015,2022-12-23,1425,1250,RD54,5,5,6,3015,0,0,0,NA,0,711M,CHAPMAN AVE,PROSPECT ST,382,E,N,A,-,N,NA,NA,NA,NA,NA,NA,NA,NA,NA,Y,4,0,1,3,A,-,09,21804,A,N,D,C,A,A,H,-,A,D,0,NA,NA,NA,NA,Y,NA,A,01,0,0,1,0,0,0,0,0,0,-,-,33.78773880004883,-117.81832122802734,ORANGE,ORANGE,-117.81714630126952,33.78779983520508
81955110,2022,2022-12-29,3024,2022-10-18,0747,461,P-31,2,5,5,3024,0,0,0,NA,0,WEST,BOLSA AVENUE,TEMPLE STREET,20,E,N,A,-,N,NA,NA,NA,NA,NA,NA,NA,NA,NA,Y,4,0,1,2,A,-,09,21802,A,N,D,C,A,A,H,-,A,A,0,NA,NA,NA,NA,Y,NA,A,01,0,0,1,0,0,0,0,0,0,-,-,33.744720458984375,-117.99667358398438,ORANGE,WESTMINSTER,-117.9966278076172,33.744651794433594
81956065,2022,2022-12-30,3016,2022-12-10,1715,2145,39,6,5,5,3016,0,0,0,NA,0,002,VAN BUREN STREET,SPRUCE STREET,0,NA,Y,A,-,N,NA,NA,NA,NA,NA,NA,NA,NA,NA,Y,4,0,1,2,A,-,03,22350,NA,N,C,C,A,A,H,-,C,A,0,NA,NA,NA,NA,Y,NA,A,01,0,0,1,0,0,0,0,0,0,-,-,33.870361328125,-117.83133697509766,ORANGE,PLACENTIA,-117.83135986328124,33.87026596069336
81956085,2022,2022-12-30,3010,2022-12-28,1714,2258,441,3,5,6,3010,0,0,0,NA,0,004,LAKE ST,ADAMS AVE,0,NA,Y,A,-,N,NA,NA,NA,NA,NA,NA,NA,NA,NA,Y,4,0,1,2,A,-,09,21801,A,N,D,D,A,A,H,-,C,A,0,NA,NA,NA,NA,Y,NA,A,07,0,0,1,0,0,0,0,0,0,-,-,33.67205810546875,-117.99810028076172,ORANGE,HUNTINGTON BEACH,-117.99794006347656,33.672088623046875
81956139,2022,2022-12-30,3008,2022-09-30,1703,1530,ZONE,5,5,6,3008,0,0,0,NA,0,NA,MALDEN AVE,CHAPMAN AVE,82,S,N,A,-,N,NA,NA,NA,NA,NA,NA,NA,NA,NA,N,3,0,1,2,A,-,08,22107,NA,N,C,E,A,A,H,-,A,D,0,NA,NA,NA,NA,Y,NA,A,01,0,1,0,0,0,0,0,0,0,-,-,NA,NA,ORANGE,FULLERTON,-117.9265594482422,33.873653411865234
81956907,2022,2023-01-02,3015,2022-12-27,1608,1598,77N,2,5,6,3015,0,0,0,NA,0,712M,TUSTIN ST,GARDEN GROVE CA-55 S/B FREEWAY ON-RAMP,45,S,N,A,-,N,NA,NA,NA,NA,NA,NA,NA,NA,NA,Y,4,0,1,3,A,-,03,22350,NA,F,C,C,A,B,H,-,A,A,0,NA,NA,NA,NA,Y,NA,A,01,0,0,1,0,0,0,0,0,0,-,-,NA,NA,ORANGE,ORANGE,NA,NA
81956993,2022,2023-01-02,3024,2022-10-14,0443,303,P-18,5,5,5,3024,0,0,0,NA,0,WEST,BEACH BOULEVARD (SR 39),HAZARD AVENUE,0,NA,Y,A,-,Y,NA,NA,NA,NA,NA,NA,NA,NA,NA,Y,4,0,1,2,A,-,12,21453,A,N,D,C,A,A,H,-,C,A,0,NA,NA,NA,NA,Y,NA,A,01,0,0,1,0,0,0,0,0,0,-,-,33.75141143798828,-117.99231719970705,ORANGE,WESTMINSTER,-117.98947143554688,33.752044677734375
81957012,2022,2023-01-02,3024,2022-11-01,1440,418,P-36,2,5,5,3024,0,0,0,NA,0,EAST,NOTTINGHAM AVENUE,WARD STREET,0,NA,Y,A,-,N,NA,NA,NA,NA,NA,NA,NA,NA,NA,N,3,0,1,2,A,-,10,21950,A,F,G,B,B,A,H,-,A,D,0,Y,NA,NA,NA,Y,NA,A,01,0,1,0,0,1,0,0,0,0,-,-,33.73735809326172,-117.94912719726563,ORANGE,WESTMINSTER,-117.94606018066406,33.738643646240234
81957329,2022,2023-01-02,3019,2022-12-22,1919,3813,NE,4,5,7,3019,0,0,0,NA,0,002,TUSTIN AVENUE,17TH STREET,630,N,N,A,-,N,NA,NA,NA,NA,NA,NA,NA,NA,NA,Y,3,0,1,2,A,-,09,21801,A,N,D,C,A,A,H,-,C,A,0,NA,NA,Y,NA,Y,NA,A,01,0,1,0,0,0,0,0,0,1,-,-,33.75965881347656,-117.83425903320313,ORANGE,SANTA ANA,-117.83416748046876,33.7584228515625
81957999,2022,2023-01-03,3001,2022-12-31,1515,A1962,D-2,6,5,7,3001,0,0,0,NA,0,D-2,WEST STREET,SANTA ANA STREET,311,N,N,C,-,N,NA,NA,NA,NA,NA,NA,NA,NA,NA,Y,4,0,1,2,A,-,01,23152,F,N,C,E,A,B,H,-,A,D,0,NA,NA,NA,NA,Y,NA,A,07,0,0,1,0,0,0,0,0,0,-,-,33.828060150146484,-117.92578887939452,ORANGE,ANAHEIM,-117.92589569091795,33.82890701293945
81959195,2022,2023-01-04,3001,2022-12-30,1619,A1854,D-1,5,5,7,3001,0,0,0,NA,0,D-1,BROOKHURST STREET,GRAMERCY AVENUE,0,NA,Y,C,-,N,NA,NA,NA,NA,NA,NA,NA,NA,NA,Y,3,0,2,2,A,-,09,21801,A,N,D,C,A,B,H,-,A,D,0,NA,NA,NA,NA,Y,NA,A,01,0,1,1,0,0,0,0,0,0,-,-,33.84090042114258,-117.95919799804688,ORANGE,ANAHEIM,-117.95906829833984,33.84110641479492
8195951,2016,2017-01-03,3014,2016-12-13,1342,1046,RD34,2,5,5,3014,0,0,0,NA,0,0A3,MACARTHUR BL,BIRCH ST,0,NA,Y,A,-,N,NA,NA,NA,NA,NA,NA,NA,NA,NA,Y,4,0,1,2,A,-,12,21453,A,N,D,C,A,A,H,-,A,A,0,NA,NA,NA,NA,Y,NA,A,01,0,0,1,0,0,0,0,0,0,-,-,33.669200000000004,-117.8644,ORANGE,NEWPORT BEACH,-117.86456004,33.66921001
81960306,2022,2023-01-04,3007,2022-12-12,1100,1148,55,1,5,5,3007,0,0,0,NA,0,001,SLATER AVE,LOS ALAMOS ST,0,NA,Y,A,B,N,NA,NA,NA,NA,NA,NA,NA,NA,NA,Y,4,0,1,2,A,-,12,21453,A,N,D,C,A,B,H,-,A,A,0,NA,NA,NA,NA,Y,NA,-,-,0,0,1,0,0,0,0,0,0,-,-,NA,NA,ORANGE,FOUNTAIN VALLEY,-117.9499282836914,33.70895004272461
81961538,2022,2023-01-06,3024,2022-11-08,0907,537,P-11,2,5,5,3024,0,0,0,NA,0,WEST,OLIVE STREET,21ST STREET,0,NA,Y,A,-,N,NA,NA,NA,NA,NA,NA,NA,NA,NA,N,4,0,1,2,A,-,09,21802,A,N,D,C,A,A,H,-,A,D,0,NA,NA,NA,NA,Y,NA,A,01,0,0,1,0,0,0,0,0,0,-,-,33.762779235839844,-118.00067901611328,ORANGE,WESTMINSTER,-118.00072479248048,33.76285171508789
81964003,2023,2023-01-10,3010,2023-01-08,1143,1107,NA,7,5,6,3010,0,0,0,NA,0,NA,EDINGER AVE,GRAHAM ST,75,W,N,A,-,N,NA,NA,NA,NA,NA,NA,NA,NA,NA,N,4,0,1,2,A,-,21,22106,NA,N,C,C,A,A,H,-,A,A,0,NA,NA,NA,NA,Y,NA,D,22,0,0,1,0,0,0,0,0,0,-,-,NA,NA,ORANGE,HUNTINGTON BEACH,-118.032958984375,33.72990036010742
81968508,2022,2023-01-16,3024,2022-11-21,1705,536,P-39,1,5,5,3024,0,0,0,NA,0,EAST,MAGNOLIA STREET,STONERIDGE AVENUE,0,NA,Y,A,-,N,NA,NA,NA,NA,NA,NA,NA,NA,NA,N,4,0,1,2,A,-,09,21801,A,N,D,C,A,A,H,-,B,A,0,NA,NA,NA,NA,Y,NA,A,07,0,0,1,0,0,0,0,0,0,-,-,33.735111236572266,-117.9719467163086,ORANGE,WESTMINSTER,-117.9721450805664,33.73525619506836
81968814,2022,2023-01-16,3002,2022-12-09,1408,1684,NA,5,5,4,3002,0,0,0,NA,0,012,LAMBERT RD,WILDCAT WY,0,NA,Y,A,-,N,NA,NA,NA,NA,NA,NA,NA,NA,NA,Y,4,0,1,3,A,-,12,21453,A,N,D,C,A,A,H,-,A,A,0,NA,NA,NA,NA,Y,NA,A,01,0,0,1,0,0,0,0,0,0,-,-,33.92531967163086,-117.87528228759766,ORANGE,BREA,-117.87525939941406,33.92549133300781
81968817,2022,2023-01-16,3002,2022-12-16,1650,1695,NA,5,5,4,3002,0,0,0,NA,0,014,IMPERIAL HY,PINE AV,0,NA,Y,A,-,N,NA,NA,NA,NA,NA,NA,NA,NA,NA,N,3,0,1,2,A,-,09,21804,A,N,A,G,A,A,H,-,C,D,0,NA,Y,NA,NA,Y,NA,A,01,0,1,0,0,0,0,1,0,0,-,-,33.9134407043457,-117.89189910888672,ORANGE,BREA,-117.89190673828124,33.913429260253906
81968870,2022,2023-01-16,3024,2022-12-05,1140,511,P-04,1,5,5,3024,0,0,0,NA,0,WEST,GOLDENWEST STREET,TRASK AVENUE,0,NA,Y,A,-,N,NA,NA,NA,NA,NA,NA,NA,NA,NA,Y,4,0,2,2,A,-,03,22350,NA,N,D,C,A,A,H,-,A,A,0,NA,NA,NA,NA,Y,NA,A,01,0,0,2,0,0,0,0,0,0,-,-,33.76639938354492,-118.00714111328124,ORANGE,WESTMINSTER,-118.00724792480467,33.76637268066406
81971305,2022,2023-01-19,3007,2022-12-30,1926,319,25,5,5,5,3007,0,0,0,NA,0,001,BROOKHURST,HEIL,0,NA,Y,A,-,N,NA,NA,NA,NA,NA,NA,NA,NA,NA,Y,4,0,1,2,A,-,09,21801,A,N,D,C,A,A,H,-,C,A,0,NA,NA,NA,NA,Y,NA,A,71,0,0,1,0,0,0,0,0,0,-,-,NA,NA,ORANGE,FOUNTAIN VALLEY,-117.95465850830078,33.723541259765625
81971306,2022,2023-01-19,3007,2022-12-30,1720,302,17,5,5,5,3007,0,0,0,NA,0,002,EDINGER,EUCLID,0,NA,Y,A,-,N,NA,NA,NA,NA,NA,NA,NA,NA,NA,N,4,0,2,2,A,-,09,21453,C,N,D,C,A,B,H,-,C,A,0,NA,NA,NA,NA,Y,NA,A,01,0,0,2,0,0,0,0,0,0,-,-,NA,NA,ORANGE,FOUNTAIN VALLEY,-117.93737030029295,33.730838775634766
81972434,2023,2023-01-20,3015,2023-01-09,1525,1515,RD22,1,5,6,3015,0,0,0,NA,0,732M,MAIN ST,CULVER AVE,45,S,N,B,-,N,NA,NA,NA,NA,NA,NA,NA,NA,NA,Y,4,0,1,2,A,-,03,22350,NA,N,B,C,A,A,H,-,A,A,0,NA,NA,NA,NA,Y,NA,A,01,0,0,1,0,0,0,0,0,0,-,-,33.781978607177734,-117.8674087524414,ORANGE,ORANGE,-117.86731719970705,33.78226852416992
81972485,2023,2023-01-20,3010,2023-01-11,2337,1152,442,3,5,6,3010,0,0,0,NA,0,003,BEACH BL - SR39,ADAMS AVE,105,S,N,A,-,Y,ORA,NA,39,NA,NA,1.619,H,NA,L,Y,4,0,1,1,A,-,01,23152,A,N,E,I,A,A,H,-,C,A,0,NA,NA,NA,NA,Y,Y,A,01,0,0,1,0,0,0,0,0,0,-,-,33.67203140258789,-117.98877716064452,ORANGE,HUNTINGTON BEACH,-117.98867034912108,33.67203140258789
81973740,2022,2023-01-23,3022,2022-12-22,2339,1414,NORTH,4,5,5,3022,0,0,0,NA,0,NA,JAMBOREE RD,EL CAMINO REAL,0,NA,Y,A,-,N,NA,NA,NA,NA,NA,NA,NA,NA,NA,Y,3,0,1,2,D,-,00,NA,NA,N,D,C,A,A,H,-,C,A,0,NA,NA,NA,NA,Y,NA,-,-,0,1,0,0,0,0,0,0,0,-,-,33.7223014831543,-117.79216766357422,ORANGE,TUSTIN,-117.79248809814452,33.72239685058594
81976389,2023,2023-01-25,3001,2023-01-19,1808,A1047,NA,4,5,7,3001,0,0,0,NA,0,D-4,ORANGETHORPE AVENUE,CYMBAL STREET,0,NA,Y,B,C,N,NA,NA,NA,NA,NA,NA,NA,NA,NA,Y,1,1,1,2,A,-,03,22350,NA,N,D,C,A,B,H,-,C,A,0,NA,NA,Y,NA,Y,NA,C,02,0,1,0,0,0,0,0,1,0,-,-,33.86505889892578,-117.8068618774414,ORANGE,ANAHEIM,-117.80706787109376,33.86520004272461
81977499,2023,2023-01-26,3015,2023-01-24,1536,1545,RD13,2,5,6,3015,0,0,0,NA,0,721M,WASHINGTON AVE,GRAND ST,0,NA,Y,A,-,N,NA,NA,NA,NA,NA,NA,NA,NA,NA,Y,3,0,2,2,A,-,09,21802,A,N,D,C,A,A,H,-,A,D,0,NA,NA,NA,NA,Y,NA,A,01,0,1,1,0,0,0,0,0,0,-,-,33.78517150878906,-117.85093688964844,ORANGE,ORANGE,-117.85095977783205,33.785099029541016
81977680,2023,2023-01-26,3019,2023-01-02,2201,3609,NE,1,5,7,3019,0,0,0,NA,0,002,MAIN STREET,17TH STREET,20,N,N,A,-,N,NA,NA,NA,NA,NA,NA,NA,NA,NA,Y,4,0,1,2,A,-,01,23152,A,N,A,C,A,A,H,-,C,A,0,NA,NA,NA,NA,Y,Y,D,22,0,0,1,0,0,0,0,0,0,-,-,33.760250091552734,-117.86757659912108,ORANGE,SANTA ANA,-117.86759185791016,33.760013580322266
81977707,2023,2023-01-26,3019,2023-01-06,1546,3720,SC,5,5,7,3019,0,0,0,NA,0,004,1ST STREET,CENTER STREET,107,W,N,A,-,N,NA,NA,NA,NA,NA,NA,NA,NA,NA,N,4,0,3,2,A,-,09,21804,A,N,D,C,A,A,H,-,A,A,0,NA,NA,NA,NA,Y,NA,A,01,0,0,3,0,0,0,0,0,0,-,-,33.745269775390625,-117.89810180664063,ORANGE,SANTA ANA,-117.89845275878906,33.74531936645508
81977718,2023,2023-01-26,3019,2023-01-09,1100,3838,SC,1,5,7,3019,0,0,0,NA,0,004,FAIRVIEW STREET,EDINGER AVENUE,240,S,N,B,-,N,NA,NA,NA,NA,NA,NA,NA,NA,NA,N,4,0,1,2,D,-,00,NA,NA,N,H,G,A,A,H,-,A,D,0,NA,Y,NA,NA,Y,NA,-,-,0,0,1,0,0,0,1,0,0,-,-,33.72703170776367,-117.90664672851563,ORANGE,SANTA ANA,-117.90639495849608,33.726680755615234
81977790,2023,2023-01-26,3019,2023-01-17,749,3024,WE,2,5,7,3019,0,0,0,NA,0,001,1ST STREET,MAXINE STREET,0,NA,Y,A,-,N,NA,NA,NA,NA,NA,NA,NA,NA,NA,Y,3,0,5,2,A,-,09,21802,A,N,C,C,A,A,H,-,A,D,0,NA,NA,NA,NA,Y,NA,A,01,0,1,4,0,0,0,0,0,0,-,-,33.74517822265625,-117.93978881835938,ORANGE,SANTA ANA,-117.939697265625,33.74504089355469
8197883,2016,2017-01-05,3013,2016-12-02,0700,191,3013,5,5,3,3013,0,0,0,NA,0,NA,BLOOMFIELD ST,LARWIN AV,0,NA,Y,A,-,N,NA,NA,NA,NA,NA,NA,NA,NA,NA,Y,4,0,1,2,A,-,09,21804,A,N,D,C,A,A,H,-,A,D,0,NA,NA,NA,NA,Y,NA,A,01,0,0,1,0,0,0,0,0,0,-,-,NA,NA,ORANGE,LOS ALAMITOS,-118.06313008,33.81605006
8198045,2016,2017-01-05,3026,2016-12-16,1922,554,NA,5,5,6,3026,0,0,0,NA,0,00P,IRVINE BL,CENTRAL PARK,0,NA,Y,A,-,N,NA,NA,NA,NA,NA,NA,NA,NA,NA,N,4,0,1,2,A,-,08,22107,NA,N,G,B,B,A,H,-,C,A,0,Y,NA,NA,NA,Y,NA,A,08,0,0,1,0,1,0,0,0,0,-,-,NA,NA,ORANGE,IRVINE,-117.77394009,33.72333001
81982609,2023,2023-01-31,3010,2023-01-25,2000,1230,443,3,5,6,3010,0,0,0,NA,0,003,ADAMS AVE,NEW BRITAIN LN,0,NA,Y,A,-,N,NA,NA,NA,NA,NA,NA,NA,NA,NA,Y,3,0,1,2,A,-,09,21802,A,N,D,C,A,A,H,-,C,D,0,NA,NA,NA,NA,Y,NA,A,01,0,1,0,0,0,0,0,0,0,-,-,33.67224884033203,-117.98320770263672,ORANGE,HUNTINGTON BEACH,-117.9835205078125,33.672149658203125
8198427,2016,2017-03-06,3010,2016-12-13,1439,2057,242,2,5,6,3010,0,0,0,NA,0,009,RT 39,CENTER,205,N,N,A,-,Y,ORA,12,39,-,-,5.76,H,-,S,N,4,0,4,2,A,-,03,22350,NA,F,C,C,A,A,H,-,A,A,0,NA,NA,NA,NA,Y,NA,D,22,0,0,4,0,0,0,0,0,0,-,-,NA,NA,ORANGE,HUNTINGTON BEACH,-117.98945948,33.73196462
81985562,2023,2023-02-03,3016,2023-01-13,1520,2169,18,5,5,5,3016,0,0,0,NA,0,002,CHAPMAN AVENUE,SUNSET DRIVE,115,W,N,B,-,N,NA,NA,NA,NA,NA,NA,NA,NA,NA,Y,3,0,1,2,A,-,09,21804,A,N,D,C,A,A,H,-,A,D,0,NA,NA,NA,NA,Y,NA,A,07,0,1,0,0,0,0,0,0,0,-,-,33.87361145019531,-117.87738800048828,ORANGE,PLACENTIA,-117.87777709960938,33.873634338378906