CASE_ID,ACCIDENT_YEAR,PROC_DATE,JURIS,COLLISION_DATE,COLLISION_TIME,OFFICER_ID,REPORTING_DISTRICT,DAY_OF_WEEK,CHP_SHIFT,POPULATION,CNTY_CITY_LOC,SPECIAL_COND,BEAT_TYPE,CHP_BEAT_TYPE,CITY_DIVISION_LAPD,CHP_BEAT_CLASS,BEAT_NUMBER,PRIMARY_RD,SECONDARY_RD,DISTANCE,DIRECTION,INTERSECTION,WEATHER_1,WEATHER_2,STATE_HWY_IND,CALTRANS_COUNTY,CALTRANS_DISTRICT,STATE_ROUTE,ROUTE_SUFFIX,POSTMILE_PREFIX,POSTMILE,LOCATION_TYPE,RAMP_INTERSECTION,SIDE_OF_HWY,TOW_AWAY,COLLISION_SEVERITY,NUMBER_KILLED,NUMBER_INJURED,PARTY_COUNT,PRIMARY_COLL_FACTOR,PCF_CODE_OF_VIOL,PCF_VIOL_CATEGORY,PCF_VIOLATION,PCF_VIOL_SUBSECTION,HIT_AND_RUN,TYPE_OF_COLLISION,MVIW,PED_ACTION,ROAD_SURFACE,ROAD_COND_1,ROAD_COND_2,LIGHTING,CONTROL_DEVICE,CHP_ROAD_TYPE,PEDESTRIAN_ACCIDENT,BICYCLE_ACCIDENT,MOTORCYCLE_ACCIDENT,TRUCK_ACCIDENT,NOT_PRIVATE_PROPERTY,ALCOHOL_INVOLVED,STWD_VEHTYPE_AT_FAULT,CHP_VEHTYPE_AT_FAULT,COUNT_SEVERE_INJ,COUNT_VISIBLE_INJ,COUNT_COMPLAINT_PAIN,COUNT_PED_KILLED,COUNT_PED_INJURED,COUNT_BICYCLIST_KILLED,COUNT_BICYCLIST_INJURED,COUNT_MC_KILLED,COUNT_MC_INJURED,PRIMARY_RAMP,SECONDARY_RAMP,LATITUDE,LONGITUDE,COUNTY,CITY,POINT_X,POINT_Y
8581600,2018,2018-03-29,3014,2018-03-08,0754,1418,RD38,4,5,5,3014,0,0,0,NA,0,0A3,MACARTHUR BL,SAN JOAQUIN HILLS RD,3206,N,N,A,-,N,NA,NA,NA,NA,NA,NA,NA,NA,NA,Y,4,0,2,2,A,-,03,22350,NA,N,C,C,A,A,H,-,A,D,0,NA,NA,NA,NA,Y,NA,A,07,0,0,2,0,0,0,0,0,0,-,-,33.622501373291016,-117.86109924316406,ORANGE,NEWPORT BEACH,-117.86119079589844,33.621673583984375
8581683,2018,2018-03-29,3019,2018-02-04,1319,3517,WE,7,5,7,3019,0,0,0,NA,0,001,GUNTHER ST,BOYER AV,36,S,N,A,-,N,NA,NA,NA,NA,NA,NA,NA,NA,NA,N,2,0,1,1,A,-,03,22350,NA,N,E,I,A,A,H,-,A,D,0,NA,NA,Y,NA,Y,NA,C,02,1,0,0,0,0,0,0,0,1,-,-,33.758140563964844,-117.9168701171875,ORANGE,SANTA ANA,-117.91705322265624,33.758209228515625
8583162,2018,2018-03-28,3022,2018-02-16,0729,1313,NA,5,5,5,3022,0,0,0,NA,0,NA,EL CAMINO REAL,RED HILL AV,129,W,N,A,-,N,NA,NA,NA,NA,NA,NA,NA,NA,NA,N,3,0,1,2,A,-,11,21955,NA,N,G,B,D,A,H,-,A,A,0,Y,NA,NA,NA,Y,NA,N,60,0,1,0,0,1,0,0,0,0,-,-,33.73421859741211,-117.81452941894533,ORANGE,TUSTIN,-117.81502532958984,33.734458923339844
8583511,2017,2018-03-30,3008,2017-08-25,0733,1266,NA,5,5,6,3008,0,0,0,NA,0,Z-3,PLACENTIA AV,NUTWOOD AV,0,NA,Y,A,-,N,NA,NA,NA,NA,NA,NA,NA,NA,NA,Y,3,0,1,2,A,-,17,21451,A,N,D,C,A,A,H,-,A,A,0,NA,NA,NA,NA,Y,NA,A,01,0,1,0,0,0,0,0,0,0,-,-,NA,NA,ORANGE,FULLERTON,-117.8779101,33.87781006
8584306,2018,2018-08-13,3009,2018-03-14,0902,4156,165,3,5,6,3009,0,0,0,NA,0,022,FAIRVIEW ST,RT 22,72,S,N,B,-,Y,ORA,12,22,-,R,8.623,R,4,E,N,4,0,1,2,A,-,21,22106,NA,N,C,C,A,A,H,-,A,A,0,NA,NA,NA,NA,Y,NA,A,07,0,0,1,0,0,0,0,0,0,-,-,33.77437973022461,-117.90303802490234,ORANGE,GARDEN GROVE,-117.90830993652344,33.77261734008789
8584753,2017,2018-04-10,3008,2017-09-19,1621,1297,NA,2,5,6,3008,0,0,0,NA,0,001,BROOKHURST AV,PAGE AV,0,NA,Y,A,-,N,NA,NA,NA,NA,NA,NA,NA,NA,NA,Y,4,0,3,2,A,-,09,21802,A,N,D,C,A,A,H,-,A,A,0,NA,NA,NA,NA,Y,NA,D,22,0,0,3,0,0,0,0,0,0,-,-,NA,NA,ORANGE,FULLERTON,-117.95927005,33.85618002
8585764,2018,2018-04-20,3012,2018-03-14,1741,288,28,3,5,5,3012,0,0,0,NA,0,0NE,LA HABRA BL,PALM ST,0,NA,Y,B,-,N,NA,NA,NA,NA,NA,NA,NA,NA,NA,N,3,0,1,2,A,-,12,21453,A,N,D,C,A,A,H,-,A,A,0,NA,NA,NA,NA,Y,NA,D,22,0,1,0,0,0,0,0,0,0,-,-,NA,NA,ORANGE,LA HABRA,-117.92440795898438,33.93186950683594
8586798,2018,2018-08-06,3014,2018-03-12,0831,1395,RD25,1,5,5,3014,0,0,0,NA,0,0A2,RT 1,RIVERSIDE AV,15,E,N,B,-,Y,ORA,12,1,-,-,19.36,H,-,N,Y,3,0,1,2,A,-,03,22350,NA,N,C,C,A,A,H,-,A,A,0,NA,NA,NA,NA,Y,NA,A,07,0,1,0,0,0,0,0,0,0,-,-,33.62030029296875,-117.92410278320313,ORANGE,NEWPORT BEACH,-117.92208099365234,33.619384765625
8587521,2018,2018-05-16,3009,2018-05-01,1900,4352,095,2,5,6,3009,0,0,0,NA,0,1 3,TRASK AV,BROOKHURST ST,265,E,N,A,-,N,NA,NA,22,NA,NA,NA,NA,NA,NA,N,4,0,1,2,A,-,03,22350,NA,N,C,C,A,A,H,-,A,A,0,NA,NA,NA,NA,Y,NA,D,22,0,0,1,0,0,0,0,0,0,-,-,33.766788482666016,-117.955078125,ORANGE,GARDEN GROVE,-117.95508575439452,33.7660026550293
8588243,2017,2018-04-02,3019,2017-02-28,1523,3369,NE,2,5,7,3019,0,0,0,NA,0,002,BROADWAY,SANTA ANA BL,0,NA,Y,A,-,N,NA,NA,NA,NA,NA,NA,NA,NA,NA,Y,4,0,1,2,A,-,12,21453,A,N,D,C,A,A,H,-,A,A,0,NA,NA,NA,NA,Y,NA,-,-,0,0,1,0,0,0,0,0,0,-,-,33.74963,-117.86941,ORANGE,SANTA ANA,-117.86969001,33.74974004
8588310,2018,2018-03-30,3019,2018-02-12,1911,3529,SE,1,5,7,3019,0,0,0,NA,0,003,EDINGER AV,GRAND AV,120,E,N,B,-,N,NA,NA,NA,NA,NA,NA,NA,NA,NA,Y,3,0,3,4,A,-,03,22350,NA,F,C,C,A,B,H,-,C,D,0,NA,NA,NA,NA,Y,NA,A,01,0,1,2,0,0,0,0,0,0,-,-,NA,NA,ORANGE,SANTA ANA,-117.85010528564452,33.726715087890625
8589116,2018,2018-04-10,3022,2018-03-07,0914,1330,SOUTH,3,5,5,3022,0,0,0,NA,0,003,EDINGER AV,AT&T DR,147,W,N,B,-,N,NA,NA,NA,NA,NA,NA,NA,NA,NA,Y,4,0,1,2,A,-,03,22350,NA,N,C,C,A,A,H,-,A,D,0,NA,NA,NA,NA,Y,NA,A,07,0,0,1,0,0,0,0,0,0,-,-,33.723201751708984,-117.82962799072266,ORANGE,TUSTIN,-117.830003,33.723286
8589162,2018,2018-04-10,3009,2018-03-20,0738,3965,073,2,5,6,3009,0,0,0,NA,0,1 2,CHAPMAN AV,DALE ST,0,NA,Y,A,-,N,NA,NA,NA,NA,NA,NA,NA,NA,NA,Y,4,0,1,2,A,-,09,21801,A,N,D,C,A,A,H,-,A,A,0,NA,NA,NA,NA,Y,NA,A,01,0,0,1,0,0,0,0,0,0,-,-,33.788429260253906,-117.984130859375,ORANGE,GARDEN GROVE,-117.9841537475586,33.788429260253906
8589443,2018,2018-04-09,3024,2018-03-19,1356,190,P17,1,5,5,3024,0,0,0,NA,0,WEST,HOOVER ST,MAIN ST,0,NA,Y,A,-,N,NA,NA,NA,NA,NA,NA,NA,NA,NA,Y,4,0,1,3,A,-,12,22450,A,N,D,C,A,A,H,-,A,D,0,NA,NA,NA,NA,Y,NA,A,01,0,0,1,0,0,0,0,0,0,-,-,33.755401611328125,-117.99846649169922,ORANGE,WESTMINSTER,-117.99835205078124,33.75550842285156
8590367,2017,2018-04-06,3000,2017-12-07,0908,10077,891J4,4,5,5,3050,0,0,0,NA,0,760,EL TORO RD,PINO LN,246,W,N,A,-,N,NA,NA,NA,NA,NA,NA,NA,NA,NA,Y,3,0,2,2,A,-,03,22350,NA,N,C,C,A,A,H,-,A,A,0,NA,NA,NA,NA,Y,NA,A,01,0,1,1,0,0,0,0,0,0,-,-,NA,NA,ORANGE,LAKE FOREST,-117.68767253,33.63096398
8590986,2018,2018-04-10,3010,2018-03-15,1100,1109,444,4,5,6,3010,0,0,0,NA,0,003,NEWLAND,ADAMS,0,NA,Y,A,-,N,NA,NA,NA,NA,NA,NA,NA,NA,NA,Y,4,0,2,2,A,-,12,21453,A,N,D,B,A,A,H,-,A,A,0,NA,NA,NA,NA,Y,NA,A,01,0,0,2,0,0,0,0,0,0,-,-,NA,NA,ORANGE,HUNTINGTON BEACH,-117.97991943359376,33.672279357910156
8591567,2018,2018-04-17,3019,2018-02-24,1050,3538,SE,6,5,7,3019,0,0,0,NA,0,NA,NORMANDY PL,STANDARD AV,15,W,N,A,-,N,NA,NA,NA,NA,NA,NA,NA,NA,NA,Y,3,0,1,2,A,-,08,22107,NA,N,D,E,A,A,H,-,A,D,0,NA,NA,NA,NA,Y,NA,A,01,0,1,0,0,0,0,0,0,0,-,-,NA,NA,ORANGE,SANTA ANA,-117.85652160644533,33.735130310058594
8591688,2018,2018-04-17,3019,2018-03-02,2202,3389,SE,5,5,7,3019,0,0,0,NA,0,001,STANDARD AV,CAMILE ST,90,S,N,B,-,N,NA,NA,NA,NA,NA,NA,NA,NA,NA,Y,4,0,1,1,A,-,08,22107,NA,N,E,J,A,B,H,-,C,D,0,NA,NA,NA,NA,Y,NA,A,01,0,0,1,0,0,0,0,0,0,-,-,33.74068069458008,-117.85675811767578,ORANGE,SANTA ANA,-117.85686492919922,33.74074172973633
8591739,2018,2018-06-28,3010,2018-02-06,1742,1207,432,2,5,6,3010,0,0,0,NA,0,005,YORKTOWN,RT 39,322,W,N,A,-,N,NA,NA,NA,NA,NA,NA,NA,NA,NA,N,4,0,1,2,A,-,05,21650,1,N,D,G,A,A,H,-,B,D,0,NA,Y,NA,NA,Y,NA,L,04,0,0,1,0,0,0,1,0,0,-,-,NA,NA,ORANGE,HUNTINGTON BEACH,-117.989798,33.679441
8592019,2018,2018-04-13,3019,2018-02-28,1334,3317,SC,3,5,7,3019,0,0,0,NA,0,004,BRISTOL ST,CENTRAL AV,102,N,N,A,-,N,NA,NA,NA,NA,NA,NA,NA,NA,NA,Y,4,0,1,2,A,-,03,22350,NA,N,C,C,A,A,H,-,A,D,0,NA,NA,NA,NA,Y,NA,A,07,0,0,1,0,0,0,0,0,0,-,-,33.71257019042969,-117.8851318359375,ORANGE,SANTA ANA,-117.88539123535156,33.71284103393555
8592106,2018,2018-04-19,3001,2018-03-03,1832,415,NA,6,5,7,3001,0,0,0,NA,0,0D2,W LINCOLN AV,N CRESCENT WY,0,NA,Y,A,-,N,NA,NA,NA,NA,NA,NA,NA,NA,NA,Y,4,0,1,2,A,-,09,21801,A,N,D,C,A,A,H,-,C,A,0,NA,NA,NA,NA,Y,NA,A,01,0,0,1,0,0,0,0,0,0,-,-,NA,NA,ORANGE,ANAHEIM,-117.9472885131836,33.83256912231445
8592982,2018,2018-04-13,3000,2018-03-20,1500,9684,921F3,2,5,4,3045,0,0,0,NA,0,745,LAGUNA HILLS DR,MOULTON PKWY,68,E,N,B,-,N,NA,NA,NA,NA,NA,NA,NA,NA,NA,Y,4,0,1,1,A,-,08,22107,NA,N,E,I,A,A,H,-,A,A,0,NA,NA,NA,NA,Y,NA,A,01,0,0,1,0,0,0,0,0,0,-,-,NA,NA,ORANGE,LAGUNA HILLS,-117.71278381347656,33.591697692871094
8593181,2018,2018-04-27,3010,2018-03-20,1322,2167,444,2,5,6,3010,0,0,0,NA,0,003,NEWLAND AV,SEALROCK DR,16,E,N,A,-,N,NA,NA,NA,NA,NA,NA,NA,NA,NA,Y,4,0,1,2,A,-,09,21802,A,N,D,C,A,A,H,-,A,A,0,NA,NA,NA,NA,Y,NA,A,01,0,0,1,0,0,0,0,0,0,-,-,NA,NA,ORANGE,HUNTINGTON BEACH,-117.97985076904295,33.667938232421875
8593354,2018,2018-08-13,3012,2018-02-24,0955,649,34,6,5,5,3012,0,0,0,NA,0,003,BEACH BL,IMPERIAL,49,S,N,A,-,Y,ORA,12,90,-,-,0.49,H,-,E,Y,3,0,4,2,A,-,03,22350,NA,N,C,C,A,A,H,-,A,A,0,NA,NA,NA,NA,Y,NA,A,07,0,1,3,0,0,0,0,0,0,-,-,NA,NA,ORANGE,LA HABRA,-117.96829986572266,33.91715621948242
8593715,2018,2018-04-16,3000,2018-03-07,2025,6717,891J2,3,5,5,3050,0,0,0,NA,0,18760,TRABUCO RD,PEACHWOOD,0,NA,Y,A,-,N,NA,NA,NA,NA,NA,NA,NA,NA,NA,Y,4,0,1,2,A,-,12,21453,A,N,D,C,A,A,G,-,C,A,0,NA,NA,NA,NA,Y,NA,A,01,0,0,1,0,0,0,0,0,0,-,-,33.38547897338867,-117.41220855712892,ORANGE,LAKE FOREST,-117.68955993652344,33.649818420410156
8593760,2018,2018-04-20,3001,2018-03-13,1333,A1973,NA,2,5,7,3001,0,0,0,NA,0,0D2,N EUCLID ST,WEST CRESCENT AV,276,S,N,B,-,N,NA,NA,NA,NA,NA,NA,NA,NA,NA,Y,2,0,1,1,A,-,01,23152,F,M,E,I,A,B,H,-,C,A,0,NA,NA,NA,NA,Y,NA,A,07,1,0,0,0,0,0,0,0,0,-,-,NA,NA,ORANGE,ANAHEIM,-117.94158935546876,33.83904266357422
8594489,2018,2018-05-01,3000,2018-03-05,1520,5377,951-G,1,5,5,3040,0,0,0,NA,0,741,RANCHO NIGUEL RD,LA PAZ RD,0,NA,Y,A,-,N,NA,NA,NA,NA,NA,NA,NA,NA,NA,Y,3,0,4,2,A,-,09,21802,A,N,D,C,A,A,H,-,A,A,0,NA,NA,NA,NA,Y,NA,A,07,0,4,0,0,0,0,0,0,0,-,-,NA,NA,ORANGE,LAGUNA NIGUEL,-117.7032470703125,33.547000885009766
8594501,2018,2018-04-25,3000,2018-02-23,0804,9696,951E6,5,5,5,3040,0,0,0,NA,0,741,CLUBHOUSE DR,PACIFIC ISLAND DR,0,NA,Y,A,-,N,NA,NA,NA,NA,NA,NA,NA,NA,NA,Y,4,0,2,3,A,-,09,21802,A,N,D,C,A,A,H,-,A,A,0,NA,NA,NA,NA,Y,NA,D,22,0,0,2,0,0,0,0,0,0,-,-,NA,NA,ORANGE,LAGUNA NIGUEL,-117.72409057617188,33.520748138427734
8596369,2018,2018-04-18,3015,2018-03-14,1540,1386,22E,3,5,6,3015,0,0,0,NA,0,903,CHAPMAN AV,LEMON ST,0,NA,Y,A,-,N,NA,NA,NA,NA,NA,NA,NA,NA,NA,Y,3,0,1,2,A,-,09,21801,A,N,D,C,A,A,H,-,A,A,0,NA,NA,NA,NA,Y,NA,A,01,0,1,0,0,0,0,0,0,0,-,-,NA,NA,ORANGE,ORANGE,-117.85526275634766,33.78789138793945
8596809,2018,2018-04-17,3009,2018-03-29,1229,3927,075,4,5,6,3009,0,0,0,NA,0,1-3,GARDEN GROVE BL,YOCKEY ST,0,NA,Y,A,-,N,NA,NA,NA,NA,NA,NA,NA,NA,NA,Y,4,0,2,3,A,-,09,21801,A,N,D,C,A,A,H,-,A,D,0,NA,NA,NA,NA,Y,NA,A,07,0,0,2,0,0,0,0,0,0,-,-,33.77383041381836,-117.97686004638672,ORANGE,GARDEN GROVE,-117.97686004638672,33.77397155761719
8596993,2018,2018-04-17,3009,2018-02-17,1906,4552,136,6,5,6,3009,0,0,0,NA,0,2 3,HARBOR BL,CARDINAL CIR,6,W,N,A,-,N,NA,NA,NA,NA,NA,NA,NA,NA,NA,N,4,0,3,2,A,-,03,22350,NA,N,C,C,A,A,H,-,B,A,0,NA,NA,NA,NA,Y,NA,A,01,0,0,3,0,0,0,0,0,0,-,-,NA,NA,ORANGE,GARDEN GROVE,-117.92041778564452,33.765499114990234
8597521,2018,2018-04-23,3008,2018-03-25,1047,1542,NA,7,5,6,3008,0,0,0,NA,0,001,EUCLID ST,ORANGETHORPE AV,0,NA,Y,B,-,N,NA,NA,NA,NA,NA,NA,NA,NA,NA,Y,4,0,2,2,A,-,17,21451,B,N,D,C,A,A,H,-,A,A,0,NA,NA,NA,NA,Y,NA,A,01,0,0,2,0,0,0,0,0,0,-,-,NA,NA,ORANGE,FULLERTON,-117.94183349609376,33.85934829711914
8597556,2018,2018-04-24,3024,2018-03-25,1554,422,P-04,7,5,5,3024,0,0,0,NA,0,WEST,GOLDENWEST ST,GARDEN GROVE BL,0,NA,Y,A,-,N,NA,NA,NA,NA,NA,NA,NA,NA,NA,Y,3,0,4,3,A,-,12,21453,A,N,D,C,A,A,H,-,A,A,0,NA,NA,NA,NA,Y,NA,A,01,0,3,1,0,0,0,0,0,0,-,-,NA,NA,ORANGE,WESTMINSTER,-118.007406,33.773709
8597872,2018,2018-07-26,3001,2018-03-05,2335,A1397,NA,1,5,7,3001,0,0,0,NA,0,0D2,N LEMON ST,RT 91,0,NA,Y,A,-,Y,ORA,12,91,-,-,3.644,R,4,W,Y,4,0,1,2,A,-,12,21453,A,N,D,C,A,A,H,-,C,A,0,NA,NA,NA,NA,Y,NA,A,01,0,0,1,0,0,0,0,0,0,-,WF,NA,NA,ORANGE,ANAHEIM,-117.91754913330078,33.85418701171875
8598326,2018,2018-08-10,3010,2018-03-28,2114,1208,272,3,5,6,3010,0,0,0,NA,0,006,RT 39,HOLLAND,0,NA,Y,A,-,Y,ORA,12,39,-,-,4.251,I,5,S,Y,3,0,1,2,A,-,09,21801,A,N,D,C,A,A,H,-,C,D,0,NA,NA,NA,NA,Y,NA,D,22,0,1,0,0,0,0,0,0,0,-,-,NA,NA,ORANGE,HUNTINGTON BEACH,-117.98921966552734,33.71022415161133
8599299,2018,2018-04-26,3019,2018-03-27,0604,3545,WE,2,5,7,3019,0,0,0,NA,0,001,HARBOR BL,1ST ST,0,NA,Y,A,-,N,NA,NA,NA,NA,NA,NA,NA,NA,NA,Y,4,0,2,2,A,-,09,21800,D,N,D,C,A,A,H,-,C,B,0,NA,NA,NA,NA,Y,NA,A,01,0,0,2,0,0,0,0,0,0,-,-,33.74504089355469,-117.92022705078124,ORANGE,SANTA ANA,-117.92018127441406,33.74515151977539
8599685,2018,2018-04-24,3001,2018-03-14,1843,415,NA,3,5,7,3001,0,0,0,NA,0,0D2,E LINCOLN AV,NORTH EAST ST,0,NA,Y,B,G,N,NA,NA,NA,NA,NA,NA,NA,NA,NA,Y,3,0,2,2,D,-,00,NA,NA,N,A,C,A,A,H,-,A,A,0,NA,NA,NA,NA,Y,NA,-,-,0,2,0,0,0,0,0,0,0,-,-,NA,NA,ORANGE,ANAHEIM,-117.90270233154295,33.83808898925781
8599697,2018,2018-05-01,3001,2018-03-13,2337,A1252,NA,2,5,7,3001,0,0,0,NA,0,0D3,SOUTH STATE COLLEGE BL,WINSTON RD,0,NA,Y,B,C,N,NA,NA,NA,NA,NA,NA,NA,NA,NA,Y,4,0,1,2,A,-,12,21453,A,N,D,C,A,B,H,-,C,A,0,NA,NA,NA,NA,Y,NA,-,-,0,0,1,0,0,0,0,0,0,-,-,NA,NA,ORANGE,ANAHEIM,-117.88926696777344,33.81447982788086
8601782,2018,2018-08-17,3010,2018-04-12,1704,1208,413,4,5,6,3010,0,0,0,NA,0,005,RT 39,CONSTANTINE,200,N,N,A,-,Y,ORA,12,39,-,-,2.86,H,-,N,Y,4,0,1,2,A,-,08,22107,NA,N,B,E,A,A,H,-,A,D,0,NA,NA,NA,NA,Y,NA,A,01,0,0,1,0,0,0,0,0,0,-,-,NA,NA,ORANGE,HUNTINGTON BEACH,-117.98871612548828,33.689937591552734
8601794,2018,2018-08-17,3010,2018-04-16,0539,0147,452,1,5,6,3010,0,0,0,NA,0,003,RT 39,EBBTIDE CIR,86,S,N,A,-,Y,ORA,12,39,-,-,1.02,H,-,N,Y,4,0,1,1,A,-,03,22350,NA,N,E,I,A,A,C,-,D,D,0,NA,NA,NA,NA,Y,NA,A,01,0,0,1,0,0,0,0,0,0,-,-,NA,NA,ORANGE,HUNTINGTON BEACH,-117.98834228515624,33.66328811645508
8601843,2017,2018-05-10,3008,2017-08-19,1551,1496,NA,6,5,6,3008,0,0,0,NA,0,0Z1,ORANGETHORPE AV,GILBERT ST,30,W,N,A,-,N,NA,NA,NA,NA,NA,NA,NA,NA,NA,N,4,0,2,3,A,-,09,21453,B,N,D,C,A,A,H,-,A,A,0,NA,NA,NA,NA,Y,NA,A,01,0,0,2,0,0,0,0,0,0,-,-,NA,NA,ORANGE,FULLERTON,-117.96802,33.85935
8601907,2018,2018-05-24,3019,2018-04-18,0952,3196,SC,3,5,7,3019,0,0,0,NA,0,004,MACARTHUR BL,FLOWER ST,60,W,N,A,-,N,NA,NA,NA,NA,NA,NA,NA,NA,NA,Y,4,0,1,3,A,-,03,22350,NA,N,C,C,A,A,H,-,A,D,0,NA,NA,NA,NA,Y,NA,D,22,0,0,1,0,0,0,0,0,0,-,-,33.699859619140625,-117.8769302368164,ORANGE,SANTA ANA,-117.87713623046876,33.69993591308594
8601911,2018,2018-05-16,3019,2018-04-26,0638,3548,NE,4,5,7,3019,0,0,0,NA,0,002,4TH ST,EASTWOOD AV,77,E,N,A,-,N,NA,NA,NA,NA,NA,NA,NA,NA,NA,N,4,0,1,2,A,-,08,22107,NA,N,D,C,A,A,H,-,A,D,0,NA,NA,NA,NA,Y,NA,A,01,0,0,1,0,0,0,0,0,0,-,-,33.74808120727539,-117.85308837890624,ORANGE,SANTA ANA,-117.85261535644533,33.748050689697266
8602368,2018,2018-05-31,3000,2018-04-05,1800,9680,971J5,4,5,4,3029,0,0,0,NA,0,738,STONEHILL DR,PALO ALTO ST,69,N,N,A,-,N,NA,NA,NA,NA,NA,NA,NA,NA,NA,Y,4,0,1,2,A,-,03,22350,NA,N,C,C,A,A,H,-,A,D,0,NA,NA,NA,NA,Y,NA,A,07,0,0,1,0,0,0,0,0,0,-,-,NA,NA,ORANGE,DANA POINT,-117.68716430664063,33.47632598876953
8604112,2018,2018-08-21,3024,2018-04-24,1308,329,P25,2,5,5,3024,0,0,0,NA,0,EAST,RT 39,HAZARD AV,46,S,N,A,-,Y,ORA,12,39,-,-,7.12,H,-,N,Y,4,0,3,3,A,-,03,22350,NA,F,C,C,A,A,H,-,A,A,0,NA,NA,NA,NA,Y,NA,A,01,0,0,3,0,0,0,0,0,0,-,-,NA,NA,ORANGE,WESTMINSTER,-117.98947143554688,33.75172424316406
8604163,2018,2018-07-30,3010,2018-04-23,0023,1140,412,1,5,6,3010,0,0,0,NA,0,005,DELAWARE,AMBERLEAF,114,S,N,A,-,N,NA,NA,NA,NA,NA,NA,NA,NA,NA,Y,3,0,2,3,A,-,01,23152,A,N,C,E,A,A,H,-,C,D,0,NA,NA,NA,NA,Y,Y,A,01,0,1,1,0,0,0,0,0,0,-,-,NA,NA,ORANGE,HUNTINGTON BEACH,-117.99320220947266,33.69145584106445
8604331,2018,2018-05-07,3024,2018-04-25,1521,329,P-05,3,5,5,3024,0,0,0,NA,0,WEST,GOLDENWEST ST,NATAL DR,75,N,N,A,-,N,NA,NA,NA,NA,NA,NA,NA,NA,NA,N,3,0,1,2,A,-,03,22350,NA,N,C,C,A,A,H,-,A,D,0,NA,NA,NA,NA,Y,Y,A,01,0,1,0,0,0,0,0,0,0,-,-,33.77185821533203,-118.00742340087892,ORANGE,WESTMINSTER,-118.00735473632813,33.77202606201172
8604766,2018,2018-05-10,3008,2018-04-04,1956,1548,Z2,3,5,6,3008,0,0,0,NA,0,002,ORANGETHORPE AV,RICHMAN AV,120,W,N,A,-,N,NA,NA,NA,NA,NA,NA,NA,NA,NA,N,2,0,1,2,A,-,11,21955,NA,N,G,B,D,A,H,-,C,D,0,Y,NA,NA,NA,Y,NA,N,60,1,0,0,0,1,0,0,0,0,-,-,NA,NA,ORANGE,FULLERTON,-117.93346405029295,33.85957717895508
8606138,2018,2018-05-25,3003,2018-03-29,0102,735,NA,4,5,5,3003,0,0,0,NA,0,NA,SAN RAFAEL DR,SAN RAMON WY N,28,W,N,A,-,N,NA,NA,NA,NA,NA,NA,NA,NA,NA,Y,4,0,1,5,A,-,08,22107,NA,M,B,E,A,A,H,-,C,D,0,NA,NA,NA,NA,Y,NA,A,07,0,0,1,0,0,0,0,0,0,-,-,33.84429931640625,-118.0251007080078,ORANGE,BUENA PARK,-118.0255126953125,33.84392166137695
8607516,2018,2018-08-23,3010,2018-04-22,0901,1208,485,7,5,6,3010,0,0,0,NA,0,002,RT 1,MAGNOLIA,1390,S,N,A,-,Y,ORA,12,1,-,-,22.48,H,-,N,Y,3,0,4,3,A,-,03,22350,NA,N,C,C,A,A,H,-,A,D,0,NA,NA,NA,NA,Y,NA,A,01,0,2,2,0,0,0,0,0,0,-,-,NA,NA,ORANGE,HUNTINGTON BEACH,-117.9697723388672,33.63815689086914
8607764,2018,2018-05-18,3026,2018-04-26,2004,565,NA,4,5,6,3026,0,0,0,NA,0,00P,JEFFREY RD,LONG MEADOW,0,NA,Y,A,-,N,NA,NA,NA,NA,NA,NA,NA,NA,NA,Y,4,0,1,2,A,-,09,21453,C,N,D,C,A,A,H,-,C,A,0,NA,NA,NA,NA,Y,NA,A,01,0,0,1,0,0,0,0,0,0,-,-,NA,NA,ORANGE,IRVINE,-117.75637817382813,33.701900482177734
8609594,2018,2018-04-30,3000,2018-03-08,0404,9419,892A7,4,5,5,3028,0,0,0,NA,0,4A59,JERONIMO RD,CASA NUEVO LN,14,S,N,A,-,N,NA,NA,NA,NA,NA,NA,NA,NA,NA,Y,3,0,1,1,A,-,08,22107,NA,N,E,I,A,A,H,-,C,D,0,NA,NA,NA,NA,Y,NA,-,NA,0,1,0,0,0,0,0,0,0,-,-,NA,NA,ORANGE,MISSION VIEJO,-117.67674255371094,33.61338424682617
8612111,2018,2018-04-25,3010,2018-04-11,0804,1243,436,3,5,6,3010,0,0,0,NA,0,003,BUSHARD,CORNWALL,0,NA,Y,A,-,N,NA,NA,NA,NA,NA,NA,NA,NA,NA,N,3,0,1,2,A,-,05,21650,1,N,D,G,A,A,H,-,A,A,0,NA,Y,NA,NA,Y,NA,L,04,0,1,0,0,0,0,1,0,0,-,-,NA,NA,ORANGE,HUNTINGTON BEACH,-117.96253967285156,33.673919677734375
8612166,2018,2018-04-27,3000,2018-03-03,1849,5163,951J1,6,5,5,3040,0,0,0,NA,0,743,CROWN VALLEY PKWY,GREENFIELD DR,82,E,N,A,-,N,NA,NA,NA,NA,NA,NA,NA,NA,NA,Y,4,0,1,2,A,-,07,21658,A,N,B,C,A,A,H,-,C,A,0,NA,NA,NA,NA,Y,NA,A,01,0,0,1,0,0,0,0,0,0,-,-,NA,NA,ORANGE,LAGUNA NIGUEL,-117.6850814819336,33.55387878417969
8612484,2018,2018-08-27,3015,2018-04-08,0925,1419,12,7,5,6,3015,0,0,0,NA,0,722,SOUTH GLASSELL,RT 22,0,NA,Y,A,-,Y,ORA,12,22,-,R,11.641,R,1,E,N,4,0,1,2,A,-,08,22107,NA,N,B,C,A,-,H,-,A,A,0,NA,NA,Y,NA,Y,NA,A,01,0,0,1,0,0,0,0,0,1,-,EF,NA,NA,ORANGE,ORANGE,-117.85630035400392,33.77680969238281