CASE_ID,ACCIDENT_YEAR,PROC_DATE,JURIS,COLLISION_DATE,COLLISION_TIME,OFFICER_ID,REPORTING_DISTRICT,DAY_OF_WEEK,CHP_SHIFT,POPULATION,CNTY_CITY_LOC,SPECIAL_COND,BEAT_TYPE,CHP_BEAT_TYPE,CITY_DIVISION_LAPD,CHP_BEAT_CLASS,BEAT_NUMBER,PRIMARY_RD,SECONDARY_RD,DISTANCE,DIRECTION,INTERSECTION,WEATHER_1,WEATHER_2,STATE_HWY_IND,CALTRANS_COUNTY,CALTRANS_DISTRICT,STATE_ROUTE,ROUTE_SUFFIX,POSTMILE_PREFIX,POSTMILE,LOCATION_TYPE,RAMP_INTERSECTION,SIDE_OF_HWY,TOW_AWAY,COLLISION_SEVERITY,NUMBER_KILLED,NUMBER_INJURED,PARTY_COUNT,PRIMARY_COLL_FACTOR,PCF_CODE_OF_VIOL,PCF_VIOL_CATEGORY,PCF_VIOLATION,PCF_VIOL_SUBSECTION,HIT_AND_RUN,TYPE_OF_COLLISION,MVIW,PED_ACTION,ROAD_SURFACE,ROAD_COND_1,ROAD_COND_2,LIGHTING,CONTROL_DEVICE,CHP_ROAD_TYPE,PEDESTRIAN_ACCIDENT,BICYCLE_ACCIDENT,MOTORCYCLE_ACCIDENT,TRUCK_ACCIDENT,NOT_PRIVATE_PROPERTY,ALCOHOL_INVOLVED,STWD_VEHTYPE_AT_FAULT,CHP_VEHTYPE_AT_FAULT,COUNT_SEVERE_INJ,COUNT_VISIBLE_INJ,COUNT_COMPLAINT_PAIN,COUNT_PED_KILLED,COUNT_PED_INJURED,COUNT_BICYCLIST_KILLED,COUNT_BICYCLIST_INJURED,COUNT_MC_KILLED,COUNT_MC_INJURED,PRIMARY_RAMP,SECONDARY_RAMP,LATITUDE,LONGITUDE,COUNTY,CITY,POINT_X,POINT_Y
8680061,2018,2018-08-28,3020,2018-07-04,1119,437,S17,3,5,4,3020,0,0,0,NA,0,003,SEAL BEACH BL,OLD RANCH PKY,25,N,N,A,-,N,NA,NA,NA,NA,NA,NA,NA,NA,NA,Y,2,0,1,2,A,-,03,22350,NA,N,C,C,A,A,H,-,A,D,0,NA,NA,Y,NA,Y,NA,C,02,1,0,0,0,0,0,0,0,1,-,-,NA,NA,ORANGE,SEAL BEACH,-118.07363128662108,33.77592468261719
8681382,2018,2019-01-07,3014,2018-07-22,2125,1443,RD17,7,5,5,3014,0,0,0,NA,0,0A2,RT 1,ORANGE,296,W,N,A,-,Y,ORA,12,1,-,-,21.33,H,-,S,N,3,0,2,5,A,-,01,23152,A,N,A,C,A,A,H,-,C,D,0,NA,NA,NA,NA,Y,Y,A,01,0,1,1,0,0,0,0,0,0,-,-,33.628700256347656,-117.9531021118164,ORANGE,NEWPORT BEACH,-117.95340728759766,33.62871551513672
8682554,2018,2018-09-14,3000,2018-08-23,0730,9475,NA,4,5,4,3018,0,0,0,NA,0,1A30,STALLION RIDGE,VIA PAMPLONA,0,NA,Y,A,-,N,NA,NA,NA,NA,NA,NA,NA,NA,NA,Y,4,0,1,2,A,-,03,22350,NA,N,C,C,A,A,H,-,A,D,0,NA,NA,NA,NA,Y,NA,D,22,0,0,1,0,0,0,0,0,0,-,-,NA,NA,ORANGE,SAN JUAN CAPISTRANO,-117.622679,33.49934
8682910,2018,2018-10-03,3024,2018-08-04,1302,411,P23,6,5,5,3024,0,0,0,NA,0,WEST,GOLDENWEST ST,HAZARD AV,235,S,N,A,-,N,NA,NA,NA,NA,NA,NA,NA,NA,NA,Y,4,0,1,1,A,-,03,22350,NA,N,A,I,A,A,H,-,A,D,0,NA,NA,NA,NA,Y,NA,A,01,0,0,1,0,0,0,0,0,0,-,-,33.751869201660156,-118.00723266601563,ORANGE,WESTMINSTER,-118.00704956054688,33.75120544433594
8683083,2018,2018-09-19,3012,2018-08-23,1655,288,45,4,5,5,3012,0,0,0,NA,0,0SE,LAMBERT RD,OLIVE AV,0,NA,Y,A,-,N,NA,NA,NA,NA,NA,NA,NA,NA,NA,N,4,0,2,2,A,-,07,21658,A,N,B,C,A,A,H,-,A,A,0,NA,NA,NA,NA,Y,NA,A,01,0,0,2,0,0,0,0,0,0,-,-,NA,NA,ORANGE,LA HABRA,-117.9429931640625,33.92462921142578
8683299,2018,2018-10-04,3004,2018-08-16,0941,P429,02,4,5,6,3004,0,0,0,NA,0,015,WEST 17TH ST,POMONA AV,60,W,N,A,-,N,NA,NA,NA,NA,NA,NA,NA,NA,NA,Y,3,0,1,2,A,-,01,23152,A,N,A,C,A,A,H,-,A,D,0,NA,NA,NA,NA,Y,Y,A,08,0,1,0,0,0,0,0,0,0,-,-,33.636199951171875,-117.92790222167967,ORANGE,COSTA MESA,-117.92779541015624,33.63615036010742
8683552,2018,2018-10-08,3026,2018-08-01,0709,313,NA,3,5,6,3026,0,0,0,NA,0,NA,YALE,MONTICELLO,165,S,N,A,-,N,NA,NA,NA,NA,NA,NA,NA,NA,NA,Y,4,0,1,1,A,-,03,22350,NA,N,E,I,A,A,H,-,A,D,0,NA,NA,NA,NA,Y,NA,A,01,0,0,1,0,0,0,0,0,0,-,-,NA,NA,ORANGE,IRVINE,-117.7652587890625,33.7108268737793
8683937,2018,2018-08-31,3001,2018-06-07,1635,2187,NA,4,5,7,3001,0,0,0,NA,0,0D2,WEST ROMNEYA DR,N MAPLE ST,42,E,N,A,-,N,NA,NA,NA,NA,NA,NA,NA,NA,NA,N,3,0,1,1,A,-,08,22107,NA,N,E,I,A,A,H,-,A,D,0,NA,NA,NA,NA,Y,NA,A,01,0,1,0,0,0,0,0,0,0,-,-,NA,NA,ORANGE,ANAHEIM,-117.95491027832033,33.85057067871094
8684456,2018,2018-09-17,3022,2018-08-23,1748,1225,NA,4,5,5,3022,0,0,0,NA,0,NA,1ST ST,B ST E,0,NA,Y,A,-,N,NA,NA,NA,NA,NA,NA,NA,NA,NA,Y,4,0,2,2,A,-,09,21801,A,N,A,C,A,A,H,-,A,A,0,NA,NA,NA,NA,Y,NA,A,01,0,0,2,0,0,0,0,0,0,-,-,33.74570846557617,-117.82584381103516,ORANGE,TUSTIN,-117.82592010498048,33.74578094482422
8685078,2018,2018-08-27,3001,2018-06-14,0705,1410,NA,4,5,7,3001,0,0,0,NA,0,004,EAST LA PALMA AV,N CHRISDEN ST,400,W,N,A,-,N,NA,NA,NA,NA,NA,NA,NA,NA,NA,Y,3,0,3,3,A,-,09,21801,A,N,D,C,A,A,H,-,A,D,0,NA,NA,NA,NA,Y,NA,A,01,0,1,2,0,0,0,0,0,0,-,-,NA,NA,ORANGE,ANAHEIM,-117.78868103027344,33.85942840576172
8685140,2018,2018-09-14,3016,2018-05-24,1459,1153,1,4,5,5,3016,0,0,0,NA,0,001,KRAEMER BL,GOLDEN AV,0,NA,Y,A,-,N,NA,NA,NA,NA,NA,NA,NA,NA,NA,Y,4,0,1,3,A,-,09,21801,A,N,A,C,A,A,H,-,A,A,0,NA,NA,NA,NA,Y,NA,A,01,0,0,1,0,0,0,0,0,0,-,-,33.9038200378418,-117.86360931396484,ORANGE,PLACENTIA,-117.86382293701172,33.90375900268555
8685169,2018,2018-08-23,3010,2018-08-08,1631,1261,264,3,5,6,3010,0,0,0,NA,0,006,MAGNOLIA,WARNER,286,N,N,A,-,N,NA,NA,NA,NA,NA,NA,NA,NA,NA,Y,4,0,3,3,A,-,03,22350,NA,N,C,C,A,A,H,-,A,A,0,NA,NA,NA,NA,Y,NA,A,01,0,0,3,0,0,0,0,0,0,-,-,NA,NA,ORANGE,HUNTINGTON BEACH,-117.97191619873048,33.7166748046875
8685436,2018,2018-10-04,3015,2018-07-31,1908,1515,0135,2,5,6,3015,0,0,0,NA,0,003,S CAMBRIDGE ST,E FAIRWAY DR,0,N,N,A,-,N,NA,NA,NA,NA,NA,NA,NA,NA,NA,Y,3,0,1,2,A,-,00,23103,A,N,D,E,A,A,H,-,A,D,0,NA,NA,NA,NA,Y,NA,A,01,0,1,0,0,0,0,0,0,0,-,-,NA,NA,ORANGE,ORANGE,-117.84445190429688,33.77729034423828
8685695,2018,2018-10-08,3002,2018-08-11,0906,1447,NA,6,5,4,3002,0,0,0,NA,0,012,KRAEMER BL,BIRCH ST,126,NA,N,A,-,N,NA,NA,NA,NA,NA,NA,NA,NA,NA,N,4,0,2,2,A,-,03,22350,NA,N,C,C,A,A,H,-,A,A,0,NA,NA,NA,NA,Y,NA,A,01,0,0,2,0,0,0,0,0,0,-,-,NA,NA,ORANGE,BREA,-117.86385345458984,33.91825866699219
8687281,2018,2018-09-05,3008,2018-01-27,1534,1515,Z3,6,5,6,3008,0,0,0,NA,0,NA,MAGNOLIA AV,PORTER AV,180,S,N,A,-,N,NA,NA,NA,NA,NA,NA,NA,NA,NA,N,3,0,1,2,A,-,09,21804,A,N,D,G,A,A,H,-,A,D,0,NA,Y,NA,Y,Y,NA,L,04,0,1,0,0,0,0,1,0,0,-,-,NA,NA,ORANGE,FULLERTON,-117.97628021240234,33.85972595214844
8687467,2018,2018-09-26,3000,2018-07-01,1800,5387,992J5,7,5,5,3017,0,0,0,NA,0,4A72,SOUTH OLA VISTA,AVENIDA CADIZ,0,NA,Y,A,-,N,NA,NA,NA,NA,NA,NA,NA,NA,NA,Y,3,0,1,2,A,-,03,22350,NA,N,B,C,A,A,H,-,A,D,0,NA,NA,Y,NA,Y,NA,C,02,0,1,0,0,0,0,0,0,1,-,-,NA,NA,ORANGE,SAN CLEMENTE,-117.61309814453124,33.420570373535156
8688235,2018,2018-09-11,3008,2018-01-06,1111,1544,NA,6,5,6,3008,0,0,0,NA,0,0Z3,COMMONWEALTH AV,ACACIA AV,384,E,N,A,-,N,NA,NA,NA,NA,NA,NA,NA,NA,NA,Y,3,0,2,2,A,-,09,21801,A,N,D,C,A,A,H,-,A,D,0,NA,NA,NA,NA,Y,NA,A,01,0,1,1,0,0,0,0,0,0,-,-,NA,NA,ORANGE,FULLERTON,-117.8969955444336,33.870540618896484
8688323,2018,2018-09-12,3015,2018-08-04,2103,1545,34N,6,5,6,3015,0,0,0,NA,0,133,EAST CHAPMAN AV,S JAMES ST,0,NA,Y,A,-,N,NA,NA,NA,NA,NA,NA,NA,NA,NA,Y,2,0,1,2,A,-,09,21801,A,F,D,C,A,A,H,-,C,A,0,NA,NA,Y,NA,Y,Y,D,22,1,0,0,0,0,0,0,0,1,-,-,NA,NA,ORANGE,ORANGE,-117.8135986328125,33.78778076171875
8688741,2018,2019-01-09,3010,2018-08-19,1225,2850,3010,7,5,6,3010,0,0,0,NA,0,004,RT 1,6TH ST,6,N,N,A,-,Y,ORA,12,1,-,-,24.851,I,5,S,N,4,0,1,2,A,-,06,21755,A,N,B,G,A,A,G,-,A,A,0,NA,Y,NA,NA,Y,NA,L,04,0,0,1,0,0,0,1,0,0,-,-,NA,NA,ORANGE,HUNTINGTON BEACH,-118.00370025634766,33.658287048339844
8690179,2018,2018-09-10,3014,2018-08-10,1400,1462,RD34,5,5,5,3014,0,0,0,NA,0,0A3,BRISTOL ST N,BIRCH ST,0,NA,Y,A,-,N,NA,NA,NA,NA,NA,NA,NA,NA,NA,Y,4,0,1,2,A,-,12,21453,A,N,D,C,A,A,H,-,A,A,0,NA,NA,NA,NA,Y,NA,A,01,0,0,1,0,0,0,0,0,0,-,-,33.6609992980957,-117.87200164794922,ORANGE,NEWPORT BEACH,-117.87283325195313,33.6616096496582
8690227,2018,2018-09-10,3022,2018-08-16,1805,1142,NA,4,5,5,3022,0,0,0,NA,0,NA,RED HILL AV,MITCHELL AV,21,S,N,A,-,N,NA,NA,NA,NA,NA,NA,NA,NA,NA,N,2,0,1,2,A,-,10,21950,A,N,G,B,B,A,H,-,A,A,0,Y,NA,NA,NA,Y,NA,A,07,1,0,0,0,1,0,0,0,0,-,-,33.730709075927734,-117.8181381225586,ORANGE,TUSTIN,-117.81824493408205,33.73069763183594
8693244,2018,2018-09-18,3001,2018-01-25,2340,A2131,D3,4,5,7,3001,0,0,0,NA,0,NA,SOUTH STATE COLLEGE BL,EAST KATELLA AV,18,N,N,A,-,N,NA,NA,NA,NA,NA,NA,NA,NA,NA,Y,3,0,2,2,A,-,11,21456,B,M,G,B,B,A,H,-,C,A,0,Y,NA,Y,NA,Y,Y,N,60,0,1,1,0,1,0,0,0,1,-,-,NA,NA,ORANGE,ANAHEIM,-117.88919067382813,33.803409576416016
8694693,2018,2018-09-11,3000,2018-08-05,1142,5036,892A5,7,5,5,3028,0,0,0,NA,0,750,LOS ALISOS BL,MADERO,0,NA,Y,A,-,N,NA,NA,NA,NA,NA,NA,NA,NA,NA,Y,4,0,2,2,A,-,12,21453,A,N,D,C,A,A,H,-,A,A,0,NA,NA,NA,NA,Y,NA,-,-,0,0,2,0,0,0,0,0,0,-,-,NA,NA,ORANGE,MISSION VIEJO,-117.6811294555664,33.62641143798828
8695071,2018,2018-10-08,3001,2018-07-26,0204,2288,D3,4,5,7,3001,0,0,0,NA,0,035,EAST BALL RD,N SUNKIST ST,0,NA,Y,A,-,N,NA,NA,NA,NA,NA,NA,NA,NA,NA,Y,3,0,3,2,A,-,12,21453,A,N,A,D,A,A,H,-,C,A,0,NA,NA,NA,NA,Y,NA,A,01,0,2,1,0,0,0,0,0,0,-,-,NA,NA,ORANGE,ANAHEIM,-117.88056182861328,33.81809997558594
8695799,2018,2018-09-26,3004,2018-08-29,1658,P629,25,3,5,6,3004,0,0,0,NA,0,008,FAIRVIEW RD,SOUTH COAST DR,397,N,N,A,-,N,NA,NA,NA,NA,NA,NA,NA,NA,NA,Y,4,0,1,2,A,-,03,22350,NA,N,C,C,A,A,H,-,A,A,0,NA,NA,NA,NA,Y,NA,A,01,0,0,1,0,0,0,0,0,0,-,-,33.69255828857422,-117.90780639648438,ORANGE,COSTA MESA,-117.9078369140625,33.69234848022461
8696003,2018,2018-10-29,3014,2018-08-25,1730,1463,RD26,6,5,5,3014,0,0,0,NA,0,0A2,RT 1,DOVER DR,500,W,N,A,-,Y,ORA,12,1,-,R,18.49,H,-,S,Y,3,0,3,2,A,-,03,22350,NA,N,C,C,A,A,H,-,A,A,0,NA,NA,NA,NA,Y,NA,A,01,0,1,2,0,0,0,0,0,0,-,-,33.61199951171875,-117.8593978881836,ORANGE,NEWPORT BEACH,-117.9079818725586,33.61613464355469
8696011,2018,2018-12-27,3014,2018-08-25,0225,1463,RD26,6,5,5,3014,0,0,0,NA,0,0A2,RT 1,DOVER DR,10,W,N,A,-,Y,ORA,12,1,-,R,18.471,H,-,S,Y,4,0,1,2,A,-,01,23152,NA,N,C,C,A,A,H,-,C,A,0,NA,NA,NA,NA,Y,Y,A,01,0,0,1,0,0,0,0,0,0,-,-,33.6161003112793,-117.90760040283205,ORANGE,NEWPORT BEACH,-117.90766143798828,33.61618423461914
8696090,2018,2019-01-08,3010,2018-08-30,2024,2235,8,4,5,6,3010,0,0,0,NA,0,171,RT 1,WARNER,404,W,N,A,-,Y,ORA,12,1,-,-,29.97,H,-,S,N,4,0,1,2,D,-,00,NA,NA,N,B,C,A,A,H,-,B,A,0,NA,NA,NA,NA,Y,NA,-,-,0,0,1,0,0,0,0,0,0,-,-,NA,NA,ORANGE,HUNTINGTON BEACH,-118.06397247314452,33.71235656738281
8696589,2018,2018-09-25,3020,2018-08-19,1708,174,S19,7,5,4,3020,0,0,0,NA,0,NA,SEAL BEACH BL,OLD RANCH PKWY,450,N,N,A,-,N,NA,NA,NA,NA,NA,NA,NA,NA,NA,N,3,0,1,2,A,-,08,22107,NA,N,C,G,A,A,H,-,A,A,0,NA,Y,NA,NA,Y,NA,A,01,0,1,0,0,0,0,1,0,0,-,-,NA,NA,ORANGE,SEAL BEACH,-118.07275390625,33.776824951171875
8696819,2018,2018-09-18,3012,2018-08-23,1748,288,35,4,5,5,3012,0,0,0,NA,0,0SW,IDAHO ST,IMPERIAL HWY,360,N,N,A,-,N,NA,NA,NA,NA,NA,NA,NA,NA,NA,N,3,0,2,2,A,-,09,21804,A,N,D,C,A,A,H,-,A,D,0,NA,NA,NA,NA,Y,NA,A,01,0,1,1,0,0,0,0,0,0,-,-,NA,NA,ORANGE,LA HABRA,-117.95919036865234,33.918338775634766
8699015,2018,2018-09-25,3001,2018-08-22,1503,2115,NA,3,5,7,3001,0,0,0,NA,0,0D4,S TUSTIN AV,EAST RIVERDALE AV,0,NA,Y,A,-,N,NA,NA,NA,NA,NA,NA,NA,NA,NA,Y,3,0,2,2,D,-,00,NA,NA,N,D,C,A,A,H,-,A,A,0,NA,NA,NA,NA,Y,NA,-,-,0,2,0,0,0,0,0,0,0,-,-,NA,NA,ORANGE,ANAHEIM,-117.83486175537108,33.846981048583984
8699067,2018,2018-10-01,3001,2018-09-06,1524,2187,NA,4,5,7,3001,0,0,0,NA,0,0D1,LINCOLN AV,MAGNOLIA AV,20,E,N,A,-,N,NA,NA,NA,NA,NA,NA,NA,NA,NA,Y,3,0,2,2,A,-,01,23152,G,N,C,C,A,A,H,-,A,A,0,NA,NA,NA,NA,Y,Y,A,01,0,2,0,0,0,0,0,0,0,-,-,NA,NA,ORANGE,ANAHEIM,-117.97592163085938,33.832271575927734
8699258,2018,2018-10-05,3008,2018-03-08,1855,1544,NA,4,5,6,3008,0,0,0,NA,0,0Z2,LEMON ST,VALENCIA DR,0,NA,Y,A,-,N,NA,NA,NA,NA,NA,NA,NA,NA,NA,Y,3,0,2,2,A,-,09,21801,A,N,D,C,A,A,H,-,C,A,0,NA,NA,NA,NA,Y,NA,A,08,0,1,1,0,0,0,0,0,0,-,-,NA,NA,ORANGE,FULLERTON,-117.91989135742188,33.8662109375
8699338,2018,2018-10-09,3003,2018-09-13,1452,1056,NA,4,5,5,3003,0,0,0,NA,0,NA,HOLDER ST,BALL RD,0,NA,Y,A,-,N,NA,NA,NA,NA,NA,NA,NA,NA,NA,Y,3,0,2,2,A,-,01,23152,A,F,D,D,A,A,H,-,A,A,0,NA,NA,NA,NA,Y,Y,A,01,0,1,1,0,0,0,0,0,0,-,-,33.4901008605957,-114.8010025024414,ORANGE,BUENA PARK,-118.01950073242188,33.81718063354492
8700025,2018,2018-09-26,3012,2018-09-05,1657,288,27,3,5,5,3012,0,0,0,NA,0,NA,HARBOR BL,STEARNS AV,250,N,N,A,-,N,NA,NA,NA,NA,NA,NA,NA,NA,NA,N,3,0,1,2,A,-,09,21801,A,N,D,C,A,A,H,-,A,A,0,NA,NA,Y,NA,Y,NA,A,01,0,1,0,0,0,0,0,0,1,-,-,NA,NA,ORANGE,LA HABRA,-117.9330596923828,33.934383392333984
8700908,2018,2019-01-08,3024,2018-08-31,1401,189,P-13,5,5,5,3024,0,0,0,NA,0,EAST,RT 39,13TH ST,300,S,N,A,-,Y,ORA,12,39,-,-,7.251,I,5,N,Y,4,0,1,2,A,-,09,21804,A,N,B,C,A,A,H,-,A,D,0,NA,NA,NA,NA,Y,NA,A,01,0,0,1,0,0,0,0,0,0,-,-,33.755611419677734,-117.9893798828125,ORANGE,WESTMINSTER,-117.989501953125,33.75363540649414
8701421,2018,2018-09-24,3024,2018-08-31,1040,409,P24,5,5,5,3024,0,0,0,NA,0,WEST,BOLSA AV,BEACH BL,385,W,N,A,-,N,NA,NA,NA,NA,NA,NA,NA,NA,NA,N,4,0,1,2,A,-,03,22350,NA,N,C,C,A,A,H,-,A,A,0,NA,NA,NA,NA,Y,NA,A,01,0,0,1,0,0,0,0,0,0,-,-,NA,NA,ORANGE,WESTMINSTER,-117.99087524414063,33.74470138549805
8701693,2018,2018-09-24,3010,2018-08-29,1743,2257,434,3,5,6,3010,0,0,0,NA,0,003,NEWLAND ST,YORKTOWN AV,33,N,N,A,-,N,NA,NA,NA,NA,NA,NA,NA,NA,NA,Y,4,0,1,2,A,-,01,23152,F,N,C,C,A,A,H,-,A,A,0,NA,NA,NA,NA,Y,NA,A,07,0,0,1,0,0,0,0,0,0,-,-,NA,NA,ORANGE,HUNTINGTON BEACH,-117.98004913330078,33.67955017089844
8702161,2018,2018-10-02,3004,2018-08-19,0134,P652,10,7,5,6,3004,0,0,0,NA,0,004,HARBOR BL,WILSON ST,32,N,N,A,-,N,NA,NA,NA,NA,NA,NA,NA,NA,NA,Y,4,0,2,2,A,-,01,23152,A,N,C,C,A,A,H,-,C,A,0,NA,NA,NA,NA,Y,Y,A,01,0,0,2,0,0,0,0,0,0,-,-,33.65650177001953,-117.91940307617188,ORANGE,COSTA MESA,-117.91917419433594,33.65622329711914
8702239,2018,2018-10-03,3024,2018-09-17,1833,400,P05,1,5,5,3024,0,0,0,NA,0,WEST,GARDEN GROVE BL,WESTERN AV,0,NA,Y,A,-,N,NA,NA,NA,NA,NA,NA,NA,NA,NA,N,3,0,1,3,A,-,12,21453,A,N,G,B,B,A,H,-,B,A,0,Y,NA,NA,NA,Y,NA,A,07,0,1,0,0,1,0,0,0,0,-,-,33.773658752441406,-118.00137329101563,ORANGE,WESTMINSTER,-118.00138092041016,33.773719787597656
8702580,2018,2018-10-11,3010,2018-09-18,1834,1019,442,2,5,6,3010,0,0,0,NA,0,003,DELAWARE ST,JULIET,0,NA,Y,A,-,N,NA,NA,NA,NA,NA,NA,NA,NA,NA,Y,4,0,1,2,A,-,09,21802,A,N,D,C,A,A,H,-,A,A,0,NA,NA,Y,NA,Y,NA,C,06,0,0,1,0,0,0,0,0,1,-,-,NA,NA,ORANGE,HUNTINGTON BEACH,-117.9929,33.66577
8703045,2018,2018-11-09,3010,2018-09-30,0014,3042,413,7,5,6,3010,0,0,0,NA,0,005,ELLIS,NEWLAND,0,NA,Y,A,-,N,NA,NA,NA,NA,NA,NA,NA,NA,NA,Y,4,0,5,2,A,-,03,22350,NA,N,C,D,A,A,H,-,C,A,0,NA,NA,NA,NA,Y,Y,D,22,0,0,5,0,0,0,0,0,0,-,-,NA,NA,ORANGE,HUNTINGTON BEACH,-117.98021697998048,33.6939697265625
8703114,2018,2018-10-19,3010,2018-09-26,1052,1227,271,3,5,6,3010,0,0,0,NA,0,006,SLATER,GOTHARD,0,NA,Y,A,-,N,NA,NA,NA,NA,NA,NA,NA,NA,NA,Y,4,0,2,2,A,-,01,23152,A,N,D,C,A,A,H,-,A,A,0,NA,NA,NA,NA,Y,Y,A,01,0,0,2,0,0,0,0,0,0,-,-,NA,NA,ORANGE,HUNTINGTON BEACH,-117.99996185302734,33.708351135253906
8704378,2018,2018-10-08,3009,2018-09-16,0950,6184,097,7,5,6,3009,0,0,0,NA,0,1-3,BROOKHURST ST,WESTMINSTER AV,0,NA,Y,A,-,N,NA,NA,NA,NA,NA,NA,NA,NA,NA,N,3,0,1,2,A,-,10,21950,A,N,G,B,B,A,H,-,A,A,0,Y,NA,NA,NA,Y,NA,A,01,0,1,0,0,1,0,0,0,0,-,-,NA,NA,ORANGE,GARDEN GROVE,-117.95503997802734,33.75962829589844
8704382,2018,2018-10-08,3009,2018-09-17,1808,4087,093,1,5,6,3009,0,0,0,NA,0,1-2,BIXBY AV,LAMBERT CIR,220,W,N,A,-,N,NA,NA,NA,NA,NA,NA,NA,NA,NA,N,3,0,1,2,A,-,09,21804,A,N,D,C,A,A,H,-,A,A,0,NA,NA,NA,NA,Y,NA,A,01,0,1,0,0,0,0,0,0,0,-,-,33.7854118347168,-117.96363067626952,ORANGE,GARDEN GROVE,-117.96421051025392,33.7849006652832
8704394,2018,2018-10-08,3009,2018-09-13,1548,0126,042,4,5,6,3009,0,0,0,NA,0,1-1,KNOTT ST,ORANGEWOOD AV,0,NA,Y,A,-,N,NA,NA,NA,NA,NA,NA,NA,NA,NA,Y,3,0,1,2,A,-,12,21453,A,N,B,G,A,A,H,-,A,A,0,NA,Y,NA,NA,Y,NA,L,04,0,1,0,0,0,0,1,0,0,-,-,NA,NA,ORANGE,GARDEN GROVE,-118.0111083984375,33.795631408691406
8704545,2018,2018-10-05,3009,2018-09-17,1224,3965,124,1,5,6,3009,0,0,0,NA,0,2 1,EUCLID ST,GARDEN GROVE BL,0,NA,Y,A,-,N,NA,NA,NA,NA,NA,NA,NA,NA,NA,N,4,0,1,2,A,-,10,21950,A,M,G,B,B,A,H,-,A,A,0,Y,NA,NA,NA,Y,NA,-,99,0,0,1,0,1,0,0,0,0,-,-,33.774288177490234,-117.9380111694336,ORANGE,GARDEN GROVE,-117.9380111694336,33.774288177490234
8706130,2018,2018-10-08,3001,2018-09-04,0616,A1555,NA,2,5,7,3001,0,0,0,NA,0,D 2,W LINCOLN AV,N MULLER ST,48,E,N,B,-,N,NA,NA,NA,NA,NA,NA,NA,NA,NA,Y,3,0,2,2,A,-,03,22350,NA,N,C,C,A,A,H,-,B,A,0,NA,NA,NA,NA,Y,NA,A,07,0,2,0,0,0,0,0,0,0,-,-,NA,NA,ORANGE,ANAHEIM,-117.95000457763672,33.83256912231445
8708761,2018,2018-10-25,3001,2018-08-10,1647,1830,NA,5,5,7,3001,0,0,0,NA,0,0D1,S FANN ST,WEST BROADWAY,12,S,N,A,-,N,NA,NA,NA,NA,NA,NA,NA,NA,NA,N,3,0,2,2,A,-,08,22107,NA,N,A,C,A,A,H,-,A,A,0,NA,NA,NA,NA,Y,NA,A,01,0,2,0,0,0,0,0,0,0,-,-,NA,NA,ORANGE,ANAHEIM,-117.9432373046875,33.82881546020508
8709081,2018,2018-10-11,3022,2018-09-08,1725,1321,SOUTH,6,5,5,3022,0,0,0,NA,0,NA,TUSTIN RANCH RD,AUTO CENTER DR,817,S,N,A,-,N,NA,NA,NA,NA,NA,NA,NA,NA,NA,Y,4,0,2,3,A,-,03,22350,NA,N,C,C,A,A,H,-,A,A,0,NA,NA,NA,NA,Y,NA,A,01,0,0,2,0,0,0,0,0,0,-,-,33.72795104980469,-117.80177307128906,ORANGE,TUSTIN,-117.80341339111328,33.72629928588867
8709085,2018,2018-10-11,3022,2018-09-27,0740,1293,NA,4,5,5,3022,0,0,0,NA,0,NA,PIONEER RD,SCHWENDEMAN AV,0,NA,Y,A,-,N,NA,NA,NA,NA,NA,NA,NA,NA,NA,N,3,0,1,2,A,-,05,21650,1,N,H,G,A,A,H,-,A,D,0,NA,Y,NA,NA,Y,NA,L,04,0,1,0,0,0,0,1,0,0,-,-,33.75035095214844,-117.7689971923828,ORANGE,TUSTIN,-117.76891326904295,33.750370025634766
8710404,2018,2018-10-16,3008,2018-02-26,1415,1522,Z-2,1,5,6,3008,0,0,0,NA,0,NA,ORANGEFAIR AV,HARBOR BL,160,E,N,A,-,N,NA,NA,NA,NA,NA,NA,NA,NA,NA,N,4,0,1,3,A,-,03,22350,NA,N,C,C,A,A,H,-,A,A,0,NA,NA,NA,NA,Y,NA,A,01,0,0,1,0,0,0,0,0,0,-,-,NA,NA,ORANGE,FULLERTON,-117.92383575439452,33.8563117980957
8712970,2018,2018-11-29,3000,2018-10-06,0830,5013,921G6,6,5,5,3040,0,0,0,NA,0,741,LA PAZ RD,AVENIDA BREVE,21,N,N,B,-,N,NA,NA,NA,NA,NA,NA,NA,NA,NA,Y,2,0,1,1,A,-,01,23152,A,N,E,I,A,A,H,-,A,A,0,NA,NA,NA,NA,Y,Y,A,01,1,0,0,0,0,0,0,0,0,-,-,NA,NA,ORANGE,LAGUNA NIGUEL,-117.70761108398438,33.56715774536133
8714049,2018,2018-10-23,3004,2018-09-11,0954,P459,10,2,5,6,3004,0,0,0,NA,0,009,PLACENTIA AV,WILSON ST,528,N,N,A,-,N,NA,NA,NA,NA,NA,NA,NA,NA,NA,Y,4,0,2,2,A,-,03,22350,NA,N,C,E,A,A,H,-,A,D,0,NA,NA,NA,NA,Y,NA,A,01,0,0,2,0,0,0,0,0,0,-,-,33.65760040283203,-117.93219757080078,ORANGE,COSTA MESA,-117.93214416503906,33.65749740600586
8714147,2018,2018-10-18,3015,2018-08-27,0302,1541,18,1,5,6,3015,0,0,0,NA,0,003,N JAMBOREE RD,CANYON VIEW E,389,N,N,A,-,N,NA,NA,NA,NA,NA,NA,NA,NA,NA,Y,3,0,2,1,A,-,01,23152,A,N,E,I,A,A,H,-,C,A,0,NA,NA,NA,NA,Y,Y,A,01,0,1,1,0,0,0,0,0,0,-,-,NA,NA,ORANGE,ORANGE,-117.75900268554688,33.78615188598633