CASE_ID,ACCIDENT_YEAR,PROC_DATE,JURIS,COLLISION_DATE,COLLISION_TIME,OFFICER_ID,REPORTING_DISTRICT,DAY_OF_WEEK,CHP_SHIFT,POPULATION,CNTY_CITY_LOC,SPECIAL_COND,BEAT_TYPE,CHP_BEAT_TYPE,CITY_DIVISION_LAPD,CHP_BEAT_CLASS,BEAT_NUMBER,PRIMARY_RD,SECONDARY_RD,DISTANCE,DIRECTION,INTERSECTION,WEATHER_1,WEATHER_2,STATE_HWY_IND,CALTRANS_COUNTY,CALTRANS_DISTRICT,STATE_ROUTE,ROUTE_SUFFIX,POSTMILE_PREFIX,POSTMILE,LOCATION_TYPE,RAMP_INTERSECTION,SIDE_OF_HWY,TOW_AWAY,COLLISION_SEVERITY,NUMBER_KILLED,NUMBER_INJURED,PARTY_COUNT,PRIMARY_COLL_FACTOR,PCF_CODE_OF_VIOL,PCF_VIOL_CATEGORY,PCF_VIOLATION,PCF_VIOL_SUBSECTION,HIT_AND_RUN,TYPE_OF_COLLISION,MVIW,PED_ACTION,ROAD_SURFACE,ROAD_COND_1,ROAD_COND_2,LIGHTING,CONTROL_DEVICE,CHP_ROAD_TYPE,PEDESTRIAN_ACCIDENT,BICYCLE_ACCIDENT,MOTORCYCLE_ACCIDENT,TRUCK_ACCIDENT,NOT_PRIVATE_PROPERTY,ALCOHOL_INVOLVED,STWD_VEHTYPE_AT_FAULT,CHP_VEHTYPE_AT_FAULT,COUNT_SEVERE_INJ,COUNT_VISIBLE_INJ,COUNT_COMPLAINT_PAIN,COUNT_PED_KILLED,COUNT_PED_INJURED,COUNT_BICYCLIST_KILLED,COUNT_BICYCLIST_INJURED,COUNT_MC_KILLED,COUNT_MC_INJURED,PRIMARY_RAMP,SECONDARY_RAMP,LATITUDE,LONGITUDE,COUNTY,CITY,POINT_X,POINT_Y
8806637,2019,2019-02-28,3009,2019-02-04,2103,4659,096,1,5,6,3009,0,0,0,NA,0,013,WESTMINSTER AV,KERRY ST,0,NA,Y,C,-,N,NA,NA,NA,NA,NA,NA,NA,NA,NA,Y,4,0,2,2,A,-,09,21801,A,N,D,C,A,B,H,-,C,A,0,NA,NA,NA,NA,Y,NA,A,01,0,0,2,0,0,0,0,0,0,-,-,NA,NA,ORANGE,GARDEN GROVE,-117.95877075195313,33.759521484375
8808225,2018,2019-06-13,3015,2018-10-23,0630,1017,65W,2,5,6,3015,0,0,0,NA,0,751,KATELLA AV,GLASSELL ST,3,E,N,A,-,N,NA,NA,NA,NA,NA,NA,NA,NA,NA,N,1,1,0,2,A,-,10,21954,B,F,G,B,B,A,H,-,B,A,0,Y,NA,NA,NA,Y,NA,D,22,0,0,0,1,0,0,0,0,0,-,-,33.482669830322266,-117.50872802734376,ORANGE,ORANGE,-117.85301971435548,33.80908966064453
8808521,2018,2019-09-17,3026,2018-11-10,2054,580,NA,6,5,6,3026,0,0,0,NA,0,00U,JAMBOREE RD,FAIRCHILD,442,N,N,A,-,N,NA,NA,NA,NA,NA,NA,NA,NA,NA,N,1,1,0,2,A,-,05,21202,A,N,C,G,A,A,H,-,D,D,0,NA,Y,NA,NA,Y,NA,L,04,0,0,0,0,0,1,0,0,0,-,-,NA,NA,ORANGE,IRVINE,-117.8590087890625,33.661415100097656
8809790,2018,2019-03-11,3000,2018-12-10,0740,9061,797H1,1,5,4,3021,0,0,0,NA,0,021,CERRITOS AV,COURSON DR,88,W,N,A,-,N,NA,NA,NA,NA,NA,NA,NA,NA,NA,Y,4,0,1,2,A,-,09,21804,A,N,D,C,A,A,H,-,A,D,0,NA,NA,NA,NA,Y,NA,A,01,0,0,1,0,0,0,0,0,0,-,-,NA,NA,ORANGE,STANTON,-118.00450897216795,33.81005859375
8809805,2019,2019-03-07,3001,2019-01-29,1524,2115,NA,2,5,7,3001,0,0,0,NA,0,0D2,EUCLID ST,CRESCENT AV,596,N,N,A,-,N,NA,NA,NA,NA,NA,NA,NA,NA,NA,N,3,0,1,2,A,-,09,21804,A,N,D,C,A,A,H,-,A,D,0,NA,NA,NA,NA,Y,NA,A,01,0,1,0,0,0,0,0,0,0,-,-,NA,NA,ORANGE,ANAHEIM,-117.94159698486328,33.841434478759766
8810093,2019,2019-03-22,3014,2019-02-22,0908,1253,RD33,5,5,5,3014,0,0,0,NA,0,0A3,JAMBOREE RD,BRISTOL ST S,0,NA,Y,A,-,N,NA,NA,NA,NA,NA,NA,NA,NA,NA,Y,4,0,1,2,A,-,09,21453,B,N,B,C,A,A,H,-,A,A,0,NA,NA,NA,NA,Y,NA,A,01,0,0,1,0,0,0,0,0,0,-,-,33.654998779296875,-117.8656005859375,ORANGE,NEWPORT BEACH,-117.86540985107422,33.65494918823242
8810108,2018,2019-03-11,3001,2018-11-30,0723,1278,NA,5,5,7,3001,0,0,0,NA,0,0D2,SOUTH WEST ST,WEST SANTA ANA ST,0,NA,Y,A,-,N,NA,NA,NA,NA,NA,NA,NA,NA,NA,Y,3,0,1,2,A,-,12,22450,A,N,D,C,A,B,H,-,A,A,0,NA,NA,NA,NA,Y,NA,A,01,0,1,0,0,0,0,0,0,0,-,-,NA,NA,ORANGE,ANAHEIM,-117.92561340332033,33.82809066772461
8810834,2019,2019-03-15,3010,2019-02-24,0149,2237,263,7,5,6,3010,0,0,0,NA,0,006,NEWLAND,TAMARU,216,N,N,A,-,N,NA,NA,NA,NA,NA,NA,NA,NA,NA,Y,4,0,1,6,A,-,01,23152,A,N,A,E,A,A,H,-,C,D,0,NA,NA,NA,NA,Y,NA,A,01,0,0,1,0,0,0,0,0,0,-,-,NA,NA,ORANGE,HUNTINGTON BEACH,-117.98057556152344,33.717193603515625
8811356,2019,2019-03-19,3001,2019-02-16,1517,2079,NA,6,5,7,3001,0,0,0,NA,0,0D4,EAST LA PALMA AV,N GROVE ST,178,W,N,A,-,N,NA,NA,NA,NA,NA,NA,NA,NA,NA,N,3,0,1,2,A,-,05,21650,1,N,D,G,A,A,H,-,A,D,0,NA,Y,NA,NA,Y,NA,L,04,0,1,0,0,0,0,1,0,0,-,-,NA,NA,ORANGE,ANAHEIM,-117.84300994873048,33.854732513427734
8811695,2018,2019-03-19,3000,2018-11-26,2200,5805,891H5,1,5,5,3050,0,0,0,NA,0,765,ORANGE AV,WHISLER DR,4,W,N,A,-,N,NA,NA,NA,NA,NA,NA,NA,NA,NA,N,4,0,1,2,A,-,10,21950,A,F,G,B,B,A,H,-,C,A,0,Y,NA,NA,NA,Y,NA,A,01,0,0,1,0,1,0,0,0,0,-,-,NA,NA,ORANGE,LAKE FOREST,-117.69354248046876,33.62438201904297
8812789,2019,2019-03-14,3000,2019-02-14,0002,10576,922E3,4,5,5,3028,0,0,0,NA,0,755,OSO PKWY,FELIPE RD,0,NA,Y,C,-,N,NA,NA,NA,NA,NA,NA,NA,NA,NA,N,3,0,2,2,D,-,00,NA,NA,N,D,C,A,B,H,-,C,A,0,NA,NA,NA,NA,Y,NA,-,-,0,1,1,0,0,0,0,0,0,-,-,NA,NA,ORANGE,MISSION VIEJO,-117.64553833007813,33.588600158691406
8812939,2019,2019-03-13,3001,2019-02-20,1531,1410,NA,3,5,7,3001,0,0,0,NA,0,025,LA PALMA AV,STATE COLLEGE BL,184,W,N,B,-,N,NA,NA,NA,NA,NA,NA,NA,NA,NA,N,4,0,1,2,A,-,11,21954,A,N,G,B,D,A,H,-,A,D,0,Y,NA,NA,NA,Y,NA,N,60,0,0,1,0,1,0,0,0,0,-,-,NA,NA,ORANGE,ANAHEIM,-117.88990783691406,33.847259521484375
8813508,2019,2019-03-11,3015,2019-02-09,1500,1386,61,6,5,6,3015,0,0,0,NA,0,711,PALMYRA AV,FELDNER ST,0,NA,Y,A,-,N,NA,NA,NA,NA,NA,NA,NA,NA,NA,N,4,0,1,2,A,-,09,21804,A,N,D,G,A,A,H,-,A,A,0,NA,Y,NA,NA,Y,NA,L,04,0,0,1,0,0,0,1,0,0,-,-,NA,NA,ORANGE,ORANGE,-117.87052917480467,33.784000396728516
8813756,2019,2019-05-08,3024,2019-02-13,1222,176,P12,3,5,5,3024,0,0,0,NA,0,WEST,RT 39,BOLSA AV,90,N,N,C,-,Y,ORA,12,39,-,-,6.66,H,-,S,N,3,0,1,1,A,-,03,22350,NA,N,F,A,A,B,H,-,A,A,0,NA,NA,Y,NA,Y,NA,C,02,0,1,0,0,0,0,0,0,1,-,-,33.74467086791992,-117.98948669433594,ORANGE,WESTMINSTER,-117.9896240234375,33.74502944946289
8814504,2019,2019-03-19,3024,2019-02-19,0742,206,P-38,2,5,5,3024,0,0,0,NA,0,EAST,MAGNOLIA ST,EDINGER AV,291,N,N,A,-,N,NA,NA,NA,NA,NA,NA,NA,NA,NA,Y,4,0,2,3,A,-,03,22350,NA,N,C,C,A,A,H,-,A,A,0,NA,NA,NA,NA,Y,NA,A,01,0,0,2,0,0,0,0,0,0,-,-,NA,NA,ORANGE,WESTMINSTER,-117.97209930419922,33.731117248535156
8814588,2019,2019-03-06,3026,2019-01-08,2052,585,UNIVE,2,5,6,3026,0,0,0,NA,0,002,JAMBOREE RD,SAN DIEGO FRWY,194,S,N,A,-,N,NA,NA,405,NA,NA,NA,NA,NA,NA,Y,3,0,1,2,A,-,05,21651,A,N,A,C,A,A,H,-,C,A,0,NA,NA,NA,NA,Y,NA,A,07,0,1,0,0,0,0,0,0,0,-,-,33.6768798828125,-117.84310913085938,ORANGE,IRVINE,-117.84315490722656,33.6767692565918
8814917,2019,2019-03-07,3009,2019-02-05,0921,3927,112,2,5,6,3009,0,0,0,NA,0,021,CHAPMAN AV,NELSON ST,0,NA,Y,B,-,N,NA,NA,NA,NA,NA,NA,NA,NA,NA,Y,3,0,2,2,A,-,09,21801,A,N,D,C,A,B,H,-,A,D,0,NA,NA,NA,NA,Y,NA,A,07,0,1,1,0,0,0,0,0,0,-,-,33.78865051269531,-117.94558715820313,ORANGE,GARDEN GROVE,-117.94558715820313,33.78865051269531
8816952,2019,2019-03-19,3026,2019-02-07,1150,358,NA,4,5,6,3026,0,0,0,NA,0,NA,ALBA WEST,ALBA 10,54,W,N,A,-,N,NA,NA,NA,NA,NA,NA,NA,NA,NA,N,4,0,1,2,A,-,09,21804,A,N,D,C,A,A,H,-,A,D,0,NA,NA,NA,NA,Y,NA,A,01,0,0,1,0,0,0,0,0,0,-,-,NA,NA,ORANGE,IRVINE,NA,NA
8817571,2019,2019-03-18,3022,2019-02-12,2137,1237,NORTH,2,5,5,3022,0,0,0,NA,0,NA,RED HILL AV,SAN JUAN ST,0,NA,Y,A,-,N,NA,NA,NA,NA,NA,NA,NA,NA,NA,Y,4,0,2,2,A,-,08,22107,NA,N,D,C,A,A,H,-,C,A,0,NA,NA,NA,NA,Y,NA,A,01,0,0,2,0,0,0,0,0,0,-,-,33.7364501953125,-117.8126220703125,ORANGE,TUSTIN,-117.81266021728516,33.736289978027344
8817576,2019,2019-03-15,3015,2019-02-13,2044,1581,32E,3,5,6,3015,0,0,0,NA,0,311,WEST CHAPMAN AV,SOUTH LEMON ST,0,NA,Y,C,-,N,NA,NA,NA,NA,NA,NA,NA,NA,NA,Y,4,0,1,2,A,-,09,21801,A,N,D,C,A,B,H,-,C,A,0,NA,NA,NA,NA,Y,NA,A,01,0,0,1,0,0,0,0,0,0,-,-,NA,NA,ORANGE,ORANGE,-117.85526275634766,33.78789138793945
8818987,2019,2019-04-03,3015,2019-03-12,1300,1507,055W,2,5,6,3015,0,0,0,NA,0,721,W TAFT AV,N GLASSELL ST,192,W,N,A,-,N,NA,NA,NA,NA,NA,NA,NA,NA,NA,N,4,0,1,3,A,-,03,22350,NA,M,C,C,A,A,H,-,A,A,0,NA,NA,NA,NA,Y,NA,-,99,0,0,1,0,0,0,0,0,0,-,-,NA,NA,ORANGE,ORANGE,-117.85357666015624,33.81571960449219
8820267,2019,2019-03-22,3000,2019-01-22,0940,9636,892D5,2,5,5,3028,0,0,0,NA,0,1A50,MARGUERITE PKWY,COSO,0,NA,Y,A,-,N,NA,NA,NA,NA,NA,NA,NA,NA,NA,Y,4,0,1,2,A,-,09,21802,A,N,D,C,A,A,H,-,A,A,0,NA,NA,NA,NA,Y,NA,A,01,0,0,1,0,0,0,0,0,0,-,-,NA,NA,ORANGE,MISSION VIEJO,-117.65065002441406,33.62128829956055
8822134,2019,2019-03-29,3003,2019-02-18,1449,1160,70,1,5,5,3003,0,0,0,NA,0,004,VALLEY VIEW AV,PANAMA DR,0,NA,Y,B,-,N,NA,NA,NA,NA,NA,NA,NA,NA,NA,Y,2,0,5,4,A,-,12,21453,A,N,D,C,A,A,H,-,A,A,0,NA,NA,NA,NA,Y,NA,A,01,3,1,1,0,0,0,0,0,0,-,-,33.85274124145508,-118.02581787109376,ORANGE,BUENA PARK,-118.02879333496094,33.85274124145508
8824418,2019,2019-03-25,3009,2019-03-02,0848,4661,165,6,5,6,3009,0,0,0,NA,0,2   2,MCEVOY LN,LEWIS ST,148,E,N,C,-,N,NA,NA,NA,NA,NA,NA,NA,NA,NA,Y,3,0,2,2,A,-,05,21650,NA,N,A,C,A,B,H,-,A,D,0,NA,NA,NA,NA,Y,NA,A,01,0,1,1,0,0,0,0,0,0,-,-,33.77165985107422,-117.89643096923828,ORANGE,GARDEN GROVE,-117.89664459228516,33.77185821533203
8826055,2019,2019-05-21,3024,2019-03-07,1209,184,P18,4,5,5,3024,0,0,0,NA,0,WEST,WESTMINSTER BL,RT 39,65,W,N,A,-,Y,ORA,12,39,-,-,7.634,I,6,S,Y,2,0,5,7,A,-,03,22350,NA,F,C,C,A,A,H,-,A,A,0,NA,NA,NA,NA,Y,NA,-,NA,1,2,2,0,0,0,0,0,0,-,-,NA,NA,ORANGE,WESTMINSTER,-117.98978424072266,33.759246826171875
8826861,2019,2019-03-27,3000,2019-02-27,1340,1920,891J6,3,5,5,3028,0,0,0,NA,0,753,LOS ALISOS BL,BRUSSELS AV,330,W,N,A,-,N,NA,NA,NA,NA,NA,NA,NA,NA,NA,N,3,0,1,2,A,-,11,21954,A,N,G,B,D,A,H,-,A,D,0,Y,NA,NA,NA,Y,NA,N,60,0,1,0,0,1,0,0,0,0,-,-,NA,NA,ORANGE,MISSION VIEJO,-117.68931579589844,33.61888122558594
8826865,2019,2019-03-27,3000,2019-02-15,1845,5455,893B3,5,5,4,3048,0,0,0,NA,0,767,ALMA ALDEA,CALLE DE VIDA,21,S,N,A,-,N,NA,NA,NA,NA,NA,NA,NA,NA,NA,N,3,0,1,2,D,-,00,NA,NA,N,G,B,E,B,H,-,C,A,0,Y,NA,NA,NA,Y,NA,-,-,0,1,0,0,1,0,0,0,0,-,-,NA,NA,ORANGE,RANCHO SANTA MARGARITA,-117.59302520751952,33.63703536987305
8827053,2019,2019-05-02,3010,2019-03-17,1934,3820,148,7,5,6,3010,0,0,0,NA,0,009,SPRINGDALE,EDINGER,50,N,N,B,-,N,NA,NA,NA,NA,NA,NA,NA,NA,NA,N,3,0,1,2,A,-,11,21456,C,N,G,B,D,A,H,-,C,A,0,Y,NA,NA,NA,Y,NA,N,60,0,1,0,0,1,0,0,0,0,-,-,NA,NA,ORANGE,HUNTINGTON BEACH,-118.02411651611328,33.730106353759766
8827217,2019,2019-03-28,3001,2019-03-11,0940,A2530,D1,1,5,7,3001,0,0,0,NA,0,NA,SOUTH WESTERN AV,DEL MONTE DR,396,S,N,A,-,N,NA,NA,NA,NA,NA,NA,NA,NA,NA,Y,3,0,2,2,A,-,07,21658,A,N,D,C,A,A,H,-,A,D,0,NA,NA,NA,NA,Y,NA,A,01,0,2,0,0,0,0,0,0,0,-,-,NA,NA,ORANGE,ANAHEIM,-118.00221252441406,33.828704833984375
8829434,2019,2019-04-04,3001,2019-02-20,1350,1410,NA,3,5,7,3001,0,0,0,NA,0,0D2,SOUTH EUCLID ST,WEST BALL RD,242,N,N,A,-,N,NA,NA,NA,NA,NA,NA,NA,NA,NA,N,3,0,1,2,A,-,11,21954,A,N,G,B,D,A,H,-,A,D,0,Y,NA,NA,NA,Y,NA,N,60,0,1,0,0,1,0,0,0,0,-,-,NA,NA,ORANGE,ANAHEIM,-117.9415283203125,33.81867218017578
8830156,2019,2019-04-24,3001,2019-02-22,1841,A1397,NA,5,5,7,3001,0,0,0,NA,0,D-4,MIRALOMA AV,BLUE GUM ST,0,NA,Y,A,-,N,NA,NA,NA,NA,NA,NA,NA,NA,NA,Y,3,0,2,2,D,-,00,NA,NA,N,A,C,A,A,H,-,C,A,0,NA,NA,NA,NA,Y,NA,-,-,0,1,1,0,0,0,0,0,0,-,-,NA,NA,ORANGE,ANAHEIM,-117.87225341796876,33.854888916015625
8830160,2019,2019-04-02,3001,2019-03-07,0804,1278,NA,4,5,7,3001,0,0,0,NA,0,0D3,WALNUT ST,CERRITOS AV,62,S,N,A,-,N,NA,NA,NA,NA,NA,NA,NA,NA,NA,NA,4,0,1,2,A,-,08,22107,NA,N,D,C,A,A,H,-,A,A,0,NA,NA,NA,NA,Y,NA,D,22,0,0,1,0,0,0,0,0,0,-,-,NA,NA,ORANGE,ANAHEIM,-117.928466796875,33.81044006347656
8830586,2019,2019-04-02,3004,2019-03-10,1339,P646,28,7,5,6,3004,0,0,0,NA,0,002,NEWPORT BL,BRISTOL ST,35,S,N,A,-,N,NA,NA,NA,NA,NA,NA,NA,NA,NA,N,4,0,1,2,A,-,03,22350,NA,N,C,C,A,A,H,-,A,A,0,NA,NA,NA,NA,Y,NA,A,01,0,0,1,0,0,0,0,0,0,-,-,33.67102813720703,-117.88733673095705,ORANGE,COSTA MESA,-117.88888549804688,33.67268371582031
8833123,2019,2019-04-12,3010,2019-03-22,0626,2023,159,5,5,6,3010,0,0,0,NA,0,007,HEIL AV,EDWARDS AV,0,NA,Y,A,-,N,NA,NA,NA,NA,NA,NA,NA,NA,NA,Y,4,0,1,2,A,-,09,21801,A,F,D,C,A,A,H,-,B,A,0,NA,NA,NA,NA,Y,NA,-,99,0,0,1,0,0,0,0,0,0,-,-,NA,NA,ORANGE,HUNTINGTON BEACH,-118.01548767089844,33.722740173339844
8833143,2019,2019-04-12,3010,2019-03-24,1124,2057,241,7,5,6,3010,0,0,0,NA,0,009,GOLDENWEST,BREELAND,255,N,N,A,-,N,NA,NA,NA,NA,NA,NA,NA,NA,NA,Y,3,0,2,2,A,-,03,22350,NA,N,C,C,A,A,H,-,A,D,0,NA,NA,NA,NA,Y,NA,A,07,0,1,1,0,0,0,0,0,0,-,-,NA,NA,ORANGE,HUNTINGTON BEACH,-118.00682067871094,33.73252868652344
8834109,2019,2019-04-16,3001,2019-03-15,1326,1032,NA,5,5,7,3001,0,0,0,NA,0,D 3,S DISNEYLAND DR,WEST BALL RD,17,S,N,A,-,N,NA,NA,NA,NA,NA,NA,NA,NA,NA,N,3,0,1,2,A,-,10,21950,A,N,G,B,B,A,H,-,A,A,0,Y,NA,NA,NA,Y,NA,D,22,0,1,0,0,1,0,0,0,0,-,-,NA,NA,ORANGE,ANAHEIM,-117.92232513427734,33.8181037902832
8834201,2019,2019-04-11,3001,2019-03-19,0829,1622,NA,2,5,7,3001,0,0,0,NA,0,D-3,WEST BROADWAY,MANCHESTER AV,14,W,N,B,-,N,NA,NA,NA,NA,NA,NA,NA,NA,NA,N,4,0,1,2,A,-,10,21950,A,N,G,B,B,A,H,-,A,A,0,Y,NA,NA,NA,Y,NA,A,01,0,0,1,0,1,0,0,0,0,-,-,NA,NA,ORANGE,ANAHEIM,-117.93012237548828,33.82941818237305
8835275,2019,2019-04-10,3015,2019-02-25,1123,1507,54E,1,5,6,3015,0,0,0,NA,0,713,HEWES ST,E SPRING ST,182,N,N,A,-,N,NA,NA,NA,NA,NA,NA,NA,NA,NA,Y,3,0,2,1,A,-,08,22107,NA,N,E,I,A,A,H,-,A,D,0,NA,NA,NA,NA,Y,NA,A,01,0,1,1,0,0,0,0,0,0,-,-,NA,NA,ORANGE,ORANGE,-117.8057098388672,33.7918586730957
8836503,2019,2019-04-12,3004,2019-03-13,1034,P629,34,3,5,6,3004,0,0,0,NA,0,015,BEAR ST,SUNFLOWER AV,72,N,N,A,-,N,NA,NA,NA,NA,NA,NA,NA,NA,NA,Y,3,0,1,3,A,-,01,23152,F,N,C,C,A,A,H,-,A,A,0,NA,NA,NA,NA,Y,NA,A,07,0,1,0,0,0,0,0,0,0,-,-,33.694480895996094,-117.89227294921876,ORANGE,COSTA MESA,-117.89224243164063,33.69429016113281
8836933,2019,2019-04-17,3003,2019-03-13,1731,1184,NJC,3,5,5,3003,0,0,0,NA,0,NA,LA PALMA AV,OLEANDER CIR,113,W,N,A,-,N,NA,NA,NA,NA,NA,NA,NA,NA,NA,N,3,0,3,2,A,-,09,21801,A,N,D,C,A,A,H,-,A,D,0,NA,NA,NA,NA,Y,NA,A,01,0,1,2,0,0,0,0,0,0,-,-,33.504798889160156,-117.58999633789063,ORANGE,BUENA PARK,-117.99626159667967,33.84669876098633
8837481,2019,2019-05-16,3026,2019-03-14,0035,610,NA,4,5,6,3026,0,0,0,NA,0,00U,UNIVERSITY DR,RT 405,869,S,N,A,-,N,NA,NA,NA,NA,NA,NA,NA,NA,NA,Y,4,0,1,2,A,-,11,21955,NA,N,G,B,D,A,H,-,C,D,0,Y,NA,NA,NA,Y,Y,N,60,0,0,1,0,1,0,0,0,0,-,-,NA,NA,ORANGE,IRVINE,NA,NA
8838268,2019,2019-08-27,3011,2019-04-03,1729,31241,71,3,5,4,3011,0,0,0,NA,0,001,RT 133,CASTLE ROCK,1584,S,N,A,-,Y,ORA,12,133,-,-,9.19,H,-,N,N,4,0,1,2,A,-,05,21650,1,N,D,G,A,A,H,-,A,D,0,NA,Y,NA,NA,Y,NA,L,04,0,0,1,0,0,0,1,0,0,-,-,NA,NA,ORANGE,LAGUNA BEACH,-117.75476837158205,33.66212463378906
8838587,2019,2019-04-10,3002,2019-02-18,1240,9196,739J5,1,5,5,3025,0,0,0,NA,0,002,VAN BUREN ST,STAFFORD,0,NA,Y,A,-,N,NA,NA,NA,NA,NA,NA,NA,NA,NA,Y,4,0,1,3,A,-,09,21801,A,N,A,C,A,A,H,-,A,D,0,NA,NA,NA,NA,Y,NA,A,07,0,0,1,0,0,0,0,0,0,-,-,NA,NA,ORANGE,YORBA LINDA,-117.83151245117188,33.88356018066406
8838789,2019,2019-04-11,3014,2019-03-27,1013,1253,RD28,3,5,5,3014,0,0,0,NA,0,0A2,WESTCLIFF DR,BUCKINGHAM LN,0,NA,Y,B,-,N,NA,NA,NA,NA,NA,NA,NA,NA,NA,Y,4,0,1,2,A,-,09,21804,A,N,D,C,A,A,H,-,A,D,0,NA,NA,NA,NA,Y,NA,A,01,0,0,1,0,0,0,0,0,0,-,-,33.62590026855469,-117.90499877929688,ORANGE,NEWPORT BEACH,-117.90505981445313,33.625831604003906
8840418,2019,2019-04-18,3001,2019-01-27,1219,A1252,NA,7,5,7,3001,0,0,0,NA,0,0D1,SOUTH EUCLID ST,BROADWAY,528,S,N,A,-,N,NA,NA,NA,NA,NA,NA,NA,NA,NA,N,4,0,1,2,A,-,09,21804,A,N,D,C,A,A,H,-,A,A,0,NA,NA,NA,NA,Y,NA,A,01,0,0,1,0,0,0,0,0,0,-,-,NA,NA,ORANGE,ANAHEIM,-117.94148254394533,33.827430725097656
8842630,2019,2019-07-18,3012,2019-03-24,1624,649,NA,7,5,5,3012,0,0,0,NA,0,NA,IDAHO ST,IMPERIAL HWY,185,S,N,A,-,Y,ORA,12,90,-,-,1.011,I,6,E,N,4,0,1,2,A,-,09,21804,A,N,D,C,A,A,H,-,A,D,0,NA,NA,NA,NA,Y,NA,A,01,0,0,1,0,0,0,0,0,0,-,-,NA,NA,ORANGE,LA HABRA,-117.95915985107422,33.9172477722168
8842761,2019,2019-05-16,3003,2019-03-17,1720,1124,NA,7,5,5,3003,0,0,0,NA,0,004,LA PALMA AV,BEACH BL,22,W,N,A,-,N,NA,NA,NA,NA,NA,NA,NA,NA,NA,N,3,0,1,2,A,-,11,21950,B,N,D,G,A,A,H,-,A,B,0,NA,Y,NA,NA,Y,Y,L,04,0,1,0,0,0,0,1,0,0,-,-,NA,NA,ORANGE,BUENA PARK,-117.99812316894533,33.846649169921875
8843505,2019,2019-08-29,3012,2019-04-11,1547,288,45,4,5,5,3012,0,0,0,NA,0,004,IMPERIAL HWY,EUCLID ST,517,W,N,A,-,Y,ORA,12,90,-,-,1.66,H,-,W,N,3,0,3,2,A,-,03,22350,NA,N,C,C,A,A,H,-,A,D,0,NA,NA,NA,NA,Y,NA,A,07,0,1,2,0,0,0,0,0,0,-,-,NA,NA,ORANGE,LA HABRA,-117.94789123535156,33.917396545410156
8844389,2019,2019-04-23,3003,2019-03-31,1305,1160,109,7,5,5,3003,0,0,0,NA,0,005,LINCOLN AV,VALLEY VIEW ST,150,E,N,A,-,N,NA,NA,NA,NA,NA,NA,NA,NA,NA,N,4,0,1,2,A,-,03,22350,NA,N,C,C,A,A,H,-,A,D,0,NA,NA,NA,NA,Y,NA,D,22,0,0,1,0,0,0,0,0,0,-,-,33.831809997558594,-118.0276336669922,ORANGE,BUENA PARK,-118.02799987792967,33.83181381225586
8844729,2019,2019-04-25,3009,2019-04-08,1658,3927,095,1,5,6,3009,0,0,0,NA,0,013,BROOKHURST ST,EMERSON AV,14,S,N,A,-,N,NA,NA,NA,NA,NA,NA,NA,NA,NA,Y,3,0,2,2,A,-,03,22350,NA,N,C,C,A,A,H,-,A,A,0,NA,NA,NA,NA,Y,NA,A,01,0,2,0,0,0,0,0,0,0,-,-,NA,NA,ORANGE,GARDEN GROVE,-117.95513153076172,33.7730827331543
8846980,2019,2019-12-12,3001,2019-04-02,1735,1880,NA,2,5,7,3001,0,0,0,NA,0,0D1,RT 39,BALL RD,40,S,N,A,-,Y,ORA,12,39,-,-,11.67,H,-,N,N,4,0,1,2,A,-,03,22350,NA,N,C,C,A,A,H,-,A,A,0,NA,NA,NA,NA,Y,NA,A,08,0,0,1,0,0,0,0,0,0,-,-,NA,NA,ORANGE,ANAHEIM,-117.99317932128906,33.81732940673828
8847509,2019,2019-12-12,3010,2019-05-03,1631,3171,273,5,5,6,3010,0,0,0,NA,0,006,BEACH,BLAYLOCK,100,S,N,A,-,Y,ORA,12,39,-,-,4.48,H,-,N,NA,4,0,1,2,A,-,03,22350,NA,N,C,C,A,A,H,-,A,A,0,NA,NA,NA,NA,Y,NA,A,01,0,0,1,0,0,0,0,0,0,-,-,NA,NA,ORANGE,HUNTINGTON BEACH,-117.98897552490234,33.7135124206543
8847718,2019,2019-05-17,3001,2019-04-03,1659,A1410,NA,3,5,7,3001,0,0,0,NA,0,D 1,BALL RD,DALE AV,130,W,N,A,-,N,NA,NA,NA,NA,NA,NA,NA,NA,NA,NA,4,0,2,3,A,-,08,22107,NA,N,B,C,A,A,H,-,A,A,0,NA,NA,NA,NA,Y,NA,A,08,0,0,2,0,0,0,0,0,0,-,-,33.8172492980957,-117.98474884033205,ORANGE,ANAHEIM,-117.98497772216795,33.8175163269043
8848485,2019,2019-04-26,3002,2019-04-11,0930,1628,NA,4,5,4,3002,0,0,0,NA,0,011,TAMARACK AV,ATLAS ST,93,N,N,A,-,N,NA,NA,NA,NA,NA,NA,NA,NA,NA,N,3,0,2,1,A,-,08,22107,NA,N,E,I,A,A,H,-,A,A,0,NA,NA,NA,NA,Y,NA,A,07,0,1,1,0,0,0,0,0,0,-,-,33.92955017089844,-117.89984893798828,ORANGE,BREA,-117.90006256103516,33.9300651550293