CASE_ID,ACCIDENT_YEAR,PROC_DATE,JURIS,COLLISION_DATE,COLLISION_TIME,OFFICER_ID,REPORTING_DISTRICT,DAY_OF_WEEK,CHP_SHIFT,POPULATION,CNTY_CITY_LOC,SPECIAL_COND,BEAT_TYPE,CHP_BEAT_TYPE,CITY_DIVISION_LAPD,CHP_BEAT_CLASS,BEAT_NUMBER,PRIMARY_RD,SECONDARY_RD,DISTANCE,DIRECTION,INTERSECTION,WEATHER_1,WEATHER_2,STATE_HWY_IND,CALTRANS_COUNTY,CALTRANS_DISTRICT,STATE_ROUTE,ROUTE_SUFFIX,POSTMILE_PREFIX,POSTMILE,LOCATION_TYPE,RAMP_INTERSECTION,SIDE_OF_HWY,TOW_AWAY,COLLISION_SEVERITY,NUMBER_KILLED,NUMBER_INJURED,PARTY_COUNT,PRIMARY_COLL_FACTOR,PCF_CODE_OF_VIOL,PCF_VIOL_CATEGORY,PCF_VIOLATION,PCF_VIOL_SUBSECTION,HIT_AND_RUN,TYPE_OF_COLLISION,MVIW,PED_ACTION,ROAD_SURFACE,ROAD_COND_1,ROAD_COND_2,LIGHTING,CONTROL_DEVICE,CHP_ROAD_TYPE,PEDESTRIAN_ACCIDENT,BICYCLE_ACCIDENT,MOTORCYCLE_ACCIDENT,TRUCK_ACCIDENT,NOT_PRIVATE_PROPERTY,ALCOHOL_INVOLVED,STWD_VEHTYPE_AT_FAULT,CHP_VEHTYPE_AT_FAULT,COUNT_SEVERE_INJ,COUNT_VISIBLE_INJ,COUNT_COMPLAINT_PAIN,COUNT_PED_KILLED,COUNT_PED_INJURED,COUNT_BICYCLIST_KILLED,COUNT_BICYCLIST_INJURED,COUNT_MC_KILLED,COUNT_MC_INJURED,PRIMARY_RAMP,SECONDARY_RAMP,LATITUDE,LONGITUDE,COUNTY,CITY,POINT_X,POINT_Y
90724279,2018,2018-05-11,9675,2018-05-07,1530,019407,NA,1,2,7,3001,0,1,3,NA,2,093,SR-91 W/B TO SR-57 N/B,LA PALMA AVE,300,E,N,A,-,Y,NA,NA,NA,NA,NA,NA,NA,NA,NA,N,4,0,1,2,A,-,03,22350,NA,N,C,C,A,A,H,-,A,D,0,NA,NA,NA,NA,Y,NA,A,01,0,0,1,0,0,0,0,0,0,-,-,33.51203918457031,-117.52513885498048,ORANGE,ANAHEIM,-117.87001037597656,33.847328186035156
90724298,2018,2018-05-11,9675,2018-05-07,0825,021397,NA,1,1,6,3015,0,1,3,NA,2,550,SR-55 SOUTHBOUND,CHAPMAN AVE,2110,N,N,A,-,Y,NA,NA,55,NA,NA,NA,NA,NA,S,N,4,0,1,2,A,-,03,22350,NA,N,C,C,A,A,H,-,A,D,0,NA,NA,NA,NA,Y,NA,A,01,0,0,1,0,0,0,0,0,0,-,-,33.792999267578125,-117.8311004638672,ORANGE,ORANGE,-117.8311004638672,33.792999267578125
90724362,2018,2018-05-11,9675,2018-05-08,1600,019407,NA,2,2,5,3022,0,1,1,NA,2,503,I-5 SOUTHBOUND,RED HILL AVE,100,S,N,A,-,Y,NA,NA,NA,NA,NA,NA,NA,NA,NA,N,4,0,1,1,A,-,03,22350,NA,N,E,I,A,A,C,H,A,D,0,NA,NA,NA,NA,Y,NA,A,07,0,0,1,0,0,0,0,0,0,-,-,33.4393196105957,-117.48828887939452,ORANGE,TUSTIN,-117.81526184082033,33.73325729370117
90724374,2018,2018-05-11,9675,2018-05-08,1845,021377,NA,2,2,6,3026,0,1,1,NA,2,406,I-405 NORTHBOUND,MACARTHUR BLVD,600,S,N,A,-,Y,NA,NA,405,NA,NA,NA,NA,NA,N,Y,4,0,1,3,A,-,03,22350,NA,N,C,C,A,A,H,-,B,D,0,NA,NA,NA,NA,Y,NA,A,07,0,0,1,0,0,0,0,0,0,-,-,33.68210983276367,-117.85504150390624,ORANGE,IRVINE,-117.85507202148438,33.68204116821289
90724402,2018,2018-05-11,9675,2018-05-09,0730,019171,NA,3,1,6,3015,0,1,3,NA,2,072,SR-57 S/B (ORANGE FWY),LA VETA AVE,150,N,N,B,-,Y,NA,NA,57,NA,NA,NA,NA,NA,S,N,4,0,1,2,A,-,08,22107,NA,N,B,C,A,A,H,-,A,D,0,NA,NA,Y,NA,Y,NA,A,01,0,0,1,0,0,0,0,0,1,-,-,33.783748626708984,-117.88002777099608,ORANGE,ORANGE,-117.88004302978516,33.783748626708984
90726362,2018,2018-05-18,9675,2018-05-11,1502,021716,NA,5,2,7,3001,0,1,3,NA,2,240,SR-241 NORTHBOUND TO SR-91 EASTBOUND,SR-91,1400,S,N,A,-,Y,NA,NA,241,NA,NA,NA,R,NA,N,N,4,0,3,3,A,-,03,22350,NA,N,C,C,A,A,H,-,A,D,0,NA,NA,NA,NA,Y,NA,A,01,0,0,3,0,0,0,0,0,0,-,-,33.86177062988281,-117.7159423828125,ORANGE,ANAHEIM,-117.7159423828125,33.86177062988281
90727695,2018,2018-05-16,9675,2018-05-09,1448,019938,NA,3,2,6,3026,0,1,3,NA,2,130,SR-133 NORTHBOUND,BARRANCA PKWY,115,S,N,A,-,Y,NA,NA,NA,NA,NA,NA,NA,NA,NA,Y,3,0,2,2,A,-,08,22107,NA,N,A,C,A,A,H,-,A,D,0,NA,NA,NA,NA,Y,NA,A,01,0,1,1,0,0,0,0,0,0,-,-,33.39305877685547,-117.45249938964844,ORANGE,IRVINE,-117.75688934326172,33.65854263305664
90728369,2018,2018-05-17,9675,2018-05-10,2301,018102,NA,4,3,7,3001,0,1,3,NA,2,093,SR-91 EASTBOUND,SR-55 NORTHBOUND,100,E,N,B,-,Y,NA,NA,91,NA,NA,NA,NA,NA,E,Y,4,0,1,2,A,-,01,23152,A,N,B,C,A,A,H,-,C,D,0,NA,NA,NA,NA,Y,Y,A,07,0,0,1,0,0,0,0,0,0,-,-,33.844871520996094,-117.82418823242188,ORANGE,ANAHEIM,-117.8241729736328,33.844818115234375
90730100,2018,2018-05-21,9675,2018-05-12,2145,020545,NA,6,2,6,3004,0,1,1,NA,2,405,I-405 SOUTHBOUND,HARBOR BLVD,1100,N,N,A,-,Y,NA,NA,405,NA,NA,NA,NA,NA,S,N,4,0,1,2,A,-,08,22107,NA,N,B,C,A,A,H,-,E,D,0,NA,NA,NA,NA,Y,NA,-,31,0,0,1,0,0,0,0,0,0,-,-,33.69026184082031,-117.92239379882813,ORANGE,COSTA MESA,-117.9224090576172,33.690223693847656
90730901,2018,2018-05-22,9675,2018-05-15,1619,019938,NA,2,2,6,3026,0,1,3,NA,2,074,SR-73 N/B TO NEWPORT COAST DR,NEWPORT COAST DR,315,S,N,A,-,Y,NA,NA,73,NA,NA,NA,R,NA,N,Y,4,0,1,1,A,-,08,22107,NA,N,E,I,A,A,H,-,A,D,0,NA,NA,NA,NA,Y,NA,A,01,0,0,1,0,0,0,0,0,0,-,-,33.62464141845703,-117.82846832275392,ORANGE,IRVINE,-117.82846832275392,33.62464141845703
9073383,2020,2020-11-04,3015,2020-05-01,2143,1458,54E,5,5,6,3015,0,0,0,NA,0,132,CHAPMAN AV,HEWES ST,8,W,N,A,-,N,NA,NA,NA,NA,NA,NA,NA,NA,NA,Y,4,0,2,2,A,-,01,23152,F,N,B,C,A,A,H,-,C,A,0,NA,NA,NA,NA,Y,NA,A,01,0,0,2,0,0,0,0,0,0,-,-,NA,NA,ORANGE,ORANGE,-117.80573272705078,33.78773880004883
90734566,2018,2018-05-25,9675,2018-05-18,1730,019241,NA,5,2,6,3026,0,1,1,NA,2,407,I-405 NORTHBOUND,JEFFREY RD.,50,N,N,A,-,Y,NA,NA,405,NA,NA,NA,NA,NA,N,Y,4,0,2,4,A,-,03,22350,NA,N,C,C,A,A,H,-,A,D,0,NA,NA,NA,NA,Y,NA,A,01,0,0,2,0,0,0,0,0,0,-,-,33.664119720458984,-117.79866027832033,ORANGE,IRVINE,-117.79866790771484,33.66407775878906
90735913,2018,2018-05-29,9670,2018-05-25,1700,021900,NA,5,2,5,3007,0,1,1,NA,2,040,I-405 N/B,SLATER AVE. O/C,100,N,N,A,-,Y,NA,NA,405,NA,NA,NA,NA,NA,N,Y,3,0,1,2,A,-,03,22350,NA,N,C,C,A,A,H,-,A,D,0,NA,NA,NA,NA,Y,NA,A,01,0,1,0,0,0,0,0,0,0,-,-,33.70920944213867,-117.9588623046875,ORANGE,FOUNTAIN VALLEY,-117.95884704589844,33.709228515625
9073602,2020,2020-07-20,3004,2020-04-25,1150,P633,04,6,5,6,3004,0,0,0,NA,0,015,IRVINE AV,CABRILLO ST,0,NA,Y,A,-,N,NA,NA,NA,NA,NA,NA,NA,NA,NA,Y,3,0,1,2,A,-,09,21804,A,N,D,C,A,A,H,-,A,D,0,NA,NA,NA,NA,Y,NA,A,01,0,1,0,0,0,0,0,0,0,-,-,33.62950134277344,-117.90760040283205,ORANGE,COSTA MESA,-117.90763854980467,33.629459381103516
90737202,2018,2018-05-30,9690,2018-05-24,1800,016493,NA,4,2,5,3028,0,1,1,NA,2,056,I-5 S/B (SDF) FROM OSO PKWY E/B,OSO PKWY,450,S,N,B,-,Y,NA,NA,5,NA,NA,NA,R,NA,S,Y,4,0,2,4,A,-,03,22350,NA,N,C,C,A,A,H,-,A,A,0,NA,NA,NA,NA,Y,NA,A,07,0,0,2,0,0,0,0,0,0,-,-,33.578128814697266,-117.6722412109375,ORANGE,MISSION VIEJO,-117.6722412109375,33.578128814697266
90737611,2018,2018-05-30,9690,2018-05-29,1459,016128,NA,2,2,9,3000,0,3,5,NA,2,003,ACANTHUS,MORNING TRAIL,0,NA,Y,B,-,N,NA,NA,NA,NA,NA,NA,NA,NA,NA,N,3,0,1,2,A,-,11,21954,A,N,D,B,B,A,H,-,A,A,0,Y,NA,NA,NA,Y,NA,N,60,0,1,0,0,1,0,0,0,0,-,-,33.583560943603516,-117.62751770019533,ORANGE,UNINCORPORATED,-117.62744140625,33.5836181640625
90737956,2018,2018-05-31,9675,2018-05-25,1537,021438,NA,5,2,6,3026,0,1,1,NA,2,406,I-405 N/B,JAMBOREE RD,1700,N,N,A,-,Y,NA,NA,405,NA,NA,NA,NA,NA,N,N,4,0,1,2,A,-,03,22350,NA,N,C,C,A,A,H,-,A,D,0,NA,NA,NA,NA,Y,NA,A,01,0,0,1,0,0,0,0,0,0,-,-,33.67918014526367,-117.84844970703124,ORANGE,IRVINE,-117.84848022460938,33.679115295410156
90738377,2018,2018-05-31,9670,2018-04-27,1910,021821,NA,5,2,6,3009,0,1,3,NA,2,021,SR-22 W/B TO BEACH BLVD,BEACH BLVD,10,E,N,A,-,Y,NA,NA,22,NA,NA,NA,R,NA,W,N,4,0,1,2,A,-,05,21650,NA,F,D,G,A,A,H,-,B,A,0,NA,Y,NA,NA,Y,NA,L,04,0,0,1,0,0,0,1,0,0,-,-,33.77231979370117,-117.99241638183594,ORANGE,GARDEN GROVE,-117.99241638183594,33.77231979370117
90738470,2018,2018-05-31,9690,2018-05-24,0705,018646,NA,4,1,5,3050,0,1,1,NA,2,055,I-5 N/B FROM E/B ALICIA PKWY,ALICIA PKWY,100,S,N,C,-,Y,NA,NA,NA,NA,NA,NA,NA,NA,NA,N,4,0,1,2,A,-,08,22107,NA,F,B,C,A,B,H,-,A,D,0,NA,NA,NA,NA,Y,NA,A,01,0,0,1,0,0,0,0,0,0,-,-,33.60533142089844,-117.6897201538086,ORANGE,LAKE FOREST,NA,NA
90739991,2018,2018-06-04,9675,2018-05-23,1514,018832,NA,3,2,6,3026,0,1,1,NA,2,407,I-405 S/B,LAGUNA CANYON RD,750,N,N,A,-,Y,NA,NA,405,NA,NA,NA,NA,NA,S,Y,3,0,1,1,A,-,08,22107,NA,N,E,I,A,A,H,-,A,D,0,NA,NA,NA,NA,Y,NA,D,22,0,1,0,0,0,0,0,0,0,-,-,33.6533203125,-117.77050018310548,ORANGE,IRVINE,-117.77043914794922,33.65346908569336
90740232,2018,2018-06-04,9675,2018-05-26,1743,021377,NA,6,2,7,3001,0,1,3,NA,2,195,SR-91 EASTBOUND,COAL CYN RD,1200,E,N,B,-,Y,NA,NA,91,NA,NA,NA,NA,NA,E,Y,4,0,2,2,A,-,08,22107,NA,N,B,C,A,A,H,-,A,D,0,NA,NA,NA,NA,Y,NA,A,01,0,0,2,0,0,0,0,0,0,-,-,33.87049102783203,-117.68370056152344,ORANGE,ANAHEIM,-117.68372344970705,33.87043380737305
90742511,2018,2018-06-06,9675,2018-05-31,0920,022073,NA,4,1,5,3022,0,1,3,NA,2,551,SR-55 SOUTHBOUND TO I-5 SOUTHBOUND,NEWPORT AVE,2100,N,N,B,-,Y,NA,NA,NA,NA,NA,NA,NA,NA,NA,Y,2,0,1,2,A,-,07,21658,A,N,C,C,A,A,H,-,A,D,0,NA,NA,Y,NA,Y,NA,A,01,1,0,0,0,0,0,0,0,1,-,-,33.73904037475586,-117.83026123046876,ORANGE,TUSTIN,NA,NA
90745565,2018,2018-06-11,9670,2018-06-04,1820,021517,NA,1,2,5,3003,0,1,1,NA,2,500,I-5 N/B,ARTESIA BLVD,500,S,N,A,-,Y,NA,NA,5,NA,NA,NA,NA,NA,N,Y,4,0,1,2,A,-,03,22350,NA,N,C,C,A,A,H,-,A,D,0,NA,NA,NA,NA,Y,NA,A,01,0,0,1,0,0,0,0,0,0,-,-,33.870338439941406,-118.00499725341795,ORANGE,BUENA PARK,-118.00502777099608,33.87028121948242
90746017,2018,2018-06-12,9670,2018-06-01,0650,022081,NA,5,1,6,3009,0,1,3,NA,2,023,SR-22 W/B TO SR-39 (BEACH BLVD.),SR-39 (BEACH BLVD),200,E,N,A,-,Y,NA,NA,22,NA,NA,NA,R,NA,W,Y,2,0,1,1,A,-,03,22350,NA,N,H,A,A,A,H,-,A,D,0,NA,NA,Y,NA,Y,NA,C,02,1,0,0,0,0,0,0,0,1,-,-,33.77138137817383,-117.99015045166016,ORANGE,GARDEN GROVE,-117.99015045166016,33.77138137817383
90746060,2018,2018-06-12,9690,2018-06-05,1655,016493,NA,2,2,5,3050,0,1,1,NA,2,055,I-5 N/B (SAN DIEGO FRWY),LOS ALISOS BLVD,10,N,N,A,-,Y,NA,NA,5,NA,NA,NA,NA,NA,N,Y,4,0,1,1,A,-,08,22107,NA,N,E,I,A,A,H,-,A,D,0,NA,NA,NA,NA,Y,NA,D,22,0,0,1,0,0,0,0,0,0,-,-,33.608558654785156,-117.69792938232422,ORANGE,LAKE FOREST,-117.69795989990234,33.60849380493164
90750442,2018,2018-06-18,9675,2018-06-12,0232,022058,NA,2,3,5,3022,0,1,1,NA,2,503,I-5 NORTHBOUND,NEWPORT AVE,1056,S,N,A,-,Y,NA,NA,5,NA,NA,NA,NA,NA,N,Y,4,0,1,2,A,-,03,22350,NA,N,C,C,A,A,H,-,D,D,0,NA,NA,NA,NA,Y,NA,A,01,0,0,1,0,0,0,0,0,0,-,-,33.735801696777344,-117.8188018798828,ORANGE,TUSTIN,-117.8188018798828,33.73579406738281
90750675,2018,2018-06-19,9675,2018-06-11,1410,021386,NA,1,2,7,3019,0,1,3,NA,2,553,STATE ROUTE 55 NORTHBOUND,MACARTHUR BLVD,500,S,N,A,-,Y,NA,NA,55,NA,NA,NA,NA,NA,N,N,3,0,2,3,A,-,03,22350,NA,N,C,C,A,A,H,-,A,D,0,NA,NA,NA,NA,Y,NA,A,01,0,2,0,0,0,0,0,0,0,-,-,33.69742965698242,-117.86222076416016,ORANGE,SANTA ANA,-117.86246490478516,33.697669982910156
90752885,2018,2018-06-21,9675,2018-06-11,0815,022073,NA,1,1,6,3008,0,1,3,NA,2,572,SR-57 SOUTHBOUND,SOUTH ST,350,S,N,A,-,Y,NA,NA,NA,NA,NA,NA,NA,NA,NA,Y,3,0,1,2,A,-,03,22350,NA,N,C,C,A,A,H,-,A,D,0,NA,NA,NA,NA,Y,NA,A,01,0,1,0,0,0,0,0,0,0,-,-,33.83156967163086,-117.87637329101563,ORANGE,FULLERTON,NA,NA
90753406,2018,2018-06-21,9675,2018-06-14,0849,019171,NA,4,1,6,3015,0,1,3,NA,2,222,SR-22 E/B (GARDEN GROVE FWY),THE CITY DRIVE,100,W,N,B,-,Y,NA,NA,22,NA,NA,NA,NA,NA,E,N,3,0,1,2,A,-,06,21750,A,N,E,I,A,A,H,-,A,D,0,NA,NA,Y,NA,Y,NA,C,02,0,1,0,0,0,0,0,0,1,-,-,33.77861022949219,-117.8914794921875,ORANGE,ORANGE,-117.8914794921875,33.778953552246094
9075354,2019,2020-05-13,3000,2019-12-24,0655,5141,973A7,2,5,5,3017,0,0,0,NA,0,176,AVENIDA PICO,AVENIDA LA PATA,0,NA,Y,A,-,N,NA,NA,NA,NA,NA,NA,NA,NA,NA,Y,4,0,1,2,A,-,12,21453,A,N,D,C,A,A,H,-,A,A,0,NA,NA,NA,NA,Y,NA,A,01,0,0,1,0,0,0,0,0,0,-,-,NA,NA,ORANGE,SAN CLEMENTE,-117.60089874267578,33.456199645996094
90755264,2018,2018-06-25,9670,2018-06-15,1300,018516,NA,5,1,7,3001,0,1,3,NA,2,094,SR-91 E/B,BROOKHURST ST,1320,W,N,A,-,Y,NA,NA,91,NA,NA,NA,NA,NA,E,Y,3,0,2,3,A,-,03,22350,NA,N,C,C,A,A,H,-,A,C,0,NA,NA,NA,NA,Y,NA,A,01,0,1,1,0,0,0,0,0,0,-,-,33.853790283203125,-117.96395874023438,ORANGE,ANAHEIM,-117.96395874023438,33.85371398925781
9075769,2020,2020-06-25,3000,2020-03-09,2133,5163,921G7,1,5,5,3040,0,0,0,NA,0,743,LA PAZ RD,AVILA RD,0,NA,Y,B,-,N,NA,NA,NA,NA,NA,NA,NA,NA,NA,Y,4,0,1,2,D,-,00,NA,NA,N,D,C,A,A,H,-,C,A,0,NA,NA,NA,NA,Y,NA,-,-,0,0,1,0,0,0,0,0,0,-,-,NA,NA,ORANGE,LAGUNA NIGUEL,-117.70806121826172,33.563411712646484
90761402,2018,2018-07-03,9675,2018-06-25,0705,021397,NA,1,1,6,3015,0,1,3,NA,2,572,SR-57 SOUTHBOUND,ORANGEWOOD AVE,200,S,N,A,-,Y,NA,NA,57,NA,NA,NA,NA,NA,S,Y,4,0,1,2,A,-,03,22350,NA,N,C,C,A,A,H,-,A,D,0,NA,NA,NA,NA,Y,NA,A,07,0,0,1,0,0,0,0,0,0,-,-,33.79521179199219,-117.87816619873048,ORANGE,ORANGE,-117.87818908691406,33.79521560668945
90762648,2018,2018-07-04,9675,2018-06-23,1500,021984,NA,6,2,9,3000,0,2,4,NA,2,010,SANTIAGO CANYON ROAD N/B,HAUL RD,2000,N,N,A,-,Y,NA,NA,NA,NA,NA,NA,NA,NA,NA,N,3,0,2,2,A,-,03,22350,NA,N,C,C,A,A,H,-,A,D,0,NA,NA,Y,NA,Y,NA,C,02,0,2,0,0,0,0,0,0,2,-,-,33.76713180541992,-117.71803283691406,ORANGE,UNINCORPORATED,-117.70890808105467,33.761985778808594
90764819,2018,2018-07-12,9675,2018-06-28,1030,022052,NA,4,1,6,3008,0,1,3,NA,2,571,SR-57 NORTHBOUND,ORANGETHORPE AVE,100,N,N,A,-,Y,NA,NA,57,NA,NA,NA,NA,NA,N,Y,2,0,3,3,A,-,08,22107,NA,N,D,C,A,A,H,-,A,D,0,NA,NA,NA,NA,Y,NA,A,07,1,0,2,0,0,0,0,0,0,-,-,33.87445068359375,-117.88047790527344,ORANGE,FULLERTON,-117.8802490234375,33.87443923950195
90765559,2018,2018-07-09,9675,2018-07-02,1710,022052,NA,1,2,6,3026,0,1,1,NA,2,406,I-405 NORTHBOUND,CULVER DR,1800,N,N,A,-,Y,NA,NA,405,NA,NA,NA,NA,NA,N,Y,3,0,1,3,A,-,03,22350,NA,N,C,C,A,A,H,-,A,D,0,NA,NA,NA,NA,Y,NA,A,07,0,1,0,0,0,0,0,0,0,-,-,33.67148971557617,-117.8284912109375,ORANGE,IRVINE,-117.82847595214844,33.67153549194336
90775064,2018,2018-07-24,9670,2018-07-21,1145,021585,NA,6,1,4,3020,0,1,1,NA,2,044,I-405 N/B,SEAL BEACH BLVD,4224,S,N,A,-,Y,NA,NA,405,NA,NA,NA,NA,NA,N,Y,3,0,1,3,A,-,03,22350,NA,N,C,C,A,A,H,-,A,D,0,NA,NA,NA,NA,Y,NA,A,01,0,1,0,0,0,0,0,0,0,-,-,33.77452850341797,-118.06065368652344,ORANGE,SEAL BEACH,-118.06065368652344,33.774497985839844
90776346,2018,2018-07-25,9675,2018-07-13,1645,021984,NA,5,2,6,3015,0,1,1,NA,2,503,I-5 NORTHBOUND,1ST ST,300,S,N,A,-,Y,NA,NA,NA,NA,NA,NA,NA,NA,NA,Y,3,0,1,3,A,-,03,22350,NA,N,B,C,A,A,H,-,A,D,0,NA,NA,Y,NA,Y,NA,C,02,0,1,0,0,0,0,0,0,1,-,-,33.744720458984375,-117.84161376953124,ORANGE,ORANGE,NA,NA
90776467,2018,2018-07-25,9675,2018-07-14,1650,021386,NA,6,2,6,3004,0,1,1,NA,2,405,I-405 SB TO SR-55 NB,MAIN ST,1000,S,N,A,-,Y,NA,NA,405,NA,NA,NA,R,NA,S,Y,2,0,3,4,A,-,08,22107,NA,N,B,C,A,A,H,-,A,D,0,NA,NA,NA,NA,Y,NA,A,01,1,0,2,0,0,0,0,0,0,-,-,33.68859100341797,-117.87023162841795,ORANGE,COSTA MESA,-117.87023162841795,33.68859100341797
90776773,2018,2018-07-26,9675,2018-07-16,1623,021377,NA,1,2,7,3001,0,1,3,NA,2,071,SR-57 NORTHBOUND,LINCOLN AVE,350,N,N,A,-,Y,NA,NA,57,NA,NA,NA,NA,NA,N,Y,3,0,1,3,A,-,07,21658,A,N,B,C,A,A,H,-,A,D,0,NA,NA,Y,NA,Y,NA,A,01,0,1,0,0,0,0,0,0,1,-,-,33.83897018432617,-117.87600708007813,ORANGE,ANAHEIM,-117.87591552734376,33.83897399902344
90777342,2018,2018-07-26,9675,2018-07-18,1155,017833,NA,3,1,7,3019,0,1,3,NA,2,552,SR-55 SOUTHBOUND,MACARTHUR BLVD,975,N,N,A,-,Y,NA,NA,55,NA,NA,NA,NA,NA,S,Y,4,0,1,2,A,-,03,22350,NA,N,C,C,A,A,H,-,A,D,0,NA,NA,NA,NA,Y,NA,A,01,0,0,1,0,0,0,0,0,0,-,-,33.70100021362305,-117.85951232910156,ORANGE,SANTA ANA,-117.8593521118164,33.70085144042969
90778712,2018,2018-07-27,9670,2018-07-25,1822,021821,NA,3,2,6,3008,0,1,3,NA,2,094,SR-91 E/B FROM BROOKHURST ST,BROOKHURST ST,440,E,N,A,-,Y,NA,NA,91,NA,NA,NA,R,NA,E,Y,3,0,1,2,A,-,03,22350,NA,N,C,C,A,A,H,-,A,A,0,NA,NA,NA,NA,Y,NA,A,01,0,1,0,0,0,0,0,0,0,-,-,33.85350036621094,-117.95777893066406,ORANGE,FULLERTON,-117.95777893066406,33.85350036621094
90779406,2018,2018-07-30,9675,2018-07-21,0520,020027,NA,6,3,6,3026,0,1,1,NA,2,407,I-405 SOUTHBOUND,SAND CANYON AVE,750,N,N,A,-,Y,NA,NA,405,NA,NA,NA,NA,NA,S,Y,3,0,1,1,A,-,08,22107,NA,N,E,I,A,A,H,-,B,D,0,NA,NA,NA,NA,Y,NA,A,07,0,1,0,0,0,0,0,0,0,-,-,33.65753173828125,-117.77967834472656,ORANGE,IRVINE,-117.7792510986328,33.65827941894531
90779663,2018,2018-07-30,9675,2018-07-18,1555,021397,NA,3,2,6,3026,0,1,3,NA,2,074,SR-73 SOUTHBOUND,NEWPORT COAST DR,4200,S,N,A,-,Y,NA,NA,73,NA,NA,NA,NA,NA,S,Y,2,0,2,2,A,-,03,22350,NA,N,C,C,A,A,H,-,A,D,0,NA,NA,NA,Y,Y,NA,A,01,1,0,1,0,0,0,0,0,0,-,-,33.613670349121094,-117.81812286376952,ORANGE,IRVINE,-117.81808471679688,33.61369705200195
90783413,2018,2018-08-02,9675,2018-07-26,1747,019804,NA,4,2,6,3026,0,1,1,NA,2,406,I-405 SOUTHBOUND,HARVARD AVE,220,N,N,A,-,Y,NA,NA,405,NA,NA,NA,NA,NA,S,Y,3,0,1,2,A,-,07,21658,A,N,B,C,A,A,H,-,A,D,0,NA,NA,Y,NA,Y,NA,A,07,0,1,0,0,0,0,0,0,1,-,-,33.67285919189453,-117.83316802978516,ORANGE,IRVINE,-117.83318328857422,33.672821044921875
90784409,2018,2018-08-06,9675,2018-07-27,2333,022074,NA,5,3,6,3004,0,1,3,NA,2,553,SR-55 NORTHBOUND,MESA DR,200,N,N,B,-,Y,NA,NA,55,NA,NA,NA,NA,NA,N,Y,3,0,1,3,A,-,03,22350,NA,N,C,C,A,A,H,-,C,D,0,NA,NA,NA,NA,Y,NA,A,01,0,1,0,0,0,0,0,0,0,-,-,33.66883087158203,-117.89150238037108,ORANGE,COSTA MESA,-117.89167785644533,33.66903305053711
90784754,2018,2018-08-06,9675,2018-07-31,0832,018834,NA,2,1,6,3015,0,1,3,NA,2,050,SR-55 SOUTHBOUND,COLLINS AVE,200,S,N,A,-,Y,NA,NA,55,NA,NA,NA,NA,NA,S,Y,3,0,2,2,A,-,06,21750,A,F,B,C,A,A,H,-,A,D,0,NA,NA,Y,NA,Y,NA,-,99,0,2,0,0,0,0,0,0,2,-,-,33.801361083984375,-117.83165740966795,ORANGE,ORANGE,-117.8316650390625,33.801361083984375
90786974,2018,2018-08-08,9675,2018-08-05,1320,019652,NA,7,1,7,3001,0,1,1,NA,2,502,I-5 SOUTHBOUND,SR-22 WESTBOUND,800,N,N,A,-,Y,NA,NA,NA,NA,NA,NA,NA,NA,NA,N,4,0,2,3,A,-,08,22107,NA,N,B,C,A,A,H,-,A,D,0,NA,NA,NA,NA,Y,NA,A,07,0,0,2,0,0,0,0,0,0,-,-,33.7846794128418,-117.88282012939452,ORANGE,ANAHEIM,NA,NA
90787380,2018,2018-08-09,9675,2018-08-02,0600,019404,NA,4,1,6,3015,0,1,1,NA,2,502,I-5 SOUTHBOUND,SR-22 WESTBOUND,2500,N,N,A,-,Y,NA,NA,5,NA,NA,NA,NA,NA,S,Y,4,0,1,2,A,-,08,22107,NA,N,B,C,A,A,H,-,B,D,0,NA,NA,NA,NA,Y,NA,A,07,0,0,1,0,0,0,0,0,0,-,-,33.78281021118164,-117.88127899169922,ORANGE,ORANGE,-117.88135528564452,33.782718658447266
9079169,2020,2020-06-23,3000,2020-02-15,0935,9573,891H5,6,5,5,3050,0,0,0,NA,0,760,MUIRLANDS BL,EL TORO RD,410,S,N,A,-,N,NA,NA,NA,NA,NA,NA,NA,NA,NA,N,4,0,1,2,A,-,05,21650,1,N,D,G,A,-,H,-,A,A,0,NA,Y,NA,NA,Y,NA,L,04,0,0,1,0,0,0,1,0,0,-,-,NA,NA,ORANGE,LAKE FOREST,-117.69640350341795,33.622406005859375