CASE_ID,ACCIDENT_YEAR,PROC_DATE,JURIS,COLLISION_DATE,COLLISION_TIME,OFFICER_ID,REPORTING_DISTRICT,DAY_OF_WEEK,CHP_SHIFT,POPULATION,CNTY_CITY_LOC,SPECIAL_COND,BEAT_TYPE,CHP_BEAT_TYPE,CITY_DIVISION_LAPD,CHP_BEAT_CLASS,BEAT_NUMBER,PRIMARY_RD,SECONDARY_RD,DISTANCE,DIRECTION,INTERSECTION,WEATHER_1,WEATHER_2,STATE_HWY_IND,CALTRANS_COUNTY,CALTRANS_DISTRICT,STATE_ROUTE,ROUTE_SUFFIX,POSTMILE_PREFIX,POSTMILE,LOCATION_TYPE,RAMP_INTERSECTION,SIDE_OF_HWY,TOW_AWAY,COLLISION_SEVERITY,NUMBER_KILLED,NUMBER_INJURED,PARTY_COUNT,PRIMARY_COLL_FACTOR,PCF_CODE_OF_VIOL,PCF_VIOL_CATEGORY,PCF_VIOLATION,PCF_VIOL_SUBSECTION,HIT_AND_RUN,TYPE_OF_COLLISION,MVIW,PED_ACTION,ROAD_SURFACE,ROAD_COND_1,ROAD_COND_2,LIGHTING,CONTROL_DEVICE,CHP_ROAD_TYPE,PEDESTRIAN_ACCIDENT,BICYCLE_ACCIDENT,MOTORCYCLE_ACCIDENT,TRUCK_ACCIDENT,NOT_PRIVATE_PROPERTY,ALCOHOL_INVOLVED,STWD_VEHTYPE_AT_FAULT,CHP_VEHTYPE_AT_FAULT,COUNT_SEVERE_INJ,COUNT_VISIBLE_INJ,COUNT_COMPLAINT_PAIN,COUNT_PED_KILLED,COUNT_PED_INJURED,COUNT_BICYCLIST_KILLED,COUNT_BICYCLIST_INJURED,COUNT_MC_KILLED,COUNT_MC_INJURED,PRIMARY_RAMP,SECONDARY_RAMP,LATITUDE,LONGITUDE,COUNTY,CITY,POINT_X,POINT_Y
90792866,2018,2018-08-17,9675,2018-08-15,0009,021225,NA,3,3,6,3015,0,1,3,NA,2,550,SR-55 SOUTHBOUND,KATELLA AVE,450,N,N,A,-,Y,NA,NA,55,NA,NA,NA,NA,NA,S,Y,4,0,1,2,C,-,18,NA,NA,N,C,C,A,A,H,-,D,D,0,NA,NA,NA,NA,Y,NA,-,-,0,0,1,0,0,0,0,0,0,-,-,33.81221008300781,-117.8322296142578,ORANGE,ORANGE,-117.83211517333984,33.81221008300781
90796402,2018,2018-08-23,9670,2018-08-20,2100,021467,NA,1,2,7,3001,0,1,1,NA,2,503,I-5 S/B (SANTA ANA FWY),MAGNOLIA AVE,155,S,N,A,-,Y,NA,NA,5,NA,NA,NA,NA,NA,S,Y,2,0,1,2,C,-,18,NA,NA,N,G,B,E,A,H,-,C,D,0,Y,NA,NA,NA,Y,NA,-,-,1,0,0,0,1,0,0,0,0,-,-,33.854400634765625,-117.97564697265624,ORANGE,ANAHEIM,-117.97566223144533,33.85438919067383
90796934,2018,2018-08-23,9675,2018-08-19,1645,021613,NA,7,2,7,3001,0,1,3,NA,2,094,SR-91 EASTBOUND,IMPERIAL HIGHWAY,1000,E,N,A,-,Y,NA,NA,91,NA,NA,NA,NA,NA,E,Y,4,0,1,4,A,-,03,22350,NA,N,C,C,A,A,H,-,A,D,0,NA,NA,NA,NA,Y,NA,A,01,0,0,1,0,0,0,0,0,0,-,-,33.861228942871094,-117.77510833740234,ORANGE,ANAHEIM,-117.77513122558594,33.86127853393555
90798393,2018,2018-08-27,9675,2018-08-20,0720,019394,NA,1,1,6,3026,0,1,1,NA,2,503,I-5 NORTHBOUND,CULVER DR.,2700,S,N,B,-,Y,NA,NA,NA,NA,NA,NA,NA,NA,NA,Y,3,0,1,2,A,-,03,22350,NA,N,C,C,A,A,H,-,A,D,0,NA,NA,NA,NA,Y,NA,A,01,0,1,0,0,0,0,0,0,0,-,-,33.4213981628418,-117.46379852294922,ORANGE,IRVINE,-117.77741241455078,33.70405197143555
90800429,2018,2018-08-30,9675,2018-08-20,1638,020694,NA,1,2,6,3015,0,1,1,NA,2,502,I-5 SOUTHBOUND,CHAPMAN AVE,1500,S,N,A,-,Y,NA,NA,5,NA,NA,NA,NA,NA,S,Y,4,0,1,3,A,-,08,22107,NA,N,D,C,A,A,H,-,A,D,0,NA,NA,NA,NA,Y,NA,A,01,0,0,1,0,0,0,0,0,0,-,-,33.786659240722656,-117.88523864746094,ORANGE,ORANGE,-117.88526916503906,33.78663635253906
90800613,2018,2018-08-29,9675,2018-08-25,0124,018985,NA,6,3,6,3026,0,1,1,NA,2,504,I-5 S/B,LAKE FOREST DR,2000,N,N,B,-,Y,NA,NA,NA,NA,NA,NA,NA,NA,NA,Y,4,0,3,3,A,-,01,23152,A,N,C,C,A,A,H,-,C,D,0,NA,NA,NA,NA,Y,Y,A,01,0,0,3,0,0,0,0,0,0,-,-,33.37580871582031,-117.43327331542967,ORANGE,IRVINE,-117.72533416748048,33.632450103759766
90800785,2018,2018-08-29,9675,2018-08-24,2348,021914,NA,5,3,7,3001,0,1,3,NA,2,095,SR-91 EASTBOUND,YORBA LINDA BLVD,1000,E,N,A,-,Y,NA,NA,91,NA,NA,NA,NA,NA,E,N,4,0,4,2,A,-,03,22350,NA,N,C,C,A,A,H,-,D,D,0,NA,NA,NA,NA,Y,NA,A,01,0,0,4,0,0,0,0,0,0,-,-,33.86621856689453,-117.71587371826172,ORANGE,ANAHEIM,-117.7158660888672,33.86618423461914
90807222,2018,2018-09-06,9670,2018-09-06,0742,021585,NA,4,1,7,3001,0,1,3,NA,2,093,SR-91 W/B,HARBOR BLVD,528,E,N,B,-,Y,NA,NA,91,NA,NA,NA,NA,NA,W,Y,3,0,1,2,A,-,03,22350,NA,N,C,C,A,A,H,-,A,D,0,NA,NA,NA,Y,Y,NA,A,07,0,1,0,0,0,0,0,0,0,-,-,33.85361862182617,-117.92623138427734,ORANGE,ANAHEIM,-117.9262237548828,33.853904724121094
90807286,2018,2018-09-06,9690,2018-08-31,0735,017932,NA,5,1,5,3028,0,1,1,NA,2,056,I-5 N/B (SAN DIEGO FRWY),OSO PARKWAY,3000,N,N,A,-,Y,NA,NA,5,NA,NA,NA,NA,NA,N,Y,4,0,2,3,A,-,03,22350,NA,N,C,C,A,A,H,-,A,D,0,NA,NA,NA,NA,Y,NA,A,01,0,0,2,0,0,0,0,0,0,-,-,33.58845901489258,-117.67140197753906,ORANGE,MISSION VIEJO,-117.67145538330078,33.588462829589844
90809157,2018,2018-09-10,9670,2018-09-04,2129,021467,NA,2,2,5,3024,0,1,1,NA,2,043,I-405 S/B (SAN DIEGO FWY),EDWARDS ST,1056,S,N,A,-,Y,NA,NA,405,NA,NA,NA,NA,NA,S,Y,3,0,1,2,A,-,03,22350,NA,N,C,C,A,A,H,-,C,D,0,NA,NA,NA,NA,Y,NA,A,01,0,1,0,0,0,0,0,0,0,-,-,33.75120162963867,-118.0128936767578,ORANGE,WESTMINSTER,-118.01285552978516,33.751243591308594
90809294,2018,2018-09-10,9670,2018-08-26,0031,021715,NA,7,3,4,3020,0,1,1,NA,2,045,I-405 S/B,VALLEY VIEW ST,1000,N,N,A,-,Y,NA,NA,405,NA,NA,NA,NA,NA,S,Y,3,0,1,2,A,-,07,21658,A,N,C,C,A,A,H,-,E,D,0,NA,NA,NA,NA,Y,Y,A,07,0,1,0,0,0,0,0,0,0,-,-,33.774169921875,-118.05474090576172,ORANGE,SEAL BEACH,-118.05474090576172,33.77422332763672
90809346,2018,2018-09-10,9675,2018-09-04,0825,015914,NA,2,1,5,3014,0,1,3,NA,2,073,SR-73 NORTHBOUND,CAMPUS DR,100,N,N,B,-,Y,NA,NA,73,NA,NA,NA,NA,NA,N,N,4,0,2,2,A,-,03,22350,NA,N,C,C,A,A,H,-,A,D,0,NA,NA,NA,NA,Y,NA,A,01,0,0,2,0,0,0,0,0,0,-,-,33.66279983520508,-117.8751983642578,ORANGE,NEWPORT BEACH,-117.87525177001952,33.662723541259766
90810018,2018,2018-09-11,9675,2018-09-05,1830,017993,NA,3,2,6,3015,0,1,3,NA,2,550,SR-55 NORTHBOUND,LINCOLN AVE,1700,N,N,A,-,Y,NA,NA,55,NA,NA,NA,NA,NA,N,N,4,0,1,2,A,-,03,22350,NA,N,C,C,A,A,H,-,A,D,0,NA,NA,NA,NA,Y,NA,-,99,0,0,1,0,0,0,0,0,0,-,-,33.83972930908203,-117.833251953125,ORANGE,ORANGE,-117.8332977294922,33.83977127075195
90810127,2018,2018-10-08,9675,2018-09-04,1535,020240,NA,2,2,7,3001,0,1,3,NA,2,094,SR-91 EASTBOUND,WEIR CYN RD,3122,W,N,A,-,Y,NA,NA,91,NA,NA,NA,NA,NA,E,Y,3,0,1,3,A,-,06,21755,A,N,B,C,A,A,H,-,A,D,0,NA,NA,Y,Y,Y,NA,C,02,0,1,0,0,0,0,0,0,1,-,-,33.86886978149414,-117.75489807128906,ORANGE,ANAHEIM,-117.7549057006836,33.868953704833984
90810568,2018,2018-09-11,9675,2018-09-10,1652,019804,NA,1,2,6,3026,0,1,1,NA,2,407,I-405 NORTHBOUND,SAND CANYON AVENUE,300,S,N,A,-,Y,NA,NA,405,NA,NA,NA,NA,NA,N,Y,4,0,2,4,A,-,03,22350,NA,N,C,C,A,A,H,-,A,D,0,NA,NA,NA,NA,Y,NA,A,01,0,0,2,0,0,0,0,0,0,-,-,33.65787124633789,-117.77720642089844,ORANGE,IRVINE,-117.77739715576172,33.65754699707031
90812305,2018,2018-09-13,9675,2018-09-08,1414,021984,NA,6,2,7,3001,0,1,3,NA,2,094,SR-91 WESTBOUND,IMPERIAL HIGHWAY,500,E,N,A,-,Y,NA,NA,NA,NA,NA,NA,NA,NA,NA,Y,3,0,1,1,A,-,03,22350,NA,N,F,A,A,A,H,-,A,D,0,NA,NA,Y,NA,Y,NA,C,02,0,1,0,0,0,0,0,0,1,-,-,33.86832046508789,-117.75640869140624,ORANGE,ANAHEIM,NA,NA
90812928,2018,2018-09-14,9670,2018-09-04,1440,020809,NA,2,2,5,3003,0,1,3,NA,2,092,SR-91 E/B FROM KNOTT AVE S/B,SR-91,120,S,N,A,-,Y,NA,NA,91,NA,NA,NA,R,NA,E,N,3,0,1,2,A,-,03,22350,NA,F,H,G,A,A,H,-,A,D,0,NA,Y,NA,NA,Y,NA,L,04,0,1,0,0,0,0,1,0,0,-,-,33.855831146240234,-118.01139068603516,ORANGE,BUENA PARK,-118.01139068603516,33.855831146240234
90814200,2018,2018-09-17,9675,2018-09-09,0256,021438,NA,7,3,7,3001,0,1,3,NA,2,572,SR-57 S/B,BALL RD,1900,N,N,A,-,Y,NA,NA,57,NA,NA,NA,NA,NA,S,Y,4,0,1,2,A,-,01,23152,A,N,C,C,A,A,H,-,C,D,0,NA,NA,NA,NA,Y,Y,A,07,0,0,1,0,0,0,0,0,0,-,-,33.82339096069336,-117.87621307373048,ORANGE,ANAHEIM,-117.87631225585938,33.823387145996094
90814814,2018,2018-09-17,9675,2018-09-09,1608,021960,NA,7,2,7,3019,0,1,3,NA,2,222,SR-22 E/B,BRISTOL ST,397,W,N,A,-,Y,NA,NA,22,NA,NA,NA,NA,NA,E,N,4,0,1,3,A,-,03,22350,NA,N,C,C,A,A,H,-,A,D,0,NA,NA,NA,NA,Y,NA,A,01,0,0,1,0,0,0,0,0,0,-,-,33.77878189086914,-117.88546752929688,ORANGE,SANTA ANA,-117.88545989990234,33.778953552246094
90815305,2018,2018-09-18,9690,2018-09-16,1420,020147,NA,7,2,5,3028,0,1,1,NA,2,550,I-5 S/B (SAN DIEGO FRWY),LA PAZ RD,50,N,N,A,-,Y,NA,NA,5,NA,NA,NA,NA,NA,S,Y,3,0,5,2,A,-,07,21658,A,F,C,C,A,A,H,-,A,D,0,NA,NA,NA,NA,Y,NA,A,01,0,2,3,0,0,0,0,0,0,-,-,33.59806823730469,-117.67669677734376,ORANGE,MISSION VIEJO,-117.67672729492188,33.59803009033203
90817880,2018,2018-09-20,9690,2018-09-17,0820,017932,NA,1,1,5,3028,0,1,1,NA,2,056,I-5 S/B (SAN DIEGO FRWY),AVERY PARKWAY,2000,N,N,A,-,Y,NA,NA,5,NA,NA,NA,NA,NA,S,Y,4,0,1,4,A,-,03,22350,NA,N,C,C,A,A,H,-,A,D,0,NA,NA,NA,NA,Y,NA,A,07,0,0,1,0,0,0,0,0,0,-,-,33.55284118652344,-117.67302703857422,ORANGE,MISSION VIEJO,-117.67302703857422,33.55284118652344
90819281,2018,2018-09-24,9670,2018-09-13,1550,022055,NA,4,2,4,3020,0,1,1,NA,2,045,I-405 S/B,SEALBEACH BLVD.,300,S,N,A,-,Y,NA,NA,405,NA,NA,NA,NA,NA,S,Y,3,0,2,2,A,-,03,22350,NA,N,C,C,A,A,D,-,A,D,0,NA,NA,NA,NA,Y,NA,A,01,0,2,0,0,0,0,0,0,0,-,-,33.77397918701172,-118.06308746337892,ORANGE,SEAL BEACH,-118.06308746337892,33.774234771728516
90820750,2018,2018-09-25,9675,2018-09-14,2255,021633,NA,5,3,7,3001,0,1,3,NA,2,093,SR-91 W/B,IMPERIAL HIGHWAY,400,E,N,A,-,Y,NA,NA,91,NA,NA,NA,NA,NA,W,Y,4,0,2,3,A,-,08,22107,NA,N,B,C,A,A,H,-,C,D,0,NA,NA,NA,NA,Y,NA,A,01,0,0,2,0,0,0,0,0,0,-,-,33.85483932495117,-117.78910064697266,ORANGE,ANAHEIM,-117.7891082763672,33.8548698425293
90821002,2018,2018-09-25,9675,2018-09-14,1610,019407,NA,5,2,7,3001,0,1,3,NA,2,095,SR-91 EASTBOUND,COAL CYN RD,400,E,N,A,-,Y,NA,NA,NA,NA,NA,NA,NA,NA,NA,Y,4,0,1,3,A,-,03,22350,NA,N,C,C,A,A,H,-,A,D,0,NA,NA,NA,NA,Y,NA,D,22,0,0,1,0,0,0,0,0,0,-,-,33.522911071777344,-117.41056060791016,ORANGE,ANAHEIM,NA,NA
90821948,2018,2018-09-26,9675,2018-09-16,0905,019088,NA,7,1,7,3001,0,1,3,NA,2,094,SR-91 W/B TO IMPERIAL HIGHWAY,IMPERIAL HIGHWAY,440,E,N,A,-,Y,NA,NA,91,NA,NA,NA,R,NA,W,Y,3,0,1,1,A,-,03,22350,NA,N,F,A,A,A,H,-,A,D,0,NA,NA,Y,NA,Y,NA,C,02,0,1,0,0,0,0,0,0,1,-,-,33.85564041137695,-117.78887939453124,ORANGE,ANAHEIM,-117.78887939453124,33.85564041137695
90821952,2018,2018-09-26,9675,2018-09-16,1020,019088,NA,7,1,7,3001,0,1,3,NA,2,094,SR-91 W/B,WEIR CYN RD,1584,W,N,A,-,Y,NA,NA,91,NA,NA,NA,NA,NA,W,Y,4,0,2,3,A,-,16,24002,A,N,D,C,A,A,H,-,A,D,0,NA,NA,NA,NA,Y,NA,E,22,0,0,2,0,0,0,0,0,0,-,-,33.8697395324707,-117.75045013427734,ORANGE,ANAHEIM,-117.75045013427734,33.869754791259766
90822485,2018,2018-09-27,9675,2018-09-20,0805,018039,NA,4,1,7,3001,0,1,3,NA,2,094,SR-91 EASTBOUND,IMPERIAL HIGHWAY,1482,E,N,A,-,Y,NA,NA,91,NA,NA,NA,NA,NA,E,Y,3,0,1,2,A,-,03,22350,NA,N,C,C,A,A,H,-,A,D,0,NA,NA,NA,NA,Y,NA,A,01,0,1,0,0,0,0,0,0,0,-,-,33.857391357421875,-117.78294372558594,ORANGE,ANAHEIM,-117.7829818725586,33.85747528076172
90822528,2018,2018-09-27,9675,2018-09-20,0745,022052,NA,4,1,6,3004,0,1,3,NA,2,073,SR-73 SOUTHBOUND,RED HILL AVE,200,N,N,B,-,Y,NA,NA,73,NA,NA,NA,NA,NA,S,N,4,0,1,2,A,-,03,22350,NA,N,C,C,A,A,H,-,A,D,0,NA,NA,NA,NA,Y,NA,A,01,0,0,1,0,0,0,0,0,0,-,-,33.66783142089844,-117.88165283203124,ORANGE,COSTA MESA,-117.8815689086914,33.667903900146484
9082590,2020,2020-05-20,3000,2020-02-11,1545,7734,892B5,2,5,5,3028,0,0,0,NA,0,752,TRABUCO RD,MANALASTAS DR,382,S,N,A,-,N,NA,NA,NA,NA,NA,NA,NA,NA,NA,N,4,0,1,1,A,-,08,22107,NA,M,E,I,A,A,H,-,A,D,0,NA,NA,NA,NA,Y,NA,A,01,0,0,1,0,0,0,0,0,0,-,-,NA,NA,ORANGE,MISSION VIEJO,-117.67441558837892,33.631412506103516
90826187,2018,2018-10-02,9670,2018-08-28,1818,021207,NA,2,2,6,3009,0,1,3,NA,2,023,SR-22 E/B (GARDEN GROVE FREEWAY),EUCLID ST,528,E,N,A,-,Y,NA,NA,22,NA,NA,NA,NA,NA,E,Y,4,0,1,4,A,-,03,22350,NA,N,C,C,A,A,H,-,A,D,0,NA,NA,NA,NA,Y,NA,A,01,0,0,1,0,0,0,0,0,0,-,-,33.76591110229492,-117.93569946289063,ORANGE,GARDEN GROVE,-117.93569946289063,33.76604080200195
90827161,2018,2018-10-03,9675,2018-09-23,0748,022058,NA,7,1,6,3026,0,1,1,NA,2,406,I-405 NORTHBOUND,HARVARD AVE,300,S,N,B,-,Y,NA,NA,405,NA,NA,NA,NA,NA,N,Y,4,0,1,1,A,-,08,22107,NA,N,E,I,A,A,H,-,A,D,0,NA,NA,NA,NA,Y,NA,A,08,0,0,1,0,0,0,0,0,0,-,-,33.67240905761719,-117.83113098144533,ORANGE,IRVINE,-117.83112335205078,33.67242431640625
9082861,2020,2020-07-01,3010,2020-03-17,1848,1243,264,2,5,6,3010,0,0,0,NA,0,006,WARNER,W MAGNOLIA,504,W,N,A,-,N,NA,NA,NA,NA,NA,NA,NA,NA,NA,Y,4,0,1,2,A,-,01,23152,A,N,-,C,A,A,H,-,A,D,0,NA,NA,NA,NA,Y,Y,A,01,0,0,1,0,0,0,0,0,0,-,-,NA,NA,ORANGE,HUNTINGTON BEACH,-117.97357177734376,33.71586608886719
9083009,2020,2020-07-10,3004,2020-03-07,1639,P542,22,6,5,6,3004,0,0,0,NA,0,010,W BAKER ST,ENTERPRISE ST,0,NA,Y,B,-,N,NA,NA,NA,NA,NA,NA,NA,NA,NA,Y,4,0,1,2,A,-,03,22350,NA,N,C,C,A,A,H,-,A,D,0,NA,NA,NA,NA,Y,NA,A,01,0,0,1,0,0,0,0,0,0,-,-,33.680301666259766,-117.88200378417967,ORANGE,COSTA MESA,-117.88243865966795,33.680110931396484
90832052,2018,2018-10-09,9675,2018-10-01,0655,016199,NA,1,1,6,3026,0,1,1,NA,2,504,I-5 SOUTHBOUND,LAKE FOREST DR,1056,N,N,A,-,Y,NA,NA,5,NA,NA,NA,NA,NA,S,Y,4,0,1,2,A,-,08,22107,NA,N,C,C,A,A,H,-,A,D,0,NA,NA,NA,Y,Y,NA,A,01,0,0,1,0,0,0,0,0,0,-,-,33.63228988647461,-117.72527313232422,ORANGE,IRVINE,-117.7252197265625,33.632347106933594
90833218,2018,2018-10-10,9690,2018-10-03,0750,017932,NA,3,1,4,3018,0,1,1,NA,2,057,I-5 N/B (SAN DIEGO FRWY),SR-73 OVERCROSSING,2,N,N,B,-,Y,NA,NA,5,NA,NA,NA,NA,NA,N,Y,4,0,2,3,A,-,03,22350,NA,N,C,C,A,A,H,-,A,D,0,NA,NA,NA,NA,Y,NA,A,07,0,0,2,0,0,0,0,0,0,-,-,33.54185104370117,-117.6736297607422,ORANGE,SAN JUAN CAPISTRANO,-117.67365264892578,33.54185485839844
90834365,2018,2018-10-12,9675,2018-10-10,0730,018834,NA,3,1,6,3015,0,1,3,NA,2,222,SR-22 E/B TO SR-55 S/B,TUSTIN AVE,500,E,N,A,-,Y,NA,NA,22,NA,NA,NA,R,NA,E,N,4,0,1,2,A,-,03,22350,NA,N,C,C,A,A,H,-,A,D,0,NA,NA,NA,NA,Y,NA,A,07,0,0,1,0,0,0,0,0,0,-,-,33.775760650634766,-117.83383941650392,ORANGE,ORANGE,-117.83383941650392,33.775760650634766
90835024,2018,2018-10-12,9690,2018-10-09,1650,018646,NA,2,2,4,3018,0,1,1,NA,2,057,I-5 N/B FROM W/B SR-74,SR-74 (ORTEGA HWY),600,N,N,A,-,Y,NA,NA,5,NA,NA,NA,R,NA,N,N,4,0,1,2,A,-,21,22106,NA,N,C,C,A,A,H,-,A,A,0,NA,NA,NA,NA,Y,NA,D,22,0,0,1,0,0,0,0,0,0,-,-,33.5047492980957,-117.65859985351563,ORANGE,SAN JUAN CAPISTRANO,-117.65859985351563,33.5047492980957
90836555,2018,2018-10-16,9670,2018-10-12,0720,021459,NA,5,1,5,3024,0,1,1,NA,2,043,I-405 S/B,EDWARDS ST,1000,N,N,A,-,Y,NA,NA,405,NA,NA,NA,NA,NA,S,Y,3,0,1,2,A,-,03,22350,NA,N,C,C,A,A,D,-,A,D,0,NA,NA,Y,NA,Y,NA,C,02,0,1,0,0,0,0,0,0,1,-,-,33.7558708190918,-118.01824951171876,ORANGE,WESTMINSTER,-118.01830291748048,33.755802154541016
90841223,2018,2018-10-22,9690,2018-10-13,0234,020469,NA,6,3,5,3050,0,1,1,NA,2,055,I-5 N/B (SAN DIEGO FRWY),EL TORO RD,700,N,N,C,-,Y,NA,NA,5,NA,NA,NA,NA,NA,N,Y,3,0,1,1,A,-,01,23152,A,N,E,I,A,B,H,-,C,D,0,NA,NA,NA,NA,Y,Y,A,01,0,1,0,0,0,0,0,0,0,-,-,33.616180419921875,-117.70881652832033,ORANGE,LAKE FOREST,-117.70891571044922,33.61608123779297
90841707,2018,2018-10-22,9690,2018-10-20,0935,015927,NA,6,1,4,3045,0,1,1,NA,2,055,I-5 S/B (SAN DIEGO FRWY),EL TORO RD,3696,N,N,A,-,Y,NA,NA,5,NA,NA,NA,NA,NA,S,Y,3,0,3,2,A,-,03,22350,NA,N,C,C,A,A,H,-,A,D,0,NA,NA,NA,NA,Y,NA,A,01,0,1,2,0,0,0,0,0,0,-,-,33.622501373291016,-117.71540069580078,ORANGE,LAGUNA HILLS,-117.71540832519533,33.62248992919922
90843779,2018,2018-10-24,9690,2018-10-19,1730,020086,NA,5,2,5,3028,0,1,1,NA,2,056,I-5 S/B (SAN DIEGO FRWY),CROWN VALLEY PKWY,2000,N,N,A,-,Y,NA,NA,5,NA,NA,NA,NA,NA,S,Y,3,0,1,3,A,-,03,22350,NA,N,C,C,A,A,H,-,A,D,0,NA,NA,NA,NA,Y,NA,A,01,0,1,0,0,0,0,0,0,0,-,-,33.571109771728516,-117.6719207763672,ORANGE,MISSION VIEJO,-117.67205047607422,33.57111358642578
90843804,2018,2018-10-24,9675,2018-10-18,1500,021941,NA,4,2,4,3002,0,1,3,NA,2,570,SR-57 S/B,LAMBERT RD,500,S,N,A,-,Y,NA,NA,57,NA,NA,NA,NA,NA,S,Y,3,0,3,3,A,-,03,22350,NA,N,C,C,A,A,H,-,A,D,0,NA,NA,NA,NA,Y,NA,A,01,0,3,0,0,0,0,0,0,0,-,-,33.92390060424805,-117.88037109375,ORANGE,BREA,-117.88031005859376,33.92390060424805
9084735,2020,2020-07-07,3005,2020-03-16,1235,8237,C21,1,5,4,3005,0,0,0,NA,0,002,WALKER ST,BALL RD,0,NA,Y,B,-,N,NA,NA,NA,NA,NA,NA,NA,NA,NA,N,4,0,1,2,A,-,12,21453,A,N,D,C,A,A,H,-,A,A,0,NA,NA,NA,NA,Y,NA,D,22,0,0,1,0,0,0,0,0,0,-,-,NA,NA,ORANGE,CYPRESS,-118.0368194580078,33.81705856323242
90847960,2018,2018-10-29,9670,2018-10-28,1400,021585,NA,7,2,5,3007,0,1,1,NA,2,040,I-405 N/B,BROOKHURST ST,528,N,N,A,-,Y,NA,NA,405,NA,NA,NA,NA,NA,N,N,4,0,1,3,A,-,03,22350,NA,N,C,C,A,A,H,-,A,D,0,NA,NA,NA,NA,Y,NA,A,01,0,0,1,0,0,0,0,0,0,-,-,33.70743179321289,-117.95642852783205,ORANGE,FOUNTAIN VALLEY,-117.95654296875,33.70729446411133
90848345,2018,2018-10-30,9675,2018-10-24,0945,020627,NA,3,1,7,3019,0,1,3,NA,2,551,SR-55 SOUTHBOUND,4TH ST,500,S,N,A,-,Y,NA,NA,55,NA,NA,NA,NA,NA,S,N,4,0,2,3,A,-,03,22350,NA,N,C,C,A,A,H,-,A,D,0,NA,NA,NA,NA,Y,NA,A,01,0,0,2,0,0,0,0,0,0,-,-,33.74671173095703,-117.83290100097656,ORANGE,SANTA ANA,-117.83287048339844,33.746700286865234
90849237,2018,2018-10-31,9675,2018-10-24,1826,019804,NA,3,2,6,3015,0,1,3,NA,2,222,SR-22 EASTBOUND,CAMBRIDGE ST,100,W,N,A,-,Y,NA,NA,22,NA,NA,NA,NA,NA,E,Y,4,0,1,3,A,-,03,22350,NA,F,C,C,A,A,H,-,B,D,0,NA,NA,NA,NA,Y,NA,A,01,0,0,1,0,0,0,0,0,0,-,-,33.775970458984375,-117.84467315673828,ORANGE,ORANGE,-117.84466552734376,33.77596664428711
90849278,2018,2018-12-05,9675,2018-10-22,1945,021690,NA,1,2,6,3026,0,1,1,NA,2,503,I-5 N/B,CULVER DR,100,N,N,A,-,Y,NA,NA,5,NA,NA,NA,NA,NA,N,Y,3,0,2,2,A,-,03,22350,NA,N,C,C,A,A,H,-,C,D,0,NA,NA,NA,NA,Y,NA,A,01,0,1,1,0,0,0,0,0,0,-,-,33.71672821044922,-117.790771484375,ORANGE,IRVINE,-117.79076385498048,33.71674346923828
90849569,2018,2018-12-27,9675,2018-10-24,1655,021983,NA,3,2,6,3015,0,1,1,NA,2,502,I-5 NORTHBOUND,SR-22 EASTBOUND,2000,S,N,A,-,Y,NA,NA,NA,NA,NA,NA,NA,NA,NA,Y,4,0,3,5,A,-,03,22350,NA,N,C,C,A,A,H,-,A,D,0,NA,NA,NA,NA,Y,NA,A,01,0,0,3,0,0,0,0,0,0,-,-,33.772979736328125,-117.8709716796875,ORANGE,ORANGE,-117.87590026855467,33.77886962890625
90849787,2018,2018-10-31,9690,2018-10-27,1900,020194,NA,6,2,4,3018,0,1,1,NA,2,056,I-5 S/B (SAN DIEGO FRWY),AVERY PKWY,900,N,N,A,-,Y,NA,NA,NA,NA,NA,NA,NA,NA,NA,Y,4,0,5,4,A,-,03,22350,NA,N,C,C,A,A,H,-,C,D,0,NA,NA,NA,NA,Y,NA,A,08,0,0,5,0,0,0,0,0,0,-,-,33.551090240478516,-117.6731185913086,ORANGE,SAN JUAN CAPISTRANO,NA,NA
90850442,2018,2018-11-01,9675,2018-10-31,0054,021752,NA,3,3,6,3004,0,1,1,NA,2,405,I-405 SOUTHBOUND,HARBOR BLVD,1850,N,N,A,-,Y,NA,NA,405,NA,NA,NA,NA,NA,S,Y,4,0,1,2,A,-,01,23152,A,F,B,C,A,A,H,-,C,D,0,NA,NA,NA,NA,Y,Y,A,07,0,0,1,0,0,0,0,0,0,-,-,33.691219329833984,-117.92462158203124,ORANGE,COSTA MESA,-117.92463684082033,33.69116973876953