CASE_ID,ACCIDENT_YEAR,PROC_DATE,JURIS,COLLISION_DATE,COLLISION_TIME,OFFICER_ID,REPORTING_DISTRICT,DAY_OF_WEEK,CHP_SHIFT,POPULATION,CNTY_CITY_LOC,SPECIAL_COND,BEAT_TYPE,CHP_BEAT_TYPE,CITY_DIVISION_LAPD,CHP_BEAT_CLASS,BEAT_NUMBER,PRIMARY_RD,SECONDARY_RD,DISTANCE,DIRECTION,INTERSECTION,WEATHER_1,WEATHER_2,STATE_HWY_IND,CALTRANS_COUNTY,CALTRANS_DISTRICT,STATE_ROUTE,ROUTE_SUFFIX,POSTMILE_PREFIX,POSTMILE,LOCATION_TYPE,RAMP_INTERSECTION,SIDE_OF_HWY,TOW_AWAY,COLLISION_SEVERITY,NUMBER_KILLED,NUMBER_INJURED,PARTY_COUNT,PRIMARY_COLL_FACTOR,PCF_CODE_OF_VIOL,PCF_VIOL_CATEGORY,PCF_VIOLATION,PCF_VIOL_SUBSECTION,HIT_AND_RUN,TYPE_OF_COLLISION,MVIW,PED_ACTION,ROAD_SURFACE,ROAD_COND_1,ROAD_COND_2,LIGHTING,CONTROL_DEVICE,CHP_ROAD_TYPE,PEDESTRIAN_ACCIDENT,BICYCLE_ACCIDENT,MOTORCYCLE_ACCIDENT,TRUCK_ACCIDENT,NOT_PRIVATE_PROPERTY,ALCOHOL_INVOLVED,STWD_VEHTYPE_AT_FAULT,CHP_VEHTYPE_AT_FAULT,COUNT_SEVERE_INJ,COUNT_VISIBLE_INJ,COUNT_COMPLAINT_PAIN,COUNT_PED_KILLED,COUNT_PED_INJURED,COUNT_BICYCLIST_KILLED,COUNT_BICYCLIST_INJURED,COUNT_MC_KILLED,COUNT_MC_INJURED,PRIMARY_RAMP,SECONDARY_RAMP,LATITUDE,LONGITUDE,COUNTY,CITY,POINT_X,POINT_Y
9180049,2020,2020-12-01,3010,2020-10-18,2248,2188,262,7,5,6,3010,0,0,0,NA,0,007,RT 39,TERRY DR,80,N,N,A,-,Y,ORA,12,39,-,-,4.9,H,-,S,Y,3,0,3,2,A,-,05,21651,B,N,A,C,A,A,H,-,C,D,0,NA,NA,NA,NA,Y,NA,A,01,0,2,1,0,0,0,0,0,0,-,-,NA,NA,ORANGE,HUNTINGTON BEACH,-117.98928833007813,33.719573974609375
9180213,2020,2020-12-03,3000,2020-10-16,1610,119,797J2,5,5,4,3021,0,0,0,NA,0,424,BEACH BL,PLAZA WY,177,N,N,A,-,Y,ORA,12,39,-,-,10.32,H,-,N,Y,4,0,1,2,A,-,08,22107,NA,N,C,C,A,A,H,-,A,D,0,NA,NA,NA,NA,Y,NA,A,01,0,0,1,0,0,0,0,0,0,-,-,NA,NA,ORANGE,STANTON,-117.99297332763672,33.79773712158203
9180948,2020,2021-01-05,3015,2020-10-30,1433,1098,87,5,5,6,3015,0,0,0,NA,0,731M,TUSTIN ST,MEATS AV,100,S,N,A,-,N,NA,NA,NA,NA,NA,NA,NA,NA,NA,N,4,0,1,2,A,-,03,22350,NA,M,C,C,A,A,H,-,A,A,0,NA,NA,NA,NA,Y,NA,-,99,0,0,1,0,0,0,0,0,0,-,-,33.82210922241211,-117.83535766601563,ORANGE,ORANGE,-117.83602905273438,33.822635650634766
91810205,2022,2022-07-05,9670,2022-07-01,1747,022737,NA,5,2,7,3001,0,1,3,NA,2,093,SR-91 (RIVERSIDE FREEWAY) E/B,HARBOR BLVD,1584,W,N,A,-,Y,ORA,NA,91,NA,NA,2.927,H,NA,R,N,4,0,1,2,A,-,03,22350,NA,N,C,C,A,A,H,-,A,D,0,NA,NA,NA,NA,Y,NA,A,01,0,0,1,0,0,0,0,0,0,-,-,33.854000091552734,-117.92994689941406,ORANGE,ANAHEIM,-117.92994689941406,33.854007720947266
91811177,2022,2022-07-06,9675,2022-06-26,1250,016748,NA,7,1,6,3015,0,1,3,NA,2,572,SR-57 S/B TO SR22W/B,SR-22 WESTBOUND,205,N,N,A,-,Y,NA,NA,NA,NA,NA,NA,NA,NA,NA,N,3,0,1,1,A,-,03,22350,NA,N,E,I,A,A,H,-,A,D,0,NA,NA,NA,NA,Y,NA,A,01,0,1,0,0,0,0,0,0,0,-,-,33.779640197753906,-117.88375091552734,ORANGE,ORANGE,NA,NA
91811524,2022,2022-07-06,9675,2022-06-20,1125,019897,NA,1,1,5,3022,0,1,1,NA,2,503,I-5 NORTHBOUND,REDHILL AVE,349,N,N,A,-,Y,ORA,NA,5,NA,R,29.19,H,NA,R,Y,4,0,1,4,A,-,03,22350,NA,F,C,C,A,A,H,-,A,D,0,NA,NA,NA,Y,Y,NA,-,99,0,0,1,0,0,0,0,0,0,-,-,33.734500885009766,-117.81633758544922,ORANGE,TUSTIN,-117.81636810302734,33.73447036743164
91811852,2022,2022-07-07,9670,2022-06-24,2345,021755,NA,5,3,6,3008,0,1,3,NA,2,093,SR-91 W/B,STATE COLLEGE BLVD,500,W,N,A,-,Y,ORA,NA,91,NA,NA,5.224,H,NA,L,Y,4,0,1,3,A,-,08,22107,NA,M,B,C,A,A,H,-,C,D,0,NA,NA,NA,NA,Y,NA,A,01,0,0,1,0,0,0,0,0,0,-,-,33.85441970825195,-117.89015197753906,ORANGE,FULLERTON,-117.89015197753906,33.854305267333984
91812747,2022,2022-07-08,9675,2022-07-06,2250,021914,NA,3,3,9,3000,0,3,5,NA,2,002,HOLT AVENUE,VANDERLIP AVENUE,0,NA,Y,A,-,N,NA,NA,NA,NA,NA,NA,NA,NA,NA,Y,2,0,1,4,A,-,01,23152,A,N,D,C,A,A,H,-,D,D,0,NA,NA,NA,NA,Y,Y,A,01,1,0,0,0,0,0,0,0,0,-,-,33.757198333740234,-117.81436157226563,ORANGE,UNINCORPORATED,-117.81436157226563,33.757164001464844
91815015,2022,2022-07-12,9675,2022-06-30,1655,019135,NA,4,2,6,3008,0,1,3,NA,2,570,SR-57 SOUTHBOUND,BASTANCHURY RD,600,S,N,A,-,Y,ORA,NA,57,NA,NA,18.658,H,NA,R,N,4,0,2,2,A,-,03,22350,NA,N,C,C,A,A,H,-,A,D,0,NA,NA,NA,NA,Y,NA,A,08,0,0,2,0,0,0,0,0,0,-,-,33.893638610839844,-117.88053131103516,ORANGE,FULLERTON,-117.88054656982422,33.893638610839844
91815403,2022,2022-07-12,9675,2022-07-02,1100,019599,NA,6,1,6,3026,0,1,1,NA,2,504,I-5 NORTHBOUND,YALE AVE.,1584,S,N,A,-,Y,ORA,NA,5,NA,R,25.494,H,NA,R,Y,4,0,1,2,A,-,08,22107,NA,N,B,C,A,A,H,-,A,D,0,NA,NA,NA,NA,Y,NA,A,01,0,0,1,0,0,0,0,0,0,-,-,33.696388244628906,-117.7725067138672,ORANGE,IRVINE,-117.77243041992188,33.69642639160156
91815445,2022,2022-07-12,9675,2022-07-02,1225,019599,NA,6,1,6,3026,0,1,3,NA,2,130,SR-133 NORTHBOUND,PORTOLA PKWY.,1056,N,N,A,-,Y,ORA,NA,133,NA,NA,12.775,H,NA,R,Y,3,0,1,1,A,-,08,22107,NA,N,F,A,A,A,H,-,A,D,0,NA,NA,Y,NA,Y,NA,C,02,0,1,0,0,0,0,0,0,1,-,-,33.7064094543457,-117.72588348388672,ORANGE,IRVINE,-117.72588348388672,33.70641326904297
91815525,2022,2022-07-12,9675,2022-07-02,1502,021397,NA,6,2,7,3019,0,1,1,NA,2,520,I-5 NORTHBOUND,BROADWAY,550,N,N,A,-,Y,ORA,NA,5,NA,NA,33.514,H,NA,R,N,4,0,1,2,A,-,03,22350,NA,N,C,C,A,A,H,-,A,D,0,NA,NA,NA,NA,Y,NA,A,01,0,0,1,0,0,0,0,0,0,-,-,33.77294921875,-117.87117767333984,ORANGE,SANTA ANA,-117.87108612060548,33.773006439208984
91815898,2022,2022-07-13,9670,2022-07-06,2300,020134,NA,3,3,6,3009,0,1,3,NA,2,025,SR-22 W/B,FAIRVIEW STREET,2000,W,N,A,-,Y,ORA,NA,22,NA,R,8.297,H,NA,L,N,4,0,2,2,A,-,07,21658,A,N,B,C,A,A,H,-,C,D,0,NA,NA,NA,NA,Y,NA,A,01,0,0,2,0,0,0,0,0,0,-,-,33.77091979980469,-117.91207885742188,ORANGE,GARDEN GROVE,-117.91207122802734,33.77090072631836
91818267,2022,2022-07-15,9670,2022-07-14,1100,020175,NA,4,1,4,3020,0,1,1,NA,2,044,I-405 N/B,SEAL BEACH BLVD.,100,S,N,A,-,Y,ORA,NA,405,NA,NA,22.618,H,NA,R,Y,3,0,1,3,A,-,07,21658,A,N,C,C,A,A,H,-,A,D,0,NA,NA,NA,NA,Y,NA,A,01,0,1,0,0,0,0,0,0,0,-,-,33.77455139160156,-118.0745086669922,ORANGE,SEAL BEACH,-118.0745086669922,33.77449035644531
91822462,2022,2022-07-21,9670,2022-07-08,1136,017641,NA,5,1,9,3000,0,1,3,NA,2,021,NEWLAND STREET (14000 BLOCK),MADISON AVENUE,108,S,N,A,-,N,NA,NA,NA,NA,NA,NA,NA,NA,NA,Y,2,0,1,2,A,-,09,21806,A,N,B,C,A,A,H,-,A,A,0,NA,NA,NA,NA,Y,NA,A,01,1,0,0,0,0,0,0,0,0,-,-,33.74811935424805,-117.98097229003906,ORANGE,UNINCORPORATED,-117.98089599609376,33.74812316894531
9182249,2020,2020-12-22,3009,2020-10-25,1330,4778,004,7,5,6,3009,0,0,0,NA,0,011,LAMPSON AV,BLACKMER ST,0,NA,Y,B,-,N,NA,NA,NA,NA,NA,NA,NA,NA,NA,Y,4,0,1,2,A,-,09,21801,A,N,A,C,A,A,H,-,A,A,0,NA,NA,NA,NA,Y,NA,A,01,0,0,1,0,0,0,0,0,0,-,-,NA,NA,ORANGE,GARDEN GROVE,-118.03547668457033,33.782630920410156
9182284,2020,2020-11-20,3001,2020-09-07,1305,A2582,NA,1,5,7,3001,0,0,0,NA,0,0D1,BALL RD,GILBERT ST,43,W,N,A,-,N,NA,NA,NA,NA,NA,NA,NA,NA,NA,N,4,0,1,2,A,-,03,22350,NA,N,C,C,A,A,H,-,A,A,0,NA,NA,NA,NA,Y,NA,A,01,0,0,1,0,0,0,0,0,0,-,-,33.81766891479492,-117.96764373779295,ORANGE,ANAHEIM,-117.96778106689452,33.81768798828125
9182443,2020,2020-11-18,3009,2020-08-09,0254,4587,131,7,5,6,3009,0,0,0,NA,0,021,GARDEN GROVE BL,SAFFORD ST,190,E,N,A,-,N,NA,NA,NA,NA,NA,NA,NA,NA,NA,Y,4,0,2,1,A,-,08,22107,NA,M,A,I,A,A,H,-,C,A,0,NA,NA,NA,NA,Y,NA,A,01,0,0,2,0,0,0,0,0,0,-,-,NA,NA,ORANGE,GARDEN GROVE,-117.93011474609376,33.77436447143555
91825268,2022,2022-07-26,9675,2022-07-16,1015,019320,NA,6,1,9,3000,0,3,5,NA,2,001,ALTON PKWY (SOUTHBOUND),IRVINE BLVD,1000,N,N,A,-,N,NA,NA,NA,NA,NA,NA,NA,NA,NA,N,4,0,1,1,A,-,08,22107,NA,N,E,I,A,A,H,-,A,D,0,NA,NA,NA,NA,Y,NA,A,07,0,0,1,0,0,0,0,0,0,-,-,33.667388916015625,-117.69901275634766,ORANGE,UNINCORPORATED,-117.70375061035156,33.66495895385742
91825857,2022,2022-07-27,9675,2022-07-16,2206,021874,NA,6,3,9,3000,0,3,5,NA,2,002,NEWPORT AVENUE,SMOKE TREE LANE,0,NA,Y,A,-,Y,NA,NA,NA,NA,NA,NA,NA,NA,NA,Y,4,0,2,2,A,-,09,21801,A,N,A,C,A,A,H,-,C,D,0,NA,NA,NA,NA,Y,NA,A,01,0,0,2,0,0,0,0,0,0,-,-,33.76729965209961,-117.79460144042967,ORANGE,UNINCORPORATED,-117.7947006225586,33.76738739013672
91828828,2022,2022-07-29,9670,2022-07-18,1710,019290,NA,1,2,4,3020,0,1,1,NA,2,450,I-405 S/B (SAN DIEGO FWY),SEAL BEACH BLVD,1056,S,N,A,-,Y,ORA,NA,405,NA,NA,22.254,H,NA,L,N,4,0,1,2,A,-,07,21658,A,F,B,C,A,A,D,-,A,D,0,NA,NA,NA,NA,Y,Y,-,99,0,0,1,0,0,0,0,0,0,-,-,33.77431106567383,-118.06838989257813,ORANGE,SEAL BEACH,-118.06838989257813,33.77423095703125
91829097,2022,2022-07-29,9675,2022-07-25,0830,017998,NA,1,1,6,3026,0,1,1,NA,2,504,I-5 SOUTHBOUND,JEFFREY RD,1584,S,N,B,-,Y,ORA,NA,5,NA,R,24.684,H,NA,L,N,4,0,2,2,A,-,03,22350,NA,N,C,C,A,A,H,-,A,D,0,NA,NA,NA,NA,Y,NA,D,22,0,0,2,0,0,0,0,0,0,-,-,33.685909271240234,-117.76602172851563,ORANGE,IRVINE,-117.76598358154295,33.6859245300293
91829143,2022,2022-07-29,9675,2022-07-20,1500,021982,NA,3,2,7,3001,0,1,3,NA,2,095,SR-91 EASTBOUND,GYPSUM CANYON RD,2000,W,N,A,-,Y,ORA,NA,91,NA,R,13.663,H,NA,L,N,3,0,2,3,A,-,08,22107,NA,N,C,C,A,A,H,-,A,D,0,NA,NA,NA,NA,Y,NA,A,01,0,1,1,0,0,0,0,0,0,-,-,33.8691291809082,-117.75797271728516,ORANGE,ANAHEIM,-117.75797271728516,33.8691291809082
91830065,2022,2022-12-05,9675,2022-07-21,1250,019652,NA,4,1,6,3026,0,1,1,NA,2,504,I-5 NORTHBOUND,BAKE PKWY,25,S,N,A,-,Y,ORA,NA,5,NA,NA,20.824,H,NA,R,Y,4,0,1,2,A,-,08,22107,NA,N,B,C,A,A,H,-,A,D,0,NA,NA,NA,Y,Y,NA,G,25,0,0,1,0,0,0,0,0,0,-,-,33.638771057128906,-117.73040771484376,ORANGE,IRVINE,-117.7302474975586,33.63886260986328
91830091,2022,2022-08-01,9675,2022-07-22,1738,021377,NA,5,2,7,3001,0,1,3,NA,2,195,SR-91 EASTBOUND,WEIR CANYON RD,5280,E,N,A,-,Y,ORA,NA,91,NA,R,15.325,H,NA,R,Y,3,0,1,2,A,-,08,22107,NA,N,B,C,A,A,H,-,A,D,0,NA,NA,NA,NA,Y,NA,A,01,0,1,0,0,0,0,0,0,0,-,-,33.86888885498047,-117.7300033569336,ORANGE,ANAHEIM,-117.73004150390624,33.86881637573242
9183059,2019,2020-11-24,3008,2019-09-05,1340,1544,ZONE1,4,5,6,3008,0,0,0,NA,0,NA,MALVERN AV,TARGET WY,0,NA,Y,A,-,N,NA,NA,NA,NA,NA,NA,NA,NA,NA,N,4,0,1,2,A,-,03,22350,NA,N,C,C,A,A,H,-,A,A,0,NA,NA,NA,NA,Y,NA,A,07,0,0,1,0,0,0,0,0,0,-,-,NA,NA,ORANGE,FULLERTON,NA,NA
9183068,2019,2020-11-25,3008,2019-09-13,1439,1484,NA,5,5,6,3008,0,0,0,NA,0,NA,HARBOR BL,SANTA FE AV,0,NA,Y,A,-,N,NA,NA,NA,NA,NA,NA,NA,NA,NA,Y,4,0,2,2,A,-,09,21801,A,N,A,C,A,A,H,-,A,A,0,NA,NA,NA,NA,Y,NA,A,01,0,0,2,0,0,0,0,0,0,-,-,NA,NA,ORANGE,FULLERTON,-117.92430877685548,33.86941146850586
9183070,2019,2020-11-25,3008,2019-09-14,0652,1544,ZONE3,6,5,6,3008,0,0,0,NA,0,NA,ACACIA AV,ORANGETHORPE AV,0,NA,Y,A,-,N,NA,NA,NA,NA,NA,NA,NA,NA,NA,Y,4,0,7,3,A,-,09,21801,A,N,D,C,A,A,H,-,A,A,0,NA,NA,NA,NA,Y,NA,A,01,0,0,7,0,0,0,0,0,0,-,-,NA,NA,ORANGE,FULLERTON,-117.8980712890625,33.85963821411133
91831348,2022,2022-08-02,9670,2022-08-01,0745,020325,NA,1,1,3,3013,0,1,1,NA,2,061,I-605 S/B,I-405,2000,N,N,A,-,Y,ORA,NA,605,NA,R,0.486,H,NA,L,N,3,0,1,2,A,-,03,22350,NA,N,C,C,A,A,H,-,A,D,0,NA,NA,NA,NA,Y,NA,D,22,0,1,0,0,0,0,0,0,0,-,-,33.790740966796875,-118.08875274658205,ORANGE,LOS ALAMITOS,-118.0887451171875,33.79073715209961
91836534,2022,2022-08-09,9675,2022-07-31,1740,020699,NA,7,2,6,3015,0,1,3,NA,2,550,SR-55 NORTHBOUND TO SR-91 WESTBOUND,SR-91 EASTBOUND,300,S,N,A,-,Y,ORA,NA,55,NA,R,17.733,H,NA,R,N,4,0,1,1,A,-,03,22350,NA,N,E,I,A,A,H,-,A,D,0,NA,NA,NA,NA,Y,NA,A,07,0,0,1,0,0,0,0,0,0,-,-,33.84352111816406,-117.82884216308594,ORANGE,ORANGE,-117.82869720458984,33.843284606933594
91836995,2022,2022-08-10,9670,2022-08-04,1045,016209,NA,4,1,6,3009,0,1,3,NA,2,021,SR-22 W/B (GARDEN GROVE FREEWAY),SPRINGDALE ST.,3696,W,N,B,-,Y,ORA,NA,22,NA,R,1.166,H,NA,L,Y,4,0,1,3,A,-,03,22350,NA,N,C,C,A,A,H,-,A,D,0,NA,NA,NA,NA,Y,NA,A,01,0,0,1,0,0,0,0,0,0,-,-,33.77442932128906,-118.03338623046876,ORANGE,GARDEN GROVE,-118.03338623046876,33.774452209472656
91837450,2022,2022-08-10,9675,2022-08-05,1600,021982,NA,5,2,7,3001,0,1,3,NA,2,094,SR-91 EASTBOUND,WEIR CANYON RD,2500,W,N,A,-,Y,NA,NA,NA,NA,NA,NA,NA,NA,NA,N,4,0,2,3,A,-,03,22350,NA,N,C,C,A,A,H,-,A,D,0,NA,NA,NA,NA,Y,NA,D,22,0,0,2,0,0,0,0,0,0,-,-,33.76799011230469,-117.83772277832033,ORANGE,ANAHEIM,-117.7526397705078,33.86909484863281
91841421,2022,2022-08-16,9675,2022-08-06,0655,019527,NA,6,1,6,3015,0,1,3,NA,2,050,SR-55 NORTHBOUND,COLLINS AVE,800,N,N,A,-,Y,ORA,NA,55,NA,NA,14.873,H,NA,R,N,2,0,1,1,A,-,08,22107,NA,N,F,A,A,A,H,-,A,D,0,NA,NA,NA,NA,Y,NA,A,01,1,0,0,0,0,0,0,0,0,-,-,33.804630279541016,-117.8317413330078,ORANGE,ORANGE,-117.83169555664063,33.804630279541016
91842553,2022,2022-08-17,9675,2022-06-26,1705,021274,NA,7,2,9,3000,0,2,4,NA,2,034,SANTIAGO CANYON ROAD N/B,LOMA RIDGE ROAD,140,N,N,A,-,N,NA,NA,NA,NA,NA,NA,NA,NA,NA,N,3,0,1,3,A,-,08,22107,NA,F,G,B,E,A,H,-,A,D,0,Y,NA,Y,NA,Y,Y,C,02,0,1,0,0,1,0,0,0,0,-,-,33.77265930175781,-117.74131011962892,ORANGE,UNINCORPORATED,-117.74129486083984,33.77260208129883
91844197,2022,2022-08-19,9670,2022-08-09,0730,016271,NA,2,1,4,3020,0,1,1,NA,2,044,I-405 N/B TO SEAL BEACH BLVD,SEAL BEACH BLVD,50,S,N,A,-,Y,NA,NA,NA,NA,NA,NA,NA,NA,NA,N,4,0,1,2,A,-,03,22350,NA,N,C,C,A,A,H,-,A,A,0,NA,NA,NA,Y,Y,NA,F,26,0,0,1,0,0,0,0,0,0,-,-,33.77581024169922,-118.07331085205078,ORANGE,SEAL BEACH,-118.07331085205078,33.77581024169922
91845888,2022,2022-08-22,9690,2022-08-15,0950,019319,NA,1,1,5,3028,0,1,1,NA,2,055,I-5 NB (SAN DIEGO FREEWAY),ALICIA PARKWAY,528,S,N,A,-,Y,ORA,NA,5,NA,NA,17.357,H,NA,R,N,4,0,1,2,A,-,07,21658,A,N,C,C,A,A,D,-,A,D,0,NA,NA,NA,NA,Y,NA,A,01,0,0,1,0,0,0,0,0,0,-,-,33.60361862182617,-117.68885803222656,ORANGE,MISSION VIEJO,-117.68888092041016,33.603599548339844
91846534,2022,2022-08-23,9670,2022-08-21,1630,021459,NA,7,2,5,3024,0,1,1,NA,2,042,I-405 N/B,WESTMINSTER BLVD,400,N,N,A,-,Y,ORA,NA,405,NA,NA,19.239,H,NA,R,Y,4,0,1,5,A,-,03,22350,NA,N,C,C,A,A,D,E,A,D,0,NA,NA,Y,NA,Y,NA,A,01,0,0,1,0,0,0,0,0,1,-,-,33.759918212890625,-118.0229263305664,ORANGE,WESTMINSTER,-118.02289581298828,33.759952545166016
91850753,2022,2022-08-26,9675,2022-08-16,1820,021397,NA,2,2,4,3002,0,1,3,NA,2,570,SR-57 NORTHBOUND,BIRCH ST.,1145,S,N,A,-,Y,ORA,NA,57,NA,NA,20.205,H,NA,R,Y,4,0,1,3,A,-,03,22350,NA,N,C,C,A,A,H,-,A,D,0,NA,NA,NA,NA,Y,NA,A,01,0,0,1,0,0,0,0,0,0,-,-,33.91556930541992,-117.88172912597656,ORANGE,BREA,-117.8818588256836,33.915611267089844
91852303,2022,2022-08-29,9675,2022-08-25,0758,021716,NA,4,1,7,3019,0,1,3,NA,2,552,SR-55 SOUTHBOUND,DYER RD.,765,N,N,A,-,Y,ORA,NA,55,NA,R,8.021,H,NA,L,N,4,0,1,3,A,-,03,22350,NA,N,C,C,A,A,H,-,A,D,0,NA,NA,NA,NA,Y,NA,A,01,0,0,1,0,0,0,0,0,0,-,-,33.710330963134766,-117.85030364990234,ORANGE,SANTA ANA,-117.85024261474608,33.710289001464844
91854738,2022,2022-08-31,9675,2022-08-20,1610,021694,NA,6,2,7,3001,0,1,3,NA,2,095,SR-91 EASTBOUND,COAL CANYON ROAD,1000,E,N,A,-,Y,ORA,NA,91,NA,R,18.169,H,NA,R,Y,3,0,3,2,A,-,03,22350,NA,N,C,C,A,A,H,-,A,D,0,NA,NA,NA,NA,Y,NA,A,01,0,2,1,0,0,0,0,0,0,-,-,33.87028884887695,-117.6838836669922,ORANGE,ANAHEIM,-117.68378448486328,33.870460510253906
91855637,2022,2022-09-01,9690,2022-08-30,1650,016493,NA,2,2,4,3045,0,1,1,NA,2,055,I-5 S/B (SAN DIEGO FRWY),ALISO CREEK BIKEWAY,20,S,N,A,-,Y,ORA,NA,5,NA,NA,17.77,H,NA,L,Y,3,0,1,2,A,-,03,22350,NA,N,C,C,A,A,D,-,A,D,0,NA,NA,NA,NA,Y,NA,A,07,0,1,0,0,0,0,0,0,0,-,-,33.6068000793457,-117.69483947753906,ORANGE,LAGUNA HILLS,-117.69481658935548,33.606834411621094
9185793,2020,2021-02-05,3000,2020-11-03,1155,1920,798A2,2,5,4,3021,0,0,0,NA,0,721,KATELLA AV,DALE AV,380,W,N,A,-,N,NA,NA,NA,NA,NA,NA,NA,NA,NA,Y,3,0,1,1,A,-,08,22107,NA,N,E,J,A,A,D,-,A,D,0,NA,NA,NA,NA,Y,NA,A,07,0,1,0,0,0,0,0,0,0,-,-,NA,NA,ORANGE,STANTON,-117.9857177734375,33.802978515625
91857976,2022,2022-09-06,9670,2022-08-31,0745,016271,NA,3,1,4,3020,0,1,1,NA,2,045,I-405 S/B,SEAL BEACH BLVD,4000,S,N,A,-,Y,ORA,NA,405,NA,NA,21.847,H,NA,L,N,4,0,1,4,A,-,07,21658,A,F,B,C,A,A,H,-,A,D,0,NA,NA,NA,NA,Y,NA,-,99,0,0,1,0,0,0,0,0,0,-,-,33.774131774902344,-118.06131744384766,ORANGE,SEAL BEACH,-118.0613250732422,33.77425003051758
91859304,2022,2022-09-07,9675,2022-08-27,2037,021274,NA,6,2,7,3001,0,1,3,NA,2,094,STATE ROUTE 91 W/B,LAKEVIEW AVENUE,2120,E,N,A,-,Y,ORA,NA,91,NA,R,10.525,H,NA,L,Y,3,0,2,2,A,-,08,22107,NA,N,C,C,A,A,H,-,C,D,0,NA,NA,NA,NA,Y,Y,A,07,0,2,0,0,0,0,0,0,0,-,-,33.85432815551758,-117.80853271484376,ORANGE,ANAHEIM,-117.80855560302734,33.85439682006836
91861402,2022,2022-09-12,9690,2022-09-06,0830,019319,NA,2,1,5,3028,0,1,1,NA,2,056,I-5 S/B (SAN DIEGO FREEWAY),AVERY PARKWAY,2112,N,N,A,-,Y,ORA,NA,5,NA,NA,13.325,H,NA,L,Y,4,0,1,3,A,-,03,22350,NA,N,C,C,A,A,D,-,A,D,0,NA,NA,NA,NA,Y,NA,A,01,0,0,1,0,0,0,0,0,0,-,-,33.552650451660156,-117.67311096191406,ORANGE,MISSION VIEJO,-117.67301940917967,33.552650451660156
9186167,2020,2020-12-05,3001,2020-09-27,1112,A2382,NA,7,5,7,3001,0,0,0,NA,0,0D1,ORANGE AV,VALLEY ST,0,NA,Y,A,-,N,NA,NA,NA,NA,NA,NA,NA,NA,NA,Y,4,0,1,2,A,-,09,21802,A,N,D,C,A,A,H,-,A,A,0,NA,NA,NA,NA,Y,NA,A,07,0,0,1,0,0,0,0,0,0,-,-,33.82490158081055,-117.95612335205078,ORANGE,ANAHEIM,-117.95628356933594,33.8250617980957
91861849,2022,2022-09-12,9670,2022-08-30,0735,018278,NA,2,1,5,3028,0,1,3,NA,2,093,SR-91 W/B,ACACIA ST,800,E,N,A,-,Y,ORA,NA,91,NA,NA,4.925,H,NA,L,Y,4,0,1,2,A,-,03,22350,NA,N,C,C,A,A,H,-,A,D,0,NA,NA,NA,NA,Y,NA,A,01,0,0,1,0,0,0,0,0,0,-,-,33.854061126708984,-117.89527893066406,ORANGE,MISSION VIEJO,-117.8952865600586,33.85410690307617
9186308,2020,2021-02-02,3010,2020-11-05,0505,1140,136,4,5,6,3010,0,0,0,NA,0,3010,ARGOSY,TRITON CT,0,NA,Y,A,-,N,NA,NA,NA,NA,NA,NA,NA,NA,NA,Y,4,0,1,2,A,-,09,21804,A,N,D,C,A,A,H,-,C,A,0,NA,NA,NA,NA,Y,NA,A,01,0,0,1,0,0,0,0,0,0,-,-,NA,NA,ORANGE,HUNTINGTON BEACH,-118.0395278930664,33.741111755371094
9186409,2019,2020-11-30,3008,2019-07-12,0828,1511,ZONE2,5,5,6,3008,0,0,0,NA,0,NA,ORANGETHORPE AV,HIGHLAND AV,0,NA,Y,A,-,N,NA,NA,NA,NA,NA,NA,NA,NA,NA,Y,3,0,2,2,A,-,09,21801,A,N,A,C,A,A,H,-,A,A,0,NA,NA,NA,NA,Y,NA,A,01,0,1,1,0,0,0,0,0,0,-,-,NA,NA,ORANGE,FULLERTON,-117.92867279052734,33.85945129394531
91865041,2022,2022-09-15,9675,2022-09-02,2005,018102,NA,5,2,9,3000,0,1,3,NA,2,240,SR-241 SOUTHBOUND,SANTIAGO CREEK,500,N,N,A,-,Y,ORA,NA,241,NA,NA,34.265,H,NA,L,Y,3,0,1,1,A,-,01,23152,A,N,F,A,A,A,H,-,C,D,0,NA,NA,NA,NA,Y,Y,A,01,0,1,0,0,0,0,0,0,0,-,-,33.79975128173828,-117.72675323486328,ORANGE,UNINCORPORATED,-117.72666931152344,33.79972457885742