CASE_ID,ACCIDENT_YEAR,PROC_DATE,JURIS,COLLISION_DATE,COLLISION_TIME,OFFICER_ID,REPORTING_DISTRICT,DAY_OF_WEEK,CHP_SHIFT,POPULATION,CNTY_CITY_LOC,SPECIAL_COND,BEAT_TYPE,CHP_BEAT_TYPE,CITY_DIVISION_LAPD,CHP_BEAT_CLASS,BEAT_NUMBER,PRIMARY_RD,SECONDARY_RD,DISTANCE,DIRECTION,INTERSECTION,WEATHER_1,WEATHER_2,STATE_HWY_IND,CALTRANS_COUNTY,CALTRANS_DISTRICT,STATE_ROUTE,ROUTE_SUFFIX,POSTMILE_PREFIX,POSTMILE,LOCATION_TYPE,RAMP_INTERSECTION,SIDE_OF_HWY,TOW_AWAY,COLLISION_SEVERITY,NUMBER_KILLED,NUMBER_INJURED,PARTY_COUNT,PRIMARY_COLL_FACTOR,PCF_CODE_OF_VIOL,PCF_VIOL_CATEGORY,PCF_VIOLATION,PCF_VIOL_SUBSECTION,HIT_AND_RUN,TYPE_OF_COLLISION,MVIW,PED_ACTION,ROAD_SURFACE,ROAD_COND_1,ROAD_COND_2,LIGHTING,CONTROL_DEVICE,CHP_ROAD_TYPE,PEDESTRIAN_ACCIDENT,BICYCLE_ACCIDENT,MOTORCYCLE_ACCIDENT,TRUCK_ACCIDENT,NOT_PRIVATE_PROPERTY,ALCOHOL_INVOLVED,STWD_VEHTYPE_AT_FAULT,CHP_VEHTYPE_AT_FAULT,COUNT_SEVERE_INJ,COUNT_VISIBLE_INJ,COUNT_COMPLAINT_PAIN,COUNT_PED_KILLED,COUNT_PED_INJURED,COUNT_BICYCLIST_KILLED,COUNT_BICYCLIST_INJURED,COUNT_MC_KILLED,COUNT_MC_INJURED,PRIMARY_RAMP,SECONDARY_RAMP,LATITUDE,LONGITUDE,COUNTY,CITY,POINT_X,POINT_Y
92372706,2024,2024-04-23,9670,2024-04-15,2115,022737,NA,1,2,5,3003,0,1,1,NA,2,500,I-5 (SANTA ANA FWY) N/B,BEACH BLVD,500,N,N,A,-,Y,ORA,NA,5,NA,NA,43.541,H,NA,R,Y,4,0,1,2,A,-,03,22350,NA,F,C,C,A,A,H,-,C,D,0,NA,NA,NA,NA,Y,NA,-,-,0,0,1,0,0,0,0,0,0,-,-,33.86737060546875,-117.99984741210938,ORANGE,BUENA PARK,-117.9998016357422,33.867435455322266
92373058,2024,2024-04-23,9675,2024-04-15,1650,023521,NA,1,2,7,3019,0,1,1,NA,2,502,I-5 SOUTHBOUND,4TH ST,528,S,N,A,-,Y,ORA,NA,5,NA,NA,30.987,H,NA,L,N,3,0,2,4,A,-,03,22350,NA,N,C,C,A,A,H,-,A,D,0,NA,NA,NA,NA,Y,NA,A,07,0,1,1,0,0,0,0,0,0,-,-,33.74674987792969,-117.84303283691406,ORANGE,SANTA ANA,-117.84294891357422,33.746768951416016
92373802,2024,2024-04-24,9670,2024-04-10,1432,020505,NA,3,2,6,3009,0,1,3,NA,2,022,SR-22 E/B,NEWLAND ST,450,W,N,A,-,Y,ORA,NA,22,NA,R,4.148,H,NA,R,Y,4,0,1,5,A,-,03,22350,NA,N,C,C,A,A,H,-,A,D,0,NA,NA,NA,NA,Y,NA,D,22,0,0,1,0,0,0,0,0,0,-,-,33.77045822143555,-117.98259735107422,ORANGE,GARDEN GROVE,-117.98260498046876,33.77044677734375
92374846,2024,2024-04-25,9675,2024-04-22,1520,021691,NA,1,2,7,3001,0,1,3,NA,2,095,SR-91 EASTBOUND,GYPSUM CANYON ROAD,2850,E,N,A,-,Y,ORA,NA,91,NA,R,16.957,H,NA,R,Y,4,0,1,3,A,-,03,22350,NA,N,C,C,A,A,H,-,A,D,0,NA,NA,NA,Y,Y,NA,D,22,0,0,1,0,0,0,0,0,0,-,-,33.87049865722656,-117.7031478881836,ORANGE,ANAHEIM,-117.70316314697266,33.870521545410156
92379878,2024,2024-05-02,9675,2024-04-25,2015,022398,NA,4,2,7,3001,0,1,3,NA,2,572,SR-57 SOUTHBOUND,ORANGEWOOD AVE,500,N,N,A,-,Y,ORA,NA,57,NA,NA,12.172,H,NA,L,N,4,0,1,4,A,-,03,22350,NA,N,C,C,A,A,H,-,C,D,0,NA,NA,NA,NA,Y,NA,A,01,0,0,1,0,0,0,0,0,0,-,-,33.80070877075195,-117.87854766845705,ORANGE,ANAHEIM,-117.87850189208984,33.80072784423828
92384328,2024,2024-05-08,9675,2024-05-01,230,021984,NA,3,3,6,3026,0,1,1,NA,2,503,I-5 NORTHBOUND,JAMBOREE ROAD,1020,S,N,A,-,Y,ORA,NA,5,NA,NA,27.381,H,NA,R,N,4,0,1,2,A,-,01,23152,A,M,E,C,A,A,H,-,C,D,0,NA,NA,NA,NA,Y,Y,A,01,0,0,1,0,0,0,0,0,0,-,-,33.717708587646484,-117.79212188720705,ORANGE,IRVINE,-117.79213714599608,33.71769332885742
9238472,2021,2021-04-07,3013,2021-03-08,0556,206,L08,1,5,3,3013,0,0,0,NA,0,NA,KATELLA AV,MAPLE ST,373,E,N,A,-,N,NA,NA,NA,NA,NA,NA,NA,NA,NA,N,3,0,1,2,A,-,08,22107,NA,N,B,C,A,A,H,-,A,D,0,NA,NA,NA,NA,Y,NA,A,01,0,1,0,0,0,0,0,0,0,-,-,NA,NA,ORANGE,LOS ALAMITOS,-118.06415557861328,33.803009033203125
92385923,2024,2024-05-09,9675,2024-05-02,1720,018983,NA,4,2,9,3000,0,1,1,NA,2,405,I-405 NORTHBOUND,MACARTHUR BOULEVARD,50,N,N,A,-,Y,ORA,NA,405,NA,NA,7.828,H,NA,R,Y,3,0,2,3,A,-,03,22350,NA,N,C,C,A,A,H,-,A,D,0,NA,NA,NA,NA,Y,NA,A,01,0,1,1,0,0,0,0,0,0,-,-,33.68312072753906,-117.85732269287108,ORANGE,UNINCORPORATED,-117.85736083984376,33.68305587768555
92389577,2024,2024-05-14,9675,2024-05-04,1622,023521,NA,6,2,7,3019,0,1,1,NA,2,520,I-5 NORTHBOUND,SR-22 EASTBOUND,686,S,N,B,-,Y,NA,NA,NA,NA,NA,NA,NA,NA,NA,N,4,0,2,3,A,-,03,22350,NA,N,C,C,A,A,H,-,A,D,0,NA,NA,NA,NA,Y,NA,A,07,0,0,2,0,0,0,0,0,0,-,-,33.77198028564453,-117.87464904785156,ORANGE,SANTA ANA,-117.87459564208984,33.777339935302734
92389832,2024,2024-05-14,9675,2024-05-07,645,017993,NA,2,1,7,3001,0,1,3,NA,2,095,SR-91 WESTBOUND,GYPSUM CANYON ROAD,2100,W,N,A,-,Y,ORA,NA,91,NA,R,16.008,H,NA,L,N,4,0,1,2,A,-,03,22350,NA,F,C,C,A,A,H,-,A,D,0,NA,NA,NA,NA,Y,NA,A,01,0,0,1,0,0,0,0,0,0,-,-,33.86674880981445,-117.7186279296875,ORANGE,ANAHEIM,-117.71863555908205,33.866737365722656
92390299,2024,2024-05-15,9690,2024-05-07,645,019361,NA,2,1,9,3000,0,1,3,NA,1,074,SR-74 (ORTEGA HIGHWAY),GIBBY ROAD,9504,E,N,A,-,Y,ORA,NA,74,NA,NA,7.14,H,NA,R,N,4,0,1,2,A,-,03,22350,NA,N,C,C,A,A,H,-,A,D,0,NA,NA,NA,NA,Y,NA,D,22,0,0,1,0,0,0,0,0,0,-,-,33.527931213378906,-117.55303955078124,ORANGE,UNINCORPORATED,-117.55304718017578,33.527931213378906
92391915,2024,2024-05-16,9675,2024-05-10,1417,018714,NA,5,2,6,3026,0,1,1,NA,2,407,I-405 NORTHBOUND,SAND CANYON AVE,1426,N,N,A,-,Y,ORA,NA,405,NA,NA,3.156,H,NA,R,Y,4,0,1,2,A,-,03,22350,NA,N,C,C,A,A,H,-,A,D,0,NA,NA,NA,NA,Y,NA,A,01,0,0,1,0,0,0,0,0,0,-,-,33.660118103027344,-117.78185272216795,ORANGE,IRVINE,-117.7818603515625,33.66010665893555
92403551,2024,2024-06-03,9675,2024-05-23,1032,016748,NA,4,1,9,3000,0,3,5,NA,2,001,VALENCIA AVENUE,SANDPIPER WAY,1210,N,N,B,-,N,NA,NA,NA,NA,NA,NA,NA,NA,NA,Y,4,0,1,2,A,-,03,22350,NA,N,B,C,A,A,H,-,A,D,0,NA,NA,NA,Y,Y,NA,F,27,0,0,1,0,0,0,0,0,0,-,-,33.93328857421875,-117.84638214111328,ORANGE,UNINCORPORATED,-117.84725189208984,33.93304443359375
9240443,2021,2021-04-27,3012,2021-03-05,2118,670,12,5,5,5,3012,0,0,0,NA,0,001,N IDAHO ST,W WHITTIER BL,0,NA,Y,A,-,Y,ORA,12,39,-,-,21.215,I,5,S,Y,4,0,1,2,A,-,12,21453,A,N,D,C,A,A,H,-,C,A,0,NA,NA,NA,NA,Y,NA,D,22,0,0,1,0,0,0,0,0,0,-,-,NA,NA,ORANGE,LA HABRA,-117.959228515625,33.93915557861328
92404758,2024,2024-06-04,9675,2024-05-13,334,023506,NA,1,3,7,3019,0,1,1,NA,2,503,I-5 SOUTHBOUND,SR-55 SOUTHBOUND,1848,N,N,A,-,Y,ORA,NA,5,NA,NA,30.615,H,NA,L,N,4,0,1,2,A,-,07,21658,A,N,B,C,A,A,H,-,C,D,0,NA,NA,NA,Y,Y,NA,A,01,0,0,1,0,0,0,0,0,0,-,-,33.74253845214844,-117.83953857421876,ORANGE,SANTA ANA,-117.83950042724608,33.74259948730469
92407179,2024,2024-06-06,9675,2024-05-28,1750,022521,NA,2,2,7,3001,0,1,3,NA,2,094,SR-91 EASTBOUND,WEIR CANYON RD,300,W,N,A,-,Y,ORA,NA,91,NA,R,14.36,H,NA,R,N,4,0,1,2,A,-,03,22350,NA,N,C,C,A,A,H,-,A,D,0,NA,NA,NA,Y,Y,NA,F,26,0,0,1,0,0,0,0,0,0,-,-,33.86996841430664,-117.7459716796875,ORANGE,ANAHEIM,-117.74598693847656,33.870059967041016
92409812,2024,2024-06-10,9675,2024-06-06,2000,022639,NA,4,2,7,3001,0,1,3,NA,2,093,SR-91 EB TO LAKEVIEW,LAKEVIEW AVENUE,250,W,N,A,-,Y,NA,NA,NA,NA,NA,NA,NA,NA,NA,Y,3,0,2,1,A,-,01,23152,A,N,E,I,A,A,H,-,B,D,0,NA,NA,NA,NA,Y,Y,A,01,0,1,1,0,0,0,0,0,0,-,-,33.84925842285156,-117.81491088867188,ORANGE,ANAHEIM,-117.81484985351563,33.85022735595703
92410181,2024,2024-06-10,9675,2024-05-31,1357,021633,NA,5,1,7,3001,0,1,3,NA,2,571,SR-57 NORTHBOUND,LA PALMA AVE,1700,S,N,A,-,Y,ORA,NA,57,NA,NA,15.098,H,NA,R,Y,4,0,2,2,A,-,03,22350,NA,N,C,C,A,A,H,-,A,D,0,NA,NA,NA,NA,Y,NA,A,01,0,0,2,0,0,0,0,0,0,-,-,33.842498779296875,-117.87587738037108,ORANGE,ANAHEIM,-117.87593841552734,33.84250259399414
9241381,2021,2021-03-30,3003,2021-02-23,2120,1096,NA,2,5,5,3003,0,0,0,NA,0,001,MALVERN AV,MEADOWBROOK WY,18,W,N,A,-,N,NA,NA,NA,NA,NA,NA,NA,NA,NA,Y,4,0,2,3,A,-,09,21804,A,N,D,C,A,A,H,-,C,D,0,NA,NA,NA,NA,Y,NA,A,01,0,0,2,0,0,0,0,0,0,-,-,33.87849044799805,-117.97688293457033,ORANGE,BUENA PARK,-117.9770278930664,33.87848663330078
92416336,2024,2024-06-17,9670,2024-06-09,1025,021459,NA,7,1,3,3013,0,1,1,NA,2,061,I-605 S/B,I-405,2640,S,N,B,-,Y,ORA,NA,605,NA,R,0.382,H,NA,L,Y,3,0,1,2,A,-,07,21658,A,N,C,C,A,A,H,-,A,D,0,NA,NA,Y,NA,Y,NA,A,07,0,1,0,0,0,0,0,0,1,-,-,33.7894287109375,-118.0893783569336,ORANGE,LOS ALAMITOS,-118.08930206298828,33.789405822753906
92417260,2024,2024-06-18,9690,2024-06-08,1150,021894,NA,6,1,4,3045,0,1,1,NA,2,055,I-5 N/B (SAN DIEGO FRWY),EL TORO RD,2640,S,N,B,-,Y,ORA,NA,5,NA,NA,17.986,H,NA,R,N,4,0,1,2,A,-,03,22350,NA,N,C,C,A,A,H,-,A,D,0,NA,NA,NA,NA,Y,NA,A,07,0,0,1,0,0,0,0,0,0,-,-,33.608558654785156,-117.69799041748048,ORANGE,LAGUNA HILLS,-117.69801330566406,33.6085205078125
92418432,2024,2024-06-19,9675,2024-06-09,1350,021834,NA,7,1,5,3022,0,1,1,NA,2,503,I-5 NORTHBOUND,NEWPORT AVE,500,N,N,A,-,Y,ORA,NA,5,NA,NA,29.741,H,NA,R,N,4,0,1,3,A,-,03,22350,NA,N,C,C,A,A,H,-,A,D,0,NA,NA,NA,NA,Y,NA,A,07,0,0,1,0,0,0,0,0,0,-,-,33.73796844482422,-117.82498168945313,ORANGE,TUSTIN,-117.82502746582033,33.73786163330078
92424288,2024,2024-06-26,9690,2024-06-23,1135,021894,NA,7,1,9,3000,0,3,5,NA,2,003,MEANDERING TRAIL N/B,GRASSY KNOLL LN.,0,NA,Y,A,-,N,NA,NA,NA,NA,NA,NA,NA,NA,NA,Y,4,0,1,2,A,-,09,21802,B,N,D,C,A,A,H,-,A,D,0,NA,NA,NA,NA,Y,NA,A,01,0,0,1,0,0,0,0,0,0,-,-,33.58869171142578,-117.62461090087892,ORANGE,UNINCORPORATED,-117.62451171875,33.58868408203125
92427512,2024,2024-07-01,9675,2024-06-25,1639,018985,NA,2,2,6,3026,0,1,1,NA,2,504,I-5 S/B,BAKE PKWY.,200,S,N,A,-,Y,ORA,NA,5,NA,NA,20.784,H,NA,L,N,4,0,1,2,A,-,03,22350,NA,N,C,C,A,A,H,-,A,D,0,NA,NA,NA,NA,Y,NA,A,01,0,0,1,0,0,0,0,0,0,-,-,33.63840103149414,-117.73040771484376,ORANGE,IRVINE,-117.73043060302734,33.638389587402344
92427903,2024,2024-07-02,9675,2024-06-25,1245,021042,NA,2,1,6,3008,0,1,3,NA,2,571,SR-57 SOUTHBOUND,NUTWOOD AVE.,108,S,N,A,-,Y,ORA,NA,57,NA,NA,17.559,H,NA,L,N,4,0,1,2,A,-,03,22350,NA,N,C,C,A,A,H,-,A,D,0,NA,NA,NA,NA,Y,NA,A,01,0,0,1,0,0,0,0,0,0,-,-,33.877708435058594,-117.88046264648438,ORANGE,FULLERTON,-117.88051605224608,33.877708435058594
92428376,2024,2024-07-02,9670,2024-06-28,2240,022519,NA,5,3,7,3001,0,1,1,NA,2,502,I-5 N/B,DISNEYLAND DR,500,N,N,A,-,Y,ORA,NA,5,NA,NA,38.389,H,NA,R,Y,3,0,2,2,A,-,08,22107,NA,N,D,C,A,A,H,-,C,D,0,NA,NA,NA,NA,Y,NA,A,01,0,2,0,0,0,0,0,0,0,-,-,33.82667922973633,-117.9258270263672,ORANGE,ANAHEIM,-117.92586517333984,33.82666015625
92431617,2024,2024-07-05,9690,2024-06-27,1330,020086,NA,4,1,4,3045,0,1,1,NA,2,055,I-5 S/B (SAN DIEGO FRWY),ALICIA PKWY,2000,N,N,A,-,Y,ORA,NA,5,NA,NA,17.904,H,NA,L,N,4,0,1,2,A,-,03,22350,NA,N,C,C,A,A,H,-,A,D,0,NA,NA,NA,NA,Y,NA,A,07,0,0,1,0,0,0,0,0,0,-,-,33.60770034790039,-117.69692230224608,ORANGE,LAGUNA HILLS,-117.69690704345705,33.60771942138672
92432516,2024,2024-07-08,9675,2024-06-26,1120,022298,NA,3,1,6,3015,0,1,3,NA,2,550,SR-55 NORTHBOUND (COSTA MESA FREEWAY),LINCOLN AVENUE,1400,S,N,A,-,Y,ORA,NA,55,NA,NA,16.715,H,NA,R,N,4,0,1,2,A,-,07,21658,A,N,B,C,A,A,H,-,A,D,0,NA,NA,NA,NA,Y,NA,D,22,0,0,1,0,0,0,0,0,0,-,-,33.83108139038086,-117.83431243896484,ORANGE,ORANGE,-117.83438110351563,33.8310546875
92433005,2024,2024-07-08,9675,2024-07-01,1409,021716,NA,1,2,6,3004,0,1,3,NA,2,553,SR-55 SOUTHBOUND,BAKER ST.,232,N,N,A,-,Y,ORA,NA,55,NA,R,5.39,H,NA,L,N,4,0,1,2,A,-,03,22350,NA,N,C,C,A,A,H,-,A,D,0,NA,NA,NA,NA,Y,NA,A,07,0,0,1,0,0,0,0,0,0,-,-,33.68061065673828,-117.87889862060548,ORANGE,COSTA MESA,-117.87889099121094,33.68060302734375
92433991,2024,2024-07-09,9675,2024-07-03,1425,020851,NA,3,2,7,3019,0,1,3,NA,2,552,SR-55 NORTHBOUND,DYER RD.,1220,S,N,A,-,Y,ORA,NA,55,NA,R,7.632,H,NA,R,N,3,0,1,2,A,-,03,22350,NA,N,C,C,A,A,H,-,A,D,0,NA,NA,NA,Y,Y,NA,F,26,0,1,0,0,0,0,0,0,0,-,-,33.70586013793945,-117.85433197021484,ORANGE,SANTA ANA,-117.85433197021484,33.70586395263672
92435010,2024,2024-07-10,9675,2024-07-02,2117,021960,NA,2,2,7,3001,0,3,5,NA,2,001,LINCOLN AVE.,N. BATAVIA ST.,30,E,N,A,-,N,NA,NA,NA,NA,NA,NA,NA,NA,NA,Y,2,0,1,2,A,-,03,22350,NA,N,C,C,A,A,H,-,C,D,0,NA,NA,Y,NA,Y,NA,C,02,1,0,0,0,0,0,0,0,1,-,-,33.835060119628906,-117.86147308349608,ORANGE,ANAHEIM,-117.86162567138672,33.835025787353516
92435103,2024,2024-07-10,9675,2024-07-06,1254,021716,NA,6,1,6,3004,0,1,1,NA,2,405,I-405 SOUTHBOUND,BEAR ST.,792,N,N,A,-,Y,ORA,NA,405,NA,NA,10.06,H,NA,L,Y,4,0,1,2,A,-,07,21658,A,N,D,C,A,A,H,-,A,D,0,NA,NA,NA,NA,Y,NA,A,07,0,0,1,0,0,0,0,0,0,-,-,33.6874885559082,-117.89485168457033,ORANGE,COSTA MESA,-117.89485168457033,33.687435150146484
92439417,2024,2024-07-15,9675,2024-07-07,1935,023293,NA,7,2,7,3001,0,1,3,NA,2,095,SR-91 EASTBOUND,GYPSUM CANYON RD,1690,E,N,A,-,Y,ORA,NA,91,NA,R,16.743,H,NA,R,N,3,0,1,1,A,-,03,22350,NA,N,F,A,A,A,H,-,A,D,0,NA,NA,Y,NA,Y,NA,C,02,0,1,0,0,0,0,0,0,1,-,-,33.869049072265625,-117.70646667480467,ORANGE,ANAHEIM,-117.70643615722656,33.86899948120117
92440489,2024,2024-07-16,9675,2024-07-10,954,021397,NA,3,1,5,3022,0,1,1,NA,2,530,I-5 SOUTHBOUND,SR-55 SOUTHBOUND,60,N,N,A,-,Y,ORA,NA,5,NA,NA,30.342,H,NA,L,Y,3,0,1,2,A,-,03,22350,NA,N,F,C,A,A,A,-,A,D,0,NA,NA,Y,NA,Y,NA,C,02,0,1,0,0,0,0,0,0,1,-,-,33.74076843261719,-117.83499145507813,ORANGE,TUSTIN,-117.8349151611328,33.74091720581055
92440514,2024,2024-07-16,9675,2024-07-10,1540,019599,NA,3,2,7,3001,0,1,3,NA,2,093,SR-91 WESTBOUND,GLASSELL ST.,2112,W,N,A,-,Y,ORA,NA,91,NA,NA,6.923,H,NA,L,Y,4,0,3,2,A,-,03,22350,NA,N,C,C,A,A,H,-,A,D,0,NA,NA,NA,NA,Y,NA,A,01,0,0,3,0,0,0,0,0,0,-,-,33.84648895263672,-117.86260986328124,ORANGE,ANAHEIM,-117.86261749267578,33.8465461730957
92440559,2024,2024-07-16,9675,2024-07-10,1215,021834,NA,3,1,7,3001,0,1,3,NA,2,094,SR-91 WESTBOUND,IMPERIAL HIGHWAY,3000,E,N,A,-,Y,ORA,NA,91,NA,R,12.141,H,NA,L,N,4,0,1,5,A,-,03,22350,NA,M,C,C,A,A,H,-,A,D,0,NA,NA,NA,NA,Y,NA,D,22,0,0,1,0,0,0,0,0,0,-,-,33.85858154296875,-117.78121948242188,ORANGE,ANAHEIM,-117.78123474121094,33.85859680175781
92440964,2024,2024-07-17,9675,2024-07-10,1825,022398,NA,3,2,6,3026,0,1,1,NA,2,504,I-5 NORTHBOUND,SAND CANYON AVE,600,N,N,A,-,Y,ORA,NA,5,NA,R,24.097,H,NA,R,Y,3,0,1,2,A,-,07,21658,A,F,B,C,A,A,H,-,A,D,0,NA,NA,Y,NA,Y,NA,-,99,0,1,0,0,0,0,0,0,1,-,-,33.67927169799805,-117.75971221923828,ORANGE,IRVINE,-117.75966644287108,33.67930221557617
9245759,2021,2021-04-09,3012,2021-02-05,1730,623,43,5,5,5,3012,0,0,0,NA,0,004,LAMBERT RD,HARBOR BL,38,W,N,A,-,N,NA,NA,NA,NA,NA,NA,NA,NA,NA,N,4,0,1,2,A,-,03,22350,NA,M,C,C,A,A,H,-,A,D,0,NA,NA,NA,NA,Y,NA,A,07,0,0,1,0,0,0,0,0,0,-,-,NA,NA,ORANGE,LA HABRA,-117.93318176269533,33.92462158203125
9246718,2021,2021-04-15,3008,2021-03-06,1638,1578,ZONE1,6,5,6,3008,0,0,0,NA,0,NA,MAGNOLIA AV,PORTER AV,60,S,N,A,-,N,NA,NA,NA,NA,NA,NA,NA,NA,NA,NA,4,0,2,3,A,-,03,22350,NA,F,C,C,A,A,H,-,A,D,0,NA,NA,NA,NA,Y,NA,-,NA,0,0,2,0,0,0,0,0,0,-,-,NA,NA,ORANGE,FULLERTON,-117.97628021240234,33.86005401611328
9246779,2021,2021-04-08,3000,2021-03-13,2313,5377,952A1,6,5,5,3040,0,0,0,NA,0,743,CROWN VALLEY PKWY,CABOT,0,NA,Y,A,-,N,NA,NA,NA,NA,NA,NA,NA,NA,NA,Y,4,0,1,2,A,-,09,21453,C,N,A,C,A,A,H,-,C,A,0,NA,NA,NA,NA,Y,NA,D,22,0,0,1,0,0,0,0,0,0,-,-,NA,NA,ORANGE,LAGUNA NIGUEL,-117.67906951904295,33.55707550048828
92485819,2024,2024-07-22,9670,2024-07-19,710,018278,NA,5,1,6,3009,0,1,3,NA,2,024,SR-22,LEWIS ST.,217,W,N,A,-,Y,ORA,NA,22,NA,R,9.361,H,NA,R,N,3,0,1,1,A,-,03,22350,NA,N,F,A,A,A,H,-,A,D,0,NA,NA,Y,NA,Y,NA,C,02,0,1,0,0,0,0,0,0,1,-,-,33.77814865112305,-117.89723205566406,ORANGE,GARDEN GROVE,-117.89722442626952,33.77814483642578
92489135,2024,2024-07-22,9670,2024-07-17,1630,020134,NA,3,2,6,3009,0,1,3,NA,2,025,STATE ROUTE 22 WESTBOUND,HASTER STREET,500,W,N,A,-,Y,ORA,NA,22,NA,R,8.67,H,NA,L,Y,4,0,1,2,A,-,03,22350,NA,N,C,C,A,A,H,-,A,D,0,NA,NA,NA,NA,Y,NA,D,22,0,0,1,0,0,0,0,0,0,-,-,33.773338317871094,-117.90740966796876,ORANGE,GARDEN GROVE,-117.9073486328125,33.77325439453125
9250535,2021,2021-04-26,3004,2021-03-10,1558,P462,17,3,5,6,3004,0,0,0,NA,0,015,EL CAMINO DR,FAIRVIEW RD,45,E,N,B,-,N,NA,NA,NA,NA,NA,NA,NA,NA,NA,N,3,0,1,1,C,-,18,NA,NA,N,E,I,A,D,H,-,A,D,0,NA,NA,NA,NA,Y,NA,-,-,0,1,0,0,0,0,0,0,0,-,-,33.67599105834961,-117.9074935913086,ORANGE,COSTA MESA,-117.90755462646484,33.67604064941406
9250538,2021,2021-04-26,3004,2021-03-14,1627,P655,05,7,5,6,3004,0,0,0,NA,0,006,EAST 17TH ST,ORANGE AV,340,W,N,A,-,N,NA,NA,NA,NA,NA,NA,NA,NA,NA,Y,3,0,1,2,A,-,09,21804,A,N,D,C,A,A,H,-,A,D,0,NA,NA,NA,NA,Y,NA,A,01,0,1,0,0,0,0,0,0,0,-,-,33.63602066040039,-117.91963958740234,ORANGE,COSTA MESA,-117.91957855224608,33.63597106933594
9253192,2020,2021-04-29,3008,2020-12-24,1730,1560,ZONE3,4,5,6,3008,0,0,0,NA,0,NA,NUTWOOD AV,CONCORD AV,202,W,N,A,-,N,NA,NA,NA,NA,NA,NA,NA,NA,NA,Y,4,0,2,2,A,-,03,22350,NA,N,C,C,A,A,H,-,C,D,0,NA,NA,NA,NA,Y,NA,A,01,0,0,2,0,0,0,0,0,0,-,-,NA,NA,ORANGE,FULLERTON,-117.89098358154295,33.87770080566406
9253419,2021,2021-04-23,3004,2021-03-18,1942,P633,20,4,5,6,3004,0,0,0,NA,0,004,HARBOR BL,DATE PL,57,S,N,A,-,N,NA,NA,NA,NA,NA,NA,NA,NA,NA,N,4,0,1,2,A,-,03,22350,NA,F,C,C,A,A,H,-,C,A,0,NA,NA,NA,NA,Y,NA,A,07,0,0,1,0,0,0,0,0,0,-,-,33.68360137939453,-117.91919708251952,ORANGE,COSTA MESA,-117.9194564819336,33.683753967285156
9253519,2021,2021-04-26,3003,2021-04-14,1315,652,NA,3,5,5,3003,0,0,0,NA,0,004,VALLEYVIEW ST,LA PALMA AV,487,N,N,A,-,N,NA,NA,NA,NA,NA,NA,NA,NA,NA,Y,4,0,2,2,A,-,09,21804,A,N,D,C,A,A,H,-,A,D,0,NA,NA,NA,NA,Y,NA,A,01,0,0,2,0,0,0,0,0,0,-,-,33.50519943237305,-118.01419830322266,ORANGE,BUENA PARK,-118.02847290039063,33.847686767578125
9253552,2021,2021-05-12,3008,2021-04-11,0747,1511,ZONE1,7,5,6,3008,0,0,0,NA,0,NA,MAGNOLIA AV,ORANGETHORPE AV,0,NA,Y,A,-,N,NA,NA,NA,NA,NA,NA,NA,NA,NA,Y,3,0,2,2,A,-,12,21453,A,N,D,C,A,A,H,-,A,A,0,NA,NA,NA,NA,Y,NA,A,01,0,1,1,0,0,0,0,0,0,-,-,NA,NA,ORANGE,FULLERTON,-117.97628021240234,33.859107971191406
9256650,2021,2021-06-07,3006,2021-04-23,1945,312,233,5,5,3,3006,0,0,0,NA,0,002,CRESCENT AV,MOODY ST,51,W,N,A,-,N,NA,NA,NA,NA,NA,NA,NA,NA,NA,Y,4,0,1,3,A,-,03,22350,NA,N,C,C,A,A,H,-,C,A,0,NA,NA,NA,NA,Y,NA,A,01,0,0,1,0,0,0,0,0,0,-,-,NA,NA,ORANGE,LA PALMA,-118.04613494873048,33.83897399902344
92567003,2024,2024-07-23,9675,2024-07-15,203,023510,NA,1,3,5,3022,0,1,1,NA,2,503,I-5 NORTHBOUND FROM JAMBOREE ROAD WESTBOUND,JAMBOREE ROAD,570,N,N,A,-,Y,NA,NA,NA,NA,NA,NA,NA,NA,NA,N,4,0,1,1,A,-,01,23152,A,N,E,8,A,A,H,-,D,A,0,NA,NA,NA,NA,Y,Y,A,01,0,0,1,0,0,0,0,0,0,-,-,33.72101974487305,-117.79637908935548,ORANGE,TUSTIN,-117.79653167724608,33.72074890136719