CASE_ID,ACCIDENT_YEAR,PROC_DATE,JURIS,COLLISION_DATE,COLLISION_TIME,OFFICER_ID,REPORTING_DISTRICT,DAY_OF_WEEK,CHP_SHIFT,POPULATION,CNTY_CITY_LOC,SPECIAL_COND,BEAT_TYPE,CHP_BEAT_TYPE,CITY_DIVISION_LAPD,CHP_BEAT_CLASS,BEAT_NUMBER,PRIMARY_RD,SECONDARY_RD,DISTANCE,DIRECTION,INTERSECTION,WEATHER_1,WEATHER_2,STATE_HWY_IND,CALTRANS_COUNTY,CALTRANS_DISTRICT,STATE_ROUTE,ROUTE_SUFFIX,POSTMILE_PREFIX,POSTMILE,LOCATION_TYPE,RAMP_INTERSECTION,SIDE_OF_HWY,TOW_AWAY,COLLISION_SEVERITY,NUMBER_KILLED,NUMBER_INJURED,PARTY_COUNT,PRIMARY_COLL_FACTOR,PCF_CODE_OF_VIOL,PCF_VIOL_CATEGORY,PCF_VIOLATION,PCF_VIOL_SUBSECTION,HIT_AND_RUN,TYPE_OF_COLLISION,MVIW,PED_ACTION,ROAD_SURFACE,ROAD_COND_1,ROAD_COND_2,LIGHTING,CONTROL_DEVICE,CHP_ROAD_TYPE,PEDESTRIAN_ACCIDENT,BICYCLE_ACCIDENT,MOTORCYCLE_ACCIDENT,TRUCK_ACCIDENT,NOT_PRIVATE_PROPERTY,ALCOHOL_INVOLVED,STWD_VEHTYPE_AT_FAULT,CHP_VEHTYPE_AT_FAULT,COUNT_SEVERE_INJ,COUNT_VISIBLE_INJ,COUNT_COMPLAINT_PAIN,COUNT_PED_KILLED,COUNT_PED_INJURED,COUNT_BICYCLIST_KILLED,COUNT_BICYCLIST_INJURED,COUNT_MC_KILLED,COUNT_MC_INJURED,PRIMARY_RAMP,SECONDARY_RAMP,LATITUDE,LONGITUDE,COUNTY,CITY,POINT_X,POINT_Y
9574642,2023,2023-05-05,3009,2023-04-09,2235,4917,063,7,5,6,3009,0,0,0,NA,0,1-2,LAMPSON AV,DALE ST,0,NA,Y,A,-,N,NA,NA,NA,NA,NA,NA,NA,NA,NA,N,4,0,1,2,A,-,09,21801,A,N,D,J,A,A,H,-,C,A,0,NA,NA,NA,NA,Y,NA,A,01,0,0,1,0,0,0,0,0,0,-,-,NA,NA,ORANGE,GARDEN GROVE,-117.98409271240234,33.781158447265625
9574649,2023,2023-05-04,3009,2023-04-03,1359,663,075,1,5,6,3009,0,0,0,NA,0,1-3,MAGNOLIA ST,CENTRAL AV,0,NA,Y,A,-,N,NA,NA,NA,NA,NA,NA,NA,NA,NA,Y,4,0,1,2,A,-,09,21801,A,N,D,C,A,A,H,-,A,A,0,NA,NA,NA,NA,Y,NA,A,01,0,0,1,0,0,0,0,0,0,-,-,NA,NA,ORANGE,GARDEN GROVE,-117.97246551513672,33.770599365234375
9575112,2022,2023-04-10,3012,2022-12-16,1059,692,51,5,5,5,3012,0,0,0,NA,0,004,W LA HABRA BL,N HAZEL ST,0,NA,Y,A,-,N,NA,NA,NA,NA,NA,NA,NA,NA,NA,Y,4,0,1,2,A,-,09,21804,A,N,D,C,A,A,H,-,A,D,0,NA,NA,NA,NA,Y,Y,A,01,0,0,1,0,0,0,0,0,0,-,-,NA,NA,ORANGE,LA HABRA,-117.94932556152344,33.931861877441406
9577091,2023,2023-05-19,3004,2023-04-18,841,P608,05,2,5,6,3004,0,0,0,NA,0,006,EAST 17TH ST,SANTA ANA AV,50,E,N,A,-,N,NA,NA,NA,NA,NA,NA,NA,NA,NA,N,3,0,1,2,A,-,09,21804,A,N,B,G,A,A,H,-,A,A,0,NA,Y,NA,NA,Y,NA,L,04,0,1,0,0,0,0,1,0,0,-,-,33.632911682128906,-117.91522216796876,ORANGE,COSTA MESA,-117.91527557373048,33.63299560546875
9577092,2023,2023-05-19,3004,2023-04-19,1816,P676,20,3,5,6,3004,0,0,0,NA,0,015,PINECREEK DR,ADAMS AV,448,N,N,A,-,N,NA,NA,NA,NA,NA,NA,NA,NA,NA,N,3,0,1,3,A,-,11,21954,A,N,G,B,D,A,H,-,A,D,0,Y,NA,NA,NA,Y,NA,N,60,0,1,0,0,1,0,0,0,0,-,-,33.67599868774414,-117.91400146484376,ORANGE,COSTA MESA,-117.91438293457033,33.676185607910156
9577364,2023,2023-05-09,3000,2023-03-30,1705,6717,891J2,4,5,5,3050,0,0,0,NA,0,762,LAKE FOREST DR,OLD TRABUCO RD,97,W,N,B,-,N,NA,NA,NA,NA,NA,NA,NA,NA,NA,Y,4,0,5,4,A,-,03,22350,NA,N,C,C,A,A,H,-,A,A,0,NA,NA,NA,NA,Y,NA,A,07,0,0,5,0,0,0,0,0,0,-,-,33.38505172729492,-117.41058349609376,ORANGE,LAKE FOREST,-117.68495178222656,33.64748764038086
9578987,2023,2023-05-17,3000,2023-03-13,1651,12240,892D5,1,5,5,3028,0,0,0,NA,0,7A52,ALICIA PKWY,MARGUERITE PKWY,7,N,N,A,-,N,NA,NA,NA,NA,NA,NA,NA,NA,NA,Y,4,0,2,2,A,-,09,21453,C,N,D,C,A,A,H,-,A,A,0,NA,NA,NA,NA,Y,NA,A,01,0,0,2,0,0,0,0,0,0,-,-,NA,NA,ORANGE,MISSION VIEJO,-117.65142059326172,33.627838134765625
9579666,2023,2023-06-05,3003,2023-05-03,1756,1301,NA,3,5,5,3003,0,0,0,NA,0,NA,STAGE RD,BEACH BL,22,W,N,A,-,Y,ORA,12,39,-,-,16.13,I,5,S,N,3,0,1,2,A,-,05,21650,1,M,D,G,A,A,H,-,A,A,0,NA,Y,NA,NA,Y,NA,L,04,0,1,0,0,0,0,1,0,0,-,-,33.88172149658203,-117.998291015625,ORANGE,BUENA PARK,-117.99811553955078,33.881736755371094
9580580,2023,2023-06-19,3000,2023-05-12,1150,11752,891F7,5,5,4,3045,0,0,0,NA,0,746,EL TORO AV,REGIONAL CENTER DR,183,E,N,A,-,N,NA,NA,NA,NA,NA,NA,NA,NA,NA,Y,3,0,1,2,A,-,07,21658,A,N,B,C,A,A,H,-,A,A,0,NA,NA,Y,Y,Y,NA,C,02,0,1,0,0,0,0,0,0,0,-,-,NA,NA,ORANGE,LAGUNA HILLS,-117.70982360839844,33.61301803588867
9581165,2023,2023-06-26,3000,2023-05-15,1748,10576,922C7,1,5,5,3028,0,0,0,NA,0,757,CROWN VALLEY PKWY,MARGUERITE PKWY,17,E,N,A,-,N,NA,NA,NA,NA,NA,NA,NA,NA,NA,N,4,0,1,2,A,-,09,21453,B,N,D,G,A,A,H,-,A,A,0,NA,Y,NA,NA,Y,NA,A,07,0,0,1,0,0,0,1,0,0,-,-,NA,NA,ORANGE,MISSION VIEJO,-117.6581573486328,33.56334686279297
9582332,2023,2023-06-01,3000,2023-05-03,1349,5377,951J2,3,5,5,3040,0,0,0,NA,0,741,GOLDEN LANTERN,CROWN VALLEY PKWY,0,NA,Y,A,-,N,NA,NA,NA,NA,NA,NA,NA,NA,NA,N,3,0,1,2,A,-,08,22101,D,N,H,G,A,A,H,-,A,A,0,NA,Y,NA,NA,Y,NA,L,04,0,1,0,0,0,0,1,0,0,-,-,NA,NA,ORANGE,LAGUNA NIGUEL,-117.69199371337892,33.5429801940918
9582946,2023,2023-06-22,3009,2023-05-21,2328,4844,055,7,5,6,3009,0,0,0,NA,0,011,BEACH BL,GARDEN GROVE BL,44,S,N,A,-,N,NA,NA,NA,NA,NA,NA,NA,NA,NA,Y,4,0,2,2,A,-,03,22350,NA,N,C,C,A,A,H,-,C,A,0,NA,NA,NA,NA,Y,NA,A,01,0,0,2,0,0,0,0,0,0,-,-,33.77373123168945,-117.99268341064452,ORANGE,GARDEN GROVE,-117.99267578125,33.77360916137695
9582948,2023,2023-06-22,3004,2023-05-23,2047,P555,32,2,5,6,3004,0,0,0,NA,0,005,BRISTOL ST,ANTON BL,0,NA,Y,A,-,N,NA,NA,NA,NA,NA,NA,NA,NA,NA,Y,2,0,3,2,A,-,12,21453,A,N,D,C,A,A,H,-,C,A,0,NA,NA,NA,NA,Y,Y,A,01,1,2,0,0,0,0,0,0,0,-,-,33.69010925292969,-117.88564300537108,ORANGE,COSTA MESA,-117.88562774658205,33.690086364746094
9583311,2023,2023-07-25,3004,2023-06-18,1553,P651,08,7,5,6,3004,0,0,0,NA,0,015,VICTORIA PL,VICTORIA ST,11,N,N,A,-,N,NA,NA,NA,NA,NA,NA,NA,NA,NA,N,4,0,1,2,A,-,03,22350,NA,N,C,C,A,A,H,-,A,A,0,NA,NA,NA,NA,Y,NA,A,07,0,0,1,0,0,0,0,0,0,-,-,33.652198791503906,-117.94650268554688,ORANGE,COSTA MESA,-117.94634246826172,33.652198791503906
9583504,2023,2023-07-14,3009,2023-06-16,2300,5049,101,5,5,6,3009,0,0,0,NA,0,012,ORANGEWOOD AV,PALMWOOD DR,0,NA,Y,B,-,N,NA,NA,NA,NA,NA,NA,NA,NA,NA,N,4,0,1,2,A,-,06,21755,A,M,B,C,A,A,H,-,C,A,0,NA,NA,NA,NA,Y,NA,-,99,0,0,1,0,0,0,0,0,0,-,-,NA,NA,ORANGE,GARDEN GROVE,-117.94962310791016,33.79631423950195
9583668,2023,2023-07-27,3000,2023-06-07,1055,1920,797J4,3,5,4,3021,0,0,0,NA,0,721,BEACH BL,CHAPMAN AV,127,S,N,B,-,Y,ORA,12,39,-,-,9.64,H,-,S,N,4,0,1,2,A,-,07,21658,A,N,B,C,A,A,H,-,A,D,0,NA,NA,NA,NA,Y,NA,A,01,0,0,1,0,0,0,0,0,0,-,-,NA,NA,ORANGE,STANTON,-117.99306488037108,33.78792953491211
9584319,2023,2023-05-22,3000,2023-05-03,2040,10320,921E3,3,5,4,3049,0,0,0,NA,0,481,ALISO VIEJO PKWY,ALISO CREEK RD,160,S,N,A,-,N,NA,NA,NA,NA,NA,NA,NA,NA,NA,Y,3,0,3,2,A,-,01,23152,G,N,A,C,A,A,H,-,C,A,0,NA,NA,NA,NA,Y,Y,A,01,0,3,0,0,0,0,0,0,0,-,-,NA,NA,ORANGE,ALISO VIEJO,-117.72512817382813,33.56428146362305
9584324,2023,2023-05-12,3005,2023-04-21,1548,8221,C28,5,5,4,3005,0,0,0,NA,0,003,CERRITOS AV,VALLEY VIEW ST,0,NA,Y,A,-,N,NA,NA,NA,NA,NA,NA,NA,NA,NA,N,3,0,2,4,A,-,03,22350,NA,N,C,C,A,A,H,-,A,D,0,NA,NA,NA,NA,Y,NA,A,01,0,1,1,0,0,0,0,0,0,-,-,NA,NA,ORANGE,CYPRESS,-118.02825164794922,33.80986785888672
9584473,2023,2023-05-18,3000,2023-04-19,805,3950,921D6,3,5,4,3049,0,0,0,NA,0,782,PACIFIC PARK DR,WOOD CANYON DR,365,E,N,A,-,N,NA,NA,NA,NA,NA,NA,NA,NA,NA,N,4,0,1,2,A,-,05,21650,1,N,D,G,A,A,H,-,A,D,0,NA,Y,NA,NA,Y,NA,L,04,0,0,1,0,0,0,1,0,0,-,-,NA,NA,ORANGE,ALISO VIEJO,-117.73380279541016,33.571109771728516
9586077,2023,2023-06-07,3012,2023-03-26,1952,697,4,7,5,5,3012,0,0,0,NA,0,004,E IMPERIAL,LAKEVIEW,20,W,N,A,-,N,NA,NA,NA,NA,NA,NA,NA,NA,NA,N,4,0,1,2,A,-,07,21658,A,N,C,C,A,A,H,-,C,A,0,NA,NA,NA,NA,Y,NA,A,01,0,0,1,0,0,0,0,0,0,-,-,NA,NA,ORANGE,LA HABRA,-117.93982696533205,33.9173583984375
9586986,2023,2023-08-14,3009,2023-07-27,1204,3965,096,4,5,6,3009,0,0,0,NA,0,001,WESTMINSTER AV,KERRY ST,0,NA,Y,A,-,N,NA,NA,NA,NA,NA,NA,NA,NA,NA,N,4,0,1,2,A,-,12,21453,A,N,D,C,A,A,H,-,A,A,0,NA,NA,NA,NA,Y,NA,A,01,0,0,1,0,0,0,0,0,0,-,-,NA,NA,ORANGE,GARDEN GROVE,-117.95877075195313,33.759521484375
9587000,2023,2023-08-11,3009,2023-07-18,1629,4963,144,2,5,6,3009,0,0,0,NA,0,002,GARDEN GROVE BL,WEST ST,75,E,N,A,-,N,NA,NA,NA,NA,NA,NA,NA,NA,NA,N,4,0,1,2,C,-,18,NA,NA,N,B,D,A,A,H,-,A,D,0,NA,NA,NA,NA,Y,NA,-,-,0,0,1,0,0,0,0,0,0,-,-,NA,NA,ORANGE,GARDEN GROVE,-117.92326354980467,33.77443313598633
9587673,2023,2023-06-08,3009,2023-05-12,1650,4874,098,5,5,6,3009,0,0,0,NA,0,013,BOLSA AV,BUSHARD ST,167,E,N,A,-,N,NA,NA,NA,NA,NA,NA,NA,NA,NA,Y,4,0,2,1,A,-,08,22107,NA,N,A,I,A,A,H,-,A,A,0,NA,NA,NA,NA,Y,NA,A,01,0,0,2,0,0,0,0,0,0,-,-,NA,NA,ORANGE,GARDEN GROVE,-117.96300506591795,33.74496841430664
9587692,2023,2023-06-08,3004,2023-05-18,642,P677,12,4,5,6,3004,0,0,0,NA,0,015,22ND ST,ELDEN AV,335,E,N,B,-,N,NA,NA,NA,NA,NA,NA,NA,NA,NA,Y,3,0,1,2,A,-,01,23152,A,N,D,C,A,A,H,-,A,D,0,NA,NA,NA,NA,Y,Y,A,01,0,1,0,0,0,0,0,0,0,-,-,33.64979934692383,-117.90560150146484,ORANGE,COSTA MESA,-117.90562438964844,33.64990234375
9590273,2023,2023-06-30,3000,2023-05-28,1450,11797,992H4,7,5,5,3017,0,0,0,NA,0,777,NORTH EL CAMINO REAL,CANADA,0,NA,Y,B,-,N,NA,NA,NA,NA,NA,NA,NA,NA,NA,N,4,0,1,1,C,-,18,NA,NA,N,H,A,A,A,H,-,A,A,0,NA,NA,NA,NA,Y,NA,-,-,0,0,1,0,0,0,0,0,0,-,-,NA,NA,ORANGE,SAN CLEMENTE,-117.61978912353516,33.43050765991211
9592312,2023,2023-06-26,3004,2023-06-09,1706,P691,02,5,5,6,3004,0,0,0,NA,0,015,WEST 17TH ST,POMONA AV,328,E,N,B,-,N,NA,NA,NA,NA,NA,NA,NA,NA,NA,N,4,0,1,2,A,-,03,22350,NA,N,D,J,A,A,H,-,A,D,0,NA,NA,Y,NA,Y,NA,C,03,0,0,1,0,0,0,0,0,1,-,-,33.63600158691406,-117.9260025024414,ORANGE,COSTA MESA,-117.92652893066406,33.63616943359375
9593343,2023,2023-07-21,3004,2023-06-26,1236,P648,10,1,5,6,3004,0,0,0,NA,0,003,HARBOR,VICTORIA ST,158,S,N,A,-,N,NA,NA,NA,NA,NA,NA,NA,NA,NA,Y,4,0,1,2,A,-,08,22107,NA,N,D,G,A,A,H,-,A,D,0,NA,NA,Y,NA,Y,NA,A,01,0,0,1,0,0,0,0,0,1,-,-,33.652000427246094,-117.9188995361328,ORANGE,COSTA MESA,-117.9190673828125,33.652095794677734
9593344,2023,2023-07-21,3004,2023-06-18,2001,P700,10,7,5,6,3004,0,0,0,NA,0,012,VICTORIA ST,PLACENTIA AV,24,NA,N,B,-,N,NA,NA,NA,NA,NA,NA,NA,NA,NA,N,3,0,1,2,A,-,12,21453,A,N,D,G,A,A,H,-,B,A,0,NA,Y,NA,NA,Y,NA,L,04,0,1,0,0,0,0,1,0,0,-,-,33.65253829956055,-117.9323272705078,ORANGE,COSTA MESA,-117.93209838867188,33.65245819091797
9593521,2023,2023-07-10,3000,2023-03-24,1832,11256,922D4,5,5,5,3028,0,0,0,NA,0,753,FELIPE RD,BARBADANES,0,NA,Y,A,-,N,NA,NA,NA,NA,NA,NA,NA,NA,NA,Y,3,0,1,2,A,-,08,22100,A,N,D,C,A,A,H,-,B,A,0,NA,NA,NA,NA,Y,NA,A,01,0,1,0,0,0,0,0,0,0,-,-,NA,NA,ORANGE,MISSION VIEJO,-117.65209197998048,33.577640533447266
9593523,2023,2023-07-10,3000,2023-03-31,1328,10853,973D6,5,5,5,3017,0,0,0,NA,0,775,CAMINO LA PEDRIZA,CORTE TIERRA CIELO,37,E,N,A,-,N,NA,NA,NA,NA,NA,NA,NA,NA,NA,N,4,0,1,2,A,-,09,21802,A,N,D,G,A,A,H,-,A,A,0,NA,Y,NA,NA,Y,NA,L,04,0,0,1,0,0,0,1,0,0,-,-,NA,NA,ORANGE,SAN CLEMENTE,-117.57677459716795,33.461524963378906
9593569,2023,2023-08-04,3000,2023-06-21,1025,10576,922B2,3,5,5,3028,0,0,0,NA,0,752,LA PAZ RD,PRADERA DR,15,E,N,A,-,N,NA,NA,NA,NA,NA,NA,NA,NA,NA,N,4,0,1,2,D,-,00,NA,NA,N,D,G,A,A,H,-,A,A,0,NA,Y,NA,NA,Y,NA,-,-,0,0,1,0,0,0,1,0,0,-,-,NA,NA,ORANGE,MISSION VIEJO,-117.66602325439452,33.59883117675781
9593690,2023,2023-07-10,3000,2023-03-07,2045,9620,HJC,2,5,5,3050,0,0,0,NA,0,462,BAKE PKWY,JERONIMO RD,0,NA,Y,A,-,N,NA,NA,NA,NA,NA,NA,NA,NA,NA,Y,4,0,1,2,A,-,12,21453,A,N,D,D,A,A,H,-,C,A,0,NA,NA,NA,NA,Y,NA,A,01,0,0,1,0,0,0,0,0,0,-,-,NA,NA,ORANGE,LAKE FOREST,-117.71061706542967,33.64503860473633
9593817,2023,2023-07-18,3004,2023-06-29,1652,P653,32,4,5,6,3004,0,0,0,NA,0,005,BRISTOL ST,ANTON BL,241,N,N,A,-,N,NA,NA,NA,NA,NA,NA,NA,NA,NA,Y,3,0,1,2,A,-,03,22350,NA,N,C,C,A,A,H,-,A,A,0,NA,NA,NA,NA,Y,NA,A,01,0,1,0,0,0,0,0,0,0,-,-,33.69097137451172,-117.88568878173828,ORANGE,COSTA MESA,-117.8856201171875,33.69075012207031
9599031,2024,2024-03-15,3011,2024-01-08,820,31610,71,1,5,4,3011,0,0,0,NA,0,001,LAGUNA CANYON RD,EL TORO RD,382,S,N,A,-,Y,ORA,12,133,-,-,3.34,H,-,S,Y,4,0,1,2,A,-,03,22350,NA,N,C,C,A,A,H,-,A,A,0,NA,NA,NA,Y,Y,NA,F,26,0,0,1,0,0,0,0,0,0,-,-,NA,NA,ORANGE,LAGUNA BEACH,-117.76140594482422,33.58173751831055
9599584,2023,2023-07-25,3000,2023-05-24,42,10904,922D1,3,5,5,3028,0,0,0,NA,0,054,MARGUERITE PKWY,JERONIMO RD,493,S,N,C,-,N,NA,NA,NA,NA,NA,NA,NA,NA,NA,N,3,0,1,1,A,-,03,22350,NA,N,F,A,A,B,B,-,C,A,0,NA,NA,Y,NA,Y,NA,C,02,0,1,0,0,0,0,0,0,1,-,-,33.60580825805664,-117.65563201904295,ORANGE,MISSION VIEJO,-117.6557388305664,33.605777740478516
9600510,2023,2023-08-07,3004,2023-07-05,819,P542,20,3,5,6,3004,0,0,0,NA,0,010,W BAKER ST,HARBOR BL,49,E,N,A,-,N,NA,NA,NA,NA,NA,NA,NA,NA,NA,N,4,0,2,2,A,-,21,22106,NA,N,C,C,A,A,H,-,A,A,0,NA,NA,NA,NA,Y,NA,A,01,0,0,2,0,0,0,0,0,0,-,-,33.67900085449219,-117.91200256347656,ORANGE,COSTA MESA,-117.91928100585938,33.68001937866211
9600878,2023,2023-08-03,3004,2023-07-19,1309,P651,33,3,5,6,3004,0,0,0,NA,0,NA,SUNFLOWER AV,S COAST PLAZA,0,NA,Y,A,-,N,NA,NA,NA,NA,NA,NA,NA,NA,NA,Y,3,0,1,2,A,-,12,21453,A,N,D,C,A,A,H,-,A,A,0,NA,NA,NA,NA,Y,NA,A,07,0,1,0,0,0,0,0,0,0,-,-,33.69409942626953,-117.88970184326172,ORANGE,COSTA MESA,-117.88992309570313,33.69429016113281
9601837,2023,2023-09-26,3011,2023-08-10,1110,31258,71,4,5,4,3011,0,0,0,NA,0,001,LAGUNA CANYON RD,STAN OAKS DR,0,NA,Y,B,-,Y,ORA,12,133,-,-,2.45,H,-,N,Y,3,0,1,2,A,-,05,21650,1,N,D,G,A,A,H,-,A,D,0,NA,Y,NA,NA,Y,NA,L,04,0,1,0,0,0,0,1,0,0,-,-,NA,NA,ORANGE,LAGUNA BEACH,-117.76346588134766,33.56906509399414
9603539,2023,2023-08-10,3004,2023-07-15,859,P669,17,6,5,6,3004,0,0,0,NA,0,010,W BAKER ST,MILBRO ST,305,E,N,A,-,N,NA,NA,NA,NA,NA,NA,NA,NA,NA,N,4,0,2,2,A,-,03,22350,NA,N,C,C,A,A,H,-,A,A,0,NA,NA,NA,NA,Y,NA,A,01,0,0,2,0,0,0,0,0,0,-,-,33.68000030517578,-117.89600372314452,ORANGE,COSTA MESA,-117.89588165283205,33.680076599121094
9604133,2023,2023-08-29,3012,2023-07-04,2154,713,3012,2,5,5,3012,0,0,0,NA,0,036,IMPERIAL HWY,WALNUT ST,62,W,N,A,-,Y,ORA,12,90,-,-,1.42,H,-,W,N,3,0,4,2,A,-,08,22107,NA,N,D,C,A,A,H,-,C,D,0,NA,NA,NA,NA,Y,NA,A,01,0,1,3,0,0,0,0,0,0,-,-,NA,NA,ORANGE,LA HABRA,-117.95213317871094,33.917388916015625
9604290,2023,2023-11-27,3000,2023-09-08,232,11457,797J1,5,5,4,3021,0,0,0,NA,0,023,BEACH BL,2ND ST,1,N,N,A,-,Y,ORA,12,39,-,-,11.375,I,5,S,N,4,0,1,2,A,-,11,21955,NA,F,G,B,D,A,H,-,B,D,0,Y,NA,NA,NA,Y,NA,N,60,0,0,1,0,1,0,0,0,0,-,-,NA,NA,ORANGE,STANTON,-117.99337005615234,33.81312942504883
9604891,2023,2024-02-22,3004,2023-12-21,1809,R103,09,4,5,6,3004,0,0,0,NA,0,015,POMONA,HAMILTON ST,0,NA,Y,C,-,N,NA,NA,NA,NA,NA,NA,NA,NA,NA,N,3,0,1,2,A,-,12,22450,NA,N,D,C,A,B,H,-,C,D,0,NA,NA,NA,NA,Y,NA,A,07,0,1,0,0,0,0,0,0,0,-,-,33.650699615478516,-117.92769622802734,ORANGE,COSTA MESA,-117.9277572631836,33.650657653808594
9606889,2023,2023-09-05,3004,2023-08-02,2146,P687,20,3,5,6,3004,0,0,0,NA,0,010,W BAKER ST,MCCLINTOCK WY,488,W,N,A,-,N,NA,NA,NA,NA,NA,NA,NA,NA,NA,Y,2,0,1,3,A,-,01,23153,F,N,G,B,D,A,H,-,C,D,0,Y,NA,NA,NA,Y,NA,A,01,1,0,0,0,1,0,0,0,0,-,-,33.68006896972656,-117.91132354736328,ORANGE,COSTA MESA,-117.91124725341795,33.680110931396484
9608044,2023,2023-08-18,3000,2023-07-15,1340,5013,971J5,6,5,4,3029,0,0,0,NA,0,736,STONEHILL DR,SELVA RD,24,E,N,A,-,N,NA,NA,NA,NA,NA,NA,NA,NA,NA,N,4,0,1,2,A,-,21,22106,NA,N,C,C,A,A,H,-,A,A,0,NA,NA,NA,NA,Y,NA,D,22,0,0,1,0,0,0,0,0,0,-,-,NA,NA,ORANGE,DANA POINT,-117.69135284423828,33.476314544677734
9609022,2023,2023-09-06,3009,2023-08-10,2341,5000,143,4,5,6,3009,0,0,0,NA,0,022,BUARO ST,LAMPSON AV,0,NA,Y,A,-,N,NA,NA,NA,NA,NA,NA,NA,NA,NA,Y,4,0,1,2,A,-,12,21453,A,N,D,C,A,A,H,-,C,A,0,NA,NA,NA,NA,Y,Y,-,-,0,0,1,0,0,0,0,0,0,-,-,NA,NA,ORANGE,GARDEN GROVE,-117.91918182373048,33.7816276550293
9609185,2023,2023-08-30,3004,2023-08-09,1710,P700,20,3,5,6,3004,0,0,0,NA,0,008,FAIRVIEW RD,MCCORMACK LN,0,NA,Y,C,-,N,NA,NA,NA,NA,NA,NA,NA,NA,NA,N,4,0,3,2,A,-,12,21453,A,N,D,C,A,B,H,-,A,A,0,NA,NA,NA,NA,Y,NA,A,07,0,0,3,0,0,0,0,0,0,-,-,33.684871673583984,-117.90786743164063,ORANGE,COSTA MESA,-117.90784454345705,33.6848030090332
9612752,2023,2023-08-24,3012,2023-07-14,1806,686,14,5,5,5,3012,0,0,0,NA,0,001,IDAHO ST,EDISON POLE #1043910E,49,S,N,A,-,N,NA,NA,NA,NA,NA,NA,NA,NA,NA,N,4,0,1,2,A,-,08,22107,NA,N,D,C,A,A,H,-,A,A,0,NA,NA,NA,NA,Y,NA,A,01,0,0,1,0,0,0,0,0,0,-,-,NA,NA,ORANGE,LA HABRA,NA,NA
9613150,2023,2023-09-06,3003,2023-08-07,1009,1284,NA,1,5,5,3003,0,0,0,NA,0,NA,ORANGETHORPE AV,KNOTT AV,164,E,N,A,-,N,NA,NA,NA,NA,NA,NA,NA,NA,NA,N,3,0,2,3,A,-,05,21650,1,N,B,G,A,A,H,-,A,D,0,NA,Y,NA,NA,Y,NA,L,04,0,1,1,0,0,0,2,0,0,-,-,33.513099670410156,-118.03800201416016,ORANGE,BUENA PARK,-118.01074981689452,33.858917236328125
9615342,2023,2023-08-31,3004,2023-08-22,1351,P719,28,2,5,6,3004,0,0,0,NA,0,014,RED HILL AV,KALMUS DR,0,NA,Y,A,-,N,NA,NA,NA,NA,NA,NA,NA,NA,NA,Y,3,0,1,2,A,-,09,21801,A,N,D,C,A,A,H,-,A,A,0,NA,NA,NA,NA,Y,NA,A,07,0,1,0,0,0,0,0,0,0,-,-,33.672271728515625,-117.87841796875,ORANGE,COSTA MESA,-117.87863159179688,33.672203063964844
9615798,2023,2023-09-20,3000,2023-07-24,1439,5013,971H6,1,5,4,3029,0,0,0,NA,0,736,PARK LANTERN,DANA POINT HARBOR DR,31,N,N,A,-,N,NA,NA,NA,NA,NA,NA,NA,NA,NA,Y,3,0,1,1,A,-,08,22107,NA,N,E,I,A,A,H,-,A,A,0,NA,NA,NA,NA,Y,NA,A,01,0,1,0,0,0,0,0,0,0,-,-,NA,NA,ORANGE,DANA POINT,-117.68879699707033,33.46379852294922
9615799,2023,2023-09-20,3000,2023-07-31,949,12043,921E6,1,5,4,3049,0,0,0,NA,0,7A41,PACIFIC PARK DR,ALISO CREEK RD,0,NA,Y,A,-,N,NA,NA,NA,NA,NA,NA,NA,NA,NA,Y,4,0,2,2,A,-,12,21453,A,N,D,C,A,A,H,-,A,A,0,NA,NA,NA,NA,Y,NA,A,01,0,0,2,0,0,0,0,0,0,-,-,NA,NA,ORANGE,ALISO VIEJO,-117.72345733642578,33.570919036865234
9616905,2023,2023-10-09,3009,2023-06-22,758,4021,123,4,5,6,3009,0,0,0,NA,0,021,CHAPMAN AV,ROBERT LN,201,W,N,A,-,N,NA,NA,NA,NA,NA,NA,NA,NA,NA,Y,4,0,1,3,A,-,03,22350,NA,N,C,C,A,A,H,-,A,A,0,NA,NA,NA,NA,Y,NA,A,07,0,0,1,0,0,0,0,0,0,-,-,33.78879165649414,-117.92643737792967,ORANGE,GARDEN GROVE,-117.92710113525392,33.78879165649414
9616909,2023,2023-10-25,3000,2023-09-21,1651,6717,862A5,4,5,5,3050,0,0,0,NA,0,762,ALTON PKWY,SUNFLOWER,5,W,N,B,-,N,NA,NA,NA,NA,NA,NA,NA,NA,NA,Y,3,0,2,2,A,-,12,21453,A,N,A,C,A,A,H,-,A,A,0,NA,NA,NA,NA,Y,NA,A,01,0,2,0,0,0,0,0,0,0,-,-,33.400428771972656,-117.40335845947266,ORANGE,LAKE FOREST,-117.67605590820313,33.67868423461914