CASE_ID,ACCIDENT_YEAR,PROC_DATE,JURIS,COLLISION_DATE,COLLISION_TIME,OFFICER_ID,REPORTING_DISTRICT,DAY_OF_WEEK,CHP_SHIFT,POPULATION,CNTY_CITY_LOC,SPECIAL_COND,BEAT_TYPE,CHP_BEAT_TYPE,CITY_DIVISION_LAPD,CHP_BEAT_CLASS,BEAT_NUMBER,PRIMARY_RD,SECONDARY_RD,DISTANCE,DIRECTION,INTERSECTION,WEATHER_1,WEATHER_2,STATE_HWY_IND,CALTRANS_COUNTY,CALTRANS_DISTRICT,STATE_ROUTE,ROUTE_SUFFIX,POSTMILE_PREFIX,POSTMILE,LOCATION_TYPE,RAMP_INTERSECTION,SIDE_OF_HWY,TOW_AWAY,COLLISION_SEVERITY,NUMBER_KILLED,NUMBER_INJURED,PARTY_COUNT,PRIMARY_COLL_FACTOR,PCF_CODE_OF_VIOL,PCF_VIOL_CATEGORY,PCF_VIOLATION,PCF_VIOL_SUBSECTION,HIT_AND_RUN,TYPE_OF_COLLISION,MVIW,PED_ACTION,ROAD_SURFACE,ROAD_COND_1,ROAD_COND_2,LIGHTING,CONTROL_DEVICE,CHP_ROAD_TYPE,PEDESTRIAN_ACCIDENT,BICYCLE_ACCIDENT,MOTORCYCLE_ACCIDENT,TRUCK_ACCIDENT,NOT_PRIVATE_PROPERTY,ALCOHOL_INVOLVED,STWD_VEHTYPE_AT_FAULT,CHP_VEHTYPE_AT_FAULT,COUNT_SEVERE_INJ,COUNT_VISIBLE_INJ,COUNT_COMPLAINT_PAIN,COUNT_PED_KILLED,COUNT_PED_INJURED,COUNT_BICYCLIST_KILLED,COUNT_BICYCLIST_INJURED,COUNT_MC_KILLED,COUNT_MC_INJURED,PRIMARY_RAMP,SECONDARY_RAMP,LATITUDE,LONGITUDE,COUNTY,CITY,POINT_X,POINT_Y
6679517,2014,2016-05-31,9670,2014-09-30,1028,016199,NA,2,1,4,3020,0,1,1,NA,2,044,RT 405,RT 605,400,S,N,A,-,Y,ORA,12,405,-,-,23.9,H,-,N,Y,4,0,1,4,A,-,03,22350,NA,N,B,C,A,A,D,-,A,D,1,NA,NA,NA,NA,Y,NA,A,01,0,0,1,0,0,0,0,0,0,-,-,33.78317,-118.0909,ORANGE,SEAL BEACH,-118.09078772,33.78257817
6679721,2014,2015-01-06,3002,2014-10-12,2032,7425,739,7,5,5,3025,0,0,0,NA,0,002,N VAN BUREN ST,YORKSHIRE AV,339,N,N,A,-,N,NA,NA,NA,NA,NA,NA,NA,NA,NA,Y,4,0,1,3,A,-,03,22350,NA,N,C,E,A,A,H,-,D,D,0,NA,NA,NA,NA,Y,NA,A,01,0,0,1,0,0,0,0,0,0,-,-,NA,NA,ORANGE,YORBA LINDA,-117.83147977,33.88211896
6681199,2014,2014-12-26,3001,2014-10-17,0855,A1469,NA,5,5,7,3001,0,0,0,NA,0,D-3,SOUTH EAST ST,E LINCOLN AV,66,S,N,B,-,N,NA,NA,NA,NA,NA,NA,NA,NA,NA,Y,4,0,1,2,A,-,03,22350,NA,N,C,C,A,A,H,-,A,A,0,NA,NA,NA,NA,Y,NA,A,08,0,0,1,0,0,0,0,0,0,-,-,NA,NA,ORANGE,ANAHEIM,-117.902643,33.83791543
6681534,2014,2014-12-22,3000,2014-10-01,0847,4680,972C2,3,5,4,3018,0,0,0,NA,0,030,DEL OBISPO,CAMINO CAPISTRANO,0,NA,Y,A,-,N,NA,NA,NA,NA,NA,NA,NA,NA,NA,N,3,0,1,2,A,-,03,22350,NA,N,C,C,A,A,H,-,A,A,0,NA,NA,NA,NA,Y,NA,A,01,0,1,0,0,0,0,0,0,0,-,-,NA,NA,ORANGE,SAN JUAN CAPISTRANO,-117.66252012,33.49808009
6682410,2014,2016-06-16,3003,2014-08-30,0716,847,3003,6,5,5,3003,0,0,0,NA,0,008,BEACH BL,COMMONWEALTH AV,35,N,N,B,-,Y,ORA,12,39,-,-,15.34,H,-,S,Y,4,0,1,2,A,-,03,22350,NA,N,C,C,A,A,H,-,A,A,0,NA,NA,NA,NA,Y,NA,-,NA,0,0,1,0,0,0,0,0,0,-,-,33.8728,-117.9997,ORANGE,BUENA PARK,-117.99828762,33.87011246
6682641,2014,2014-12-03,3014,2014-10-10,1104,1346,25,5,5,5,3014,0,0,0,NA,0,0A2,RT 1,RIVERSIDE AV,457,W,N,A,-,Y,NA,NA,1,NA,NA,NA,NA,NA,NA,N,3,0,1,3,A,-,03,22350,NA,N,C,C,A,A,H,-,A,D,0,NA,Y,NA,Y,Y,NA,F,26,0,1,0,0,0,0,1,0,0,-,-,33.6207,-117.9249,ORANGE,NEWPORT BEACH,-117.92490318,33.62069299
6682889,2014,2016-06-18,3009,2014-10-04,1310,0145,96,6,5,6,3009,0,0,0,NA,0,1-3,TRASK AV,RT 22,0,NA,Y,A,-,Y,ORA,12,22,-,R,5.547,R,4,W,N,4,0,2,2,D,-,00,NA,NA,N,B,C,A,A,H,-,A,A,0,NA,NA,NA,NA,Y,NA,-,-,0,0,2,0,0,0,0,0,0,-,WF,NA,NA,ORANGE,GARDEN GROVE,-117.96000043,33.76598292
6682950,2014,2014-12-24,3000,2014-10-07,0735,2742,992-H,2,5,5,3017,0,0,0,NA,0,776,EL CAMINO REAL,AVENIDA ARAGON,0,NA,Y,A,-,N,NA,NA,NA,NA,NA,NA,NA,NA,NA,N,3,0,1,2,A,-,12,22450,A,N,D,G,A,A,H,-,A,A,0,NA,Y,NA,NA,Y,NA,A,01,0,1,0,0,0,0,1,0,0,-,-,NA,NA,ORANGE,SAN CLEMENTE,-117.62175001,33.43150006
6683444,2014,2015-01-07,3001,2014-10-06,0228,1825,NA,1,5,7,3001,0,0,0,NA,0,0D4,KRAEMER BL,FRONTERA ST,283,N,N,A,-,N,NA,NA,NA,NA,NA,NA,NA,NA,NA,Y,3,0,1,1,A,-,03,22350,NA,N,F,A,A,A,H,-,C,D,0,NA,NA,NA,Y,Y,NA,F,27,0,1,0,0,0,0,0,0,0,-,-,NA,NA,ORANGE,ANAHEIM,NA,NA
6683453,2014,2014-12-26,3001,2014-10-19,1336,1670,NA,7,5,7,3001,0,0,0,NA,0,0D2,WEST ROMNEYA DR,N CITRON ST,82,W,N,A,-,N,NA,NA,NA,NA,NA,NA,NA,NA,NA,N,4,0,2,2,A,-,03,22350,NA,M,C,C,A,A,H,-,A,D,0,NA,NA,NA,NA,Y,NA,A,07,0,0,2,0,0,0,0,0,0,-,-,NA,NA,ORANGE,ANAHEIM,-117.92902944,33.85077879
6686276,2014,2014-12-09,9675,2014-10-21,1415,18733,NA,2,2,7,3001,0,1,3,NA,2,093,RT 91,PLACENTIA AV,20,E,N,A,-,Y,NA,NA,91,NA,NA,NA,NA,NA,NA,Y,3,0,3,2,A,-,08,22107,NA,N,E,I,A,A,H,-,A,D,0,NA,NA,NA,NA,Y,NA,D,22,0,2,1,0,0,0,0,0,0,-,-,33.85307,-117.88475,ORANGE,ANAHEIM,-117.88465172,33.85333301
6686312,2014,2014-11-19,9675,2014-10-17,1920,19979,NA,5,2,7,3001,0,1,3,NA,2,093,RT 91,STATE COLLEGE BL,600,E,N,A,-,Y,NA,NA,91,NA,NA,NA,NA,NA,NA,N,4,0,1,3,A,-,03,22350,NA,F,C,C,A,A,H,-,D,D,0,NA,NA,NA,NA,Y,NA,D,22,0,0,1,0,0,0,0,0,0,-,-,33.85392,-117.88527,ORANGE,ANAHEIM,-117.88526681,33.85393415
6688395,2015,2015-09-04,3019,2015-08-12,1006,3151,SE,3,5,7,3019,0,0,0,NA,0,003,EDINGER AV,CEDAR ST,0,NA,Y,A,-,N,NA,NA,NA,NA,NA,NA,NA,NA,NA,Y,3,0,3,2,A,-,09,21801,A,N,D,C,A,A,H,-,A,A,0,NA,NA,NA,NA,Y,NA,A,07,0,2,1,0,0,0,0,0,0,-,-,NA,NA,ORANGE,SANTA ANA,-117.85866001,33.72692007
6689443,2014,2014-12-05,3001,2014-10-25,1145,1469,NA,6,5,7,3001,0,0,0,NA,0,0D1,BROOKHURST ST,ORANGE AV,180,S,N,A,-,N,NA,NA,NA,NA,NA,NA,NA,NA,NA,Y,3,0,1,3,A,-,03,22350,NA,N,D,C,A,A,H,-,A,D,0,NA,NA,Y,NA,Y,NA,C,02,0,1,0,0,0,0,0,0,1,-,-,NA,NA,ORANGE,ANAHEIM,-117.95894,33.8245365
6691332,2014,2014-11-21,3010,2014-10-27,0913,1145,451,1,5,6,3010,0,0,0,NA,0,004,MAIN,ORANGE,30,S,N,A,-,N,NA,NA,NA,NA,NA,NA,NA,NA,NA,N,3,0,1,2,A,-,11,21950,B,N,G,B,B,A,H,-,A,A,0,Y,NA,NA,NA,Y,NA,N,60,0,1,0,0,1,0,0,0,0,-,-,NA,NA,ORANGE,HUNTINGTON BEACH,-117.9993543,33.65974775
6694210,2014,2014-12-30,3010,2014-10-12,1918,1225,461,7,5,6,3010,0,0,0,NA,0,004,RT 1,1ST,34,N,N,A,-,Y,NA,NA,NA,NA,NA,NA,NA,NA,NA,N,4,0,2,2,A,-,03,22350,NA,N,C,C,A,A,H,-,C,A,0,NA,NA,NA,NA,Y,NA,A,07,0,0,2,0,0,0,0,0,0,-,-,NA,NA,ORANGE,HUNTINGTON BEACH,-117.99980078,33.65529307
6694379,2014,2016-06-18,3010,2014-10-30,0904,164,273,4,5,6,3010,0,0,0,NA,0,006,SLATER,RT 39,53,E,N,A,-,Y,ORA,12,39,-,-,4.131,I,6,N,N,3,0,1,2,A,-,09,21804,A,N,D,C,A,A,H,-,A,A,0,NA,NA,Y,NA,Y,NA,C,02,0,1,0,0,0,0,0,0,1,-,-,NA,NA,ORANGE,HUNTINGTON BEACH,-117.98910141,33.7084882
6694777,2014,2015-01-05,3015,2014-10-24,2123,1504,46,5,5,6,3015,0,0,0,NA,0,NA,N WANDA RD,COLLIDGE AV,200,S,N,A,-,N,NA,NA,NA,NA,NA,NA,NA,NA,NA,N,3,0,1,2,A,-,17,21209,A,M,B,G,A,A,H,-,C,D,0,NA,Y,NA,NA,Y,NA,A,07,0,1,0,0,0,0,1,0,0,-,-,NA,NA,ORANGE,ORANGE,-117.82193,33.8082819
6694817,2014,2015-01-02,3000,2014-10-19,1300,2742,972E7,7,5,5,3017,0,0,0,NA,0,776,CALLE CAMPANA,CALLE CANASTA,0,NA,Y,A,-,N,NA,NA,NA,NA,NA,NA,NA,NA,NA,N,4,0,1,2,A,-,11,21954,A,N,G,B,E,A,H,-,A,D,0,Y,NA,NA,NA,Y,NA,N,60,0,0,1,0,1,0,0,0,0,-,-,NA,NA,ORANGE,SAN CLEMENTE,-117.64510001,33.45619008
6694842,2014,2015-01-05,3001,2014-10-29,1517,A1252,NA,3,5,7,3001,0,0,0,NA,0,0D2,SOUTH ANAHEIM BL,SOUTH ST,0,NA,Y,A,-,N,NA,NA,NA,NA,NA,NA,NA,NA,NA,Y,4,0,2,2,A,-,12,21453,A,N,D,C,A,A,H,-,A,A,0,NA,NA,NA,NA,Y,NA,A,01,0,0,2,0,0,0,0,0,0,-,-,NA,NA,ORANGE,ANAHEIM,-117.91099011,33.82673004
6695748,2014,2015-01-06,3014,2014-10-16,1029,1034,RD39,4,5,5,3014,0,0,0,NA,0,0A3,AVOCADO AV,CIVIC CENTER DR,0,NA,Y,A,-,N,NA,NA,NA,NA,NA,NA,NA,NA,NA,Y,4,0,1,2,A,-,09,21801,A,N,D,C,A,A,H,-,A,A,0,NA,NA,NA,NA,Y,NA,A,01,0,0,1,0,0,0,0,0,0,-,-,33.6099,-117.87263,ORANGE,NEWPORT BEACH,-117.87259003,33.60989006
6695768,2014,2015-03-27,3009,2014-10-29,0700,2646,126,3,5,6,3009,0,0,0,NA,0,023,EUCLID ST,CYNTHIA,0,W,N,A,-,N,NA,NA,NA,NA,NA,NA,NA,NA,NA,Y,2,0,1,2,A,-,09,21801,A,N,D,C,A,A,H,-,A,A,0,NA,NA,NA,NA,Y,NA,A,01,1,0,0,0,0,0,0,0,0,-,-,NA,NA,ORANGE,GARDEN GROVE,-117.93777009,33.76202005
6696732,2014,2016-06-15,9675,2014-10-16,1800,18733,NA,4,2,7,3001,0,1,3,NA,2,572,RT 57,LINCOLN AV,300,S,N,A,-,Y,ORA,12,57,-,-,14.72,H,-,S,Y,4,0,1,2,A,-,03,22350,NA,N,C,C,A,A,H,-,A,D,6,NA,NA,NA,NA,Y,NA,A,01,0,0,1,0,0,0,0,0,0,-,-,33.83696,-117.87548,ORANGE,ANAHEIM,-117.87624118,33.83699715
6696959,2014,2015-01-05,3024,2014-10-27,1410,150,P06,1,5,5,3024,0,0,0,NA,0,WEST,HOOVER ST,23RD ST,0,NA,Y,A,-,N,NA,NA,NA,NA,NA,NA,NA,NA,NA,Y,3,0,3,2,A,-,09,21802,A,N,D,C,A,A,H,-,A,A,0,NA,NA,NA,NA,Y,NA,D,22,0,1,2,0,0,0,0,0,0,-,-,NA,NA,ORANGE,WESTMINSTER,-117.99847011,33.76465003
6697429,2014,2014-11-21,3024,2014-09-23,1415,162,P17,2,5,5,3024,0,0,0,NA,0,WEST,MAPLE AV,CHESTNUT ST,0,NA,Y,-,-,N,NA,NA,NA,NA,NA,NA,NA,NA,NA,N,4,0,1,2,A,-,03,22350,NA,N,D,G,A,A,H,-,A,D,0,NA,Y,NA,NA,Y,NA,L,04,0,0,1,0,0,0,1,0,0,-,-,NA,NA,ORANGE,WESTMINSTER,-118.0027401,33.75366001
6698388,2014,2014-12-08,3008,2014-10-28,1921,1094,NA,2,5,6,3008,0,0,0,NA,0,0Z1,VALENCIA DR,BROOKHURST RD,0,NA,Y,A,-,N,NA,NA,NA,NA,NA,NA,NA,NA,NA,N,4,0,1,2,A,-,03,22350,NA,M,C,C,A,A,H,-,C,A,0,NA,NA,NA,NA,Y,NA,-,99,0,0,1,0,0,0,0,0,0,-,-,33.51592,-117.57333,ORANGE,FULLERTON,-117.9594001,33.86652005
6698396,2014,2014-12-08,3008,2014-10-28,1315,1033,NA,2,5,6,3008,0,0,0,NA,0,0Z1,GILBERT ST,MALVERN AV,172,N,N,A,-,N,NA,NA,NA,NA,NA,NA,NA,NA,NA,Y,4,0,4,3,A,-,03,22350,NA,N,C,C,A,A,H,-,A,A,0,NA,NA,NA,NA,Y,NA,A,01,0,0,4,0,0,0,0,0,0,-,-,NA,NA,ORANGE,FULLERTON,-117.96705698,33.87834171
6698522,2014,2014-12-01,3019,2014-10-29,1735,2776,SE,3,5,7,3019,0,0,0,NA,0,003,DYER RD,ORANGE AV,0,NA,Y,A,-,N,NA,NA,NA,NA,NA,NA,NA,NA,NA,Y,4,0,3,4,A,-,09,21801,A,N,D,C,A,A,H,-,A,D,0,NA,NA,NA,NA,Y,NA,-,NA,0,0,3,0,0,0,0,0,0,-,-,NA,NA,ORANGE,SANTA ANA,-117.86586012,33.7087001
6700461,2014,2015-01-07,3001,2014-10-17,1301,A1496,NA,5,5,7,3001,0,0,0,NA,0,0D2,LA PALMA AV,HARBOR BL,280,W,N,A,-,N,NA,NA,NA,NA,NA,NA,NA,NA,NA,N,4,0,3,2,A,-,00,20002,A,M,C,C,A,A,H,-,A,D,0,NA,NA,NA,NA,Y,NA,D,22,0,0,3,0,0,0,0,0,0,-,-,NA,NA,ORANGE,ANAHEIM,-117.92476988,33.8472
6700656,2014,2014-12-09,3016,2014-10-24,1342,1240,34,5,5,5,3016,0,0,0,NA,0,001,YORBA LINDA BL,PROSPECT AV,82,E,N,A,-,N,NA,NA,NA,NA,NA,NA,NA,NA,NA,N,4,0,1,2,A,-,03,22350,NA,N,C,C,A,A,H,-,A,A,0,NA,NA,NA,NA,Y,NA,D,22,0,0,1,0,0,0,0,0,0,-,-,NA,NA,ORANGE,PLACENTIA,-117.83772047,33.88844
6700858,2014,2016-06-15,9670,2014-10-30,1935,20453,NA,4,2,5,3003,0,1,3,NA,2,091,RT 91,BEACH BL,500,E,N,A,-,Y,ORA,12,91,-,R,2.71,H,-,W,Y,4,0,3,2,A,-,03,22350,NA,N,C,C,A,A,H,-,C,D,1,NA,NA,NA,NA,Y,NA,A,01,0,0,3,0,0,0,0,0,0,-,-,33.85627,-117.99265,ORANGE,BUENA PARK,-117.99636245,33.8561956
6701653,2014,2014-12-04,3000,2014-10-13,0745,1916,891G6,1,5,4,3045,0,0,0,NA,0,745,EL TORO RD,AVENIDA DE LA CARLOTA,30,E,N,A,-,N,NA,NA,NA,NA,NA,NA,NA,NA,NA,Y,4,0,1,2,A,-,03,22350,NA,N,C,C,A,A,H,-,A,D,0,NA,NA,NA,NA,Y,NA,A,01,0,0,1,0,0,0,0,0,0,-,-,NA,NA,ORANGE,LAGUNA HILLS,-117.70864351,33.61404163
6701661,2014,2015-01-23,3024,2014-11-07,0549,311,P38,5,5,5,3024,0,0,0,NA,0,EAST,MAGNOLIA ST,EMERALD AV,0,NA,Y,A,-,N,NA,NA,NA,NA,NA,NA,NA,NA,NA,Y,4,0,1,2,A,-,09,21802,A,N,C,C,A,A,H,-,A,A,0,NA,NA,NA,Y,Y,NA,F,26,0,0,1,0,0,0,0,0,0,-,-,NA,NA,ORANGE,WESTMINSTER,-117.97214011,33.73358003
6701933,2014,2014-12-09,3000,2014-10-26,1840,738,891E7,7,5,3,3051,0,0,0,NA,0,380,EL TORO,MOULTON PKY,38,W,N,A,-,N,NA,NA,NA,NA,NA,NA,NA,NA,NA,N,4,0,1,2,A,-,03,22350,NA,N,C,C,A,A,H,-,C,A,0,NA,NA,NA,NA,Y,NA,A,01,0,0,1,0,0,0,0,0,0,-,-,NA,NA,ORANGE,LAGUNA WOODS,-117.72541412,33.6100829
6702211,2014,2014-12-03,3022,2014-10-27,0402,1077,NA,1,5,5,3022,0,0,0,NA,0,003,EDINGER AV,JAMBOREE RD,227,W,N,A,-,N,NA,NA,NA,NA,NA,NA,NA,NA,NA,N,2,0,1,1,A,-,01,21200,5,N,E,I,A,A,H,-,C,D,0,NA,Y,NA,NA,Y,Y,L,04,1,0,0,0,0,0,1,0,0,-,-,33.4218,-117.4823,ORANGE,TUSTIN,-117.80658373,33.70492159
6702215,2014,2014-12-03,3022,2014-10-24,1524,1077,NA,5,5,5,3022,0,0,0,NA,0,NA,JAMBOREE RD,IRVINE BL,0,NA,Y,A,-,N,NA,NA,NA,NA,NA,NA,NA,NA,NA,Y,4,0,4,3,A,-,12,21453,A,N,D,C,A,A,H,-,A,A,0,NA,NA,NA,NA,Y,NA,A,07,0,0,4,0,0,0,0,0,0,-,-,33.73056,-117.78711,ORANGE,TUSTIN,-117.78729011,33.73054003
6702249,2014,2015-01-26,3015,2014-11-04,0602,1350,27E,2,5,6,3015,0,0,0,NA,0,NA,N GLASSELL ST,E BRISTOL LN,0,NA,Y,-,-,N,NA,NA,NA,NA,NA,NA,NA,NA,NA,Y,4,0,2,2,A,-,09,21802,A,N,-,-,A,-,-,-,-,-,0,NA,NA,NA,NA,Y,NA,A,08,0,0,2,0,0,0,0,0,0,-,-,NA,NA,ORANGE,ORANGE,-117.85291013,33.8267601
6702285,2014,2015-01-26,3015,2014-11-04,1314,1386,711M,2,5,6,3015,0,0,0,NA,0,77S,E MEATS AV,NORTH TUSTIN ST,304,W,N,-,-,N,NA,NA,NA,NA,NA,NA,NA,NA,NA,Y,3,0,2,2,A,-,09,21804,A,N,-,-,A,-,-,-,-,-,0,NA,NA,NA,NA,Y,NA,A,07,0,2,0,0,0,0,0,0,0,-,-,NA,NA,ORANGE,ORANGE,-117.83701495,33.82278761
6702288,2014,2015-01-07,3022,2014-11-05,0827,1235,NORTH,3,5,5,3022,0,0,0,NA,0,NA,TUSTIN RANCH RD,GREENWAY DR,91,S,N,A,-,N,NA,NA,NA,NA,NA,NA,NA,NA,NA,N,4,0,2,3,A,-,03,22350,NA,N,C,C,A,A,H,-,A,A,0,NA,NA,NA,NA,Y,NA,A,07,0,0,2,0,0,0,0,0,0,-,-,33.442,-117.473,ORANGE,TUSTIN,-117.79169215,33.74013907
6703479,2014,2016-06-18,9670,2014-11-03,1933,19601,NA,1,2,6,3010,0,1,1,NA,2,043,RT 405,BEACH BL,160,N,N,A,-,Y,ORA,12,405,-,-,16.6,H,-,S,Y,4,0,1,4,A,-,03,22350,NA,N,C,C,A,A,H,-,C,D,1,NA,NA,NA,NA,Y,NA,A,08,0,0,1,0,0,0,0,0,0,-,-,33.73302,-117.98992,ORANGE,HUNTINGTON BEACH,-117.99011566,33.73307008
6704020,2014,2015-01-08,3004,2014-11-12,1646,P429,08,3,5,6,3004,0,0,0,NA,0,015,PLACENTIA AV,HAMILTON ST,106,N,N,A,-,N,NA,NA,NA,NA,NA,NA,NA,NA,NA,Y,4,0,2,4,A,-,03,22350,NA,N,C,C,A,A,H,-,C,D,0,NA,NA,Y,NA,Y,NA,A,01,0,0,2,0,0,0,0,0,1,-,-,33.394,-117.5555,ORANGE,COSTA MESA,-117.93208,33.65090062
6704039,2014,2015-01-08,3000,2014-11-05,0800,05314,951F1,3,5,5,3040,0,0,0,NA,0,6M40,ALICIA PKY,EL LAZO,38,W,N,A,-,N,NA,NA,NA,NA,NA,NA,NA,NA,NA,N,4,0,2,2,A,-,03,22350,NA,N,C,C,A,A,H,-,A,D,0,NA,NA,NA,NA,Y,NA,A,01,0,0,2,0,0,0,0,0,0,-,-,NA,NA,ORANGE,LAGUNA NIGUEL,-117.71705344,33.55703967
6704656,2014,2015-01-20,9670,2014-11-14,1340,15587,NA,5,1,7,3001,0,1,3,NA,2,094,RT 91,RAYMOND AV,750,E,N,-,-,Y,NA,NA,91,NA,NA,NA,NA,NA,NA,Y,3,0,3,3,A,-,03,22350,NA,N,C,C,A,A,H,-,A,D,0,NA,NA,NA,Y,Y,NA,D,22,0,1,2,0,0,0,0,0,0,-,-,33.85369,-117.90394,ORANGE,ANAHEIM,-117.90394078,33.85375585
6704831,2014,2014-12-30,3000,2014-10-27,0730,1916,921G3,1,5,4,3045,0,0,0,NA,0,745,VIA LOMAS,ALICIA PKY,6,N,N,B,-,N,NA,NA,NA,NA,NA,NA,NA,NA,NA,N,4,0,1,2,A,-,10,21950,A,N,G,B,B,A,H,-,A,A,0,Y,NA,NA,NA,Y,NA,A,08,0,0,1,0,1,0,0,0,0,-,-,NA,NA,ORANGE,LAGUNA HILLS,-117.70210447,33.58812113
6704857,2014,2014-12-31,9670,2014-10-24,1409,16793,NA,5,2,5,3007,0,1,1,NA,2,040,RT 405,EUCLID ST,900,N,N,A,-,Y,NA,NA,405,NA,NA,NA,NA,NA,NA,Y,3,0,2,2,C,-,18,NA,NA,N,E,J,A,A,H,-,A,D,0,NA,NA,NA,NA,Y,NA,-,-,0,1,1,0,0,0,0,0,0,-,-,33.69869,-117.94236,ORANGE,FOUNTAIN VALLEY,-117.94230833,33.69881425
6704861,2014,2016-06-18,9670,2014-10-23,0904,18887,NA,4,1,5,3024,0,1,1,NA,2,043,RT 405,SPRINGDALE ST,1000,N,N,A,-,Y,ORA,12,405,-,-,19.57,H,-,S,Y,3,0,2,3,A,-,07,21658,A,F,C,C,A,A,H,-,A,D,1,NA,NA,Y,NA,Y,NA,A,01,0,2,0,0,0,0,0,0,1,-,-,33.76,-118.025,ORANGE,WESTMINSTER,-118.02705429,33.76314505
6705245,2014,2014-11-18,3019,2014-10-23,1231,2630,SC,4,5,7,3019,0,0,0,NA,0,004,BRISTOL ST,GLENWOOD PL,0,NA,Y,A,-,N,NA,NA,NA,NA,NA,NA,NA,NA,NA,N,4,0,1,2,A,-,-,NA,NA,N,C,C,A,A,H,-,A,A,0,NA,NA,NA,NA,Y,NA,A,01,0,0,1,0,0,0,0,0,0,-,-,NA,NA,ORANGE,SANTA ANA,-117.88524001,33.72152003
6705459,2014,2015-01-07,3001,2014-11-07,2029,1880,NA,5,5,7,3001,0,0,0,NA,0,0D2,W NEIGHBORS AV,N ONONDAGA AV,142,W,N,A,-,N,NA,NA,NA,NA,NA,NA,NA,NA,NA,Y,4,0,1,1,A,-,03,22350,NA,N,E,I,A,A,H,-,C,D,0,NA,NA,NA,NA,Y,NA,A,01,0,0,1,0,0,0,0,0,0,-,-,NA,NA,ORANGE,ANAHEIM,-117.94652,33.8488
6705808,2014,2016-06-20,3024,2014-10-14,0848,312,P12,2,5,5,3024,0,0,0,NA,0,WEST,RT 39,19TH ST,0,NA,Y,A,-,Y,ORA,12,39,-,-,7.761,I,5,N,Y,4,0,2,2,A,-,09,21801,A,N,D,C,A,A,H,-,A,D,0,NA,NA,NA,NA,Y,NA,A,08,0,0,2,0,0,0,0,0,0,-,-,NA,NA,ORANGE,WESTMINSTER,-117.98956715,33.76107027
6705971,2014,2014-12-04,3019,2014-10-16,1447,2611,WE,4,5,7,3019,0,0,0,NA,0,001,BAKER ST,18TH ST,6,S,N,A,-,N,NA,NA,NA,NA,NA,NA,NA,NA,NA,N,4,0,1,2,A,-,08,22103,NA,N,-,C,A,A,H,-,A,D,0,NA,NA,NA,NA,Y,NA,A,01,0,0,1,0,0,0,0,0,0,-,-,NA,NA,ORANGE,SANTA ANA,-117.8825106,33.76120356
6706073,2014,2015-01-08,3019,2014-11-01,1049,3294,WE,6,5,7,3019,0,0,0,NA,0,001,1ST ST,BEWLEY ST,50,E,N,B,C,N,NA,NA,NA,NA,NA,NA,NA,NA,NA,N,4,0,1,2,A,-,11,21954,A,N,A,B,D,B,H,-,A,D,0,Y,NA,NA,NA,Y,NA,N,60,0,0,1,0,1,0,0,0,0,-,-,NA,NA,ORANGE,SANTA ANA,-117.91776591,33.74519
6711547,2014,2015-01-09,3019,2014-11-22,0257,3317,NE,6,5,7,3019,0,0,0,NA,0,002,1ST ST,MAIN ST,36,E,N,A,-,N,NA,NA,NA,NA,NA,NA,NA,NA,NA,Y,4,0,2,2,A,-,01,23152,A,N,C,C,A,A,H,-,C,A,0,NA,NA,NA,NA,Y,Y,A,01,0,0,2,0,0,0,0,0,0,-,-,NA,NA,ORANGE,SANTA ANA,-117.86753186,33.74554
6713820,2014,2015-01-06,3026,2014-10-10,1708,416,NA,5,5,6,3026,0,0,0,NA,0,00C,ALTON,JEFFREY,197,W,N,A,-,N,NA,NA,NA,NA,NA,NA,NA,NA,NA,N,4,0,1,2,A,-,11,21461,5,F,G,B,D,A,H,-,B,A,0,Y,NA,NA,NA,Y,NA,N,60,0,0,1,0,1,0,0,0,0,-,-,NA,NA,ORANGE,IRVINE,-117.78914908,33.67004272
6714313,2014,2015-01-12,3013,2014-11-05,1605,176,PATRO,3,5,3,3013,0,0,0,NA,0,00N,LOS ALAMITOS BL,FLORISTA ST,0,NA,Y,A,-,N,NA,NA,NA,NA,NA,NA,NA,NA,NA,N,3,0,1,2,A,-,10,21950,A,N,D,G,A,A,H,-,A,A,0,NA,Y,NA,NA,Y,NA,A,01,0,1,0,0,0,0,1,0,0,-,-,NA,NA,ORANGE,LOS ALAMITOS,-118.07187003,33.80496
6714569,2014,2016-06-18,9675,2014-11-08,0440,020545,NA,6,3,7,3019,0,1,1,NA,2,502,RT 5,17TH ST,200,N,N,A,-,Y,ORA,12,5,-,-,32.54,H,-,N,Y,3,0,1,1,A,-,01,23152,A,N,E,J,A,A,H,-,C,D,1,NA,NA,NA,NA,Y,Y,A,07,0,1,0,0,0,0,0,0,0,-,-,33.7604,-117.86261,ORANGE,SANTA ANA,-117.86277005,33.76071164
6714957,2014,2015-01-14,3019,2014-10-17,2113,3198,SE,5,5,7,3019,0,0,0,NA,0,003,MCFADDEN,ORANGE,100,E,N,A,-,N,NA,NA,NA,NA,NA,NA,NA,NA,NA,Y,4,0,1,2,A,-,01,23152,A,M,F,C,A,A,H,-,C,D,0,NA,NA,NA,NA,Y,Y,A,01,0,0,1,0,0,0,0,0,0,-,-,NA,NA,ORANGE,SANTA ANA,-117.86483653,33.73359939
6715071,2014,2016-06-15,9670,2014-11-12,1240,13826,NA,3,1,5,3007,0,1,1,NA,2,041,RT 405,WARNER AV,600,S,N,A,-,Y,ORA,12,405,-,-,14.71,H,-,S,Y,3,0,1,2,A,-,08,22107,NA,N,B,C,A,A,H,-,A,D,1,NA,NA,NA,NA,Y,NA,A,01,0,1,0,0,0,0,0,0,0,-,-,33.71394,-117.96499,ORANGE,FOUNTAIN VALLEY,-117.96592261,33.71479068
6716472,2014,2015-01-06,3000,2014-10-29,1110,3893,892A6,3,5,5,3028,0,0,0,NA,0,751,ALICIA PKWY,JERONIMO RD,0,NA,Y,A,-,N,NA,NA,NA,NA,NA,NA,NA,NA,NA,N,3,0,1,2,D,-,00,NA,NA,N,D,C,A,A,H,-,A,A,0,NA,NA,NA,NA,Y,NA,-,-,0,1,0,0,0,0,0,0,0,-,-,NA,NA,ORANGE,MISSION VIEJO,-117.67836006,33.61516004
6717232,2014,2015-01-12,3019,2014-11-16,0028,3338,SC,7,5,7,3019,0,0,0,NA,0,004,HARBOR BL,SEGERSTROM AV,28,N,N,A,-,N,NA,NA,NA,NA,NA,NA,NA,NA,NA,Y,4,0,3,2,A,-,01,23152,A,N,C,C,A,A,H,-,C,A,0,NA,NA,NA,NA,Y,Y,A,01,0,0,3,0,0,0,0,0,0,-,-,NA,NA,ORANGE,SANTA ANA,-117.91975,33.70883676