CASE_ID,ACCIDENT_YEAR,PROC_DATE,JURIS,COLLISION_DATE,COLLISION_TIME,OFFICER_ID,REPORTING_DISTRICT,DAY_OF_WEEK,CHP_SHIFT,POPULATION,CNTY_CITY_LOC,SPECIAL_COND,BEAT_TYPE,CHP_BEAT_TYPE,CITY_DIVISION_LAPD,CHP_BEAT_CLASS,BEAT_NUMBER,PRIMARY_RD,SECONDARY_RD,DISTANCE,DIRECTION,INTERSECTION,WEATHER_1,WEATHER_2,STATE_HWY_IND,CALTRANS_COUNTY,CALTRANS_DISTRICT,STATE_ROUTE,ROUTE_SUFFIX,POSTMILE_PREFIX,POSTMILE,LOCATION_TYPE,RAMP_INTERSECTION,SIDE_OF_HWY,TOW_AWAY,COLLISION_SEVERITY,NUMBER_KILLED,NUMBER_INJURED,PARTY_COUNT,PRIMARY_COLL_FACTOR,PCF_CODE_OF_VIOL,PCF_VIOL_CATEGORY,PCF_VIOLATION,PCF_VIOL_SUBSECTION,HIT_AND_RUN,TYPE_OF_COLLISION,MVIW,PED_ACTION,ROAD_SURFACE,ROAD_COND_1,ROAD_COND_2,LIGHTING,CONTROL_DEVICE,CHP_ROAD_TYPE,PEDESTRIAN_ACCIDENT,BICYCLE_ACCIDENT,MOTORCYCLE_ACCIDENT,TRUCK_ACCIDENT,NOT_PRIVATE_PROPERTY,ALCOHOL_INVOLVED,STWD_VEHTYPE_AT_FAULT,CHP_VEHTYPE_AT_FAULT,COUNT_SEVERE_INJ,COUNT_VISIBLE_INJ,COUNT_COMPLAINT_PAIN,COUNT_PED_KILLED,COUNT_PED_INJURED,COUNT_BICYCLIST_KILLED,COUNT_BICYCLIST_INJURED,COUNT_MC_KILLED,COUNT_MC_INJURED,PRIMARY_RAMP,SECONDARY_RAMP,LATITUDE,LONGITUDE,COUNTY,CITY,POINT_X,POINT_Y
6841584,2015,2016-09-07,9670,2015-02-23,1227,16209,NA,1,1,5,3003,0,1,1,NA,2,500,RT 5,ORANGETHORPE AV,260,S,N,A,-,Y,ORA,12,5,-,-,42.47,H,-,N,Y,2,0,1,2,A,-,01,23152,A,N,C,C,A,A,H,-,A,D,6,NA,NA,NA,NA,Y,Y,A,07,1,0,0,0,0,0,0,0,0,-,-,33.85899,-117.98437,ORANGE,BUENA PARK,-117.98392702,33.85881577
6841650,2015,2016-09-12,9670,2015-03-05,1511,16793,NA,4,2,7,3001,0,1,3,NA,2,093,RT 91,RAYMOND AV,1800,W,N,A,-,Y,ORA,12,91,-,-,3.92,H,-,W,Y,2,0,1,2,A,-,03,22350,NA,N,C,C,A,A,H,-,A,D,1,NA,NA,Y,NA,Y,NA,C,02,1,0,0,0,0,0,0,0,1,-,-,NA,NA,ORANGE,ANAHEIM,-117.91267509,33.85390217
6841662,2015,2016-11-01,9670,2015-03-03,0640,16793,NA,2,1,3,3013,0,1,1,NA,2,061,RT 605,KATELLA AV,3000,S,N,B,-,Y,ORA,12,605,-,-,0.84,H,-,S,Y,3,0,1,3,A,-,03,22350,NA,N,C,C,A,A,H,-,A,D,1,NA,NA,NA,NA,Y,NA,A,08,0,1,0,0,0,0,0,0,0,-,-,33.79371,-118.08755,ORANGE,LOS ALAMITOS,-118.08688478,33.79579642
6842554,2015,2015-08-14,3000,2015-02-25,2200,2742,993A,3,5,5,3017,0,0,0,NA,0,778,EL CAMINO REAL,AVENIDA VALENCIA,0,NA,Y,A,-,N,NA,NA,NA,NA,NA,NA,NA,NA,NA,Y,3,0,1,2,A,-,09,21801,A,N,A,C,A,A,H,-,C,A,0,NA,NA,NA,NA,Y,NA,A,01,0,1,0,0,0,0,0,0,0,-,-,NA,NA,ORANGE,SAN CLEMENTE,-117.60600007,33.41902001
6843341,2015,2015-03-26,3019,2015-02-25,1843,2724,WE,3,5,7,3019,0,0,0,NA,0,001,MCFADDEN,EUCLID,0,NA,Y,A,-,N,NA,NA,NA,NA,NA,NA,NA,NA,NA,Y,4,0,1,2,A,-,09,21801,A,N,D,C,A,A,H,-,C,A,0,NA,NA,NA,NA,Y,NA,D,22,0,0,1,0,0,0,0,0,0,-,-,NA,NA,ORANGE,SANTA ANA,-117.93739005,33.73815003
6843834,2015,2015-03-19,3010,2015-02-22,1938,205,168,7,5,6,3010,0,0,0,NA,0,007,SPRINGDALE,HEIL,0,NA,Y,C,-,N,NA,NA,NA,NA,NA,NA,NA,NA,NA,N,4,0,3,2,D,-,00,NA,NA,N,D,C,A,B,H,-,C,A,0,NA,NA,NA,NA,Y,NA,-,-,0,0,3,0,0,0,0,0,0,-,-,NA,NA,ORANGE,HUNTINGTON BEACH,-118.02409003,33.72269008
6845514,2015,2015-05-14,3022,2015-03-02,1254,1193,SOUTH,1,5,5,3022,0,0,0,NA,0,NA,RED HILL AV,MITCHELL AV,269,N,N,A,-,N,NA,NA,NA,NA,NA,NA,NA,NA,NA,Y,4,0,1,2,A,-,03,22350,NA,N,C,C,A,A,H,-,A,D,0,NA,NA,NA,NA,Y,NA,A,01,0,0,1,0,0,0,0,0,0,-,-,33.43527,-117.49288,ORANGE,TUSTIN,-117.8176397,33.73130965
6845826,2015,2016-10-28,9690,2015-02-09,1730,17988,NA,1,2,4,3018,0,1,1,NA,2,057,RT 5,RT 74,900,N,N,A,-,Y,ORA,12,5,-,-,9.96,H,-,S,Y,3,0,1,1,A,-,08,22107,NA,N,E,I,A,A,H,-,A,D,1,NA,NA,NA,NA,Y,NA,A,01,0,1,0,0,0,0,0,0,0,-,-,33.50715,-117.66032,ORANGE,SAN JUAN CAPISTRANO,-117.66023652,33.50726668
6847559,2015,2016-09-19,9675,2015-03-06,1135,20766,NA,5,1,5,3022,0,1,1,NA,2,503,RT 5,RT 55,400,N,N,A,-,Y,ORA,12,5,-,-,30.47,H,-,S,Y,4,0,1,2,A,-,03,22350,NA,N,C,C,A,A,H,-,A,D,1,NA,NA,NA,NA,Y,NA,A,01,0,0,1,0,0,0,0,0,0,-,-,33.74114,-117.83586,ORANGE,TUSTIN,-117.83723731,33.74174198
6847567,2015,2016-10-24,9675,2015-03-07,0620,20044,NA,6,1,6,3008,0,1,3,NA,2,571,RT 57,ORANGETHORPE AV,120,N,N,A,-,Y,ORA,12,57,-,-,16.45,H,-,S,Y,2,0,3,3,A,-,01,23152,A,N,B,C,A,A,H,-,B,D,6,NA,NA,Y,NA,Y,Y,A,01,1,1,1,0,0,0,0,0,1,-,-,33.86168,-117.87747,ORANGE,FULLERTON,-117.87755285,33.86186809
6849355,2015,2015-03-23,3026,2015-03-06,0733,4779,NA,5,5,6,3026,0,0,0,NA,0,00C,JAMBOREE RD,WALNUT AV,771,S,N,A,-,N,NA,NA,NA,NA,NA,NA,NA,NA,NA,Y,3,0,1,2,A,-,07,21658,A,N,C,C,A,A,H,-,A,D,0,NA,NA,NA,NA,Y,NA,A,01,0,1,0,0,0,0,0,0,0,-,-,NA,NA,ORANGE,IRVINE,-117.8020512,33.70976223
6849470,2015,2015-03-27,3000,2015-03-05,2040,8540,797H1,4,5,4,3021,0,0,0,NA,0,4A23,WESTERN AV,CODY,5,N,N,A,-,N,NA,NA,NA,NA,NA,NA,NA,NA,NA,Y,3,0,1,2,A,-,01,23152,A,F,C,E,A,A,H,-,C,D,0,NA,NA,NA,NA,Y,Y,D,22,0,1,0,0,0,0,0,0,0,-,-,NA,NA,ORANGE,STANTON,-118.00203012,33.81226371
6849924,2015,2015-04-27,3007,2015-03-04,0931,1119,44,3,5,5,3007,0,0,0,NA,0,001,WARNER,BROOKHURST,0,NA,-,A,-,N,NA,NA,NA,NA,NA,NA,NA,NA,NA,Y,4,0,1,2,A,-,09,21801,A,N,-,-,A,A,H,-,A,D,0,NA,NA,NA,NA,Y,NA,A,07,0,0,1,0,0,0,0,0,0,-,-,NA,NA,ORANGE,FOUNTAIN VALLEY,-117.95459008,33.71634004
6851048,2014,2016-06-10,9690,2014-12-30,2345,17988,NA,2,3,4,3045,0,1,1,NA,2,055,RT 5,ALICIA PKWY,1000,S,N,C,-,Y,ORA,12,5,-,-,17.38,H,-,S,Y,3,0,2,2,A,-,03,22350,NA,N,C,C,A,B,H,-,D,D,1,NA,NA,NA,NA,Y,NA,D,22,0,1,1,0,0,0,0,0,0,-,-,33.6011,-117.68405,ORANGE,LAGUNA HILLS,-117.6892458,33.60357869
6851804,2015,2015-03-24,3001,2015-03-06,0227,2171,1522,5,5,7,3001,0,0,0,NA,0,021,LA PALMA AV,EUCLID ST,0,NA,Y,A,-,N,NA,NA,NA,NA,NA,NA,NA,NA,NA,Y,4,0,1,2,A,-,01,23152,A,N,D,C,A,A,H,-,C,A,0,NA,NA,NA,NA,Y,Y,A,01,0,0,1,0,0,0,0,0,0,-,-,NA,NA,ORANGE,ANAHEIM,-117.94167004,33.84710003
6852655,2015,2016-09-12,9690,2015-01-12,1336,12830,NA,1,1,5,3028,0,1,1,NA,2,056,RT 5,AVERY PKY,792,S,N,A,-,Y,ORA,12,5,-,-,12.72,H,-,S,Y,4,0,1,2,A,-,08,22107,NA,N,B,C,A,A,H,-,A,D,1,NA,NA,NA,NA,Y,NA,A,01,0,0,1,0,0,0,0,0,0,-,-,33.54513,-117.67352,ORANGE,MISSION VIEJO,-117.67367427,33.54383454
6852664,2015,2015-03-18,9690,2015-01-19,1810,19089,NA,1,2,9,3000,0,3,5,NA,2,004,CROWN VALLEY PKWY,ONEILL DR,697,W,N,A,-,N,NA,NA,NA,NA,NA,NA,NA,NA,NA,Y,4,0,1,2,A,-,03,22350,NA,N,C,C,A,A,H,-,C,D,0,NA,NA,NA,NA,Y,NA,A,01,0,0,1,0,0,0,0,0,0,-,-,33.56424,-117.64565,ORANGE,UNINCORPORATED,-117.645697,33.5645095
6854537,2015,2015-07-14,3015,2015-04-30,1419,1017,124,4,5,6,3015,0,0,0,NA,0,751,ORANGE PARK BL,AMAPOLA AV,200,S,N,A,-,N,NA,NA,NA,NA,NA,NA,NA,NA,NA,Y,1,1,0,3,A,-,00,23153,E,N,B,B,E,A,H,-,A,D,0,Y,NA,NA,Y,Y,NA,A,07,0,0,0,1,0,0,0,0,0,-,-,NA,NA,ORANGE,ORANGE,-117.78241688,33.80128194
6854583,2014,2015-05-12,3007,2014-09-25,1520,270,64,4,5,5,3007,0,0,0,NA,0,56M,TALBERT AV,FOSTER ST,0,NA,Y,A,-,N,NA,NA,NA,NA,NA,NA,NA,NA,NA,Y,1,1,2,2,A,-,01,23152,A,N,D,C,A,A,H,-,A,A,0,NA,NA,NA,NA,Y,Y,A,07,0,1,1,0,0,0,0,0,0,-,-,NA,NA,ORANGE,FOUNTAIN VALLEY,-117.95701003,33.70168008
6854665,2015,2015-07-15,3014,2015-05-24,2045,1458,RD24,7,5,5,3014,0,0,0,NA,0,0A2,RT 1,SUPERIOR AV,321,E,N,A,-,Y,ORA,12,1,-,-,20.31,H,-,N,Y,1,1,0,2,A,-,11,21955,NA,N,G,B,D,A,H,-,C,D,0,Y,NA,NA,NA,Y,Y,N,60,0,0,0,1,0,0,0,0,0,-,-,33.3722,-117.5617,ORANGE,NEWPORT BEACH,-117.93821673,33.62268733
6856158,2015,2015-03-24,3009,2015-03-03,1558,3305,119,2,5,6,3009,0,0,0,NA,0,2 3,DAVIT AV,WARD ST,600,E,N,A,-,N,NA,NA,NA,NA,NA,NA,NA,NA,NA,Y,3,0,1,3,A,-,01,23152,A,N,A,E,A,A,H,-,A,A,0,NA,NA,NA,NA,Y,NA,A,01,0,1,0,0,0,0,0,0,0,-,-,NA,NA,ORANGE,GARDEN GROVE,-117.94410257,33.73959199
6856464,2015,2015-03-26,3008,2015-02-11,1558,1117,NA,3,5,6,3008,0,0,0,NA,0,Z 1,ROSECRANS,CAMINO CENTROLOMA,500,W,N,A,-,N,NA,NA,NA,NA,NA,NA,NA,NA,NA,Y,4,0,1,2,A,-,03,22350,NA,N,C,C,A,A,H,-,A,D,0,NA,NA,NA,NA,Y,NA,A,01,0,0,1,0,0,0,0,0,0,-,-,NA,NA,ORANGE,FULLERTON,-117.95852449,33.89429469
6857079,2015,2015-04-02,3026,2015-03-17,1214,4779,NA,2,5,6,3026,0,0,0,NA,0,00U,VON KARMAN AV,MICHELSON DR,0,NA,Y,A,-,N,NA,NA,NA,NA,NA,NA,NA,NA,NA,Y,3,0,1,2,A,-,12,21453,A,N,D,C,A,A,H,-,A,A,0,NA,NA,Y,NA,Y,NA,C,03,0,1,0,0,0,0,0,0,1,-,-,NA,NA,ORANGE,IRVINE,-117.85340008,33.67623008
6861361,2015,2015-04-03,3008,2015-02-22,1900,1469,NA,7,5,6,3008,0,0,0,NA,0,0Z2,HARBOR BL,VALENCIA AV,0,NA,Y,C,-,N,NA,NA,NA,NA,NA,NA,NA,NA,NA,N,4,0,1,2,A,-,12,21453,A,N,D,C,A,B,H,-,C,A,0,NA,NA,NA,NA,Y,NA,A,07,0,0,1,0,0,0,0,0,0,-,-,NA,NA,ORANGE,FULLERTON,-117.9242701,33.86620011
6861941,2015,2016-09-07,9675,2015-03-06,1931,19407,NA,5,2,6,3026,0,1,1,NA,2,503,RT 5,YALE AV,450,N,N,A,-,Y,ORA,12,5,-,R,25.92,H,-,N,Y,4,0,1,2,A,-,07,21658,A,N,B,C,A,A,H,-,D,D,1,NA,NA,NA,NA,Y,NA,D,22,0,0,1,0,0,0,0,0,0,-,-,33.70245,-117.7762,ORANGE,IRVINE,-117.77596153,33.70181217
6862375,2015,2015-03-27,3008,2015-03-01,0456,1484,NJC,7,5,6,3008,0,0,0,NA,0,002,NORTH HARBOR BL,BASTANCHURY RD,459,N,N,B,-,N,NA,NA,NA,NA,NA,NA,NA,NA,NA,Y,3,0,2,2,A,-,00,23153,E,N,C,C,A,B,H,-,C,D,0,NA,NA,NA,NA,Y,NA,A,01,0,1,1,0,0,0,0,0,0,-,-,NA,NA,ORANGE,FULLERTON,-117.92913952,33.89686238
6862662,2015,2015-04-03,3008,2015-02-24,0735,1033,NA,2,5,6,3008,0,0,0,NA,0,0Z1,GILBERT ST,CASTLEWOOD DR,0,NA,Y,A,-,N,NA,NA,NA,NA,NA,NA,NA,NA,NA,Y,4,0,2,2,A,-,09,21801,A,N,D,C,A,A,H,-,A,A,0,NA,NA,NA,NA,Y,NA,A,01,0,0,2,0,0,0,0,0,0,-,-,NA,NA,ORANGE,FULLERTON,-117.95652001,33.90144009
6863020,2015,2016-09-23,9675,2015-03-06,1828,20780,NA,5,2,7,3001,0,1,3,NA,2,094,RT 91,LAKEVIEW AV,2112,E,N,A,-,Y,ORA,12,91,-,R,10.49,H,-,W,Y,3,0,2,4,A,-,03,22350,NA,N,C,C,A,A,H,-,C,D,1,NA,NA,NA,NA,Y,NA,A,01,0,1,1,0,0,0,0,0,0,-,-,33.85472,-117.80882,ORANGE,ANAHEIM,-117.80861307,33.85438365
6863032,2015,2016-11-01,9675,2015-03-07,2020,019809,NA,6,2,6,3026,0,1,1,NA,2,503,RT 5,SAND CANYON AV,650,S,N,A,-,Y,ORA,12,5,-,R,23.82,H,-,N,Y,4,0,2,2,A,-,03,22350,NA,N,C,C,A,A,H,-,C,D,1,NA,NA,NA,NA,Y,NA,A,01,0,0,2,0,0,0,0,0,0,-,-,33.67705,-117.75697,ORANGE,IRVINE,-117.75655177,33.6758773
6863138,2015,2016-10-21,9675,2015-03-21,1505,18733,NA,6,2,4,3002,0,1,3,NA,2,570,RT 57,LAMBERT RD,400,S,N,A,-,Y,ORA,12,57,-,-,20.7,H,-,S,Y,4,0,1,3,A,-,03,22350,NA,N,C,C,A,A,H,-,A,D,6,NA,NA,NA,Y,Y,NA,G,25,0,0,1,0,0,0,0,0,0,-,-,33.92612,-117.88107,ORANGE,BREA,-117.88031808,33.92236603
6863648,2015,2016-09-26,3024,2015-03-07,1422,373,P 37,6,5,5,3024,0,0,0,NA,0,EAST,RT 39,DRIFTWOOD LN,175,N,N,A,-,Y,ORA,12,39,-,-,6.06,H,-,N,Y,4,0,1,2,A,-,03,22350,NA,N,C,C,A,A,H,-,A,A,0,NA,NA,NA,NA,Y,NA,A,01,0,0,1,0,0,0,0,0,0,-,-,NA,NA,ORANGE,WESTMINSTER,-117.98928983,33.73628187
6863801,2015,2015-04-07,3019,2015-03-10,2035,2877,NE,2,5,7,3019,0,0,0,NA,0,002,15TH ST,ROSS ST,15,W,N,A,-,N,NA,NA,NA,NA,NA,NA,NA,NA,NA,N,3,0,1,2,A,-,10,21950,A,F,G,B,D,A,H,-,A,D,0,Y,NA,NA,NA,Y,NA,A,01,0,1,0,0,1,0,0,0,0,-,-,NA,NA,ORANGE,SANTA ANA,-117.87251923,33.75785045
6864093,2015,2015-04-08,3026,2015-03-17,1744,341,NA,2,5,6,3026,0,0,0,NA,0,00U,VON KARMAN,ANCHOR AV,300,N,N,A,-,N,NA,NA,NA,NA,NA,NA,NA,NA,NA,Y,4,0,3,2,A,-,03,22350,NA,N,D,C,A,A,H,-,A,B,0,NA,NA,NA,NA,Y,NA,A,01,0,0,3,0,0,0,0,0,0,-,-,NA,NA,ORANGE,IRVINE,-117.84527412,33.68655753
6864100,2015,2015-04-07,3019,2015-03-14,1948,3296,WE,6,5,7,3019,0,0,0,NA,0,001,HARBOR BL,1ST ST,15,S,N,A,-,N,NA,NA,NA,NA,NA,NA,NA,NA,NA,N,4,0,1,2,A,-,21,22106,NA,N,C,C,A,A,H,-,C,A,0,NA,NA,NA,NA,Y,NA,A,07,0,0,1,0,0,0,0,0,0,-,-,NA,NA,ORANGE,SANTA ANA,-117.92018,33.74515
6864104,2015,2015-04-07,3019,2015-03-13,0823,2630,WE,5,5,7,3019,0,0,0,NA,0,001,KENT AV,SPAR ST,50,E,N,A,-,N,NA,NA,NA,NA,NA,NA,NA,NA,NA,N,4,0,1,2,A,-,21,22106,NA,N,G,B,F,A,H,-,A,A,0,Y,NA,NA,NA,Y,NA,A,01,0,0,1,0,1,0,0,0,0,-,-,NA,NA,ORANGE,SANTA ANA,-117.92279593,33.73499
6864108,2015,2015-04-07,3019,2015-03-13,1458,2460,SC,5,5,7,3019,0,0,0,NA,0,004,BAKER ST,1ST ST,160,S,N,A,-,N,NA,NA,NA,NA,NA,NA,NA,NA,NA,N,4,0,1,2,A,-,05,21650,1,N,D,G,A,A,H,-,A,D,0,NA,Y,NA,NA,Y,NA,L,04,0,0,1,0,0,0,1,0,0,-,-,NA,NA,ORANGE,SANTA ANA,-117.88279,33.74554
6864461,2015,2015-04-08,3001,2015-03-17,0720,0705,NA,2,5,7,3001,0,0,0,NA,0,0D1,LINCOLN AV,GAIN ST,249,E,N,A,-,N,NA,NA,NA,NA,NA,NA,NA,NA,NA,Y,3,0,1,14,A,-,03,22350,NA,N,C,C,A,A,H,-,A,D,0,NA,NA,NA,NA,Y,NA,A,07,0,1,0,0,0,0,0,0,0,-,-,NA,NA,ORANGE,ANAHEIM,-117.97216213,33.83235404
6867227,2015,2015-09-08,3008,2015-03-13,1513,1297,NA,5,5,6,3008,0,0,0,NA,0,0Z3,ORANGETHORPE AV,BASQUE AV,0,NA,Y,A,-,N,NA,NA,NA,NA,NA,NA,NA,NA,NA,Y,4,0,2,3,D,-,00,NA,NA,N,D,C,A,A,H,-,A,A,0,NA,NA,NA,NA,Y,NA,-,-,0,0,2,0,0,0,0,0,0,-,-,NA,NA,ORANGE,FULLERTON,-117.94994013,33.85945008
6867229,2015,2015-04-17,3008,2015-03-15,1401,1477,NA,7,5,6,3008,0,0,0,NA,0,002,LEMON ST,LIBERTY ST,48,N,N,A,-,N,NA,NA,NA,NA,NA,NA,NA,NA,NA,Y,4,0,3,3,A,-,08,22107,NA,N,A,C,A,A,H,-,A,D,0,NA,NA,NA,NA,Y,NA,D,22,0,0,3,0,0,0,0,0,0,-,-,33.51398,-117.55114,ORANGE,FULLERTON,-117.91988,33.86111159
6867426,2015,2016-09-23,9675,2015-03-26,1415,018087,NA,4,2,7,3001,0,1,3,NA,2,094,RT 91,IMPERIAL HWY,5200,E,N,A,-,Y,ORA,12,91,-,R,12.54,H,-,W,Y,3,0,1,3,A,-,03,22350,NA,F,C,C,A,A,H,-,A,D,1,NA,NA,NA,NA,Y,NA,A,07,0,1,0,0,0,0,0,0,0,-,-,33.86203,-117.77456,ORANGE,ANAHEIM,-117.77520271,33.86154358
6869453,2015,2016-10-03,9675,2015-03-16,1145,017833,NA,1,1,7,3019,0,1,1,NA,2,503,RT 5,4TH ST,920,S,N,A,-,Y,ORA,12,5,-,-,30.92,H,-,S,Y,4,0,1,2,A,-,03,22350,NA,N,C,C,A,A,H,-,A,A,1,NA,NA,NA,NA,Y,NA,A,01,0,0,1,0,0,0,0,0,0,-,-,33.74336,-117.84094,ORANGE,SANTA ANA,-117.84262407,33.74583985
6869477,2015,2016-09-19,9675,2015-03-17,2045,15826,NA,2,2,5,3022,0,1,1,NA,2,503,RT 5,REDHILL AV,175,N,N,B,-,Y,ORA,12,5,-,R,29.255,R,1,S,N,4,0,1,3,A,-,03,22350,NA,F,C,C,A,A,H,-,D,A,1,NA,NA,NA,NA,Y,NA,A,01,0,0,1,0,0,0,0,0,0,TO,-,33.73359,-117.81614,ORANGE,TUSTIN,-117.81753518,33.73482871
6870582,2015,2015-04-14,3012,2015-03-23,1021,568,36,1,5,5,3012,0,0,0,NA,0,003,IDAHO ST,LAS LOMAS DR,0,NA,Y,A,-,N,NA,NA,NA,NA,NA,NA,NA,NA,NA,Y,3,0,1,2,A,-,09,21801,A,N,A,C,A,A,H,-,A,A,0,NA,NA,NA,NA,Y,NA,A,01,0,1,0,0,0,0,0,0,0,-,-,NA,NA,ORANGE,LA HABRA,-117.95919004,33.92150004
6870635,2015,2016-10-11,9670,2015-03-13,1035,18180,NA,5,1,4,3020,0,1,1,NA,2,044,RT 405,RT 605,598,S,N,A,-,Y,ORA,12,405,-,-,23.87,H,-,N,Y,2,0,1,1,A,-,03,22350,NA,N,F,I,A,A,H,-,A,A,1,NA,NA,Y,NA,Y,NA,C,02,1,0,0,0,0,0,0,0,1,-,-,33.78238,-118.09059,ORANGE,SEAL BEACH,-118.09063792,33.7821511
6872394,2015,2016-09-12,3001,2015-03-20,2018,415,NA,5,5,7,3001,0,0,0,NA,0,0D2,W LINCOLN AV,RT 5,0,NA,Y,A,-,Y,ORA,12,5,-,-,38.433,R,4,S,Y,3,0,1,2,A,-,03,22350,NA,N,B,C,A,A,H,-,C,A,0,NA,NA,Y,NA,Y,NA,C,02,0,1,0,0,0,0,0,0,1,-,-,NA,NA,ORANGE,ANAHEIM,-117.92680373,33.82703141
6874207,2015,2015-04-10,3001,2015-03-31,1904,A1252,NA,2,5,7,3001,0,0,0,NA,0,0D1,WEST BALL RD,BROOKHURST ST,151,E,N,A,-,N,NA,NA,NA,NA,NA,NA,NA,NA,NA,NA,4,0,1,2,A,-,03,22350,NA,N,C,C,A,A,H,-,B,A,0,NA,NA,NA,NA,Y,NA,A,01,0,0,1,0,0,0,0,0,0,-,-,NA,NA,ORANGE,ANAHEIM,-117.95844413,33.81777936
6874247,2015,2015-04-13,3001,2015-03-26,2133,1373,NA,4,5,7,3001,0,0,0,NA,0,0D1,WEST BALL RD,S PARK CIR,0,NA,Y,A,-,N,NA,NA,NA,NA,NA,NA,NA,NA,NA,Y,3,0,2,2,A,-,09,21801,A,N,D,C,A,A,H,-,C,D,0,NA,NA,NA,NA,Y,NA,A,01,0,1,1,0,0,0,0,0,0,-,-,NA,NA,ORANGE,ANAHEIM,-117.94748001,33.81789007
6874290,2015,2016-10-06,9670,2015-03-26,0615,14751,NA,4,1,5,3003,0,1,3,NA,2,091,RT 91,KNOTT ST,600,W,N,A,-,Y,ORA,12,91,-,R,1.73,H,-,W,Y,3,0,1,1,A,-,03,22350,NA,N,E,J,A,A,C,-,C,D,1,NA,NA,Y,NA,Y,NA,C,02,0,1,0,0,0,0,0,0,1,-,-,33.85634,-118.0178,ORANGE,BUENA PARK,-118.01340162,33.8560718
6874606,2015,2015-04-15,3019,2015-03-05,1955,2983,WE,4,5,7,3019,0,0,0,NA,0,001,EUCLID,OAKFIELD,0,NA,Y,A,-,N,NA,NA,NA,NA,NA,NA,NA,NA,NA,Y,3,0,1,2,A,-,12,21453,A,N,A,C,A,A,H,-,C,A,0,NA,NA,Y,NA,Y,NA,C,02,0,1,0,0,0,0,0,0,1,-,-,NA,NA,ORANGE,SANTA ANA,-117.93759006,33.75459002
6875867,2015,2015-04-14,3010,2015-03-21,2049,1109,189,6,5,6,3010,0,0,0,NA,0,007,EDWARDS,SLATER,30,S,N,A,-,N,NA,NA,NA,NA,NA,NA,NA,NA,NA,N,4,0,2,2,A,-,04,21703,NA,N,C,C,A,A,H,-,C,A,0,NA,NA,NA,NA,Y,NA,A,01,0,0,2,0,0,0,0,0,0,-,-,NA,NA,ORANGE,HUNTINGTON BEACH,-118.01516818,33.70814776
6875893,2015,2015-04-14,3001,2015-03-25,1749,410,NA,3,5,7,3001,0,0,0,NA,0,0D2,WEST CRONE AV,SOUTH EUCLID ST,8,E,N,A,-,N,NA,NA,NA,NA,NA,NA,NA,NA,NA,N,3,0,1,2,A,-,09,21804,A,N,D,G,A,A,H,-,A,A,0,NA,Y,NA,NA,Y,NA,L,04,0,1,0,0,0,0,1,0,0,-,-,NA,NA,ORANGE,ANAHEIM,-117.94142373,33.82166038
6876431,2015,2015-05-27,3004,2015-04-03,0725,P541,01,5,5,6,3004,0,0,0,NA,0,015,WEST 19TH ST,MONROVIA AV,0,NA,Y,A,-,N,NA,NA,NA,NA,NA,NA,NA,NA,NA,Y,3,0,1,2,A,-,12,21453,A,N,D,C,A,B,H,-,A,A,0,NA,NA,NA,Y,Y,NA,A,01,0,1,0,0,0,0,0,0,0,-,-,33.64329,-117.93664,ORANGE,COSTA MESA,-117.93636,33.64331006
6876868,2015,2015-04-27,3004,2015-03-20,0017,P614,11,5,5,6,3004,0,0,0,NA,0,001,NEWPORT BL,BROADWAY,0,NA,N,A,-,N,NA,NA,55,NA,NA,NA,NA,NA,NA,N,3,0,1,2,D,-,00,NA,NA,N,G,B,B,A,H,-,C,A,0,Y,NA,NA,NA,Y,Y,-,-,0,1,0,0,1,0,0,0,0,-,-,33.64199,-117.91796,ORANGE,COSTA MESA,-117.91793336,33.64196346
6877625,2015,2016-09-12,9670,2015-03-24,1420,16209,NA,2,2,7,3001,0,1,3,NA,2,093,RT 91,RAYMOND AV,50,W,N,A,-,Y,ORA,12,91,-,-,4.25,H,-,W,Y,4,0,1,2,A,-,03,22350,NA,N,C,C,A,A,D,-,A,D,1,NA,NA,NA,NA,Y,NA,A,01,0,0,1,0,0,0,0,0,0,-,-,33.85402,-117.90679,ORANGE,ANAHEIM,-117.90682659,33.85395459
6878256,2015,2016-11-01,9675,2015-03-27,1443,19809,NA,5,2,6,3026,0,1,1,NA,2,504,RT 5,ALTON PKWY,1800,S,N,A,-,Y,ORA,12,5,-,-,21.97,H,-,S,Y,3,0,4,3,A,-,03,22350,NA,N,C,C,A,A,H,-,A,D,1,NA,NA,NA,NA,Y,NA,A,01,0,2,2,0,0,0,0,0,0,-,-,33.65154,-117.74093,ORANGE,IRVINE,-117.74174792,33.65276782
6878337,2015,2016-10-21,9675,2015-03-24,1705,018539,NA,2,2,6,3008,0,1,3,NA,2,570,RT 57,YORBA LINDA BL,875,N,N,A,-,Y,ORA,12,57,-,-,18.51,H,-,N,Y,4,0,1,2,A,-,03,22350,NA,N,B,C,A,A,H,-,A,D,6,NA,NA,Y,NA,Y,NA,C,02,0,0,1,0,0,0,0,0,1,-,-,33.89613,-117.8809,ORANGE,FULLERTON,-117.88047477,33.89151454
6879998,2015,2016-10-03,9675,2015-03-13,1300,15826,NA,5,1,7,3019,0,1,1,NA,2,503,RT 5,4TH ST,100,S,N,A,-,Y,ORA,12,5,-,-,31.07,H,-,N,N,4,0,2,2,A,-,03,22350,NA,N,C,C,A,A,H,-,A,D,1,NA,NA,NA,NA,Y,NA,A,01,0,0,2,0,0,0,0,0,0,-,-,33.74967,-117.84357,ORANGE,SANTA ANA,-117.84300918,33.74791315
6880058,2015,2015-04-21,3013,2015-03-23,1235,176,NA,1,5,3,3013,0,0,0,NA,0,NA,HOWARD AV,BENNINGTON ST,62,W,N,A,-,N,NA,NA,NA,NA,NA,NA,NA,NA,NA,Y,4,0,1,1,A,-,08,22107,NA,N,A,I,A,A,H,-,A,D,0,NA,NA,NA,NA,Y,NA,A,07,0,0,1,0,0,0,0,0,0,-,-,NA,NA,ORANGE,LOS ALAMITOS,-118.04560355,33.79975521