CASE_ID,ACCIDENT_YEAR,PROC_DATE,JURIS,COLLISION_DATE,COLLISION_TIME,OFFICER_ID,REPORTING_DISTRICT,DAY_OF_WEEK,CHP_SHIFT,POPULATION,CNTY_CITY_LOC,SPECIAL_COND,BEAT_TYPE,CHP_BEAT_TYPE,CITY_DIVISION_LAPD,CHP_BEAT_CLASS,BEAT_NUMBER,PRIMARY_RD,SECONDARY_RD,DISTANCE,DIRECTION,INTERSECTION,WEATHER_1,WEATHER_2,STATE_HWY_IND,CALTRANS_COUNTY,CALTRANS_DISTRICT,STATE_ROUTE,ROUTE_SUFFIX,POSTMILE_PREFIX,POSTMILE,LOCATION_TYPE,RAMP_INTERSECTION,SIDE_OF_HWY,TOW_AWAY,COLLISION_SEVERITY,NUMBER_KILLED,NUMBER_INJURED,PARTY_COUNT,PRIMARY_COLL_FACTOR,PCF_CODE_OF_VIOL,PCF_VIOL_CATEGORY,PCF_VIOLATION,PCF_VIOL_SUBSECTION,HIT_AND_RUN,TYPE_OF_COLLISION,MVIW,PED_ACTION,ROAD_SURFACE,ROAD_COND_1,ROAD_COND_2,LIGHTING,CONTROL_DEVICE,CHP_ROAD_TYPE,PEDESTRIAN_ACCIDENT,BICYCLE_ACCIDENT,MOTORCYCLE_ACCIDENT,TRUCK_ACCIDENT,NOT_PRIVATE_PROPERTY,ALCOHOL_INVOLVED,STWD_VEHTYPE_AT_FAULT,CHP_VEHTYPE_AT_FAULT,COUNT_SEVERE_INJ,COUNT_VISIBLE_INJ,COUNT_COMPLAINT_PAIN,COUNT_PED_KILLED,COUNT_PED_INJURED,COUNT_BICYCLIST_KILLED,COUNT_BICYCLIST_INJURED,COUNT_MC_KILLED,COUNT_MC_INJURED,PRIMARY_RAMP,SECONDARY_RAMP,LATITUDE,LONGITUDE,COUNTY,CITY,POINT_X,POINT_Y
6915566,2014,2015-10-06,3019,2014-04-24,1829,2703,NE,4,5,7,3019,0,0,0,NA,0,249,DYER RD,GRAND AV,35,E,N,A,-,N,NA,NA,NA,NA,NA,NA,NA,NA,NA,N,4,0,1,2,A,-,03,22350,NA,N,C,D,A,A,H,-,A,A,0,NA,NA,NA,NA,Y,NA,A,01,0,0,1,0,0,0,0,0,0,-,-,NA,NA,ORANGE,SANTA ANA,-117.85242534,33.70849522
6916240,2015,2015-06-01,3001,2015-04-19,0230,A2148,NA,7,5,7,3001,0,0,0,NA,0,0D3,ANAHEIM BL,DISNEY WY,51,E,N,A,-,N,NA,NA,NA,NA,NA,NA,NA,NA,NA,Y,2,0,2,2,A,-,01,23152,A,N,C,C,A,A,H,-,C,A,0,NA,NA,NA,NA,Y,Y,A,01,1,0,1,0,0,0,0,0,0,-,-,NA,NA,ORANGE,ANAHEIM,-117.90642978,33.80573956
6917132,2015,2015-06-17,3010,2015-05-12,1106,1234,281,2,5,6,3010,0,0,0,NA,0,006,GOTHARD,SLATER,40,S,N,A,-,N,NA,NA,NA,NA,NA,NA,NA,NA,NA,N,4,0,2,3,A,-,03,22350,NA,N,C,C,A,A,H,-,A,A,0,NA,NA,NA,NA,Y,NA,D,22,0,0,2,0,0,0,0,0,0,-,-,NA,NA,ORANGE,HUNTINGTON BEACH,-117.99995873,33.70824033
6918134,2015,2016-12-14,9675,2015-05-02,1540,20746,NA,6,2,7,3019,0,1,1,NA,2,502,RT 5,MAIN ST,600,S,N,A,-,Y,ORA,12,5,-,-,33,H,-,N,Y,4,0,1,3,A,-,03,22350,NA,N,C,C,A,A,H,-,A,D,1,NA,NA,NA,NA,Y,NA,D,22,0,0,1,0,0,0,0,0,0,-,-,33.76711,-117.86662,ORANGE,SANTA ANA,-117.86655146,33.7666354
6918465,2015,2016-11-15,9675,2015-05-01,0200,18272,NA,5,3,6,3026,0,1,1,NA,2,504,RT 5,BARRANCA PKWY,200,S,N,A,-,Y,ORA,12,5,-,-,22.48,H,-,S,Y,3,0,1,1,A,-,01,23152,E,M,E,I,A,A,H,-,C,D,1,NA,NA,NA,NA,Y,NA,A,01,0,1,0,0,0,0,0,0,0,-,-,33.39295,-117.44476,ORANGE,IRVINE,-117.74666735,33.65884076
6918626,2015,2015-05-20,3026,2015-04-22,0140,417,3,3,5,6,3026,0,0,0,NA,0,00U,CAMPUS DR,TURTLE ROCK DR,0,NA,Y,A,-,N,NA,NA,NA,NA,NA,NA,NA,NA,NA,N,3,0,1,1,A,-,01,23152,A,M,-,I,A,A,-,-,C,A,0,NA,NA,NA,NA,Y,Y,A,01,0,1,0,0,0,0,0,0,0,-,-,NA,NA,ORANGE,IRVINE,-117.81840011,33.64939006
6919300,2015,2017-01-20,9675,2015-09-17,1520,17833,NA,4,2,6,3004,0,1,3,NA,2,553,RT 55,BAKER ST,140,S,N,A,-,Y,ORA,12,55,-,-,5.29,H,-,N,Y,4,0,1,4,A,-,03,22350,NA,N,C,C,A,A,H,-,A,D,1,NA,NA,NA,NA,Y,NA,A,01,0,0,1,0,0,0,0,0,0,-,-,33.67976,-117.87921,ORANGE,COSTA MESA,-117.87995224,33.67928126
6920995,2015,2015-06-02,3024,2015-05-02,1542,195,P22,6,5,5,3024,0,0,0,NA,0,WEST,BOLSA AV,EAST DR,0,NA,Y,A,-,N,NA,NA,NA,NA,NA,NA,NA,NA,NA,Y,4,0,3,2,A,-,12,21453,A,N,D,C,A,A,H,-,A,A,0,NA,NA,NA,NA,Y,NA,A,07,0,0,3,0,0,0,0,0,0,-,-,NA,NA,ORANGE,WESTMINSTER,-118.00979012,33.74450009
6921390,2015,2015-06-08,3001,2015-05-08,0754,1404,NA,5,5,7,3001,0,0,0,NA,0,00D,NORTH ANAHEIM BL,W MILLS DR,100,N,N,B,-,N,NA,NA,NA,NA,NA,NA,NA,NA,NA,N,4,0,1,2,A,-,03,22350,NA,N,C,C,A,A,H,-,A,D,0,NA,NA,NA,NA,Y,NA,A,01,0,0,1,0,0,0,0,0,0,-,-,NA,NA,ORANGE,ANAHEIM,-117.91721211,33.84555316
6921846,2015,2015-05-26,3012,2015-04-30,2223,287,22,4,5,5,3012,0,0,0,NA,0,002,HARBOR BL,ARBOLITA DR,187,S,N,A,-,N,NA,NA,NA,NA,NA,NA,NA,NA,NA,Y,2,0,3,1,A,-,03,22350,NA,N,E,I,A,A,H,-,C,D,0,NA,NA,NA,NA,Y,NA,A,01,1,0,2,0,0,0,0,0,0,-,-,NA,NA,ORANGE,LA HABRA,-117.93311637,33.94362539
6922315,2015,2015-06-16,3001,2015-05-02,2217,A1252,NA,6,5,7,3001,0,0,0,NA,0,0D1,W LINCOLN AV,ALADDIN DR,216,E,N,A,-,N,NA,NA,NA,NA,NA,NA,NA,NA,NA,Y,4,0,2,3,A,-,08,22107,NA,N,E,I,A,A,H,-,C,D,0,NA,NA,NA,NA,Y,NA,A,01,0,0,2,0,0,0,0,0,0,-,-,NA,NA,ORANGE,ANAHEIM,-117.9534804,33.83259699
6923633,2015,2016-12-10,9670,2015-05-13,1430,013953,NA,3,2,6,3009,0,1,3,NA,2,024,RT 22,PEARCE ST,100,E,N,B,-,Y,ORA,12,22,-,R,8.27,H,-,E,Y,4,0,1,2,A,-,03,22350,NA,N,C,C,A,A,H,-,A,D,1,NA,NA,NA,NA,Y,NA,D,22,0,0,1,0,0,0,0,0,0,-,-,33.77202,-117.9091,ORANGE,GARDEN GROVE,-117.9136771,33.77010191
6924086,2015,2016-06-20,3010,2015-05-13,1158,1234,421,3,5,6,3010,0,0,0,NA,0,005,MAIN ST,YORKTOWN,360,N,N,A,-,N,NA,NA,NA,NA,NA,NA,NA,NA,NA,N,4,0,1,2,A,-,05,21650,NA,N,D,G,A,A,H,-,A,A,0,NA,Y,NA,NA,Y,NA,L,04,0,0,1,0,0,0,1,0,0,-,-,NA,NA,ORANGE,HUNTINGTON BEACH,-118.001768,33.68030597
6924391,2015,2015-06-17,3022,2015-05-06,0838,1154,SOUTH,3,5,5,3022,0,0,0,NA,0,NA,JAMBOREE RD,BARRANCA PKWY,1034,N,N,B,-,N,NA,NA,NA,NA,NA,NA,NA,NA,NA,Y,4,0,1,6,A,-,03,22350,NA,N,C,C,A,A,H,-,A,D,0,NA,NA,NA,NA,Y,NA,A,07,0,0,1,0,0,0,0,0,0,-,-,NA,NA,ORANGE,TUSTIN,-117.82456991,33.69635809
6924784,2015,2015-06-17,3019,2015-05-20,2255,2321,SE,3,5,7,3019,0,0,0,NA,0,003,CUBBON ST,PARTON ST,0,NA,Y,A,-,N,NA,NA,NA,NA,NA,NA,NA,NA,NA,Y,4,0,2,4,A,-,01,23152,A,N,D,C,A,-,H,-,C,A,0,NA,NA,NA,NA,Y,Y,A,01,0,0,2,0,0,0,0,0,0,-,-,NA,NA,ORANGE,SANTA ANA,-117.87445013,33.73578004
6925628,2015,2015-05-20,3003,2015-04-11,2253,1160,NA,6,5,5,3003,0,0,0,NA,0,004,ORANGETHORPE AV,KNOTT AV,18,E,N,A,-,N,NA,NA,NA,NA,NA,NA,NA,NA,NA,N,4,0,1,2,A,-,10,21950,A,N,G,B,B,A,H,-,C,A,0,Y,NA,NA,NA,Y,Y,-,NA,0,0,1,0,1,0,0,0,0,-,-,NA,NA,ORANGE,BUENA PARK,-118.01123084,33.85891
6925822,2015,2017-01-18,9675,2015-05-13,1730,18714,NA,3,2,5,3014,0,1,3,NA,2,073,RT 73,CAMPUS DR,200,S,N,A,-,Y,ORA,12,73,-,R,25.54,H,-,N,Y,4,0,2,4,A,-,03,22350,NA,N,C,C,A,A,H,-,A,D,1,NA,NA,NA,Y,Y,NA,F,26,0,0,2,0,0,0,0,0,0,-,-,33.6618,-117.87389,ORANGE,NEWPORT BEACH,-117.87429666,33.66206713
6925948,2015,2015-06-04,3001,2015-05-08,1636,1880,NA,5,5,7,3001,0,0,0,NA,0,0D3,ORANGEWOOD AV,MOUNTAIN VIEW AV,54,W,N,B,-,N,NA,NA,NA,NA,NA,NA,NA,NA,NA,N,4,0,1,3,A,-,03,22350,NA,N,C,C,A,A,H,-,A,D,0,NA,NA,NA,NA,Y,NA,A,01,0,0,1,0,0,0,0,0,0,-,-,NA,NA,ORANGE,ANAHEIM,-117.90380732,33.79613
6925983,2015,2016-11-09,3014,2015-05-04,2040,1447,RD 26,1,5,5,3014,0,0,0,NA,0,0A2,RT 1,TUSTIN AV,25,E,N,A,-,Y,ORA,12,1,-,-,19.4,H,-,N,N,3,0,1,1,A,-,08,22107,NA,N,E,I,A,A,H,-,C,A,0,NA,Y,NA,NA,Y,NA,L,04,0,1,0,0,0,0,1,0,0,-,-,33.6198,-117.9227,ORANGE,NEWPORT BEACH,-117.92270133,33.61967322
6926014,2015,2017-10-06,3015,2015-05-11,1816,1297,11,1,5,6,3015,0,0,0,NA,0,314,CITY DR,RT 5,0,NA,Y,A,-,Y,ORA,12,5,-,-,35.684,R,4,S,Y,3,0,7,2,A,-,12,21453,A,N,D,C,A,A,H,-,A,A,0,NA,NA,NA,NA,Y,NA,A,01,0,5,2,0,0,0,0,0,0,-,SF,NA,NA,ORANGE,ORANGE,-117.89591345,33.79682141
6926963,2015,2016-11-04,3024,2015-05-09,1419,342,P31,6,5,5,3024,0,0,0,NA,0,WEST,BEACH BL,MCFADDEN AV,800,S,N,A,-,Y,ORA,12,39,-,-,5.99,H,-,S,Y,4,0,1,2,A,-,03,22350,NA,N,C,C,A,A,H,-,A,D,0,NA,NA,NA,NA,Y,NA,A,01,0,0,1,0,0,0,0,0,0,-,-,NA,NA,ORANGE,WESTMINSTER,-117.98950846,33.73527825
6928539,2015,2015-06-12,3019,2015-05-08,0742,2460,SC,5,5,7,3019,0,0,0,NA,0,004,BRISTOL ST,MCFADDEN AV,20,S,N,B,-,N,NA,NA,NA,NA,NA,NA,NA,NA,NA,N,4,0,1,2,D,-,00,NA,NA,N,G,B,B,B,H,-,A,A,0,Y,NA,NA,NA,Y,NA,-,-,0,0,1,0,1,0,0,0,0,-,-,NA,NA,ORANGE,SANTA ANA,-117.88520171,33.73440519
6928896,2015,2015-06-16,3001,2015-05-10,1715,1508,D-3,7,5,7,3001,0,0,0,NA,0,032,EAST KATELLA AV,9TH ST,0,NA,Y,A,-,N,NA,NA,NA,NA,NA,NA,NA,NA,NA,Y,4,0,3,2,A,-,12,21453,A,N,D,C,A,A,H,-,A,A,0,NA,NA,NA,NA,Y,NA,A,01,0,0,3,0,0,0,0,0,0,-,-,NA,NA,ORANGE,ANAHEIM,-117.93275001,33.80332
6929792,2015,2016-11-29,9675,2015-05-08,0402,17043,NA,5,3,6,3004,0,1,3,NA,2,073,RT 73,BRISTOL ST,500,N,N,C,-,Y,ORA,12,73,-,R,26.179,R,2,S,Y,4,0,1,1,A,-,01,23152,A,N,E,I,A,B,H,-,C,D,1,NA,NA,NA,NA,Y,Y,A,01,0,0,1,0,0,0,0,0,0,TO,-,33.40242,-117.53156,ORANGE,COSTA MESA,-117.88202906,33.66842242
6929901,2015,2015-06-04,3010,2015-05-11,1155,1145,437,1,5,6,3010,0,0,0,NA,0,003,BROOKHURST,ADAMS,455,N,N,A,-,N,NA,NA,NA,NA,NA,NA,NA,NA,NA,Y,4,0,1,2,A,-,09,21801,A,N,D,C,A,A,H,-,A,A,0,NA,NA,NA,NA,Y,NA,A,07,0,0,1,0,0,0,0,0,0,-,-,NA,NA,ORANGE,HUNTINGTON BEACH,-117.9539788,33.67369742
6930882,2015,2015-06-26,3019,2015-05-21,1543,2776,SC,4,5,7,3019,0,0,0,NA,0,004,HARBOR BL,MCFADDEN AV,469,S,N,A,-,N,NA,NA,NA,NA,NA,NA,NA,NA,NA,N,4,0,1,2,A,-,03,22350,NA,N,C,C,A,A,H,-,A,D,0,NA,NA,NA,NA,Y,NA,A,07,0,0,1,0,0,0,0,0,0,-,-,NA,NA,ORANGE,SANTA ANA,-117.92006973,33.73697484
6932404,2015,2016-11-19,9670,2015-05-07,0650,17951,NA,4,1,5,3024,0,1,1,NA,2,043,RT 405,WESTMINSTER BL,200,N,N,B,-,Y,ORA,12,405,-,-,19.19,H,-,S,N,4,0,1,2,A,-,03,22350,NA,N,C,C,A,A,H,-,A,D,1,NA,NA,NA,NA,Y,NA,A,01,0,0,1,0,0,0,0,0,0,-,-,33.7595,-118.02287,ORANGE,WESTMINSTER,-118.02256257,33.75937466
6932407,2015,2015-06-09,9670,2015-05-07,1930,20455,NA,4,2,9,3000,0,3,5,NA,2,005,JACKSON ST,BOLSA AV,125,N,N,B,-,N,NA,NA,NA,NA,NA,NA,NA,NA,NA,N,3,0,1,2,A,-,09,21804,A,F,G,B,B,A,H,-,B,D,0,Y,NA,NA,NA,Y,NA,-,99,0,1,0,0,1,0,0,0,0,-,-,33.74517,-117.98738,ORANGE,UNINCORPORATED,-117.98748633,33.74503271
6932463,2015,2015-06-08,3012,2015-05-13,0807,568,42,3,5,5,3012,0,0,0,NA,0,004,HARBOR BL,3RD AV,40,N,N,B,-,N,NA,NA,NA,NA,NA,NA,NA,NA,NA,Y,4,0,2,4,A,-,03,22350,NA,N,C,C,A,A,H,-,A,D,0,NA,NA,NA,NA,Y,NA,A,01,0,0,2,0,0,0,0,0,0,-,-,NA,NA,ORANGE,LA HABRA,-117.93305,33.92943966
6932867,2015,2016-11-19,9675,2015-05-15,0123,18868,NA,5,3,6,3004,0,1,3,NA,2,553,RT 55,RT 73,550,N,N,B,-,Y,ORA,12,55,-,R,4.83,H,-,N,Y,4,0,1,1,A,-,01,23152,A,N,E,I,A,B,H,-,C,D,1,NA,NA,NA,NA,Y,Y,A,01,0,0,1,0,0,0,0,0,0,-,-,33.67589,-117.88291,ORANGE,COSTA MESA,-117.88504753,33.67431198
6933894,2015,2015-06-09,3014,2015-05-12,1451,1244,RD53,2,5,5,3014,0,0,0,NA,0,0A3,SAN MIGUEL DR,PACIFIC VIEW DR,0,NA,Y,A,-,N,NA,NA,NA,NA,NA,NA,NA,NA,NA,Y,3,0,1,2,A,-,09,21801,A,N,D,C,A,A,H,-,A,A,0,NA,NA,NA,NA,Y,NA,A,01,0,1,0,0,0,0,0,0,0,-,-,33.6625,-117.8633,ORANGE,NEWPORT BEACH,-117.86341002,33.61259004
6935186,2015,2016-11-19,9675,2015-06-27,1124,16923,NA,6,1,6,3004,0,1,3,NA,2,553,RT 55,BRISTOL ST,2000,S,N,A,-,Y,ORA,12,55,-,R,6.213,R,1,S,N,4,0,1,2,A,-,03,22350,NA,N,C,C,A,A,H,-,A,D,6,NA,NA,NA,NA,Y,NA,A,01,0,0,1,0,0,0,0,0,0,TO,-,33.68785,-117.87863,ORANGE,COSTA MESA,-117.86984269,33.68985985
6936344,2015,2015-06-17,3010,2015-05-14,1322,0197,473,4,5,6,3010,0,0,0,NA,0,002,NEWLAND,EDISON DR,275,S,N,C,-,N,NA,NA,NA,NA,NA,NA,NA,NA,NA,Y,3,0,1,1,A,-,01,23152,A,N,E,I,A,B,H,-,A,D,0,NA,NA,NA,NA,Y,Y,D,22,0,1,0,0,0,0,0,0,0,-,-,NA,NA,ORANGE,HUNTINGTON BEACH,-117.97959465,33.64734602
6936459,2015,2016-11-19,9675,2015-05-20,0725,13250,NA,3,1,6,3004,0,1,1,NA,2,405,RT 405,FAIRVIEW RD,3,N,N,B,-,Y,ORA,12,405,-,-,11.09,H,-,S,Y,4,0,1,3,A,-,03,22350,NA,N,C,C,A,A,H,-,A,D,6,NA,NA,NA,NA,Y,NA,A,08,0,0,1,0,0,0,0,0,0,-,-,33.68761,-117.9124,ORANGE,COSTA MESA,-117.91302454,33.68783635
6936568,2015,2015-06-29,3011,2015-05-12,1724,2028008,53,2,5,4,3011,0,0,0,NA,0,002,SUMMIT DR,BLUEBIRD CANYON DR,22,S,N,A,-,N,NA,NA,NA,NA,NA,NA,NA,NA,NA,Y,4,0,1,2,A,-,03,22350,NA,N,C,C,A,A,H,-,-,A,0,NA,NA,NA,NA,Y,NA,A,01,0,0,1,0,0,0,0,0,0,-,-,NA,NA,ORANGE,LAGUNA BEACH,-117.76858957,33.53335695
6936879,2015,2015-06-09,3026,2015-05-01,1000,542,UNIVE,5,5,6,3026,0,0,0,NA,0,00U,JAMBOREE,KELVIN,0,NA,Y,A,-,N,NA,NA,NA,NA,NA,NA,NA,NA,NA,N,4,0,1,2,A,-,12,21453,A,N,D,C,A,A,H,-,A,A,0,NA,NA,NA,NA,Y,NA,-,-,0,0,1,0,0,0,0,0,0,-,-,NA,NA,ORANGE,IRVINE,-117.83709009,33.68358001
6938169,2015,2015-10-01,3001,2015-09-18,0413,A2249,NA,5,5,7,3001,0,0,0,NA,0,0D1,CERRITOS AV,GILBERT ST,150,W,N,A,-,N,NA,NA,NA,NA,NA,NA,NA,NA,NA,Y,3,0,1,1,A,-,03,22350,NA,N,E,J,A,A,D,-,C,D,0,NA,NA,NA,NA,Y,NA,A,07,0,1,0,0,0,0,0,0,0,-,-,NA,NA,ORANGE,ANAHEIM,-117.96807264,33.81039544
6938170,2015,2015-10-01,3001,2015-09-20,1929,1622,NA,7,5,7,3001,0,0,0,NA,0,D11,SOUTH KNOTT AV,W DANBROOK AV,0,NA,Y,A,-,N,NA,NA,NA,NA,NA,NA,NA,NA,NA,Y,3,0,1,4,A,-,01,23152,A,N,B,C,A,A,H,-,C,A,0,NA,NA,NA,NA,Y,Y,A,01,0,1,0,0,0,0,0,0,0,-,-,NA,NA,ORANGE,ANAHEIM,-118.01092001,33.82774008
6939867,2015,2015-06-16,3004,2015-05-12,2205,P550,20,2,5,6,3004,0,0,0,NA,0,015,CONWAY AV,LOREN LN,0,NA,Y,B,-,N,NA,NA,NA,NA,NA,NA,NA,NA,NA,N,3,0,1,2,A,-,10,21950,A,N,G,B,B,A,H,-,C,D,0,Y,NA,NA,NA,Y,NA,A,01,0,1,0,0,1,0,0,0,0,-,-,33.68122,-117.90954,ORANGE,COSTA MESA,-117.90945012,33.68123004
6940921,2015,2017-03-29,3009,2015-06-23,2145,3305,103,2,5,6,3009,0,0,0,NA,0,1-2,CHAPMAN AV,FAYE AV,66,W,N,A,-,N,NA,NA,NA,NA,NA,NA,NA,NA,NA,Y,1,1,0,2,A,-,01,23152,A,N,C,G,A,A,H,-,C,A,0,NA,Y,NA,NA,Y,NA,D,22,0,0,0,0,0,1,0,0,0,-,-,NA,NA,ORANGE,GARDEN GROVE,-117.95199672,33.78862
6941152,2015,2015-07-25,3001,2015-06-30,0723,NA,NA,2,5,7,3001,0,0,0,NA,0,0D3,WEST BALL RD,SOUTH LOARA ST,528,E,N,A,-,N,NA,NA,NA,NA,NA,NA,NA,NA,NA,Y,4,0,2,2,A,-,03,22350,NA,N,C,C,A,A,H,-,A,D,0,NA,NA,NA,NA,Y,NA,D,22,0,0,2,0,0,0,0,0,0,-,-,NA,NA,ORANGE,ANAHEIM,-117.93591577,33.81802017
6941240,2015,2016-11-19,9670,2015-05-12,1139,12956,NA,2,1,5,3024,0,1,1,NA,2,042,RT 405,BOLSA CHICA RD,1320,S,N,A,-,Y,ORA,12,405,-,-,20.31,H,-,N,Y,3,0,1,2,A,-,03,22350,NA,N,C,C,A,A,H,-,A,D,1,NA,NA,NA,NA,Y,NA,A,01,0,1,0,0,0,0,0,0,0,-,-,33.76925,-118.03403,ORANGE,WESTMINSTER,-118.03606837,33.77094582
6942317,2015,2015-06-27,3019,2015-05-22,1738,1925,SC,5,5,7,3019,0,0,0,NA,0,108,FAIRVIEW AV,POMONA ST,30,S,N,B,-,N,NA,NA,NA,NA,NA,NA,NA,NA,NA,N,4,0,1,2,A,-,03,22350,NA,N,C,C,A,A,H,-,A,A,0,NA,NA,NA,NA,Y,NA,A,01,0,0,1,0,0,0,0,0,0,-,-,NA,NA,ORANGE,SANTA ANA,-117.90680818,33.7256212
6942761,2015,2015-06-11,3000,2015-04-24,1620,1644,922A4,5,5,4,3045,0,0,0,NA,0,6M47,OSO PKWY,CABOT RD,175,W,N,A,-,N,NA,NA,NA,NA,NA,NA,NA,NA,NA,Y,4,0,1,2,A,-,04,21703,NA,N,C,C,A,A,H,-,A,A,0,NA,NA,NA,NA,Y,NA,A,01,0,0,1,0,0,0,0,0,0,-,-,NA,NA,ORANGE,LAGUNA HILLS,-117.67478959,33.58051586
6944266,2015,2015-06-17,3019,2015-05-28,1713,3150,WE,4,5,7,3019,0,0,0,NA,0,001,CENTURY BL,HARBOR BL,3,W,N,A,-,N,NA,NA,NA,NA,NA,NA,NA,NA,NA,N,4,0,1,2,A,-,09,21802,A,N,H,G,A,A,H,-,A,A,0,NA,Y,NA,NA,Y,NA,D,22,0,0,1,0,0,0,1,0,0,-,-,NA,NA,ORANGE,SANTA ANA,-117.92033784,33.75860498
6947404,2015,2015-06-17,3007,2015-05-22,2047,272,38,5,5,5,3007,0,0,0,NA,0,272,HARBOR BL,HEIL AV,0,NA,Y,A,-,N,NA,NA,NA,NA,NA,NA,NA,NA,NA,Y,4,0,1,2,A,-,09,21801,A,N,D,C,A,A,H,-,C,A,0,NA,NA,NA,NA,Y,NA,A,01,0,0,1,0,0,0,0,0,0,-,-,NA,NA,ORANGE,FOUNTAIN VALLEY,-117.91982008,33.72377008
6947853,2015,2016-12-14,9675,2015-05-16,1020,019693,NA,6,1,5,3022,0,1,1,NA,2,503,RT 5,TUSTIN RANCH RD,1200,N,N,B,-,Y,ORA,12,5,-,R,28.48,H,-,S,Y,4,0,1,4,A,-,07,21658,A,N,B,C,A,B,H,-,A,D,1,NA,NA,NA,Y,Y,NA,A,01,0,0,1,0,0,0,0,0,0,-,-,33.73118,-117.81222,ORANGE,TUSTIN,-117.80713788,33.72761072
6948036,2015,2015-06-29,3026,2015-05-11,1328,341,NA,1,5,6,3026,0,0,0,NA,0,00P,IRVINE BL,FAIRBANKS,0,NA,Y,A,-,N,NA,NA,NA,NA,NA,NA,NA,NA,NA,Y,4,0,1,2,A,-,12,21453,A,N,D,C,A,A,H,-,A,A,0,NA,NA,NA,NA,Y,NA,-,-,0,0,1,0,0,0,0,0,0,-,-,NA,NA,ORANGE,IRVINE,-117.70598013,33.66104005
6948527,2015,2015-06-30,3026,2015-05-16,1130,416,NA,6,5,6,3026,0,0,0,NA,0,00U,MICHELSON,ANGELL,0,NA,Y,B,-,N,NA,NA,NA,NA,NA,NA,NA,NA,NA,N,3,0,1,2,D,-,00,NA,NA,N,H,A,A,A,H,-,A,D,0,NA,NA,Y,NA,Y,NA,-,-,0,1,0,0,0,0,0,0,1,-,-,NA,NA,ORANGE,IRVINE,-117.82530004,33.66501007
6948542,2015,2015-07-02,3026,2015-05-09,1924,537,NA,6,5,6,3026,0,0,0,NA,0,00C,ALTON PKWY,IRVINE CENTER DR,0,NA,Y,A,-,N,NA,NA,NA,NA,NA,NA,NA,NA,NA,Y,4,0,2,3,A,-,12,21453,A,N,D,C,A,A,H,-,B,A,0,NA,NA,NA,NA,Y,NA,A,01,0,0,2,0,0,0,0,0,0,-,-,NA,NA,ORANGE,IRVINE,-117.74903008,33.65539003
6948549,2015,2016-11-19,9670,2015-05-31,0620,16199,NA,7,1,6,3010,0,1,1,NA,2,043,RT 405,MCFADDEN AV,178,N,N,B,-,Y,ORA,12,405,-,-,17.01,H,-,S,Y,4,0,1,1,A,-,08,22107,NA,N,E,J,A,A,H,-,B,D,1,NA,NA,NA,NA,Y,NA,A,07,0,0,1,0,0,0,0,0,0,-,-,33.73719,-117.99612,ORANGE,HUNTINGTON BEACH,-117.99572505,33.73703634
6948963,2015,2016-06-20,3000,2015-05-06,1540,05271,992J4,3,5,5,3017,0,0,0,NA,0,776,NORTH EL CAMINO REAL,AVE PALIZADA,12,E,N,A,-,N,NA,NA,NA,NA,NA,NA,NA,NA,NA,N,4,0,1,3,A,-,12,21453,A,N,H,G,A,A,H,-,A,A,0,NA,Y,NA,NA,Y,NA,L,NA,0,0,1,0,0,0,1,0,0,-,-,NA,NA,ORANGE,SAN CLEMENTE,-117.61549167,33.42973303
6949950,2015,2015-06-24,3010,2015-05-20,1049,1145,466,3,5,6,3010,0,0,0,NA,0,002,ATLANTA,BROOKHURST,220,W,N,A,-,N,NA,NA,NA,NA,NA,NA,NA,NA,NA,N,4,0,1,3,A,-,21,22106,NA,N,C,C,A,A,H,-,A,A,0,NA,NA,NA,NA,Y,NA,D,22,0,0,1,0,0,0,0,0,0,-,-,NA,NA,ORANGE,HUNTINGTON BEACH,-117.95448129,33.65783
6950025,2015,2016-12-22,9675,2015-05-28,1548,18834,NA,4,2,6,3026,0,1,1,NA,2,504,RT 5,RT 133,1500,N,N,A,-,Y,ORA,12,5,-,R,23.46,H,-,N,Y,4,0,3,3,A,-,03,22350,NA,N,C,C,A,A,H,-,A,D,1,NA,NA,NA,NA,Y,NA,A,01,0,0,3,0,0,0,0,0,0,-,-,33.67153,-117.75511,ORANGE,IRVINE,-117.75515959,33.67102003
6950089,2015,2016-11-09,9675,2015-05-24,1330,18834,NA,7,1,6,3026,0,1,3,NA,2,130,RT 133,RT 405,1500,S,N,A,-,Y,ORA,12,133,-,T,8.06,H,-,N,Y,3,0,1,1,A,-,08,22107,NA,N,E,I,A,A,H,-,A,D,0,NA,NA,NA,NA,Y,NA,A,07,0,1,0,0,0,0,0,0,0,-,-,33.64658,-117.76181,ORANGE,IRVINE,-117.761861,33.64706889
6950135,2015,2015-06-18,3001,2015-05-29,2123,415,NA,5,5,7,3001,0,0,0,NA,0,0D2,EAST ROMNEYA DR,N LEWELLYN AV,34,W,N,A,-,N,NA,NA,NA,NA,NA,NA,NA,NA,NA,N,4,0,1,2,A,-,03,22350,NA,N,C,C,A,A,H,-,C,A,0,NA,NA,NA,NA,Y,NA,A,07,0,0,1,0,0,0,0,0,0,-,-,NA,NA,ORANGE,ANAHEIM,-117.89631172,33.85089
6950151,2015,2015-06-18,3001,2015-05-31,1503,1622,NA,7,5,7,3001,0,0,0,NA,0,0D4,S AVENIDA MARGARITA,EAST SANTA ANA CANYON RD,240,S,N,A,-,N,NA,NA,NA,NA,NA,NA,NA,NA,NA,Y,4,0,1,2,A,-,09,21804,A,N,D,C,A,A,H,-,A,D,0,NA,NA,NA,NA,Y,NA,A,01,0,0,1,0,0,0,0,0,0,-,-,NA,NA,ORANGE,ANAHEIM,-117.7933622,33.8509124
6951332,2015,2016-12-14,3003,2015-05-02,0233,665,23,6,5,5,3003,0,0,0,NA,0,008,BEACH BL,RT 5,0,NA,Y,A,-,Y,ORA,12,5,-,-,43.28,R,4,S,Y,4,0,1,2,A,-,03,22350,NA,N,C,C,A,A,H,-,C,A,0,NA,NA,NA,NA,Y,NA,A,01,0,0,1,0,0,0,0,0,0,-,-,33.8654,-117.998,ORANGE,BUENA PARK,-117.99596702,33.8648973