CASE_ID,ACCIDENT_YEAR,PROC_DATE,JURIS,COLLISION_DATE,COLLISION_TIME,OFFICER_ID,REPORTING_DISTRICT,DAY_OF_WEEK,CHP_SHIFT,POPULATION,CNTY_CITY_LOC,SPECIAL_COND,BEAT_TYPE,CHP_BEAT_TYPE,CITY_DIVISION_LAPD,CHP_BEAT_CLASS,BEAT_NUMBER,PRIMARY_RD,SECONDARY_RD,DISTANCE,DIRECTION,INTERSECTION,WEATHER_1,WEATHER_2,STATE_HWY_IND,CALTRANS_COUNTY,CALTRANS_DISTRICT,STATE_ROUTE,ROUTE_SUFFIX,POSTMILE_PREFIX,POSTMILE,LOCATION_TYPE,RAMP_INTERSECTION,SIDE_OF_HWY,TOW_AWAY,COLLISION_SEVERITY,NUMBER_KILLED,NUMBER_INJURED,PARTY_COUNT,PRIMARY_COLL_FACTOR,PCF_CODE_OF_VIOL,PCF_VIOL_CATEGORY,PCF_VIOLATION,PCF_VIOL_SUBSECTION,HIT_AND_RUN,TYPE_OF_COLLISION,MVIW,PED_ACTION,ROAD_SURFACE,ROAD_COND_1,ROAD_COND_2,LIGHTING,CONTROL_DEVICE,CHP_ROAD_TYPE,PEDESTRIAN_ACCIDENT,BICYCLE_ACCIDENT,MOTORCYCLE_ACCIDENT,TRUCK_ACCIDENT,NOT_PRIVATE_PROPERTY,ALCOHOL_INVOLVED,STWD_VEHTYPE_AT_FAULT,CHP_VEHTYPE_AT_FAULT,COUNT_SEVERE_INJ,COUNT_VISIBLE_INJ,COUNT_COMPLAINT_PAIN,COUNT_PED_KILLED,COUNT_PED_INJURED,COUNT_BICYCLIST_KILLED,COUNT_BICYCLIST_INJURED,COUNT_MC_KILLED,COUNT_MC_INJURED,PRIMARY_RAMP,SECONDARY_RAMP,LATITUDE,LONGITUDE,COUNTY,CITY,POINT_X,POINT_Y
7034054,2015,2017-01-19,9690,2015-07-17,0340,20637,NA,5,3,4,3018,0,1,1,NA,2,057,RT 5,JUNIPERO SERRA RD,4500,N,N,A,-,Y,ORA,12,5,-,-,11.78,H,-,S,Y,3,0,3,3,A,-,08,22107,NA,N,B,C,A,A,H,-,D,D,1,NA,NA,NA,Y,Y,NA,A,01,0,2,1,0,0,0,0,0,0,-,-,33.53307,-117.67495,ORANGE,SAN JUAN CAPISTRANO,-117.67375117,33.53026507
7034173,2015,2017-01-19,9690,2015-07-03,1315,18646,NA,5,1,4,3045,0,1,1,NA,2,550,RT 5,EL TORO RD,1100,S,N,A,-,Y,ORA,12,5,-,-,18.47,H,-,S,N,4,0,2,2,A,-,03,22350,NA,F,C,C,A,A,H,-,A,D,1,NA,NA,NA,NA,Y,NA,A,01,0,0,2,0,0,0,0,0,0,-,-,33.61042,-117.70234,ORANGE,LAGUNA HILLS,-117.70496825,33.61222508
7034182,2015,2017-01-19,9690,2015-07-17,1125,19361,NA,5,1,9,3000,0,1,3,NA,1,074,RT 74,MPM 74 ORA 9.21,280,W,N,A,-,Y,ORA,12,74,-,-,9.16,H,-,W,Y,3,0,4,1,A,-,08,22107,NA,N,E,I,A,A,H,-,A,D,0,NA,NA,NA,NA,Y,NA,A,01,0,2,2,0,0,0,0,0,0,-,-,33.55626,-117.54912,ORANGE,UNINCORPORATED,-117.5490945,33.5562955
7034206,2015,2017-01-28,9690,2015-07-31,0658,018646,NA,5,1,4,3018,0,1,1,NA,2,057,RT 5,SAN JUAN CREEK RD,300,N,N,B,-,Y,ORA,12,5,-,-,9.05,H,-,S,Y,4,0,1,1,A,-,07,21658,A,N,E,I,A,A,H,-,B,D,1,NA,NA,NA,NA,Y,NA,A,01,0,0,1,0,0,0,0,0,0,-,-,33.49404,-117.66241,ORANGE,SAN JUAN CAPISTRANO,-117.66010125,33.49447433
7034911,2015,2015-09-24,3004,2015-08-02,1903,P632,28,7,5,6,3004,0,0,0,NA,0,014,RED HILL AV,KALMUS DR,0,NA,Y,A,-,N,NA,NA,NA,NA,NA,NA,NA,NA,NA,Y,3,0,1,2,A,-,03,22350,NA,N,C,C,A,A,H,-,B,A,0,NA,NA,NA,NA,Y,Y,A,01,0,1,0,0,0,0,0,0,0,-,-,33.6719,-117.8784,ORANGE,COSTA MESA,-117.87852004,33.67221007
7036100,2015,2016-12-22,9675,2015-07-26,1250,19693,NA,7,1,4,3002,0,1,3,NA,2,570,RT 57,LAMBERT RD,200,S,N,A,-,Y,ORA,12,57,-,-,20.71,H,-,S,Y,4,0,1,1,A,-,07,21658,A,N,E,I,A,A,H,-,A,D,6,NA,NA,NA,NA,Y,NA,A,01,0,0,1,0,0,0,0,0,0,-,-,33.92308,-117.88052,ORANGE,BREA,-117.88031764,33.92251196
7036133,2015,2017-01-23,3014,2015-08-08,2037,1453,RD25,6,5,5,3014,0,0,0,NA,0,0A2,RT 55,HOSPITAL RD,163,S,N,A,-,Y,ORA,12,55,-,-,0.57,H,-,N,Y,4,0,3,2,A,-,01,23152,A,N,C,C,A,A,H,-,C,A,0,NA,NA,NA,NA,Y,Y,A,01,0,0,3,0,0,0,0,0,0,-,-,NA,NA,ORANGE,NEWPORT BEACH,-117.92810226,33.62535592
7036138,2015,2016-07-26,3014,2015-08-12,0847,1179,RD43,3,5,5,3014,0,0,0,NA,0,0A3,RT 1,IRVINE TERRACE,40,W,N,A,-,N,NA,NA,NA,NA,NA,NA,NA,NA,NA,N,3,0,1,2,A,-,03,22350,NA,N,H,G,A,A,H,-,A,A,0,NA,Y,NA,NA,Y,NA,L,04,0,1,0,0,0,0,1,0,0,-,-,NA,NA,ORANGE,NEWPORT BEACH,-117.881924,33.609729
7036980,2015,2015-12-21,3009,2015-08-04,1606,3559,107,2,5,6,3009,0,0,0,NA,0,013,BROOKHURST ST,HAZARD AV,61,N,N,A,-,N,NA,NA,NA,NA,NA,NA,NA,NA,NA,Y,3,0,1,2,A,-,03,22350,NA,N,C,C,A,A,H,-,A,A,0,NA,NA,NA,NA,Y,NA,A,07,0,1,0,0,0,0,0,0,0,-,-,NA,NA,ORANGE,GARDEN GROVE,-117.955,33.75242724
7037114,2015,2015-09-09,3008,2015-08-08,1435,1177,NA,6,5,6,3008,0,0,0,NA,0,0Z3,YORBA LINDA BL,OXFORD AV,0,NA,Y,A,-,N,NA,NA,NA,NA,NA,NA,NA,NA,NA,Y,4,0,1,2,A,-,09,21802,A,N,D,C,A,A,H,-,A,D,0,NA,NA,NA,NA,Y,NA,A,01,0,0,1,0,0,0,0,0,0,-,-,NA,NA,ORANGE,FULLERTON,-117.88378005,33.88899
7037841,2015,2015-09-17,3000,2015-07-11,1515,3358,952D7,6,5,4,3018,0,0,0,NA,0,731,RANCHO VIEJO,AVENIDA LOS CERRITOS,364,N,N,A,-,N,NA,NA,NA,NA,NA,NA,NA,NA,NA,Y,3,0,1,1,A,-,08,22107,NA,N,E,I,A,A,H,-,A,D,0,NA,NA,NA,NA,Y,NA,A,01,0,1,0,0,0,0,0,0,0,-,-,NA,NA,ORANGE,SAN JUAN CAPISTRANO,-117.65761034,33.50700058
7037843,2015,2015-09-17,3000,2015-07-13,1259,1916,892H2,1,5,4,3048,0,0,0,NA,0,746,LAS FIERAS,EL CORZO,42,S,N,A,-,N,NA,NA,NA,NA,NA,NA,NA,NA,NA,N,2,0,1,1,A,-,03,22350,NA,N,F,A,A,A,H,-,A,D,0,NA,Y,NA,NA,Y,NA,L,04,1,0,0,0,0,0,1,0,0,-,-,NA,NA,ORANGE,RANCHO SANTA MARGARITA,-117.61313647,33.64577901
7037945,2015,2015-09-19,3001,2015-08-13,2001,1047,1723,4,5,7,3001,0,0,0,NA,0,031,SOUTH MANCHESTER AV,W SANTA ANA,0,NA,Y,A,-,N,NA,NA,NA,NA,NA,NA,NA,NA,NA,Y,4,0,3,3,A,-,09,21801,A,N,-,C,A,A,H,-,C,A,0,NA,NA,NA,NA,Y,NA,A,01,0,0,3,0,0,0,0,0,0,-,-,NA,NA,ORANGE,ANAHEIM,-117.92803,33.82751011
7038253,2015,2015-09-03,3001,2015-08-14,1541,A1252,NA,5,5,7,3001,0,0,0,NA,0,0D1,N BROOKHURST ST,WEST CRESCENT AV,0,NA,Y,A,-,N,NA,NA,NA,NA,NA,NA,NA,NA,NA,N,4,0,2,2,A,-,09,21801,A,N,D,C,A,A,H,-,A,A,0,NA,NA,NA,NA,Y,NA,A,01,0,0,2,0,0,0,0,0,0,-,-,NA,NA,ORANGE,ANAHEIM,-117.95905001,33.8398201
7038327,2015,2015-09-09,3022,2015-08-12,1744,1019,NA,3,5,5,3022,0,0,0,NA,0,NA,RED HILL AV,EDINGER AV,6,N,N,A,-,N,NA,NA,NA,NA,NA,NA,NA,NA,NA,Y,4,0,1,3,A,-,03,22350,NA,N,C,C,A,A,H,-,A,A,0,NA,Y,NA,NA,Y,NA,A,01,0,0,1,0,0,0,1,0,0,-,-,NA,NA,ORANGE,TUSTIN,-117.82741798,33.72150302
7038766,2015,2015-09-11,3009,2015-08-04,1507,126,64,2,5,6,3009,0,0,0,NA,0,011,DALE ST,ACACIA AV,150,N,N,A,-,N,NA,NA,NA,NA,NA,NA,NA,NA,NA,Y,4,0,1,2,A,-,01,23152,E,N,C,E,A,A,H,-,A,D,0,NA,NA,NA,NA,Y,NA,A,01,0,0,1,0,0,0,0,0,0,-,-,NA,NA,ORANGE,GARDEN GROVE,-117.98402678,33.77608123
7039929,2015,2017-01-28,9670,2015-08-23,0020,19925,NA,7,3,6,3008,0,1,3,NA,2,094,RT 91,MAGNOLIA AV,250,W,N,A,-,Y,ORA,12,91,-,R,3.97,H,-,E,Y,3,0,2,2,A,-,01,23152,A,N,E,I,A,A,H,-,C,D,1,NA,NA,NA,NA,Y,Y,A,01,0,2,0,0,0,0,0,0,0,-,-,33.85668,-117.97438,ORANGE,FULLERTON,-117.97452248,33.85660959
7041792,2015,2015-09-21,3000,2015-07-18,2234,9051,891J2,6,5,5,3050,0,0,0,NA,0,765,LAKE FOREST DR,TRABUCO RD,0,NA,Y,A,-,N,NA,NA,NA,NA,NA,NA,NA,NA,NA,N,4,0,4,2,A,-,12,21453,A,N,D,C,A,A,H,-,C,A,0,NA,NA,NA,NA,Y,NA,-,-,0,0,4,0,0,0,0,0,0,-,-,NA,NA,ORANGE,LAKE FOREST,-117.68607011,33.64698009
7042023,2015,2015-09-09,3010,2015-08-16,1744,1225,434,7,5,6,3010,0,0,0,NA,0,003,ATLANTA,NEWLAND,0,NA,Y,A,-,N,NA,NA,NA,NA,NA,NA,NA,NA,NA,Y,3,0,6,3,A,-,12,21453,A,N,D,C,A,A,H,-,A,A,0,NA,NA,NA,NA,Y,NA,A,01,0,2,4,0,0,0,0,0,0,-,-,NA,NA,ORANGE,HUNTINGTON BEACH,-117.97974006,33.65768008
7042778,2015,2017-01-28,9675,2015-08-15,1355,19809,NA,6,1,7,3019,0,1,1,NA,2,530,RT 5,RT 55,800,S,N,A,-,Y,ORA,12,5,-,-,30.13,H,-,N,N,3,0,1,2,A,-,07,21658,A,N,B,C,A,A,H,-,A,D,1,NA,NA,Y,NA,Y,NA,D,22,0,1,0,0,0,0,0,0,1,-,-,33.73989,-117.83121,ORANGE,SANTA ANA,-117.8316299,33.73999319
7042813,2015,2017-01-24,9675,2015-08-15,1010,16748,NA,6,1,6,3015,0,1,3,NA,2,072,RT 57,CHAPMAN AV,200,S,N,A,-,Y,ORA,12,57,-,-,11.2,H,-,S,Y,4,0,1,3,A,-,03,22350,NA,N,C,C,A,A,H,-,A,D,6,NA,NA,NA,NA,Y,NA,D,22,0,0,1,0,0,0,0,0,0,-,-,33.78716,-117.8801,ORANGE,ORANGE,-117.88008244,33.7871238
7042881,2015,2017-01-14,9675,2015-08-12,1720,17773,NA,3,2,6,3026,0,1,1,NA,2,406,RT 405,JAMBOREE RD,528,N,N,A,-,Y,ORA,12,405,-,-,7.02,H,-,N,Y,4,0,1,2,A,-,07,21658,A,N,B,C,A,A,H,-,A,D,6,NA,NA,Y,NA,Y,NA,A,01,0,0,1,0,0,0,0,0,1,-,-,33.67817,-117.84581,ORANGE,IRVINE,-117.84504986,33.67759741
7043062,2015,2015-09-09,3001,2015-08-09,1620,1622,NA,7,5,7,3001,0,0,0,NA,0,0D1,BALL RD,BROOKHURST ST,44,W,N,A,-,N,NA,NA,NA,NA,NA,NA,NA,NA,NA,Y,3,0,2,2,A,-,03,22350,NA,N,C,C,A,A,H,-,A,A,0,NA,NA,NA,NA,Y,NA,A,01,0,2,0,0,0,0,0,0,0,-,-,NA,NA,ORANGE,ANAHEIM,-117.95908446,33.81777361
7043065,2015,2015-09-09,3001,2015-08-15,1836,1252,NA,6,5,7,3001,0,0,0,NA,0,0D2,LINCOLN AV,SOUTH SUNKIST ST,0,NA,Y,A,-,N,NA,NA,NA,NA,NA,NA,NA,NA,NA,Y,3,0,3,2,A,-,12,21453,A,N,D,C,A,A,H,-,A,A,0,NA,NA,NA,NA,Y,NA,A,07,0,2,1,0,0,0,0,0,0,-,-,NA,NA,ORANGE,ANAHEIM,-117.88049003,33.83855011
7043281,2015,2015-09-23,3001,2015-08-12,0735,1469,NA,3,5,7,3001,0,0,0,NA,0,0D1,SOUTH WESTERN AV,WEST ORANGE AV,10,S,N,A,-,N,NA,NA,NA,NA,NA,NA,NA,NA,NA,N,3,0,1,2,A,-,10,21950,A,N,G,B,B,A,H,-,A,A,0,Y,NA,NA,NA,Y,NA,D,22,0,1,0,0,1,0,0,0,0,-,-,NA,NA,ORANGE,ANAHEIM,-118.00215,33.82459258
7043774,2015,2015-09-17,3003,2015-08-07,1500,1114,91,5,5,5,3003,0,0,0,NA,0,003,LA PALMA AV,DALE ST,0,NA,Y,A,-,N,NA,NA,NA,NA,NA,NA,NA,NA,NA,N,4,0,1,2,A,-,12,21453,A,N,D,C,A,A,A,-,A,A,0,NA,NA,NA,NA,Y,NA,A,01,0,0,1,0,0,0,0,0,0,-,-,NA,NA,ORANGE,BUENA PARK,-117.98511002,33.84698005
7043838,2015,2015-09-17,3001,2015-08-23,1012,1670,NA,7,5,7,3001,0,0,0,NA,0,0D3,SOUTH ANAHEIM BL,EAST VERMONT AV,0,NA,Y,A,-,N,NA,NA,NA,NA,NA,NA,NA,NA,NA,Y,4,0,1,2,A,-,12,21453,A,N,D,C,A,A,H,-,A,A,0,NA,NA,NA,NA,Y,NA,A,01,0,0,1,0,0,0,0,0,0,-,-,NA,NA,ORANGE,ANAHEIM,-117.90979001,33.82316009
7043841,2015,2015-09-10,3022,2015-08-15,1028,1236,SOUTH,6,5,5,3022,0,0,0,NA,0,NA,TUSTIN RANCH RD,VICTORY RD,247,N,N,A,-,N,NA,NA,NA,NA,NA,NA,NA,NA,NA,Y,4,0,1,2,A,-,08,22107,NA,N,C,C,A,A,H,-,A,A,0,NA,NA,NA,NA,Y,NA,A,01,0,0,1,0,0,0,0,0,0,-,-,NA,NA,ORANGE,TUSTIN,-117.819438,33.704344
7044460,2015,2015-11-17,3000,2015-08-05,1449,6961,798B2,3,5,4,3021,0,0,0,NA,0,181705,MAGNOLIA AV,CERRITOS AV,100,S,N,A,-,N,NA,NA,NA,NA,NA,NA,NA,NA,NA,Y,2,0,4,2,A,-,09,21801,A,N,D,C,A,A,H,-,A,D,0,NA,NA,Y,NA,Y,NA,A,07,1,2,1,0,0,0,0,0,1,-,-,NA,NA,ORANGE,STANTON,-117.97575591,33.81009585
7044782,2015,2015-09-19,3002,2015-07-18,0320,3893,741C6,6,5,5,3025,0,0,0,NA,0,004,LA PALMA AV,OLD VILLAGE RD,1300,W,N,A,-,N,NA,NA,NA,NA,NA,NA,NA,NA,NA,N,3,0,1,1,A,-,03,22350,NA,N,E,I,A,A,H,-,C,D,0,NA,NA,NA,NA,Y,NA,D,22,0,1,0,0,0,0,0,0,0,-,-,NA,NA,ORANGE,YORBA LINDA,-117.72965742,33.87443587
7045817,2015,2015-09-15,3008,2015-06-18,0802,1471,ZONE3,4,5,6,3008,0,0,0,NA,0,NA,CHAPMAN AV,COMMONWEALTH AV,45,E,N,A,-,N,NA,NA,NA,NA,NA,NA,NA,NA,NA,Y,4,0,1,2,A,-,06,21750,NA,N,B,C,A,A,H,-,A,D,0,NA,NA,Y,NA,Y,Y,C,02,0,0,1,0,0,0,0,0,1,-,-,NA,NA,ORANGE,FULLERTON,-117.88409211,33.87430044
7047058,2015,2015-09-11,3007,2015-08-25,1522,289,26,2,5,5,3007,0,0,0,NA,0,002,WARD ST,EDINGER,5,E,N,A,-,N,NA,NA,NA,NA,NA,NA,NA,NA,NA,N,4,0,1,2,A,-,09,21801,A,N,A,B,B,A,H,-,A,A,0,Y,NA,NA,NA,Y,NA,A,01,0,0,1,0,1,0,0,0,0,-,-,NA,NA,ORANGE,FOUNTAIN VALLEY,-117.946,33.73072
7047099,2015,2015-09-15,3004,2015-08-08,0435,P615,16,6,5,6,3004,0,0,0,NA,0,015,FAIR DR,CARNEGIE AV,0,NA,Y,A,-,N,NA,NA,NA,NA,NA,NA,NA,NA,NA,Y,3,0,1,1,A,-,01,23152,A,N,E,J,A,A,H,-,C,D,0,NA,NA,NA,NA,Y,Y,A,01,0,1,0,0,0,0,0,0,0,-,-,33.66328,-117.917,ORANGE,COSTA MESA,-117.91772001,33.66325008
7047401,2015,2015-09-11,3019,2015-06-24,1743,2776,NE,3,5,7,3019,0,0,0,NA,0,002,1ST ST,LYON ST,224,W,N,A,-,N,NA,NA,NA,NA,NA,NA,NA,NA,NA,N,4,0,1,2,A,-,04,21703,NA,N,C,C,A,A,-,-,A,A,0,NA,NA,NA,NA,Y,NA,A,01,0,0,1,0,0,0,0,0,0,-,-,NA,NA,ORANGE,SANTA ANA,-117.84572504,33.7455973
7047926,2015,2015-09-09,3012,2015-08-13,2011,288,45,4,5,5,3012,0,0,0,NA,0,0SE,LAMBERT RD,WALNUT ST,0,NA,Y,A,-,N,NA,NA,NA,NA,NA,NA,NA,NA,NA,Y,3,0,2,2,A,-,09,21801,A,N,-,C,A,A,H,-,B,A,0,NA,NA,NA,NA,Y,NA,A,08,0,1,1,0,0,0,0,0,0,-,-,NA,NA,ORANGE,LA HABRA,-117.95048008,33.92466009
7048041,2015,2015-09-08,3008,2015-07-04,1115,1477,NA,6,5,6,3008,0,0,0,NA,0,001,CITRUS AV,COMMONWEALTH AV,0,NA,Y,A,-,N,NA,NA,NA,NA,NA,NA,NA,NA,NA,N,3,0,1,2,A,-,05,21650,1,N,B,G,A,A,H,-,A,D,0,NA,Y,NA,NA,Y,NA,L,04,0,1,0,0,0,0,1,0,0,-,-,33.52123,-117.56466,ORANGE,FULLERTON,-117.94631006,33.87019001
7048421,2015,2015-09-18,3012,2015-08-07,1730,604,34,5,5,5,3012,0,0,0,NA,0,003,BEACH BL,FASHION SQUARE LN,312,S,N,A,-,N,NA,NA,NA,NA,NA,NA,NA,NA,NA,Y,4,0,2,2,A,-,09,21801,A,N,D,C,A,A,H,-,A,D,0,NA,NA,NA,NA,Y,NA,A,01,0,0,2,0,0,0,0,0,0,-,-,NA,NA,ORANGE,LA HABRA,-117.96786909,33.91913468
7048493,2015,2015-09-19,3000,2015-07-29,1444,1916,921G4,3,5,4,3045,0,0,0,NA,0,746,ALICIA PKWY,MOULTON PKY,0,NA,Y,A,-,N,NA,NA,NA,NA,NA,NA,NA,NA,NA,Y,4,0,2,2,A,-,12,21453,A,N,D,C,A,A,H,-,A,A,0,NA,NA,NA,NA,Y,NA,D,22,0,0,2,0,0,0,0,0,0,-,-,NA,NA,ORANGE,LAGUNA HILLS,-117.70689008,33.58359012
7053097,2015,2015-09-19,3001,2015-08-27,1431,A1158,NA,4,5,7,3001,0,0,0,NA,0,0D2,CLEMENTINE ST,CENTER STREET PROMENADE,48,S,N,A,-,N,NA,NA,NA,NA,NA,NA,NA,NA,NA,N,4,0,2,2,A,-,03,22350,NA,N,C,C,A,A,H,-,A,A,0,NA,NA,NA,NA,Y,NA,A,08,0,0,2,0,0,0,0,0,0,-,-,NA,NA,ORANGE,ANAHEIM,-117.9166189,33.83352295
7055351,2015,2015-10-02,3001,2015-09-15,0906,A1068,NA,2,5,7,3001,0,0,0,NA,0,NA,EAST SOUTH ST,PEREGRINE ST,36,W,N,C,-,N,NA,NA,NA,NA,NA,NA,NA,NA,NA,N,4,0,2,2,A,-,09,21804,A,N,D,C,A,B,H,-,A,D,0,NA,NA,NA,NA,Y,NA,-,NA,0,0,2,0,0,0,0,0,0,-,-,NA,NA,ORANGE,ANAHEIM,-117.88305826,33.83265
7055412,2015,2015-10-02,3001,2015-09-13,1050,A1355,2,7,5,7,3001,0,0,0,NA,0,002,LINCOLN AV,CITRON ST,192,E,N,A,-,N,NA,NA,NA,NA,NA,NA,NA,NA,NA,N,4,0,1,2,A,-,03,22350,NA,N,C,C,A,A,H,-,A,A,0,NA,NA,NA,NA,Y,NA,A,01,0,0,1,0,0,0,0,0,0,-,-,NA,NA,ORANGE,ANAHEIM,-117.92271248,33.83347156
7056336,2016,2017-02-09,3012,2016-03-12,2259,491,NW,6,5,5,3012,0,0,0,NA,0,002,WHITTIER,CYPRESS,0,NA,Y,A,-,Y,ORA,12,39,-,-,22.219,I,5,N,N,2,0,1,2,A,-,12,21453,A,F,-,C,A,A,H,-,C,A,0,NA,NA,NA,NA,Y,NA,-,NA,1,0,0,0,0,0,0,0,0,-,-,NA,NA,ORANGE,LA HABRA,-117.94191962,33.93904016
7056605,2015,2015-11-24,3001,2015-11-10,0814,1012,NA,2,5,7,3001,0,0,0,NA,0,0D2,N EUCLID ST,WEST CRESCENT AV,47,S,N,A,-,N,NA,NA,NA,NA,NA,NA,NA,NA,NA,N,4,0,3,3,A,-,03,22350,NA,N,C,C,A,A,H,-,A,A,0,NA,NA,NA,NA,Y,NA,A,08,0,0,3,0,0,0,0,0,0,-,-,NA,NA,ORANGE,ANAHEIM,-117.94159821,33.83967115
7057751,2014,2016-06-10,9690,2014-12-18,1111,16583,NA,4,1,5,3028,0,1,1,NA,2,056,RT 5,OSO PKWY,100,S,N,A,-,Y,ORA,12,5,-,-,15.2,H,-,N,N,4,0,1,2,A,-,03,22350,NA,N,C,C,A,A,H,-,A,D,1,NA,NA,NA,NA,Y,NA,A,07,0,0,1,0,0,0,0,0,0,-,-,33.58257,-117.67136,ORANGE,MISSION VIEJO,-117.67162403,33.5798769
7058556,2015,2017-01-19,9690,2015-08-23,0220,12632,NA,7,3,5,3050,0,1,1,NA,2,055,RT 5,LAKE FOREST DR,1584,S,N,A,-,Y,ORA,12,5,-,-,19.53,H,-,N,Y,4,0,1,1,A,-,08,22107,NA,N,E,I,A,A,H,-,C,D,1,NA,NA,NA,NA,Y,NA,A,01,0,0,1,0,0,0,0,0,0,-,-,33.62251,-117.71502,ORANGE,LAKE FOREST,-117.71646065,33.62421771
7058824,2015,2017-01-28,9690,2015-08-28,1758,12632,NA,5,2,4,3018,0,1,1,NA,2,057,RT 5,STONEHILL DR,850,N,N,A,-,Y,ORA,12,5,-,-,7.55,H,-,S,Y,4,0,2,2,A,-,01,23152,A,F,C,C,A,A,H,-,A,D,1,NA,NA,NA,NA,Y,Y,A,07,0,0,2,0,0,0,0,0,0,-,-,33.72001,-117.6835,ORANGE,SAN JUAN CAPISTRANO,-117.67419829,33.47627134
7059094,2015,2017-01-14,9690,2015-08-17,0130,20366,NA,1,3,5,3017,0,1,1,NA,2,059,RT 5,AVENIDA PICO,600,N,N,A,-,Y,ORA,12,5,-,-,3.53,H,-,S,Y,2,0,3,4,C,-,18,NA,NA,N,E,J,A,A,D,-,D,D,1,NA,NA,NA,NA,Y,NA,-,-,1,2,0,0,0,0,0,0,0,-,-,33.43999,-117.62422,ORANGE,SAN CLEMENTE,-117.62423649,33.43981056
7059391,2015,2017-01-14,9690,2015-09-20,0345,20125,NA,7,3,5,3028,0,1,1,NA,2,056,RT 5,CROWN VALLEY PKWY,418,N,N,A,-,Y,ORA,12,5,-,-,13.86,H,-,S,Y,2,0,5,2,A,-,01,23152,A,N,C,C,A,A,H,-,D,D,1,NA,NA,NA,NA,Y,Y,A,01,1,3,1,0,0,0,0,0,0,-,-,33.3336,-117.40235,ORANGE,MISSION VIEJO,-117.6731271,33.56038893
7059728,2015,2015-10-27,3001,2015-10-09,2039,1841,NA,5,5,7,3001,0,0,0,NA,0,0D1,BALL RD,MAGNOLIA AV,0,NA,Y,A,-,N,NA,NA,NA,NA,NA,NA,NA,NA,NA,Y,4,0,5,2,A,-,09,21801,A,N,B,C,A,A,H,-,C,A,0,NA,NA,NA,NA,Y,NA,A,01,0,0,5,0,0,0,0,0,0,-,-,NA,NA,ORANGE,ANAHEIM,-117.97585011,33.81760003
7060252,2015,2015-10-09,3011,2015-09-17,1202,31241,42,4,5,4,3011,0,0,0,NA,0,002,GLENNEYRE ST,OAK ST,40,S,N,A,-,N,NA,NA,NA,NA,NA,NA,NA,NA,NA,Y,2,0,1,1,A,-,03,22350,NA,N,F,A,A,A,H,-,A,D,0,NA,NA,Y,NA,Y,NA,C,03,1,0,0,0,0,0,0,0,1,-,-,NA,NA,ORANGE,LAGUNA BEACH,-117.77615036,33.53444715
7062273,2014,2016-06-24,9690,2014-11-11,2230,016749,NA,2,3,5,3017,0,1,1,NA,2,059,RT 5,CAMINO DE ESTRELLA,600,S,N,B,-,Y,ORA,12,5,-,-,5.69,H,-,S,Y,2,0,1,2,D,-,00,NA,NA,N,B,C,A,A,D,-,C,D,1,NA,NA,Y,NA,Y,NA,-,-,1,0,0,0,0,0,0,0,1,-,-,33.45699,-117.65286,ORANGE,SAN CLEMENTE,-117.65456613,33.45782529
7062827,2015,2015-10-10,3015,2015-09-06,2056,1421,NA,7,5,6,3015,0,0,0,NA,0,27W,TAFT,MAIN ST,800,W,N,A,-,N,NA,NA,NA,NA,NA,NA,NA,NA,NA,Y,4,0,1,1,C,-,18,NA,NA,N,E,I,A,A,H,-,D,D,0,NA,NA,Y,NA,Y,NA,-,-,0,0,1,0,0,0,0,0,1,-,-,NA,NA,ORANGE,ORANGE,-117.86985884,33.81638234
7064179,2014,2016-06-18,9690,2014-12-03,1505,014919,NA,3,2,4,3045,0,1,1,NA,2,055,RT 5,SOUTH EL TORO RD,530,S,N,B,-,Y,ORA,12,5,-,-,18.537,R,1,S,Y,4,0,2,2,A,-,03,22350,NA,N,C,C,A,B,H,-,A,A,1,NA,NA,NA,NA,Y,NA,A,08,0,0,2,0,0,0,0,0,0,-,-,33.61328,-117.70667,ORANGE,LAGUNA HILLS,-117.70580064,33.61293243
7064515,2015,2015-09-19,9670,2015-09-03,0930,14303,NA,4,1,9,3000,0,3,5,NA,2,005,PURDY ST,ROOSEVELT AV,24,N,N,A,-,N,NA,NA,NA,NA,NA,NA,NA,NA,NA,Y,2,0,1,2,A,-,09,21800,B,N,B,C,A,A,H,-,A,D,0,NA,NA,Y,NA,Y,NA,C,03,1,0,0,0,0,0,0,0,1,-,-,33.74998,-117.97804,ORANGE,UNINCORPORATED,-117.97807091,33.7499358
7064723,2015,2015-09-23,3019,2015-09-05,1423,3327,WE,6,5,7,3019,0,0,0,NA,0,001,17TH ST,CLINTON,60,W,N,A,-,N,NA,NA,NA,NA,NA,NA,NA,NA,NA,Y,3,0,1,2,A,-,09,21453,B,N,B,C,A,A,H,-,A,A,0,NA,NA,NA,Y,Y,NA,A,07,0,1,0,0,0,0,0,0,0,-,-,NA,NA,ORANGE,SANTA ANA,-117.911711,33.759901
7064724,2015,2015-09-23,3019,2015-09-04,1900,3324,NE,5,5,7,3019,0,0,0,NA,0,002,ALLEY,CIVIC CENTER DR,100,S,N,A,-,N,NA,NA,NA,NA,NA,NA,NA,NA,NA,N,4,0,1,2,A,-,09,21804,A,N,D,G,A,A,H,-,A,D,0,NA,Y,NA,NA,Y,NA,L,04,0,0,1,0,0,0,1,0,0,-,-,NA,NA,ORANGE,SANTA ANA,NA,NA
7064762,2015,2015-09-22,3019,2015-09-12,0016,2859,WE,6,5,7,3019,0,0,0,NA,0,001,TRASK AV,SPINNAKER ST,40,E,N,A,-,N,NA,NA,NA,NA,NA,NA,NA,NA,NA,Y,3,0,1,1,A,-,01,23152,A,N,E,I,A,A,H,-,C,D,0,NA,NA,NA,NA,Y,NA,A,01,0,1,0,0,0,0,0,0,0,-,-,NA,NA,ORANGE,SANTA ANA,-117.89972872,33.76716818
7064782,2015,2015-09-23,3019,2015-09-04,1644,2776,SC,5,5,7,3019,0,0,0,NA,0,004,MACARTHUR BL,HARBOR BL,780,E,N,A,-,N,NA,NA,NA,NA,NA,NA,NA,NA,NA,Y,4,0,1,3,A,-,03,22350,NA,N,C,C,A,A,H,-,A,D,0,NA,NA,NA,Y,Y,NA,A,01,0,0,1,0,0,0,0,0,0,-,-,NA,NA,ORANGE,SANTA ANA,-117.91947,33.70196