CASE_ID,ACCIDENT_YEAR,PROC_DATE,JURIS,COLLISION_DATE,COLLISION_TIME,OFFICER_ID,REPORTING_DISTRICT,DAY_OF_WEEK,CHP_SHIFT,POPULATION,CNTY_CITY_LOC,SPECIAL_COND,BEAT_TYPE,CHP_BEAT_TYPE,CITY_DIVISION_LAPD,CHP_BEAT_CLASS,BEAT_NUMBER,PRIMARY_RD,SECONDARY_RD,DISTANCE,DIRECTION,INTERSECTION,WEATHER_1,WEATHER_2,STATE_HWY_IND,CALTRANS_COUNTY,CALTRANS_DISTRICT,STATE_ROUTE,ROUTE_SUFFIX,POSTMILE_PREFIX,POSTMILE,LOCATION_TYPE,RAMP_INTERSECTION,SIDE_OF_HWY,TOW_AWAY,COLLISION_SEVERITY,NUMBER_KILLED,NUMBER_INJURED,PARTY_COUNT,PRIMARY_COLL_FACTOR,PCF_CODE_OF_VIOL,PCF_VIOL_CATEGORY,PCF_VIOLATION,PCF_VIOL_SUBSECTION,HIT_AND_RUN,TYPE_OF_COLLISION,MVIW,PED_ACTION,ROAD_SURFACE,ROAD_COND_1,ROAD_COND_2,LIGHTING,CONTROL_DEVICE,CHP_ROAD_TYPE,PEDESTRIAN_ACCIDENT,BICYCLE_ACCIDENT,MOTORCYCLE_ACCIDENT,TRUCK_ACCIDENT,NOT_PRIVATE_PROPERTY,ALCOHOL_INVOLVED,STWD_VEHTYPE_AT_FAULT,CHP_VEHTYPE_AT_FAULT,COUNT_SEVERE_INJ,COUNT_VISIBLE_INJ,COUNT_COMPLAINT_PAIN,COUNT_PED_KILLED,COUNT_PED_INJURED,COUNT_BICYCLIST_KILLED,COUNT_BICYCLIST_INJURED,COUNT_MC_KILLED,COUNT_MC_INJURED,PRIMARY_RAMP,SECONDARY_RAMP,LATITUDE,LONGITUDE,COUNTY,CITY,POINT_X,POINT_Y
7139240,2015,2016-01-07,3008,2015-12-19,1702,1177,NA,6,5,6,3008,0,0,0,NA,0,0Z1,ROSECRANS AV,GILBERT ST,0,NA,Y,B,C,N,NA,NA,NA,NA,NA,NA,NA,NA,NA,Y,4,0,4,2,D,-,00,NA,NA,N,D,C,A,B,H,-,C,A,0,NA,NA,NA,NA,Y,NA,-,-,0,0,4,0,0,0,0,0,0,-,-,NA,NA,ORANGE,FULLERTON,-117.96584002,33.8961201
7139385,2015,2016-01-08,3015,2015-11-21,1150,1098,43,6,5,6,3015,0,0,0,NA,0,903,S TUSTIN ST,E PALMYRA AV,122,N,N,A,-,N,NA,NA,NA,NA,NA,NA,NA,NA,NA,Y,4,0,2,2,A,-,09,21804,A,N,D,C,A,A,H,-,A,D,0,NA,NA,NA,NA,Y,NA,A,01,0,0,2,0,0,0,0,0,0,-,-,NA,NA,ORANGE,ORANGE,-117.83574273,33.78447439
7139401,2015,2016-01-13,3015,2015-11-14,0900,1512,27E,6,5,6,3015,0,0,0,NA,0,NA,N ORANGE-OLIVE RD,E BRIARDALE AV,0,NA,Y,A,-,N,NA,NA,NA,NA,NA,NA,NA,NA,NA,Y,4,0,1,2,A,-,08,22107,NA,N,D,C,A,A,H,-,A,D,0,NA,NA,NA,NA,Y,NA,A,01,0,0,1,0,0,0,0,0,0,-,-,NA,NA,ORANGE,ORANGE,-117.85253001,33.81760005
7139429,2015,2016-01-08,3008,2015-11-24,1445,1431,NA,2,5,6,3008,0,0,0,NA,0,0Z2,BERKELEY AV,HORNET WY,0,NA,Y,A,-,N,NA,NA,NA,NA,NA,NA,NA,NA,NA,Y,4,0,1,2,A,-,08,22107,NA,N,D,C,A,A,H,-,A,A,0,NA,NA,NA,NA,Y,NA,A,07,0,0,1,0,0,0,0,0,0,-,-,NA,NA,ORANGE,FULLERTON,-117.91537013,33.87952008
7139456,2015,2017-02-03,3024,2015-11-18,1528,381,P37,3,5,5,3024,0,0,0,NA,0,EAST,RT 39,MCFADDEN,32,S,N,A,-,Y,ORA,12,39,-,-,6.13,H,-,N,N,4,0,1,2,A,-,03,22350,NA,N,C,C,A,A,H,-,A,A,0,NA,NA,NA,NA,Y,NA,A,01,0,0,1,0,0,0,0,0,0,-,-,NA,NA,ORANGE,WESTMINSTER,-117.98930694,33.73729106
7140256,2015,2015-12-18,3001,2015-12-05,2155,415,NA,6,5,7,3001,0,0,0,NA,0,0D4,E WAGNER AV,S RIO VISTA ST,26,W,N,A,-,N,NA,NA,NA,NA,NA,NA,NA,NA,NA,Y,3,0,1,1,A,-,05,21460,A,N,E,I,A,A,H,-,C,D,0,NA,NA,NA,NA,Y,Y,A,01,0,1,0,0,0,0,0,0,0,-,-,NA,NA,ORANGE,ANAHEIM,-117.87184769,33.8254104
7141223,2015,2015-12-29,3001,2015-12-08,1018,1670,NA,2,5,7,3001,0,0,0,NA,0,0D1,SOUTH EUCLID ST,CRIS AV,40,N,N,A,-,N,NA,NA,NA,NA,NA,NA,NA,NA,NA,Y,3,0,2,1,A,-,08,22107,NA,N,-,I,A,A,H,-,A,D,0,NA,NA,NA,NA,Y,NA,A,07,0,2,0,0,0,0,0,0,0,-,-,NA,NA,ORANGE,ANAHEIM,-117.94146,33.80910967
7141345,2015,2015-12-23,3001,2015-12-13,2105,A1252,1432,7,5,7,3001,0,0,0,NA,0,0D4,EAST LA PALMA AV,NORTH MILLER ST,0,NA,Y,A,-,N,NA,NA,NA,NA,NA,NA,NA,NA,NA,Y,4,0,2,2,A,-,12,21453,A,N,D,C,A,A,H,-,A,A,0,NA,NA,NA,NA,Y,NA,A,01,0,0,2,0,0,0,0,0,0,-,-,NA,NA,ORANGE,ANAHEIM,-117.84689009,33.85376009
7141851,2015,2015-12-31,3001,2015-12-13,2041,1622,NA,7,5,7,3001,0,0,0,NA,0,D 3,SOUTH HARBOR BL,WEST BALL RD,0,S,N,B,C,N,NA,NA,NA,NA,NA,NA,NA,NA,NA,N,4,0,1,3,A,-,03,22350,NA,M,C,C,A,B,H,-,C,A,0,NA,NA,NA,NA,Y,NA,A,08,0,0,1,0,0,0,0,0,0,-,-,NA,NA,ORANGE,ANAHEIM,-117.91550013,33.81803007
7144937,2015,2016-01-07,3000,2015-12-10,0714,5489,921E6,4,5,4,3049,0,0,0,NA,0,782,ALISO CREEK RD,PACIFIC PARK,0,NA,Y,E,-,N,NA,NA,NA,NA,NA,NA,NA,NA,NA,Y,2,0,2,3,D,-,00,NA,NA,N,D,C,A,A,H,-,A,A,0,NA,NA,NA,NA,Y,NA,-,-,1,0,1,0,0,0,0,0,0,-,-,NA,NA,ORANGE,ALISO VIEJO,-117.72346002,33.57092005
7145065,2015,2017-01-17,3019,2015-12-04,1453,2001,NA,5,5,7,3019,0,0,0,NA,0,NA,SANTA ANA BL,RT 5,0,NA,Y,A,-,Y,ORA,12,5,-,-,31.847,R,4,S,N,4,0,1,2,A,-,12,21453,A,M,D,C,A,A,H,-,A,A,0,NA,NA,NA,NA,Y,NA,A,07,0,0,1,0,0,0,0,0,0,-,-,NA,NA,ORANGE,SANTA ANA,-117.85289916,33.75508636
7145109,2015,2015-12-28,3019,2015-12-04,0850,2460,SE,5,5,7,3019,0,0,0,NA,0,003,BISHOP ST,MAPLE ST,0,NA,Y,B,-,N,NA,NA,NA,NA,NA,NA,NA,NA,NA,N,4,0,1,4,A,-,12,22450,A,M,D,C,A,A,H,-,A,A,0,NA,NA,NA,NA,Y,Y,A,01,0,0,1,0,0,0,0,0,0,-,-,33.73929,-117.86334,ORANGE,SANTA ANA,-117.86346001,33.73945009
7145511,2015,2015-12-31,3000,2015-11-22,1535,7734,892F4,7,5,5,3028,0,0,0,NA,0,752,OLYMPIAD RD,ALICIA PKWY,246,S,N,A,-,N,NA,NA,NA,NA,NA,NA,NA,NA,NA,Y,3,0,1,3,A,-,09,21801,A,N,D,C,A,A,H,-,A,D,0,NA,NA,NA,NA,Y,NA,A,01,0,1,0,0,0,0,0,0,0,-,-,NA,NA,ORANGE,MISSION VIEJO,-117.63392582,33.62869675
7146008,2015,2016-01-05,3008,2015-12-05,1941,1436,ZONE3,6,5,6,3008,0,0,0,NA,0,NA,CHAPMAN AV,VICTORIA DR,220,E,N,A,-,N,NA,NA,NA,NA,NA,NA,NA,NA,NA,Y,4,0,1,2,A,-,09,21801,A,N,A,C,A,A,H,-,C,D,0,NA,NA,NA,NA,Y,NA,A,01,0,0,1,0,0,0,0,0,0,-,-,NA,NA,ORANGE,FULLERTON,-117.90362708,33.87412145
7146294,2015,2015-12-30,3000,2015-11-28,0150,4601,971J6,6,5,4,3029,0,0,0,NA,0,638,ALCAZAR,LA PAZ,116,S,N,A,-,N,NA,NA,NA,NA,NA,NA,NA,NA,NA,Y,4,0,1,3,A,-,01,23152,A,N,A,E,A,A,H,-,D,D,0,NA,NA,NA,NA,Y,Y,A,07,0,0,1,0,0,0,0,0,0,-,-,NA,NA,ORANGE,DANA POINT,-117.69466372,33.47046206
7146648,2015,2017-02-03,3024,2015-11-22,1226,176,P06,7,5,5,3024,0,0,0,NA,0,WEST,RT 39,TRASK AV,30,N,N,A,-,Y,ORA,12,39,-,-,8.15,H,-,S,N,4,0,1,3,A,-,03,22350,NA,M,C,C,A,A,H,-,A,A,0,NA,NA,NA,NA,Y,NA,D,22,0,0,1,0,0,0,0,0,0,-,-,NA,NA,ORANGE,WESTMINSTER,-117.99023327,33.76671989
7147652,2015,2016-01-04,3004,2015-12-16,1918,P550,15,3,5,6,3004,0,0,0,NA,0,004,HARBOR BL,MESA VERDE DR EAST,26,N,N,A,-,N,NA,NA,NA,NA,NA,NA,NA,NA,NA,Y,4,0,1,2,A,-,03,22350,NA,N,C,C,A,A,H,-,C,D,0,NA,NA,NA,NA,Y,NA,A,01,0,0,1,0,0,0,0,0,0,-,-,33.6706,-117.91937,ORANGE,COSTA MESA,-117.91933,33.67051128
7148011,2015,2016-01-14,3026,2015-12-19,0917,416,NA,6,5,6,3026,0,0,0,NA,0,00C,QUAIL HILL,LAGUNA CANYON RD,0,S,N,B,-,N,NA,NA,NA,NA,NA,NA,NA,NA,NA,N,3,0,1,2,A,-,07,21658,A,N,D,G,A,A,H,-,A,A,0,NA,Y,NA,NA,Y,NA,L,04,0,1,0,0,0,0,1,0,0,-,-,NA,NA,ORANGE,IRVINE,-117.766382,33.647768
7148220,2015,2016-01-14,3004,2015-12-16,0015,P621,15,3,5,6,3004,0,0,0,NA,0,011,HARLA AV,MESA VERDE DR EAST,520,W,N,E,-,N,NA,NA,NA,NA,NA,NA,NA,NA,NA,Y,3,0,1,1,A,-,01,23152,A,N,E,I,A,B,H,-,D,A,0,NA,NA,NA,NA,Y,Y,A,01,0,1,0,0,0,0,0,0,0,-,-,33.67041,-117.92376,ORANGE,COSTA MESA,-117.92198,33.67037
7149481,2015,2016-01-07,3019,2015-12-18,0016,3369,WE,5,5,7,3019,0,0,0,NA,0,002,17TH ST,FAIRVIEW ST,0,NA,Y,A,-,N,NA,NA,NA,NA,NA,NA,NA,NA,NA,Y,2,0,3,3,A,-,12,21453,A,F,D,C,A,A,H,-,C,A,0,NA,NA,NA,NA,Y,NA,A,01,1,1,1,0,0,0,0,0,0,-,-,33.75988,-117.90256,ORANGE,SANTA ANA,-117.90286001,33.75985004
7149958,2015,2016-01-09,3019,2015-12-20,1835,3413,SE,7,5,7,3019,0,0,0,NA,0,003,E MCFADDEN AV,S OAK ST,0,NA,Y,A,-,N,NA,NA,NA,NA,NA,NA,NA,NA,NA,N,4,0,1,2,A,-,10,21950,A,N,G,B,C,A,H,-,C,D,0,Y,NA,NA,NA,Y,NA,D,22,0,0,1,0,1,0,0,0,0,-,-,NA,NA,ORANGE,SANTA ANA,-117.86231001,33.73355001
7150607,2015,2017-01-28,3003,2015-12-27,1322,847,NA,7,5,5,3003,0,0,0,NA,0,008,BEACH BL,ARTESIA BL,30,S,N,A,-,Y,ORA,12,39,-,-,15.56,H,-,S,Y,3,0,2,2,A,-,03,22350,NA,N,C,C,A,A,H,-,A,A,0,NA,NA,NA,NA,Y,NA,A,01,0,1,1,0,0,0,0,0,0,-,-,33.8737,-117.9982,ORANGE,BUENA PARK,-117.99831301,33.87330429
7151484,2015,2016-01-14,3000,2015-12-13,1900,4305,893B1,7,5,4,3048,0,0,0,NA,0,269,PAULOWNIA,HELIANTHUS,154,S,N,C,-,N,NA,NA,NA,NA,NA,NA,NA,NA,NA,N,3,0,1,3,A,-,08,22107,NA,F,G,B,E,B,H,-,C,D,0,Y,NA,NA,NA,Y,NA,A,01,0,1,0,0,1,0,0,0,0,-,-,NA,NA,ORANGE,RANCHO SANTA MARGARITA,-117.59040829,33.65335391
7151505,2015,2016-01-13,3002,2015-12-07,1833,1632,528X,1,5,4,3002,0,0,0,NA,0,012,BIRCH ST,STATE COLLEGE BL,550,E,N,A,-,N,NA,NA,NA,NA,NA,NA,NA,NA,NA,Y,4,0,1,2,A,-,03,22350,NA,N,C,C,A,A,H,-,C,A,0,NA,NA,NA,NA,Y,NA,A,01,0,0,1,0,0,0,0,0,0,-,-,NA,NA,ORANGE,BREA,-117.88117202,33.91792737
7152904,2015,2016-01-15,3014,2015-11-19,1116,1379,RD37,4,5,5,3014,0,0,0,NA,0,0A3,BACK BAY DR,JAMBOREE RD,1092,W,N,A,-,N,NA,NA,NA,NA,NA,NA,NA,NA,NA,Y,3,0,1,1,A,-,08,22107,NA,N,F,A,A,A,H,-,A,D,0,NA,NA,Y,NA,Y,NA,C,06,0,1,0,0,0,0,0,0,1,-,-,33.6196,-117.8898,ORANGE,NEWPORT BEACH,-117.89059023,33.61752129
7154429,2015,2016-01-19,3019,2015-12-22,1820,2771,NE,2,5,7,3019,0,0,0,NA,0,002,MAIN ST,3RD ST,15,N,N,B,-,N,NA,NA,NA,NA,NA,NA,NA,NA,NA,N,4,0,1,2,A,-,03,22350,NA,N,C,C,A,B,H,-,C,A,0,NA,NA,NA,NA,Y,NA,D,22,0,0,1,0,0,0,0,0,0,-,-,33.747,-117.86739,ORANGE,SANTA ANA,-117.86764,33.74714112
7156182,2015,2016-01-27,3001,2015-12-30,2143,A1252,NA,3,5,7,3001,0,0,0,NA,0,0D3,SOUTH NUTWOOD ST,WEST CERRITOS AV,0,NA,Y,A,-,N,NA,NA,NA,NA,NA,NA,NA,NA,NA,Y,4,0,1,2,A,-,12,21453,A,N,D,C,A,A,H,-,D,A,0,NA,NA,NA,NA,Y,NA,-,-,0,0,1,0,0,0,0,0,0,-,-,NA,NA,ORANGE,ANAHEIM,-117.95015013,33.81053005
7156492,2015,2016-01-15,3000,2015-12-18,1821,5377,NA,5,5,5,3040,0,0,0,NA,0,743,CAMINO DEL AVION,OCEAN RANCH,0,NA,Y,A,-,N,NA,NA,NA,NA,NA,NA,NA,NA,NA,Y,3,0,2,2,A,-,09,21453,C,N,D,D,A,A,H,-,C,A,0,NA,NA,NA,NA,Y,NA,A,01,0,1,1,0,0,0,0,0,0,-,-,NA,NA,ORANGE,LAGUNA NIGUEL,-117.69910009,33.49142007
7156528,2015,2016-01-15,3000,2015-12-07,1507,9051,891H3,1,5,5,3050,0,0,0,NA,0,765,RIDGE ROUTE DR,TOLEDO WY,289,E,N,A,-,N,NA,NA,NA,NA,NA,NA,NA,NA,NA,N,4,0,1,2,A,-,05,21650,1,N,H,G,A,A,H,-,A,D,0,NA,Y,NA,NA,Y,NA,L,04,0,0,1,0,0,0,1,0,0,-,-,NA,NA,ORANGE,LAKE FOREST,-117.69036722,33.63784154
7157183,2016,2016-02-08,3001,2016-01-02,2348,415,NA,6,5,7,3001,0,0,0,NA,0,0D1,WEST CRONE AV,S PYTHIAS AV,232,W,N,A,-,N,NA,NA,NA,NA,NA,NA,NA,NA,NA,Y,3,0,1,3,A,-,08,22107,NA,M,B,E,A,A,H,-,C,D,0,NA,NA,NA,NA,Y,NA,A,01,0,1,0,0,0,0,0,0,0,-,-,NA,NA,ORANGE,ANAHEIM,-117.93139198,33.82178042
7157906,2015,2017-01-23,9675,2015-09-18,1008,16754,NA,5,1,7,3019,0,1,3,NA,2,551,RT 55,SANTA CLARA AV,300,S,N,A,-,Y,ORA,12,55,-,-,12.23,H,-,S,N,4,0,1,2,A,-,03,22350,NA,N,C,D,A,A,H,-,A,D,6,NA,NA,NA,NA,Y,NA,A,01,0,0,1,0,0,0,0,0,0,-,-,33.76061,-117.8315,ORANGE,SANTA ANA,-117.83117371,33.7662442
7158471,2016,2016-01-27,3001,2016-01-15,1202,A1825,NA,5,5,7,3001,0,0,0,NA,0,0D1,LINCOLN AV,KNOTT AV,129,E,N,A,-,N,NA,NA,NA,NA,NA,NA,NA,NA,NA,Y,4,0,2,3,A,-,03,22350,NA,N,C,C,A,A,H,-,A,A,0,NA,NA,NA,NA,Y,NA,A,01,0,0,2,0,0,0,0,0,0,-,-,NA,NA,ORANGE,ANAHEIM,-118.01054623,33.83184536
7160249,2015,2016-01-21,3002,2015-12-15,1245,9196,741A6,2,5,5,3025,0,0,0,NA,0,004,MIRAGE ST,SAVI RANCH PKWY,210,N,N,A,-,N,NA,NA,NA,NA,NA,NA,NA,NA,NA,N,3,0,1,2,A,-,08,22100,B,N,-,C,A,A,H,-,A,A,0,NA,NA,Y,NA,Y,NA,A,01,0,1,0,0,0,0,0,0,1,-,-,NA,NA,ORANGE,YORBA LINDA,-117.74518538,33.87486307
7160253,2015,2016-01-21,3002,2015-12-15,1926,9196,740C4,2,5,5,3025,0,0,0,NA,0,001,LAKEVIEW AV,LEMON DR,0,NA,Y,A,-,N,NA,NA,NA,NA,NA,NA,NA,NA,NA,Y,3,0,1,2,A,-,09,21801,A,N,A,C,A,A,H,-,C,A,0,NA,NA,NA,NA,Y,NA,A,01,0,1,0,0,0,0,0,0,0,-,-,NA,NA,ORANGE,YORBA LINDA,-117.81135001,33.8914501
7160293,2015,2016-01-20,3000,2015-12-20,1707,5036,892A5,7,5,5,3028,0,0,0,NA,0,754,LOS ALISOS BL,2ND ST,311,E,N,A,-,N,NA,NA,NA,NA,NA,NA,NA,NA,NA,Y,4,0,2,2,A,-,07,21658,A,N,B,C,A,A,H,-,B,A,0,NA,NA,NA,NA,Y,NA,A,01,0,0,2,0,0,0,0,0,0,-,-,NA,NA,ORANGE,MISSION VIEJO,-117.6825045,33.62539505
7164463,2015,2016-02-02,3000,2015-12-17,0400,5013,862B4,4,5,5,3050,0,0,0,NA,0,762,ALTON PKWY,PORTOLA PKWY,40,W,N,A,-,N,NA,NA,NA,NA,NA,NA,NA,NA,NA,Y,4,0,1,1,A,-,08,22107,NA,N,E,I,A,A,H,-,C,A,0,NA,NA,NA,NA,Y,NA,A,01,0,0,1,0,0,0,0,0,0,-,-,NA,NA,ORANGE,LAKE FOREST,-117.66671013,33.68311047
7164699,2015,2016-01-29,3000,2015-12-14,1215,1010,893B2,1,5,4,3048,0,0,0,NA,0,766,ANTONIO PKWY,VIA HONESTO,17,N,N,A,-,N,NA,NA,NA,NA,NA,NA,NA,NA,NA,N,4,0,1,2,A,-,21,22106,NA,N,C,C,A,A,H,-,A,D,0,NA,NA,NA,NA,Y,NA,A,01,0,0,1,0,0,0,0,0,0,-,-,NA,NA,ORANGE,RANCHO SANTA MARGARITA,-117.58615455,33.64160693
7164869,2015,2016-02-08,3015,2015-12-12,1720,1440,46,6,5,6,3015,0,0,0,NA,0,322,EAST KATELLA AV,N HANDY ST,520,W,N,A,-,N,NA,NA,NA,NA,NA,NA,NA,NA,NA,Y,3,0,3,3,A,-,03,22350,NA,N,C,C,A,A,H,-,C,A,0,NA,NA,NA,NA,Y,NA,A,01,0,1,2,0,0,0,0,0,0,-,-,NA,NA,ORANGE,ORANGE,-117.8287476,33.8104
7165042,2015,2016-01-27,3001,2015-12-30,1019,1670,NA,3,5,7,3001,0,0,0,NA,0,0D2,N LEMON ST,WEST NORTH ST,0,NA,Y,A,-,N,NA,NA,NA,NA,NA,NA,NA,NA,NA,Y,4,0,1,2,A,-,12,22450,A,N,D,C,A,A,H,-,A,A,0,NA,NA,NA,NA,Y,NA,A,01,0,0,1,0,0,0,0,0,0,-,-,NA,NA,ORANGE,ANAHEIM,-117.91871008,33.84381006
7166015,2015,2016-01-25,3019,2015-12-30,0903,2528,WE,3,5,7,3019,0,0,0,NA,0,001,HARBOR BL,1ST ST,200,S,N,A,-,N,NA,NA,NA,NA,NA,NA,NA,NA,NA,Y,4,0,2,2,A,-,03,22350,NA,N,C,C,A,A,H,-,A,D,0,NA,NA,NA,NA,Y,NA,A,01,0,0,2,0,0,0,0,0,0,-,-,33.74504,-117.92023,ORANGE,SANTA ANA,-117.92018,33.74515
7166031,2015,2016-01-25,3019,2015-12-25,1550,3241,NE,5,5,7,3019,0,0,0,NA,0,002,4TH ST,PORTER,0,NA,Y,A,-,N,NA,NA,NA,NA,NA,NA,NA,NA,NA,Y,4,0,1,2,A,-,09,21801,A,N,D,C,A,A,H,-,A,D,0,NA,NA,NA,NA,Y,NA,A,07,0,0,1,0,0,0,0,0,0,-,-,NA,NA,ORANGE,SANTA ANA,-117.86153006,33.74801007
7167154,2016,2016-02-03,3022,2016-01-20,1358,1235,SOUTH,3,5,5,3022,0,0,0,NA,0,NA,WARNER AV,PULLMAN ST,145,W,N,A,-,N,NA,NA,NA,NA,NA,NA,NA,NA,NA,Y,4,0,1,1,A,-,08,22107,NA,N,E,I,A,A,H,-,A,A,0,NA,NA,NA,NA,Y,NA,A,01,0,0,1,0,0,0,0,0,0,-,-,33.71435,-117.84193,ORANGE,TUSTIN,-117.84238171,33.71443761
7167184,2016,2016-02-02,3008,2016-01-08,1637,1296,NA,5,5,6,3008,0,0,0,NA,0,0Z1,BROOKHURST ST,ORANGETHORPE AV,423,S,N,A,-,N,NA,NA,NA,NA,NA,NA,NA,NA,NA,Y,3,0,2,2,A,-,03,22350,NA,N,C,C,A,A,H,-,C,A,0,NA,NA,NA,NA,Y,NA,A,01,0,1,1,0,0,0,0,0,0,-,-,NA,NA,ORANGE,FULLERTON,-117.95929717,33.85804038
7167198,2016,2016-02-03,3007,2016-01-17,1422,289,26,7,5,5,3007,0,0,0,NA,0,002,EDINGER,WARD,0,NA,Y,A,-,N,NA,NA,NA,NA,NA,NA,NA,NA,NA,N,4,0,2,2,A,-,04,21703,NA,N,C,C,A,A,H,-,A,A,0,NA,NA,NA,NA,Y,NA,A,07,0,0,2,0,0,0,0,0,0,-,-,NA,NA,ORANGE,FOUNTAIN VALLEY,-117.94600008,33.73072012
7167390,2016,2016-02-04,3008,2016-01-04,1347,1158,NA,1,5,6,3008,0,0,0,NA,0,III,YORBA LINDA BL,BRADFORD AV,60,W,N,A,-,N,NA,NA,NA,NA,NA,NA,NA,NA,NA,N,4,0,2,2,A,-,03,22350,NA,N,C,C,A,A,H,-,A,A,0,NA,NA,NA,NA,Y,NA,A,01,0,0,2,0,0,0,0,0,0,-,-,NA,NA,ORANGE,FULLERTON,-117.86603179,33.88801836
7167704,2015,2016-01-27,3026,2015-12-22,2150,539,CROSS,2,5,6,3026,0,0,0,NA,0,00C,HARVARD,MOFFETT DR,30,N,N,B,-,N,NA,NA,NA,NA,NA,NA,NA,NA,NA,Y,4,0,1,2,A,-,03,22350,NA,M,C,C,A,B,H,-,C,A,0,NA,NA,NA,NA,Y,NA,A,01,0,0,1,0,0,0,0,0,0,-,-,NA,NA,ORANGE,IRVINE,-117.8053678,33.69823372
7168511,2015,2016-01-26,3007,2015-12-27,0806,275,54,7,5,5,3007,0,0,0,NA,0,003,BUSHARD,EL PUEBLO,0,NA,Y,A,-,N,NA,NA,NA,NA,NA,NA,NA,NA,NA,Y,3,0,2,2,A,-,09,21802,A,N,D,C,A,A,H,-,A,A,0,NA,NA,NA,NA,Y,NA,A,01,0,1,1,0,0,0,0,0,0,-,-,NA,NA,ORANGE,FOUNTAIN VALLEY,-117.96324003,33.70663009
7170201,2015,2016-02-03,3001,2015-01-14,1508,0368,NA,3,5,7,3001,0,0,0,NA,0,0D4,NOHL RANCH RD,SOUTH ANAHEIM HILLS RD,347,W,N,B,-,N,NA,NA,NA,NA,NA,NA,NA,NA,NA,Y,3,0,1,2,A,-,03,22350,NA,N,-,C,A,A,H,-,A,A,0,NA,NA,NA,NA,Y,NA,A,08,0,1,0,0,0,0,0,0,0,-,-,NA,NA,ORANGE,ANAHEIM,-117.77848231,33.84483464
7170632,2016,2016-01-29,3012,2016-01-17,2034,593,14,7,5,5,3012,0,0,0,NA,0,001,HACIENDA RD,WHITTIER BL,77,S,N,A,-,N,NA,NA,NA,NA,NA,NA,NA,NA,NA,N,2,0,1,2,A,-,00,21955,A,N,G,B,D,A,H,-,C,A,0,Y,NA,NA,NA,Y,NA,N,60,1,0,0,0,1,0,0,0,0,-,-,NA,NA,ORANGE,LA HABRA,-117.96476,33.93955
7171003,2015,2017-02-03,3024,2015-12-28,1115,155,P32,1,5,5,3024,0,0,0,NA,0,EAST,RT 39,BISHOP AV,0,NA,Y,A,-,Y,ORA,12,39,-,-,6.38,I,5,N,Y,3,0,2,2,A,-,09,21802,A,N,D,C,A,A,H,-,A,D,0,NA,NA,NA,NA,Y,NA,A,01,0,1,1,0,0,0,0,0,0,-,-,NA,NA,ORANGE,WESTMINSTER,-117.98936968,33.74093357
7171357,2016,2016-02-02,3010,2016-01-13,1259,2088,262,3,5,6,3010,0,0,0,NA,0,007,WARNER,MILLSTREAM,0,NA,Y,A,-,N,NA,NA,NA,NA,NA,NA,NA,NA,NA,Y,3,0,2,2,A,-,09,21801,A,N,D,C,A,A,H,-,A,A,0,NA,NA,NA,NA,Y,NA,A,01,0,1,1,0,0,0,0,0,0,-,-,NA,NA,ORANGE,HUNTINGTON BEACH,-117.99208013,33.71567009
7172131,2016,2017-02-16,3014,2016-01-05,1602,1179,RD16,2,5,5,3014,0,0,0,NA,0,0A1,RT 1,SUPERIOR AV,0,NA,Y,C,-,Y,ORA,12,1,-,-,20.37,I,5,N,Y,3,0,2,2,A,-,09,21453,NA,N,A,C,A,B,H,-,A,A,0,NA,NA,NA,NA,Y,NA,-,-,0,1,1,0,0,0,0,0,0,-,-,33.623,-117.9392,ORANGE,NEWPORT BEACH,-117.93921456,33.62303543
7172185,2015,2016-02-05,3003,2015-12-19,1716,1072,40,6,5,5,3003,0,0,0,NA,0,003,STANTON AV,CYCLAMEN WY,40,W,N,C,-,N,NA,NA,NA,NA,NA,NA,NA,NA,NA,N,4,0,1,3,A,-,03,22350,NA,N,A,D,A,B,H,-,D,D,0,NA,NA,NA,NA,Y,NA,A,01,0,0,1,0,0,0,0,0,0,-,-,NA,NA,ORANGE,BUENA PARK,-117.99369,33.85254
7172560,2016,2016-02-01,3001,2016-01-13,2025,1252,NA,3,5,7,3001,0,0,0,NA,0,0D1,SOUTH BROOKHURST ST,WEST BALL RD,50,N,N,A,-,N,NA,NA,NA,NA,NA,NA,NA,NA,NA,N,4,0,1,2,A,-,01,23152,A,N,C,C,A,A,H,-,C,A,0,NA,NA,NA,NA,Y,Y,A,01,0,0,1,0,0,0,0,0,0,-,-,NA,NA,ORANGE,ANAHEIM,-117.95894,33.81790708
7174497,2016,2017-02-18,3010,2016-01-09,1918,1226,413,6,5,6,3010,0,0,0,NA,0,005,RT 39,CONSTANTINE DR,0,NA,Y,A,-,Y,ORA,12,39,-,-,2.841,I,5,N,Y,3,0,1,4,A,-,09,21801,A,N,D,C,A,A,H,-,C,D,0,NA,NA,NA,NA,Y,NA,A,08,0,1,0,0,0,0,0,0,0,-,-,NA,NA,ORANGE,HUNTINGTON BEACH,-117.98871451,33.68966111
7174533,2016,2017-02-21,3010,2016-01-13,1233,2079,262,3,5,6,3010,0,0,0,NA,0,006,RT 39,HEIL,84,S,N,A,-,Y,ORA,12,39,-,-,5.12,H,-,N,N,4,0,1,3,A,-,03,22350,NA,N,C,C,A,A,H,-,A,A,0,NA,NA,NA,NA,Y,NA,A,01,0,0,1,0,0,0,0,0,0,-,-,NA,NA,ORANGE,HUNTINGTON BEACH,-117.98911202,33.72273563
7175495,2016,2016-02-05,3014,2016-01-05,2336,1253,RD33,2,5,5,3014,0,0,0,NA,0,0A3,BRISTOL ST S,IRVINE AV,0,NA,Y,A,-,N,NA,NA,NA,NA,NA,NA,NA,NA,NA,Y,4,0,1,2,A,-,12,21453,A,N,D,C,A,B,H,-,C,A,0,NA,NA,NA,NA,Y,NA,A,01,0,0,1,0,0,0,0,0,0,-,-,33.6607,-117.8736,ORANGE,NEWPORT BEACH,-117.87545011,33.66193001
7175691,2016,2016-02-05,3019,2016-01-15,1627,3196,SC,5,5,7,3019,0,0,0,NA,0,NA,EDINGER AV,TOWNSEND ST,145,W,N,B,-,N,NA,NA,NA,NA,NA,NA,NA,NA,NA,N,4,0,1,2,A,-,03,22350,NA,N,C,C,A,A,H,-,A,D,0,NA,NA,NA,NA,Y,NA,A,01,0,0,1,0,0,0,0,0,0,-,-,33.72704,-117.89532,ORANGE,SANTA ANA,-117.89579541,33.72723509