CASE_ID,ACCIDENT_YEAR,PROC_DATE,JURIS,COLLISION_DATE,COLLISION_TIME,OFFICER_ID,REPORTING_DISTRICT,DAY_OF_WEEK,CHP_SHIFT,POPULATION,CNTY_CITY_LOC,SPECIAL_COND,BEAT_TYPE,CHP_BEAT_TYPE,CITY_DIVISION_LAPD,CHP_BEAT_CLASS,BEAT_NUMBER,PRIMARY_RD,SECONDARY_RD,DISTANCE,DIRECTION,INTERSECTION,WEATHER_1,WEATHER_2,STATE_HWY_IND,CALTRANS_COUNTY,CALTRANS_DISTRICT,STATE_ROUTE,ROUTE_SUFFIX,POSTMILE_PREFIX,POSTMILE,LOCATION_TYPE,RAMP_INTERSECTION,SIDE_OF_HWY,TOW_AWAY,COLLISION_SEVERITY,NUMBER_KILLED,NUMBER_INJURED,PARTY_COUNT,PRIMARY_COLL_FACTOR,PCF_CODE_OF_VIOL,PCF_VIOL_CATEGORY,PCF_VIOLATION,PCF_VIOL_SUBSECTION,HIT_AND_RUN,TYPE_OF_COLLISION,MVIW,PED_ACTION,ROAD_SURFACE,ROAD_COND_1,ROAD_COND_2,LIGHTING,CONTROL_DEVICE,CHP_ROAD_TYPE,PEDESTRIAN_ACCIDENT,BICYCLE_ACCIDENT,MOTORCYCLE_ACCIDENT,TRUCK_ACCIDENT,NOT_PRIVATE_PROPERTY,ALCOHOL_INVOLVED,STWD_VEHTYPE_AT_FAULT,CHP_VEHTYPE_AT_FAULT,COUNT_SEVERE_INJ,COUNT_VISIBLE_INJ,COUNT_COMPLAINT_PAIN,COUNT_PED_KILLED,COUNT_PED_INJURED,COUNT_BICYCLIST_KILLED,COUNT_BICYCLIST_INJURED,COUNT_MC_KILLED,COUNT_MC_INJURED,PRIMARY_RAMP,SECONDARY_RAMP,LATITUDE,LONGITUDE,COUNTY,CITY,POINT_X,POINT_Y
8325641,2017,2017-03-23,3000,2017-01-26,0805,9696,952B2,4,5,5,3040,0,0,0,NA,0,741,PASEO DE COLINAS,STAR DR,476,E,N,A,-,N,NA,NA,NA,NA,NA,NA,NA,NA,NA,Y,4,0,1,2,A,-,08,22107,NA,N,D,C,A,A,H,-,A,D,0,NA,NA,NA,NA,Y,NA,D,22,0,0,1,0,0,0,0,0,0,-,-,NA,NA,ORANGE,LAGUNA NIGUEL,-117.67411,33.54808
8325796,2017,2017-06-29,3024,2017-02-04,1753,303,P13,6,5,5,3024,0,0,0,NA,0,EAST,BEACH BL,22ND ST,130,S,N,A,-,Y,ORA,12,39,-,-,7.93,H,-,N,Y,4,0,2,3,A,-,03,22350,NA,N,C,C,A,A,H,-,B,D,0,NA,NA,NA,NA,Y,NA,A,01,0,0,2,0,0,0,0,0,0,-,-,NA,NA,ORANGE,WESTMINSTER,-117.98959122,33.76353475
8325886,2017,2017-03-16,3001,2017-02-24,1849,415,NA,5,5,7,3001,0,0,0,NA,0,0D1,SOUTH MAGNOLIA AV,W WILSON RD,0,NA,Y,A,-,N,NA,NA,NA,NA,NA,NA,NA,NA,NA,Y,4,0,1,3,A,-,09,21801,A,N,D,C,A,A,H,-,C,A,0,NA,NA,NA,NA,Y,NA,D,22,0,0,1,0,0,0,0,0,0,-,-,NA,NA,ORANGE,ANAHEIM,NA,NA
8327962,2017,2017-03-24,3000,2017-02-13,1205,1104,770C6,1,5,2,3023,0,0,0,NA,0,014,LEMON,VALLEY,0,NA,Y,A,-,N,NA,NA,NA,NA,NA,NA,NA,NA,NA,Y,2,0,3,2,A,-,09,21801,A,N,A,C,A,A,H,-,A,D,0,NA,NA,NA,NA,Y,NA,A,01,2,0,1,0,0,0,0,0,0,-,-,NA,NA,ORANGE,VILLA PARK,-117.8090701,33.8245201
83280756,2024,2024-08-02,3019,2024-07-31,1553,3727,NA,3,5,7,3019,0,0,0,NA,0,003,GRAND AVENUE,WAKEHAM AVENUE,20,S,N,A,-,N,NA,NA,NA,NA,NA,NA,NA,NA,NA,Y,4,0,2,2,A,-,08,22107,NA,N,C,C,A,A,H,-,A,D,0,NA,NA,NA,NA,Y,NA,A,01,0,0,2,0,0,0,0,0,0,-,-,33.736228942871094,-117.8505630493164,ORANGE,SANTA ANA,-117.85027313232422,33.73717498779297
8328457,2017,2017-03-24,3009,2017-03-10,1403,3397,97,5,5,6,3009,0,0,0,NA,0,1-3,HAZARD AV,GALAWAY ST,262,E,N,A,-,N,NA,NA,NA,NA,NA,NA,NA,NA,NA,Y,3,0,3,5,A,-,07,21658,A,N,-,C,A,A,H,-,A,D,0,NA,NA,NA,NA,Y,NA,A,01,0,1,2,0,0,0,0,0,0,-,-,NA,NA,ORANGE,GARDEN GROVE,-117.96184006,33.75222
8328716,2017,2017-03-24,3009,2017-03-06,1100,3073,114,1,5,6,3009,0,0,0,NA,0,021,MAIN ST,GARDEN GROVE BL,0,NA,Y,A,-,N,NA,NA,NA,NA,NA,NA,NA,NA,NA,N,4,0,1,2,A,-,12,21453,A,N,-,C,A,A,H,-,A,A,0,NA,NA,NA,NA,Y,NA,A,08,0,0,1,0,0,0,0,0,0,-,-,NA,NA,ORANGE,GARDEN GROVE,-117.94099001,33.77418004
8329187,2016,2017-03-27,3008,2016-11-22,0726,1145,NA,2,5,6,3008,0,0,0,NA,0,NA,WEST ORANGETHORPE AV,BROOKHURST ST,130,E,N,A,-,N,NA,NA,NA,NA,NA,NA,NA,NA,NA,Y,4,0,1,2,A,-,09,21804,A,N,D,C,A,A,H,-,A,A,0,NA,NA,NA,NA,Y,NA,A,01,0,0,1,0,0,0,0,0,0,-,-,NA,NA,ORANGE,FULLERTON,-117.95888286,33.85920689
8329880,2017,2017-04-06,3015,2017-03-11,0247,1372,35E,6,5,6,3015,0,0,0,NA,0,732,N BATAVIA ST,HOOVER AV,14,N,N,A,-,N,NA,NA,NA,NA,NA,NA,NA,NA,NA,Y,3,0,1,1,A,-,01,23152,A,N,E,I,A,A,H,-,C,D,0,NA,NA,NA,NA,Y,Y,D,22,0,1,0,0,0,0,0,0,0,-,-,NA,NA,ORANGE,ORANGE,-117.8617389,33.80744837
8329954,2016,2017-04-03,3008,2016-11-20,1507,1429,NA,7,5,6,3008,0,0,0,NA,0,0Z2,MALDEN AV,CHAPMAN AV,21,S,N,B,-,N,NA,NA,NA,NA,NA,NA,NA,NA,NA,N,4,0,1,2,A,-,08,22107,NA,N,A,C,A,B,H,-,A,A,0,NA,NA,NA,NA,Y,NA,A,01,0,0,1,0,0,0,0,0,0,-,-,NA,NA,ORANGE,FULLERTON,-117.92656,33.87382243
8330161,2016,2017-03-30,3008,2016-12-23,0059,1483,1,5,5,6,3008,0,0,0,NA,0,001,CHAPMAN AV,STATE COLLEGE BL,504,E,N,B,-,N,NA,NA,NA,NA,NA,NA,NA,NA,NA,Y,4,0,2,2,A,-,09,21801,A,N,D,C,A,A,H,-,A,D,0,NA,NA,NA,NA,Y,NA,A,01,0,0,2,0,0,0,0,0,0,-,-,NA,NA,ORANGE,FULLERTON,-117.88796791,33.87417089
8330270,2017,2017-04-03,3026,2017-03-10,0927,6352,NA,5,5,6,3026,0,0,0,NA,0,NA,FALLBROOK,ALDERWOOD,8,S,N,A,-,N,NA,NA,NA,NA,NA,NA,NA,NA,NA,N,3,0,1,2,A,-,12,22450,A,N,G,B,B,A,H,-,A,A,0,Y,NA,NA,NA,Y,NA,A,01,0,1,0,0,1,0,0,0,0,-,-,33.68098,-117.78374,ORANGE,IRVINE,-117.7839397,33.68102611
8330466,2017,2017-04-04,3015,2017-03-11,1121,1440,13N,6,5,6,3015,0,0,0,NA,0,716,EAST CHAPMAN AV,N GRAND ST,220,E,N,A,-,N,NA,NA,NA,NA,NA,NA,NA,NA,NA,N,3,0,1,2,A,-,08,22107,NA,N,B,C,A,A,H,-,A,-,0,NA,NA,Y,NA,Y,NA,C,02,0,1,0,0,0,0,0,0,1,-,-,NA,NA,ORANGE,ORANGE,-117.85021786,33.78786222
8330478,2017,2017-04-05,3000,2017-03-14,0730,05314,971H3,2,5,5,3040,0,0,0,NA,0,6M40,CAMINO DEL AVION,OCEAN RANCH,0,NA,Y,E,-,N,NA,NA,NA,NA,NA,NA,NA,NA,NA,Y,4,0,1,2,A,-,12,21453,A,N,D,C,A,A,H,-,A,A,0,NA,NA,NA,NA,Y,NA,A,01,0,0,1,0,0,0,0,0,0,-,-,NA,NA,ORANGE,LAGUNA NIGUEL,-117.69910009,33.49142007
8330951,2017,2017-04-04,3001,2017-03-12,2255,2165,NA,7,5,7,3001,0,0,0,NA,0,0D3,BALL RD,STATE COLLEGE BL,45,W,N,A,-,N,NA,NA,NA,NA,NA,NA,NA,NA,NA,N,4,0,1,2,A,-,03,22350,NA,M,C,C,A,A,H,-,C,A,0,NA,NA,NA,NA,Y,NA,A,01,0,0,1,0,0,0,0,0,0,-,-,NA,NA,ORANGE,ANAHEIM,-117.88953779,33.81809156
8331179,2017,2017-04-06,3001,2017-03-16,1200,0963,NA,4,5,7,3001,0,0,0,NA,0,0D1,SOUTH BROOKHURST ST,WEST CERRITOS AV,0,NA,Y,A,-,N,NA,NA,NA,NA,NA,NA,NA,NA,NA,Y,3,0,1,2,A,-,12,21453,A,N,D,C,A,A,H,-,A,A,0,NA,NA,NA,NA,Y,NA,A,01,0,1,0,0,0,0,0,0,0,-,-,NA,NA,ORANGE,ANAHEIM,-117.95890008,33.81049001
8333355,2016,2017-05-11,3019,2016-11-09,0917,2859,NA,3,5,7,3019,0,0,0,NA,0,NA,17TH ST,DEODAR ST,0,NA,Y,A,-,N,NA,NA,NA,NA,NA,NA,NA,NA,NA,Y,4,0,1,2,A,-,12,21453,A,N,D,C,A,A,H,-,A,A,0,NA,NA,NA,NA,Y,NA,-,-,0,0,1,0,0,0,0,0,0,-,-,33.7598,-117.8323,ORANGE,SANTA ANA,-117.83219001,33.75992008
8335278,2017,2017-06-29,3012,2017-03-20,0707,568,14,1,5,5,3012,0,0,0,NA,0,001,WHITTIER BL,CORTO WY,50,W,N,A,-,Y,ORA,12,39,-,-,21,H,-,S,N,4,0,1,3,A,-,03,22350,NA,N,C,C,A,A,H,-,A,D,0,NA,NA,NA,NA,Y,NA,A,01,0,0,1,0,0,0,0,0,0,-,-,NA,NA,ORANGE,LA HABRA,-117.96260927,33.93944844
8335509,2017,2017-04-08,3019,2017-03-18,0827,3449,NE,6,5,7,3019,0,0,0,NA,0,002,17TH ST,SANTIAGO,0,NA,Y,A,-,N,NA,NA,NA,NA,NA,NA,NA,NA,NA,N,3,0,3,2,A,-,12,21453,A,N,D,C,A,A,H,-,A,A,0,NA,NA,NA,NA,Y,NA,A,01,0,1,2,0,0,0,0,0,0,-,-,NA,NA,ORANGE,SANTA ANA,-117.86015005,33.76005002
8337390,2017,2017-04-05,3019,2017-03-25,2105,3414,SE,6,5,7,3019,0,0,0,NA,0,NA,EDINGER AV,CEDAR ST,10,W,N,A,-,N,NA,NA,NA,NA,NA,NA,NA,NA,NA,Y,4,0,1,2,A,-,03,22350,NA,N,C,C,A,A,H,-,C,D,0,NA,NA,NA,NA,Y,NA,I,11,0,0,1,0,0,0,0,0,0,-,-,33.7269,-117.85845,ORANGE,SANTA ANA,-117.85869281,33.72692
8337429,2017,2017-06-30,3010,2017-03-28,1246,1059,422,2,5,6,3010,0,0,0,NA,0,005,RT 39,WILLIAMS DR,0,NA,Y,A,-,Y,ORA,12,39,-,-,2.261,I,5,S,Y,2,0,2,2,A,-,01,23152,A,N,D,C,A,A,H,-,A,D,0,NA,NA,NA,NA,Y,Y,D,22,1,0,1,0,0,0,0,0,0,-,-,NA,NA,ORANGE,HUNTINGTON BEACH,-117.98880768,33.68118598
8337543,2016,2017-04-11,3008,2016-11-16,2017,1515,ZONE1,3,5,6,3008,0,0,0,NA,0,NA,BROOKHURST RD,VALENCIA AV,138,S,N,A,-,N,NA,NA,NA,NA,NA,NA,NA,NA,NA,Y,4,0,1,2,A,-,09,21801,A,N,D,C,A,A,H,-,C,A,0,NA,NA,NA,NA,Y,NA,A,01,0,0,1,0,0,0,0,0,0,-,-,NA,NA,ORANGE,FULLERTON,-117.95938962,33.86614175
8339483,2017,2017-04-03,3019,2017-02-18,0437,3486,SC,6,5,7,3019,0,0,0,NA,0,001,FAIRVIEW ST,WARNER AV,570,S,N,C,-,N,NA,NA,NA,NA,NA,NA,NA,NA,NA,Y,4,0,1,1,A,-,08,22107,NA,N,E,I,A,B,H,-,C,A,0,NA,NA,NA,NA,Y,NA,A,01,0,0,1,0,0,0,0,0,0,-,-,NA,NA,ORANGE,SANTA ANA,-117.90788315,33.71364739
8341449,2017,2017-04-19,3026,2017-03-30,1215,548,UNIVE,4,5,6,3026,0,0,0,NA,0,002,JAMBOREE,MCGAW,433,N,N,A,-,N,NA,NA,NA,NA,NA,NA,NA,NA,NA,Y,4,0,1,5,A,-,03,22350,NA,N,C,C,A,A,H,-,A,A,0,NA,NA,NA,NA,Y,NA,A,01,0,0,1,0,0,0,0,0,0,-,-,NA,NA,ORANGE,IRVINE,-117.83402131,33.68666869
8341457,2017,2017-04-19,3026,2017-03-20,1815,480,NA,1,5,6,3026,0,0,0,NA,0,00U,UNIVERSITY DR,SAN JOAQUIN,0,NA,Y,A,-,N,NA,NA,NA,NA,NA,NA,NA,NA,NA,N,3,0,2,3,A,-,10,21950,C,N,G,B,B,A,H,-,A,A,0,Y,NA,NA,NA,Y,NA,A,01,0,1,1,0,2,0,0,0,0,-,-,NA,NA,ORANGE,IRVINE,-117.83147006,33.65751009
8342183,2017,2017-06-27,3022,2017-03-27,2054,1142,NA,1,5,5,3022,0,0,0,NA,0,NA,RED HILL AV,RT 5,0,NA,Y,A,-,Y,ORA,12,5,-,R,28.976,R,4,N,N,4,0,3,2,A,-,12,21453,A,N,D,C,A,A,H,-,C,A,0,NA,NA,NA,NA,Y,NA,A,01,0,0,3,0,0,0,0,0,0,-,-,NA,NA,ORANGE,TUSTIN,-117.81356117,33.73241022
8342299,2017,2018-04-18,3011,2017-04-05,1052,31407,71,3,5,4,3011,0,0,0,NA,0,001,RT 133,RT 18,633,N,N,A,-,Y,ORA,12,133,-,-,3.54,H,-,S,Y,4,0,1,2,A,-,03,22350,NA,N,C,C,A,A,H,-,A,D,0,NA,NA,NA,NA,Y,NA,A,01,0,0,1,0,0,0,0,0,0,-,-,NA,NA,ORANGE,LAGUNA BEACH,-117.76159645,33.58460182
8342501,2017,2017-05-26,3019,2017-03-19,1838,3425,WE,7,5,7,3019,0,0,0,NA,0,001,17TH ST,BRISTOL MARKET PL,4,E,N,A,-,N,NA,NA,NA,NA,NA,NA,NA,NA,NA,Y,4,0,2,2,A,-,01,23152,A,N,C,C,A,A,H,-,A,A,0,NA,NA,NA,NA,Y,Y,A,01,0,0,2,0,0,0,0,0,0,-,-,NA,NA,ORANGE,SANTA ANA,-117.888355,33.760099
8342650,2016,2017-04-12,3019,2016-12-06,1845,3398,NE,2,5,7,3019,0,0,0,NA,0,002,MAINPLACE DR,MAIN ST N,300,W,N,A,-,N,NA,NA,NA,NA,NA,NA,NA,NA,NA,N,3,0,1,2,A,-,09,21804,A,N,H,G,A,A,H,-,C,D,0,NA,Y,NA,NA,Y,NA,L,04,0,1,0,0,0,0,1,0,0,-,-,33.77639,-117.86711,ORANGE,SANTA ANA,-117.8682242,33.7769856
8343402,2017,2017-04-11,3022,2017-03-30,1357,1193,SOUTH,4,5,5,3022,0,0,0,NA,0,NA,MCFADDEN AV,WILLIAMS ST,510,E,N,A,-,N,NA,NA,NA,NA,NA,NA,NA,NA,NA,Y,3,0,1,2,A,-,09,21804,A,N,D,C,A,A,H,-,A,A,0,NA,NA,Y,NA,Y,NA,A,08,0,1,0,0,0,0,0,0,1,-,-,33.73381,-117.83944,ORANGE,TUSTIN,-117.83778683,33.73379856
8343484,2017,2017-04-26,3004,2017-03-19,1338,P577,16,7,5,6,3004,0,0,0,NA,0,008,FAIRVIEW RD,MERRIMAC WY,0,NA,Y,A,-,N,NA,NA,NA,NA,NA,NA,NA,NA,NA,N,4,0,1,2,A,-,00,21453,NA,N,D,C,A,A,H,-,A,A,0,NA,NA,NA,NA,Y,NA,-,-,0,0,1,0,0,0,0,0,0,-,-,33.6675,-117.90789,ORANGE,COSTA MESA,-117.90779003,33.66746009
8344066,2017,2017-04-18,3019,2017-03-25,1009,3316,NE,6,5,7,3019,0,0,0,NA,0,002,4TH ST,GOLDEN CIRCLE DR,0,NA,Y,A,-,N,NA,NA,NA,NA,NA,NA,NA,NA,NA,Y,4,0,1,2,A,-,12,21453,A,N,D,C,A,A,H,-,A,A,0,NA,NA,NA,NA,Y,NA,A,07,0,0,1,0,0,0,0,0,0,-,-,33.748,-117.83839,ORANGE,SANTA ANA,-117.83818005,33.74823006
8344175,2017,2017-04-19,3014,2017-03-26,1850,1489,RD44,7,5,5,3014,0,0,0,NA,0,0A4,SEAVIEW DR,NARCISSUS AV,0,NA,Y,A,-,N,NA,NA,NA,NA,NA,NA,NA,NA,NA,Y,4,0,1,2,A,-,12,22450,A,N,D,C,A,A,H,-,A,D,0,NA,NA,NA,NA,Y,NA,A,01,0,0,1,0,0,0,0,0,0,-,-,33.6129,-117.8752,ORANGE,NEWPORT BEACH,-117.87077005,33.59376011
8344199,2017,2017-05-04,3014,2017-04-05,1341,1346,RD24,3,5,5,3014,0,0,0,NA,0,0A2,PLACENTIA AV,FLAGSHIP RD,163,N,N,A,-,N,NA,NA,NA,NA,NA,NA,NA,NA,NA,N,4,0,2,2,A,-,03,22350,NA,N,D,C,A,A,H,-,A,D,0,NA,NA,NA,NA,Y,NA,D,22,0,0,2,0,0,0,0,0,0,-,-,NA,NA,ORANGE,NEWPORT BEACH,-117.93123014,33.62668716
8346281,2017,2017-04-19,3010,2017-03-29,1048,1109,199,3,5,6,3010,0,0,0,NA,0,005,GOLDEN WEST,TALBERT,43,N,N,A,-,N,NA,NA,NA,NA,NA,NA,NA,NA,NA,N,4,0,1,2,A,-,03,22350,NA,N,C,C,A,A,H,-,A,A,0,NA,NA,NA,NA,Y,NA,A,07,0,0,1,0,0,0,0,0,0,-,-,NA,NA,ORANGE,HUNTINGTON BEACH,-118.00647142,33.70116789
8346290,2017,2017-04-19,3010,2017-04-03,1201,1059,271,1,5,6,3010,0,0,0,NA,0,006,GOTHARD ST,CAIN DR,70,S,N,B,-,N,NA,NA,NA,NA,NA,NA,NA,NA,NA,N,4,0,1,2,A,-,03,22350,NA,N,C,C,A,A,H,-,A,D,0,NA,NA,NA,NA,Y,NA,A,07,0,0,1,0,0,0,0,0,0,-,-,NA,NA,ORANGE,HUNTINGTON BEACH,-118.00008436,33.71451813
8348046,2017,2017-04-26,3000,2017-03-25,1712,7734,892E3,6,5,5,3028,0,0,0,NA,0,753,OLYMPIAD RD,OLYMPIAD RD 22555,0,NA,Y,B,-,N,NA,NA,NA,NA,NA,NA,NA,NA,NA,Y,2,0,2,2,A,-,09,21801,A,N,D,C,A,A,H,-,A,D,0,NA,NA,NA,NA,Y,NA,A,01,1,1,0,0,0,0,0,0,0,-,-,NA,NA,ORANGE,MISSION VIEJO,-117.642406,33.639621
8348735,2017,2017-06-30,3010,2017-03-17,1815,1176,451,5,5,6,3010,0,0,0,NA,0,004,RT 1,MAIN,99,N,N,B,-,Y,ORA,12,1,-,-,24.74,H,-,S,N,4,0,1,2,A,-,21,22106,NA,N,C,C,A,A,H,-,A,A,0,NA,NA,NA,NA,Y,NA,A,01,0,0,1,0,0,0,0,0,0,-,-,NA,NA,ORANGE,HUNTINGTON BEACH,-118.00223906,33.65722138
83490926,2024,2024-08-05,3015,2024-08-02,1231,1336,NA,5,5,6,3015,0,0,0,NA,0,722M,TAFT AVE,HIGHLAND ST,0,NA,Y,A,-,N,NA,NA,NA,NA,NA,NA,NA,NA,NA,Y,3,0,3,2,A,-,09,21801,A,N,D,C,A,A,H,-,A,D,0,NA,NA,NA,NA,Y,NA,A,07,0,2,1,0,0,0,0,0,0,-,-,33.817501068115234,-117.83238220214844,ORANGE,ORANGE,-117.83246612548828,33.8175163269043
8349432,2017,2017-04-24,3010,2017-04-11,1424,1096,242,2,5,6,3010,0,0,0,NA,0,009,CENTER,HUNTINGTON VILLAGE LN,315,W,N,A,-,N,NA,NA,NA,NA,NA,NA,NA,NA,NA,Y,3,0,1,1,A,-,03,22350,NA,N,F,A,A,A,H,-,A,D,0,NA,NA,Y,NA,Y,NA,C,02,0,1,0,0,0,0,0,0,1,-,-,NA,NA,ORANGE,HUNTINGTON BEACH,-117.9969335,33.73396218
8349480,2017,2017-05-05,3019,2017-03-29,0825,3150,WE,3,5,7,3019,0,0,0,NA,0,001,MEMORY LN,PACIFIC AV,100,E,N,A,-,N,NA,NA,NA,NA,NA,NA,NA,NA,NA,N,4,0,1,2,A,-,08,22107,NA,N,C,C,A,A,H,-,A,D,0,NA,NA,NA,NA,Y,NA,A,01,0,0,1,0,0,0,0,0,0,-,-,33.77319,-117.88605,ORANGE,SANTA ANA,-117.88588396,33.77315804
8350355,2016,2017-04-25,3000,2016-03-28,1000,9684,922A2,1,5,4,3045,0,0,0,NA,0,745,LA PAZ RD,CABOT RD,0,NA,Y,A,-,N,NA,NA,NA,NA,NA,NA,NA,NA,NA,Y,3,0,4,5,D,-,00,NA,NA,N,C,C,A,A,H,-,A,A,0,NA,NA,NA,NA,Y,NA,-,-,0,1,3,0,0,0,0,0,0,-,-,NA,NA,ORANGE,LAGUNA HILLS,-117.67719008,33.59694012
8350515,2017,2017-04-25,3004,2017-03-12,1852,P642,02,7,5,6,3004,0,0,0,NA,0,001,NEWPORT BL,17TH ST,60,S,N,C,-,N,NA,NA,55,NA,NA,NA,NA,NA,NA,N,4,0,1,2,A,-,01,23152,A,N,C,C,A,B,H,-,C,A,0,NA,NA,NA,NA,Y,Y,A,01,0,0,1,0,0,0,0,0,0,-,-,33.63597,-117.92201,ORANGE,COSTA MESA,-117.92215437,33.63599621
8350667,2017,2017-04-26,3000,2017-02-14,1805,7734,892A6,2,5,5,3028,0,0,0,NA,0,752,ALICIA PKWY,JERONIMO RD,87,W,N,A,-,N,NA,NA,NA,NA,NA,NA,NA,NA,NA,N,4,0,1,2,A,-,08,22107,NA,N,C,G,A,A,H,-,C,D,0,NA,Y,NA,NA,Y,NA,L,04,0,0,1,0,0,0,1,0,0,-,-,NA,NA,ORANGE,MISSION VIEJO,-117.67858457,33.61501317
8350683,2017,2017-04-26,3001,2017-03-20,1439,0705,NA,1,5,7,3001,0,0,0,NA,0,033,ANAHEIM BL,DISNEY WY,49,N,N,A,-,N,NA,NA,NA,NA,NA,NA,NA,NA,NA,N,3,0,1,2,A,-,03,22350,NA,N,C,C,A,A,H,-,A,A,0,NA,NA,NA,NA,Y,NA,A,01,0,1,0,0,0,0,0,0,0,-,-,NA,NA,ORANGE,ANAHEIM,-117.9064718,33.80600347
8352338,2016,2017-05-04,3010,2016-08-27,1926,1203,171,6,5,6,3010,0,0,0,NA,0,008,BAYVIEW,BAYVIEW 16796,0,NA,-,A,-,N,NA,NA,NA,NA,NA,NA,NA,NA,NA,N,4,0,1,2,A,-,11,21954,A,N,A,B,D,A,H,-,B,D,0,Y,NA,NA,NA,Y,NA,N,60,0,0,1,0,1,0,0,0,0,-,-,NA,NA,ORANGE,HUNTINGTON BEACH,-118.070244,33.718852
8353205,2017,2017-04-27,3010,2017-04-12,1012,0147,433,3,5,6,3010,0,0,0,NA,0,003,NEWLAND,CARSON,15,N,N,A,-,N,NA,NA,NA,NA,NA,NA,NA,NA,NA,Y,4,0,2,2,A,-,04,21703,NA,N,C,C,A,A,H,-,A,D,0,NA,NA,NA,NA,Y,NA,A,01,0,0,2,0,0,0,0,0,0,-,-,NA,NA,ORANGE,HUNTINGTON BEACH,-117.97998156,33.67765111
8354452,2017,2017-05-04,3008,2017-03-30,2247,1479,NA,4,5,6,3008,0,0,0,NA,0,0Z1,MALVERN AV,BASTANCHURY RD,0,NA,Y,A,-,N,NA,NA,NA,NA,NA,NA,NA,NA,NA,Y,3,0,1,2,A,-,01,23152,A,N,D,C,A,A,H,-,C,A,0,NA,NA,NA,NA,Y,Y,A,01,0,1,0,0,0,0,0,0,0,-,-,NA,NA,ORANGE,FULLERTON,-117.95776009,33.87662006
8354568,2017,2018-03-20,3000,2017-04-16,1808,9220,972C1,7,5,4,3018,0,0,0,NA,0,730,DEL OBISPO ST,RT 74,281,E,N,A,-,N,NA,NA,NA,NA,NA,NA,NA,NA,NA,Y,4,0,1,2,D,-,00,NA,NA,N,D,C,A,A,H,-,A,D,0,NA,NA,NA,NA,Y,NA,-,-,0,0,1,0,0,0,0,0,0,-,-,NA,NA,ORANGE,SAN JUAN CAPISTRANO,NA,NA
8355305,2017,2017-05-10,3013,2017-04-24,0519,190,NA,1,5,3,3013,0,0,0,NA,0,NA,KATELLA AV,LEXINGTON DR,0,NA,Y,A,-,N,NA,NA,NA,NA,NA,NA,NA,NA,NA,N,4,0,1,2,A,-,09,21453,C,N,-,C,A,A,H,-,B,A,0,NA,NA,NA,NA,Y,NA,A,07,0,0,1,0,0,0,0,0,0,-,-,NA,NA,ORANGE,LOS ALAMITOS,-118.05442003,33.80315006
8355871,2017,2017-06-26,3008,2017-01-05,0611,1284,Z3,4,5,6,3008,0,0,0,NA,0,NA,BASTANCHURY RD,DEREK DR,255,E,N,C,-,N,NA,NA,NA,NA,NA,NA,NA,NA,NA,Y,4,0,1,1,A,-,03,22350,NA,N,E,I,A,B,H,-,B,D,0,NA,NA,NA,NA,Y,NA,A,01,0,0,1,0,0,0,0,0,0,-,-,NA,NA,ORANGE,FULLERTON,-117.88218248,33.89610752
8356721,2017,2017-05-24,3008,2017-02-02,1802,1297,NA,4,5,6,3008,0,0,0,NA,0,NA,ORANGETHORPE AV N,GILBERT AV,695,E,N,A,-,N,NA,NA,NA,NA,NA,NA,NA,NA,NA,N,3,0,1,2,A,-,05,21650,1,N,A,G,A,-,H,-,D,D,0,NA,Y,NA,NA,Y,Y,L,04,0,1,0,0,0,0,1,0,0,-,-,NA,NA,ORANGE,FULLERTON,-117.96573609,33.85935232
8356747,2017,2017-05-30,3026,2017-05-08,0736,4779,P,1,5,6,3026,0,0,0,NA,0,00P,MONTELENA,RUBICON,8,E,N,A,-,N,NA,NA,NA,NA,NA,NA,NA,NA,NA,N,4,0,2,3,A,-,10,21950,A,N,G,B,B,A,H,-,A,D,0,Y,NA,NA,NA,Y,NA,A,07,0,0,2,0,2,0,0,0,0,-,-,NA,NA,ORANGE,IRVINE,-117.77835005,33.71965575
8356872,2017,2017-05-03,3009,2017-04-03,1322,3305,115,1,5,6,3009,0,0,0,NA,0,2 1,GARDEN GROVE BL,MAIN ST,10,W,N,A,-,N,NA,NA,NA,NA,NA,NA,NA,NA,NA,N,4,0,2,4,A,-,01,23152,A,N,C,C,A,A,H,-,A,A,0,NA,NA,NA,NA,Y,Y,A,08,0,0,2,0,0,0,0,0,0,-,-,NA,NA,ORANGE,GARDEN GROVE,-117.94102281,33.77418101
8358512,2017,2017-05-04,3001,2017-03-23,0723,A1065,NA,4,5,7,3001,0,0,0,NA,0,004,EAST LA PALMA AV,BRASHER ST,65,N,N,A,-,N,NA,NA,NA,NA,NA,NA,NA,NA,NA,N,4,0,1,2,D,-,00,NA,NA,N,C,C,A,A,H,-,A,D,0,NA,NA,NA,NA,Y,NA,-,-,0,0,1,0,0,0,0,0,0,-,-,NA,NA,ORANGE,ANAHEIM,-117.79907,33.85953
8358873,2017,2017-05-05,3008,2017-01-14,1252,1470,NA,6,5,6,3008,0,0,0,NA,0,0Z2,ORANGETHORPE AV,POMONA AV,0,NA,Y,A,-,N,NA,NA,NA,NA,NA,NA,NA,NA,NA,Y,3,0,2,2,A,-,12,21453,A,N,D,C,A,A,H,-,A,A,0,NA,NA,NA,NA,Y,NA,A,01,0,1,1,0,0,0,0,0,0,-,-,NA,NA,ORANGE,FULLERTON,-117.92203008,33.85955004
8359317,2017,2018-04-23,3002,2017-05-01,1709,1657,433X,1,5,4,3002,0,0,0,NA,0,012,CARBON CANYON RD,BREA HILLS AV,1114,E,N,A,-,Y,ORA,12,142,-,-,2.74,H,-,E,N,4,0,1,2,A,-,03,22350,NA,N,C,C,A,A,H,-,A,D,0,NA,NA,NA,NA,Y,NA,A,01,0,0,1,0,0,0,0,0,0,-,-,NA,NA,ORANGE,BREA,-117.83164539,33.92212946
8359903,2016,2017-05-10,3013,2016-05-20,0822,7779,00,5,5,3,3013,0,0,0,NA,0,NA,KATELLA AV,COTTONWOOD WY,20,W,N,A,-,N,NA,NA,NA,NA,NA,NA,NA,NA,NA,Y,3,0,1,2,A,-,09,21804,A,N,C,C,A,A,H,-,A,D,0,NA,NA,NA,NA,Y,NA,A,01,0,1,0,0,0,0,0,0,0,-,-,NA,NA,ORANGE,LOS ALAMITOS,-118.05194569,33.8031404