CASE_ID,ACCIDENT_YEAR,PROC_DATE,JURIS,COLLISION_DATE,COLLISION_TIME,OFFICER_ID,REPORTING_DISTRICT,DAY_OF_WEEK,CHP_SHIFT,POPULATION,CNTY_CITY_LOC,SPECIAL_COND,BEAT_TYPE,CHP_BEAT_TYPE,CITY_DIVISION_LAPD,CHP_BEAT_CLASS,BEAT_NUMBER,PRIMARY_RD,SECONDARY_RD,DISTANCE,DIRECTION,INTERSECTION,WEATHER_1,WEATHER_2,STATE_HWY_IND,CALTRANS_COUNTY,CALTRANS_DISTRICT,STATE_ROUTE,ROUTE_SUFFIX,POSTMILE_PREFIX,POSTMILE,LOCATION_TYPE,RAMP_INTERSECTION,SIDE_OF_HWY,TOW_AWAY,COLLISION_SEVERITY,NUMBER_KILLED,NUMBER_INJURED,PARTY_COUNT,PRIMARY_COLL_FACTOR,PCF_CODE_OF_VIOL,PCF_VIOL_CATEGORY,PCF_VIOLATION,PCF_VIOL_SUBSECTION,HIT_AND_RUN,TYPE_OF_COLLISION,MVIW,PED_ACTION,ROAD_SURFACE,ROAD_COND_1,ROAD_COND_2,LIGHTING,CONTROL_DEVICE,CHP_ROAD_TYPE,PEDESTRIAN_ACCIDENT,BICYCLE_ACCIDENT,MOTORCYCLE_ACCIDENT,TRUCK_ACCIDENT,NOT_PRIVATE_PROPERTY,ALCOHOL_INVOLVED,STWD_VEHTYPE_AT_FAULT,CHP_VEHTYPE_AT_FAULT,COUNT_SEVERE_INJ,COUNT_VISIBLE_INJ,COUNT_COMPLAINT_PAIN,COUNT_PED_KILLED,COUNT_PED_INJURED,COUNT_BICYCLIST_KILLED,COUNT_BICYCLIST_INJURED,COUNT_MC_KILLED,COUNT_MC_INJURED,PRIMARY_RAMP,SECONDARY_RAMP,LATITUDE,LONGITUDE,COUNTY,CITY,POINT_X,POINT_Y
8360033,2017,2017-05-11,3022,2017-04-13,0651,1154,SOUTH,4,5,5,3022,0,0,0,NA,0,NA,MC FADDEN AV,WILLIAMS ST,0,NA,Y,B,-,N,NA,NA,NA,NA,NA,NA,NA,NA,NA,Y,3,0,1,2,A,-,17,21451,A,N,D,C,A,A,H,-,A,A,0,NA,NA,NA,NA,Y,NA,D,22,0,1,0,0,0,0,0,0,0,-,-,33.73381,-117.83944,ORANGE,TUSTIN,-117.83946005,33.73378009
8360246,2017,2017-05-11,3007,2017-04-07,0810,289,34,5,5,5,3007,0,0,0,NA,0,001,BROOKHURST ST,MERCED RIVER AV,0,NA,Y,A,-,N,NA,NA,NA,NA,NA,NA,NA,NA,NA,N,4,0,2,2,A,-,09,21801,A,N,D,C,A,A,H,-,A,D,0,NA,NA,NA,NA,Y,NA,A,01,0,0,2,0,0,0,0,0,0,-,-,NA,NA,ORANGE,FOUNTAIN VALLEY,-117.95460009,33.71761005
8360266,2017,2017-06-27,3003,2017-04-30,0747,1005,NA,7,5,5,3003,0,0,0,NA,0,NA,ORANGETHORPE AV,STANTON AV,0,NA,Y,A,-,N,NA,NA,NA,NA,NA,NA,NA,NA,NA,Y,4,0,2,2,A,-,12,21453,A,N,D,C,A,A,H,-,A,A,0,NA,NA,NA,NA,Y,NA,A,01,0,0,2,0,0,0,0,0,0,-,-,33.8591,-117.994,ORANGE,BUENA PARK,-117.99375003,33.85903004
8361124,2017,2017-05-22,3001,2017-03-28,1928,1410,NA,2,5,7,3001,0,0,0,NA,0,0D1,CRESCENT AV,MAGNOLIA AV,680,W,N,A,-,N,NA,NA,NA,NA,NA,NA,NA,NA,NA,Y,3,0,1,2,A,-,08,22107,NA,N,C,E,A,A,H,-,C,D,0,NA,NA,NA,NA,Y,Y,D,22,0,1,0,0,0,0,0,0,0,-,-,NA,NA,ORANGE,ANAHEIM,-117.97830381,33.83952
8361249,2017,2017-05-16,3000,2017-03-29,2030,9158,971G1,3,5,5,3040,0,0,0,NA,0,440,NIGUEL RD,BEACON HILL WY,318,S,N,A,-,N,NA,NA,NA,NA,NA,NA,NA,NA,NA,Y,3,0,1,1,A,-,08,22107,NA,N,E,I,A,A,H,-,C,D,0,NA,NA,NA,NA,Y,NA,A,07,0,1,0,0,0,0,0,0,0,-,-,NA,NA,ORANGE,LAGUNA NIGUEL,-117.7090619,33.50324896
8362331,2017,2018-04-23,3019,2017-04-20,1038,3490,NE,4,5,7,3019,0,0,0,NA,0,002,MAIN ST,SANTA CLARA AV,0,NA,Y,A,-,Y,ORA,12,5,-,-,33.21,R,4,N,Y,3,0,2,2,A,-,12,21453,A,N,D,C,A,A,H,-,A,A,0,NA,NA,NA,NA,Y,NA,A,07,0,1,1,0,0,0,0,0,0,-,-,33.76663,-117.86743,ORANGE,SANTA ANA,-117.86815357,33.76937536
8362505,2017,2018-04-23,3010,2017-04-21,1610,1225,462,5,5,6,3010,0,0,0,NA,0,002,RT 1,HUNTINGTON,95,S,N,A,-,Y,ORA,12,1,-,-,24.25,H,-,S,Y,4,0,1,2,A,-,03,22350,NA,N,C,C,A,A,H,-,A,A,0,NA,NA,NA,NA,Y,NA,D,22,0,0,1,0,0,0,0,0,0,-,-,NA,NA,ORANGE,HUNTINGTON BEACH,-117.99539955,33.65297814
8363038,2017,2017-05-15,3026,2017-04-24,1542,518,NA,1,5,6,3026,0,0,0,NA,0,00U,RED HILL AV,DEERE AV,0,NA,Y,B,-,N,NA,NA,NA,NA,NA,NA,NA,NA,NA,N,4,0,1,2,A,-,08,22100,A,N,B,C,A,A,H,-,A,A,0,NA,NA,NA,NA,Y,NA,A,01,0,0,1,0,0,0,0,0,0,-,-,NA,NA,ORANGE,IRVINE,-117.84605012,33.70278003
8363199,2017,2017-05-22,3000,2017-02-10,1858,5163,921F6,5,5,5,3040,0,0,0,NA,0,743,ALICIA PKWY,MARKETPLACE DR N,222,N,N,C,-,N,NA,NA,NA,NA,NA,NA,NA,NA,NA,Y,4,0,1,5,A,-,07,21658,A,N,B,C,A,B,H,-,C,A,0,NA,NA,NA,NA,Y,NA,A,07,0,0,1,0,0,0,0,0,0,-,-,NA,NA,ORANGE,LAGUNA NIGUEL,-117.71511402,33.56754592
8365415,2017,2017-05-16,3003,2017-05-03,1538,1124,46,3,5,5,3003,0,0,0,NA,0,002,9TH ST,ROSTRATA AV,140,E,N,A,-,N,NA,NA,NA,NA,NA,NA,NA,NA,NA,N,3,0,1,2,A,-,11,21954,A,N,G,B,D,A,H,-,A,D,0,Y,NA,NA,NA,Y,NA,N,60,0,1,0,0,1,0,0,0,0,-,-,33.8653,-118.0041,ORANGE,BUENA PARK,-118.00428989,33.86527578
8367147,2017,2017-05-26,3002,2017-05-03,1505,1626,430W,3,5,4,3002,0,0,0,NA,0,012,LAMBERT RD,WANDERING LN,30,W,N,A,-,N,NA,NA,NA,NA,NA,NA,NA,NA,NA,Y,3,0,1,3,A,-,03,22350,NA,N,H,C,A,B,H,-,A,A,0,NA,NA,NA,NA,Y,NA,D,22,0,1,0,0,0,0,0,0,0,-,-,NA,NA,ORANGE,BREA,-117.87213767,33.92517159
8368121,2017,2017-05-18,3019,2017-04-15,2040,3448,SC,6,5,7,3019,0,0,0,NA,0,004,BRISTOL ST,BISHOP ST,0,NA,Y,A,-,N,NA,NA,NA,NA,NA,NA,NA,NA,NA,N,4,0,1,3,A,-,12,21453,A,N,D,C,A,A,H,-,C,A,0,NA,NA,NA,NA,Y,NA,A,01,0,0,1,0,0,0,0,0,0,-,-,33.74007,-117.88502,ORANGE,SANTA ANA,-117.8850801,33.73994004
8368125,2017,2017-05-18,3019,2017-04-11,1244,3487,SE,2,5,7,3019,0,0,0,NA,0,003,GRAND AV,CHESTNUT AV,0,NA,Y,A,-,N,NA,NA,NA,NA,NA,NA,NA,NA,NA,Y,4,0,1,3,A,-,12,21453,A,N,D,C,A,A,H,-,A,A,0,NA,NA,NA,NA,Y,NA,A,01,0,0,1,0,0,0,0,0,0,-,-,33.74257,-117.8506,ORANGE,SANTA ANA,-117.85028005,33.74256006
8368133,2017,2017-05-18,3019,2017-04-14,0659,2647,SC,5,5,7,3019,0,0,0,NA,0,004,MCFADDEN AV,MOHAWK DR,0,NA,Y,A,-,N,NA,NA,NA,NA,NA,NA,NA,NA,NA,Y,4,0,1,2,A,-,09,21800,D,N,D,C,A,A,H,-,A,B,0,NA,NA,NA,NA,Y,NA,A,01,0,0,1,0,0,0,0,0,0,-,-,33.73497,-117.9097,ORANGE,SANTA ANA,-117.91000012,33.73478001
8368364,2017,2017-05-19,3019,2017-04-14,2131,3397,NE,5,5,7,3019,0,0,0,NA,0,002,BUSH ST,15TH ST,20,S,N,A,-,N,NA,NA,NA,NA,NA,NA,NA,NA,NA,N,3,0,1,2,A,-,03,22350,NA,F,G,B,E,A,H,-,C,D,0,Y,NA,NA,NA,Y,Y,A,01,0,1,0,0,1,0,0,0,0,-,-,33.75803,-117.86643,ORANGE,SANTA ANA,-117.8663705,33.75776517
8368368,2017,2017-05-19,3019,2017-04-19,1242,3487,SC,3,5,7,3019,0,0,0,NA,0,004,FAIRVIEW ST,WILLITS ST,50,N,N,A,-,N,NA,NA,NA,NA,NA,NA,NA,NA,NA,Y,3,0,1,1,A,-,08,22107,NA,M,E,I,A,A,H,-,A,D,0,NA,NA,Y,NA,Y,NA,C,02,0,1,0,0,0,0,0,0,1,-,-,33.74022,-117.90679,ORANGE,SANTA ANA,-117.90679,33.74027708
83686260,2024,2024-08-06,3001,2024-07-21,1658,A2892,NA,7,5,7,3001,0,0,0,NA,0,D-1,BROOKHURST STREET,ALAMEDA AVENUE,0,NA,Y,A,-,N,NA,NA,NA,NA,NA,NA,NA,NA,NA,Y,4,0,1,2,A,-,09,21802,A,N,D,C,A,A,H,-,A,D,0,NA,NA,NA,NA,Y,NA,A,07,0,0,1,0,0,0,0,0,0,-,-,NA,NA,ORANGE,ANAHEIM,-117.9590301513672,33.837913513183594
8369344,2017,2017-05-30,3007,2017-05-20,1632,283,34,6,5,5,3007,0,0,0,NA,0,001,WARNER,BUSHARD,99,E,N,A,-,N,NA,NA,NA,NA,NA,NA,NA,NA,NA,N,3,0,3,3,A,-,03,22350,NA,N,C,C,A,A,H,-,A,A,0,NA,NA,NA,NA,Y,NA,A,01,0,1,2,0,0,0,0,0,0,-,-,NA,NA,ORANGE,FOUNTAIN VALLEY,-117.96285546,33.716111
8369619,2017,2018-04-02,3014,2017-05-21,0554,1179,RD17,7,5,5,3014,0,0,0,NA,0,0A1,RT 1,61ST ST,0,NA,Y,E,-,Y,ORA,12,1,-,-,20.981,I,5,N,Y,3,0,1,2,A,-,08,22100,NA,N,D,C,A,A,H,-,A,A,0,NA,NA,NA,NA,Y,NA,D,22,0,1,0,0,0,0,0,0,0,-,-,33.62598,-117.9484,ORANGE,NEWPORT BEACH,-117.94845233,33.62603084
8369871,2017,2017-06-15,3012,2017-04-19,0247,288,27,3,5,5,3012,0,0,0,NA,0,0NE,HARBOR BL,FRANCIS AV,0,N,N,B,-,N,NA,NA,NA,NA,NA,NA,NA,NA,NA,Y,2,0,1,2,A,-,01,23152,A,N,D,C,A,A,H,-,C,D,0,NA,NA,NA,Y,Y,NA,A,01,1,0,0,0,0,0,0,0,0,-,-,NA,NA,ORANGE,LA HABRA,-117.93307003,33.93591007
8369981,2017,2017-06-01,3012,2017-05-05,1449,604,45,5,5,5,3012,0,0,0,NA,0,004,EUCLID ST,GRACE AV,0,NA,Y,B,-,N,NA,NA,NA,NA,NA,NA,NA,NA,NA,N,4,0,1,2,A,-,12,22450,A,N,H,G,A,A,H,-,A,A,0,NA,Y,NA,NA,Y,NA,A,01,0,0,1,0,0,0,1,0,0,-,-,NA,NA,ORANGE,LA HABRA,-117.94607008,33.92231002
8370579,2017,2017-05-22,3000,2017-02-11,1228,2947,797H2,6,5,4,3021,0,0,0,NA,0,021,KATELLA AV,WESTERN AV,149,W,N,B,-,N,NA,NA,NA,NA,NA,NA,NA,NA,NA,Y,4,0,1,2,A,-,03,22350,NA,N,D,C,A,A,H,-,A,A,0,NA,NA,NA,NA,Y,NA,A,01,0,0,1,0,0,0,0,0,0,-,-,NA,NA,ORANGE,STANTON,-118.00243932,33.8028745
8371056,2017,2017-10-12,3019,2017-07-22,1823,3425,WE,6,5,7,3019,0,0,0,NA,0,001,WARNER AV,RAITT ST,32,E,N,A,-,N,NA,NA,NA,NA,NA,NA,NA,NA,NA,Y,4,0,1,2,A,-,03,22350,NA,N,C,C,A,A,H,-,A,D,0,NA,NA,NA,NA,Y,NA,A,01,0,0,1,0,0,0,0,0,0,-,-,33.71535,-117.89631,ORANGE,SANTA ANA,-117.89599505,33.71557194
8371101,2017,2018-03-22,3010,2017-04-26,1806,3042,461,3,5,6,3010,0,0,0,NA,0,004,PACIFIC COAST HWY,6TH ST,0,NA,Y,A,-,Y,ORA,12,1,-,-,30.141,I,5,S,N,3,0,1,2,A,-,10,21950,A,N,-,B,B,A,H,-,A,A,0,Y,NA,NA,NA,Y,NA,A,07,0,1,0,0,1,0,0,0,0,-,-,NA,NA,ORANGE,HUNTINGTON BEACH,-118.06607413,33.71418795
8371274,2017,2018-05-04,3004,2017-05-17,1715,P459,88,3,5,6,3004,0,0,0,NA,0,002,NEWPORT BL,FAIR DR,569,N,N,A,-,N,NA,NA,NA,NA,NA,NA,NA,NA,NA,Y,4,0,1,2,A,-,01,23152,A,F,D,I,A,A,H,-,A,D,0,NA,NA,NA,NA,Y,Y,A,01,0,0,1,0,0,0,0,0,0,-,-,33.3953,-117.5348,ORANGE,COSTA MESA,-117.89681207,33.66473503
8373804,2017,2017-06-05,3009,2017-05-27,1611,1604,075,6,5,6,3009,0,0,0,NA,0,1-3,MAGNOLIA ST,BESTEL AV,0,NA,Y,A,-,N,NA,NA,NA,NA,NA,NA,NA,NA,NA,Y,4,0,3,2,A,-,09,21801,A,N,D,C,A,A,H,-,A,A,0,NA,NA,NA,NA,Y,NA,D,22,0,0,3,0,0,0,0,0,0,-,-,NA,NA,ORANGE,GARDEN GROVE,-117.97246003,33.7688201
8374500,2017,2017-06-02,3024,2017-04-13,0003,184,P40,4,5,5,3024,0,0,0,NA,0,EAST,MCFADDEN AV,BELGRADE ST,204,W,N,A,-,N,NA,NA,NA,NA,NA,NA,NA,NA,NA,Y,4,0,1,2,A,-,01,23152,A,N,C,E,A,A,H,-,C,A,0,NA,NA,NA,NA,Y,Y,A,01,0,0,1,0,0,0,0,0,0,-,-,NA,NA,ORANGE,WESTMINSTER,-117.95826945,33.73764991
8374555,2017,2017-06-02,3010,2017-05-03,1332,0147,252,3,5,6,3010,0,0,0,NA,0,007,EDINGER,FORTUNA,214,W,N,A,-,N,NA,NA,NA,NA,NA,NA,NA,NA,NA,Y,3,0,1,2,A,-,09,21804,A,N,B,C,A,A,H,-,A,D,0,NA,NA,Y,NA,Y,NA,A,01,0,1,0,0,0,0,0,0,1,-,-,NA,NA,ORANGE,HUNTINGTON BEACH,-117.997726,33.73007
8374628,2017,2017-06-02,3009,2017-05-23,1530,3397,102,2,5,6,3009,0,0,0,NA,0,012,ORANGEWOOD AV,BROOKHURST ST,34,E,N,A,-,N,NA,NA,NA,NA,NA,NA,NA,NA,NA,N,4,0,1,2,A,-,03,22350,NA,N,C,C,A,A,H,-,A,A,0,NA,NA,NA,NA,Y,NA,-,99,0,0,1,0,0,0,0,0,0,-,-,NA,NA,ORANGE,GARDEN GROVE,-117.95869907,33.79583057
8374869,2017,2017-06-15,3009,2017-05-17,2120,4432,153,3,5,6,3009,0,0,0,NA,0,022,HASTER ST,LAMPSON AV,0,NA,Y,A,-,N,NA,NA,NA,NA,NA,NA,NA,NA,NA,N,3,0,1,2,A,-,08,22107,NA,N,D,C,A,A,H,-,C,A,0,NA,NA,NA,NA,Y,NA,A,01,0,1,0,0,0,0,0,0,0,-,-,NA,NA,ORANGE,GARDEN GROVE,-117.90619011,33.78168004
8375045,2017,2017-06-07,3009,2017-05-15,2156,4330,13,1,5,6,3009,0,0,0,NA,0,011,LAMPSON AV,VALLEY VIEW ST,0,NA,Y,A,-,N,NA,NA,NA,NA,NA,NA,NA,NA,NA,Y,4,0,2,2,A,-,09,21801,A,N,A,C,A,A,H,-,C,A,0,NA,NA,NA,NA,Y,Y,A,01,0,0,2,0,0,0,0,0,0,-,-,NA,NA,ORANGE,GARDEN GROVE,-118.02958,33.7819301
8375061,2017,2017-06-02,3009,2017-05-20,1430,1604,125,6,5,6,3009,0,0,0,NA,0,021,EUCLID ST,TRASK AV,61,N,N,A,-,N,NA,NA,NA,NA,NA,NA,NA,NA,NA,N,4,0,1,2,A,-,03,22350,NA,M,C,C,A,A,H,-,A,A,0,NA,NA,NA,NA,Y,NA,A,07,0,0,1,0,0,0,0,0,0,-,-,NA,NA,ORANGE,GARDEN GROVE,-117.93787172,33.76710723
8375558,2017,2017-06-09,3024,2017-04-15,1843,433,NA,6,5,5,3024,0,0,0,NA,0,EAST,BOLSA AV,HOPE ST,427,W,N,A,-,N,NA,NA,NA,NA,NA,NA,NA,NA,NA,N,3,0,1,2,A,-,05,21202,A,N,H,G,A,A,H,-,A,D,0,NA,Y,NA,NA,Y,NA,L,04,0,1,0,0,0,0,1,0,0,-,-,NA,NA,ORANGE,WESTMINSTER,-117.95260121,33.74504
8376029,2017,2017-06-19,3004,2017-03-30,1113,P542,31,4,5,6,3004,0,0,0,NA,0,015,BRISTOL ST,SANTA ANA AV,1024,E,N,A,-,N,NA,NA,NA,NA,NA,NA,NA,NA,NA,Y,4,0,1,1,A,-,08,22107,NA,N,E,I,A,A,H,-,A,D,0,NA,NA,NA,NA,Y,NA,A,01,0,0,1,0,0,0,0,0,0,-,-,33.6645,-117.8792,ORANGE,COSTA MESA,-117.879535,33.66478748
8376156,2017,2017-05-31,3001,2017-03-31,0839,2145,99,5,5,7,3001,0,0,0,NA,0,002,ORANGETHORPE AV,KRAEMER BL,104,W,N,A,-,N,NA,NA,NA,NA,NA,NA,NA,NA,NA,Y,3,0,2,2,C,-,18,NA,NA,N,B,C,A,A,H,-,A,A,0,NA,NA,NA,NA,Y,NA,-,-,0,1,1,0,0,0,0,0,0,-,-,33.86498,-117.86241,ORANGE,ANAHEIM,-117.86278682,33.86492663
83767495,2024,2024-08-07,3015,2024-08-04,1148,1495,NA,7,5,6,3015,0,0,0,NA,0,712M,TUSTIN ST,MEATS AVE,0,NA,Y,A,-,N,NA,NA,NA,NA,NA,NA,NA,NA,NA,Y,3,0,2,2,A,-,01,23152,A,N,D,C,A,A,H,-,A,A,0,NA,NA,NA,NA,Y,Y,A,01,0,1,1,0,0,0,0,0,0,-,-,33.82305145263672,-117.83599090576172,ORANGE,ORANGE,-117.83602905273438,33.82291030883789
83767546,2024,2024-08-07,3010,2024-07-30,310,2126,NA,2,5,6,3010,0,0,0,NA,0,005,BEACH BL - SR39,ELLIS AVE,0,NA,Y,A,-,Y,NA,NA,NA,NA,NA,NA,NA,NA,NA,Y,3,0,4,2,A,-,12,21453,A,N,D,C,A,A,H,-,C,A,0,NA,NA,NA,NA,Y,NA,A,01,0,1,3,0,0,0,0,0,0,-,-,NA,NA,ORANGE,HUNTINGTON BEACH,-117.98875427246094,33.6939582824707
8376848,2017,2017-06-01,3004,2017-04-05,1437,P640,31,3,5,6,3004,0,0,0,NA,0,014,RED HILL AV,CLINTON ST,0,NA,Y,A,-,N,NA,NA,NA,NA,NA,NA,NA,NA,NA,Y,4,0,2,2,A,-,09,21802,A,N,D,C,A,A,H,-,A,A,0,NA,NA,NA,NA,Y,NA,A,01,0,0,2,0,0,0,0,0,0,-,-,33.6686,-117.88,ORANGE,COSTA MESA,-117.88023002,33.66847002
8378146,2017,2017-06-14,3024,2017-05-22,0838,155,P20,1,5,5,3024,0,0,0,NA,0,EAST,NEWLAND ST,15TH ST,165,S,N,A,-,N,NA,NA,NA,NA,NA,NA,NA,NA,NA,N,4,0,1,2,A,-,07,21658,A,N,B,C,A,A,H,-,A,A,0,NA,NA,NA,NA,Y,NA,A,01,0,0,1,0,0,0,0,0,0,-,-,33.7579,-117.98076,ORANGE,WESTMINSTER,-117.98101845,33.75734761
8379292,2017,2017-07-07,3019,2017-05-16,0827,3316,WE,2,5,7,3019,0,0,0,NA,0,001,EUCLID ST,1ST ST,12,S,N,A,-,N,NA,NA,NA,NA,NA,NA,NA,NA,NA,N,4,0,1,2,A,-,03,22350,NA,N,C,C,A,A,H,-,A,A,0,NA,NA,NA,NA,Y,NA,A,07,0,0,1,0,0,0,0,0,0,-,-,33.74516,-117.93761,ORANGE,SANTA ANA,-117.93748,33.74505
8380110,2017,2017-06-01,3000,2017-05-15,1915,5207,891C7,1,5,3,3051,0,0,0,NA,0,480,VIA VISITA,ALTA VISTA,103,S,N,A,-,N,NA,NA,NA,NA,NA,NA,NA,NA,NA,N,2,0,1,1,A,-,08,22107,NA,N,E,I,A,A,H,-,A,D,0,NA,NA,NA,NA,Y,NA,M,96,1,0,0,0,0,0,0,0,0,-,-,NA,NA,ORANGE,LAGUNA WOODS,-117.735796,33.611355
8380527,2017,2017-06-08,3015,2017-04-15,2007,1485,23E,6,5,6,3015,0,0,0,NA,0,332,NORTH LINCOLN ST,EAST SYCAMORE AV,80,S,N,A,-,N,NA,NA,NA,NA,NA,NA,NA,NA,NA,N,4,0,1,2,A,-,03,22350,NA,N,B,E,A,A,H,-,C,D,0,NA,NA,Y,NA,Y,NA,C,02,0,0,1,0,0,0,0,0,1,-,-,NA,NA,ORANGE,ORANGE,-117.837892,33.7934107
8381723,2017,2017-06-12,3007,2017-05-21,1755,284,48,7,5,5,3007,0,0,0,NA,0,002,SLATER,NEWHOPE,0,NA,Y,A,-,N,NA,NA,NA,NA,NA,NA,NA,NA,NA,N,4,0,1,2,A,-,03,22350,NA,N,A,I,A,A,H,-,A,A,0,NA,NA,NA,NA,Y,NA,A,01,0,0,1,0,0,0,0,0,0,-,-,NA,NA,ORANGE,FOUNTAIN VALLEY,-117.92835006,33.70918007
8382148,2017,2017-06-15,3000,2017-05-24,1815,2849,891F4,3,5,5,3050,0,0,0,NA,0,762,LAKE FOREST DR,LAKE FOREST TOWN CENTER,9,W,N,A,-,N,NA,NA,NA,NA,NA,NA,NA,NA,NA,N,3,0,1,2,A,-,10,21950,A,N,G,B,B,A,H,-,B,A,0,Y,NA,NA,NA,Y,NA,A,01,0,1,0,0,1,0,0,0,0,-,-,NA,NA,ORANGE,LAKE FOREST,-117.711441,33.632878
8382326,2017,2017-06-14,3014,2017-04-26,1300,1418,RD34,3,5,5,3014,0,0,0,NA,0,0A2,BRISTOL ST,DOVE ST,0,NA,Y,A,-,N,NA,NA,NA,NA,NA,NA,NA,NA,NA,N,4,0,1,2,A,-,12,21453,A,N,D,C,A,A,H,-,A,A,0,NA,NA,NA,NA,Y,NA,A,07,0,0,1,0,0,0,0,0,0,-,-,33.6663,-117.8681,ORANGE,NEWPORT BEACH,-117.86591007,33.65680003
8382661,2017,2017-06-06,3000,2017-05-06,1855,8872,952C7,6,5,4,3018,0,0,0,NA,0,8A30,LA ZANJA ST,AVENIDA DE LA VISTA,242,E,N,B,-,N,NA,NA,NA,NA,NA,NA,NA,NA,NA,Y,4,0,1,2,A,-,11,21954,A,N,G,B,D,A,H,-,A,D,0,Y,NA,NA,NA,Y,NA,N,60,0,0,1,0,1,0,0,0,0,-,-,NA,NA,ORANGE,SAN JUAN CAPISTRANO,-117.66772351,33.50752352
8384736,2017,2017-06-30,3001,2017-05-12,1529,1894,D1,5,5,7,3001,0,0,0,NA,0,013,WEST BROADWAY,S KENMORE ST,90,W,N,A,-,N,NA,NA,NA,NA,NA,NA,NA,NA,NA,Y,3,0,3,2,A,-,09,21804,A,N,A,C,A,A,H,-,A,D,0,NA,NA,NA,NA,Y,NA,A,01,0,2,1,0,0,0,0,0,0,-,-,NA,NA,ORANGE,ANAHEIM,-117.97803567,33.82855
8384770,2017,2017-06-29,3007,2017-06-14,1424,213,24,3,5,5,3007,0,0,0,NA,0,001,BUSHARD,SHAMROCK,600,S,N,A,-,N,NA,NA,NA,NA,NA,NA,NA,NA,NA,N,4,0,1,2,A,-,03,22350,NA,N,C,C,A,A,H,-,A,A,0,NA,NA,NA,NA,Y,NA,A,01,0,0,1,0,0,0,0,0,0,-,-,NA,NA,ORANGE,FOUNTAIN VALLEY,-117.96330086,33.72741499
8384821,2017,2017-06-29,3015,2017-05-20,0438,1545,57S,6,5,6,3015,0,0,0,NA,0,113,N ORANGE OLIVE RD,BUENA VISTA,25,N,N,A,-,N,NA,NA,NA,NA,NA,NA,NA,NA,NA,Y,4,0,1,1,A,-,03,22350,NA,N,E,I,A,A,H,-,C,D,0,NA,NA,NA,NA,Y,NA,A,01,0,0,1,0,0,0,0,0,0,-,-,NA,NA,ORANGE,ORANGE,-117.84565758,33.83796593
8384987,2017,2017-07-11,3000,2017-06-01,1425,1056,892A5,4,5,5,3028,0,0,0,NA,0,051,LOS ALISOS BL,MADERO,0,NA,Y,A,-,N,NA,NA,NA,NA,NA,NA,NA,NA,NA,Y,3,0,1,2,A,-,12,21453,A,N,D,C,A,A,H,-,A,A,0,NA,NA,NA,NA,Y,NA,A,07,0,1,0,0,0,0,0,0,0,-,-,33.62778,-117.68181,ORANGE,MISSION VIEJO,-117.68113006,33.62641006
8385473,2017,2017-07-07,3026,2017-06-03,1416,275,PORTO,6,5,6,3026,0,0,0,NA,0,009,AUTO CENTER DR,OLDFIELD,0,NA,Y,A,-,N,NA,NA,NA,NA,NA,NA,NA,NA,NA,Y,3,0,2,2,A,-,09,21801,A,N,A,C,A,A,H,-,A,D,0,NA,NA,Y,NA,Y,NA,A,01,0,1,1,0,0,0,0,0,2,-,-,33.63462,-117.72237,ORANGE,IRVINE,-117.72212011,33.6346201
8385930,2017,2017-07-10,3007,2017-06-20,1443,246,48,2,5,5,3007,0,0,0,NA,0,002,WARNER,WINTERSBURG,19,W,N,A,-,N,NA,NA,NA,NA,NA,NA,NA,NA,NA,Y,4,0,2,2,A,-,09,21801,B,N,D,C,A,A,H,-,A,A,0,NA,NA,NA,NA,Y,NA,A,01,0,0,2,0,0,0,0,0,0,-,-,NA,NA,ORANGE,FOUNTAIN VALLEY,-117.92469898,33.71612685
8386061,2017,2017-07-10,3022,2017-06-14,1504,1193,NORTH,3,5,5,3022,0,0,0,NA,0,NA,1ST ST,NEWPORT AV,141,W,N,A,-,N,NA,NA,NA,NA,NA,NA,NA,NA,NA,Y,4,0,1,6,B,-,22,NA,NA,N,C,C,A,A,H,-,A,A,0,NA,NA,NA,NA,Y,NA,-,-,0,0,1,0,0,0,0,0,0,-,-,NA,NA,ORANGE,TUSTIN,-117.8151747,33.74565725
8386203,2017,2017-07-11,3019,2017-05-26,1345,059,SC,5,5,7,3019,0,0,0,NA,0,167,N SYCAMORE,10TH ST,200,S,N,A,-,N,NA,NA,NA,NA,NA,NA,NA,NA,NA,N,3,0,1,2,A,-,11,21954,A,N,G,B,D,A,H,-,A,D,0,Y,NA,NA,NA,Y,NA,N,60,0,1,0,0,1,0,0,0,0,-,-,NA,NA,ORANGE,SANTA ANA,-117.868638,33.75284175
8387342,2017,2018-04-23,3010,2017-06-16,1816,1261,423,5,5,6,3010,0,0,0,NA,0,003,RT 39,CLAY,0,NA,Y,A,-,Y,ORA,12,39,-,-,2.391,I,5,S,Y,4,0,1,3,A,-,09,21801,A,N,D,C,A,A,H,-,A,A,0,NA,NA,NA,NA,Y,NA,A,01,0,0,1,0,0,0,0,0,0,-,-,NA,NA,ORANGE,HUNTINGTON BEACH,-117.98883884,33.68308726
8387440,2017,2018-03-23,3019,2017-06-08,1329,2875,NE,4,5,7,3019,0,0,0,NA,0,002,1ST ST,RT 5,0,NA,Y,A,-,Y,ORA,12,5,-,-,30.828,R,4,S,N,4,0,3,2,A,-,12,21453,A,N,D,C,A,A,H,-,A,A,0,NA,NA,NA,NA,Y,NA,A,01,0,0,3,0,0,0,0,0,0,-,-,33.74547,-117.84316,ORANGE,SANTA ANA,-117.84194442,33.74459196
8387968,2017,2017-06-22,3001,2017-04-12,1645,A1252,NA,3,5,7,3001,0,0,0,NA,0,0D1,WEST LA PALMA AV,FAIRVIEW ST,528,E,N,A,-,N,NA,NA,NA,NA,NA,NA,NA,NA,NA,Y,4,0,1,2,A,-,03,22350,NA,N,C,C,A,A,H,-,A,D,0,NA,NA,NA,NA,Y,NA,B,07,0,0,1,0,0,0,0,0,0,-,-,NA,NA,ORANGE,ANAHEIM,-117.9500652,33.84704194