CASE_ID,ACCIDENT_YEAR,PROC_DATE,JURIS,COLLISION_DATE,COLLISION_TIME,OFFICER_ID,REPORTING_DISTRICT,DAY_OF_WEEK,CHP_SHIFT,POPULATION,CNTY_CITY_LOC,SPECIAL_COND,BEAT_TYPE,CHP_BEAT_TYPE,CITY_DIVISION_LAPD,CHP_BEAT_CLASS,BEAT_NUMBER,PRIMARY_RD,SECONDARY_RD,DISTANCE,DIRECTION,INTERSECTION,WEATHER_1,WEATHER_2,STATE_HWY_IND,CALTRANS_COUNTY,CALTRANS_DISTRICT,STATE_ROUTE,ROUTE_SUFFIX,POSTMILE_PREFIX,POSTMILE,LOCATION_TYPE,RAMP_INTERSECTION,SIDE_OF_HWY,TOW_AWAY,COLLISION_SEVERITY,NUMBER_KILLED,NUMBER_INJURED,PARTY_COUNT,PRIMARY_COLL_FACTOR,PCF_CODE_OF_VIOL,PCF_VIOL_CATEGORY,PCF_VIOLATION,PCF_VIOL_SUBSECTION,HIT_AND_RUN,TYPE_OF_COLLISION,MVIW,PED_ACTION,ROAD_SURFACE,ROAD_COND_1,ROAD_COND_2,LIGHTING,CONTROL_DEVICE,CHP_ROAD_TYPE,PEDESTRIAN_ACCIDENT,BICYCLE_ACCIDENT,MOTORCYCLE_ACCIDENT,TRUCK_ACCIDENT,NOT_PRIVATE_PROPERTY,ALCOHOL_INVOLVED,STWD_VEHTYPE_AT_FAULT,CHP_VEHTYPE_AT_FAULT,COUNT_SEVERE_INJ,COUNT_VISIBLE_INJ,COUNT_COMPLAINT_PAIN,COUNT_PED_KILLED,COUNT_PED_INJURED,COUNT_BICYCLIST_KILLED,COUNT_BICYCLIST_INJURED,COUNT_MC_KILLED,COUNT_MC_INJURED,PRIMARY_RAMP,SECONDARY_RAMP,LATITUDE,LONGITUDE,COUNTY,CITY,POINT_X,POINT_Y
84536405,2024,2025-01-14,3019,2024-12-11,626,3737,NA,3,5,7,3019,0,0,0,NA,0,002,4TH STREET,ZOO LANE,50,W,N,A,-,N,NA,NA,NA,NA,NA,NA,NA,NA,NA,Y,4,0,1,1,A,-,08,22107,NA,N,E,I,A,A,H,-,B,D,0,NA,NA,NA,NA,Y,NA,A,01,0,0,1,0,0,0,0,0,0,-,-,NA,NA,ORANGE,SANTA ANA,NA,NA
84536408,2024,2025-01-14,3019,2024-12-18,1521,3756,NA,3,5,7,3019,0,0,0,NA,0,004,SAINT ANNE PLACE,RAITT STREET,5,W,N,A,-,N,NA,NA,NA,NA,NA,NA,NA,NA,NA,N,4,0,1,2,A,-,12,22450,A,N,D,G,A,A,H,-,A,D,0,NA,Y,NA,NA,Y,NA,A,01,0,0,1,0,0,0,1,0,0,-,-,33.7193717956543,-117.89608001708984,ORANGE,SANTA ANA,-117.89598846435548,33.71950149536133
8454523,2017,2017-10-09,3007,2017-08-29,1711,244,65,2,5,5,3007,0,0,0,NA,0,003,BROOKHURST,ELLIS,367,N,N,A,-,N,NA,NA,NA,NA,NA,NA,NA,NA,NA,Y,3,0,1,2,A,-,07,21658,A,N,B,C,A,A,H,-,B,D,0,NA,NA,Y,NA,Y,NA,A,01,0,1,0,0,0,0,0,0,1,-,-,NA,NA,ORANGE,FOUNTAIN VALLEY,-117.95428332,33.69514611
8454595,2017,2017-10-05,3009,2017-09-11,2143,1796,84,1,5,6,3009,0,0,0,NA,0,013,GARDEN GROVE BL,CASA LINDA LN,177,W,N,A,-,N,NA,NA,NA,NA,NA,NA,NA,NA,NA,N,3,0,1,2,A,-,08,22107,NA,N,C,G,A,A,H,-,C,D,0,NA,Y,NA,NA,Y,NA,L,04,0,1,0,0,0,0,1,0,0,-,-,NA,NA,ORANGE,GARDEN GROVE,-117.97021103,33.77401236
8454635,2017,2017-10-05,3009,2017-09-20,2045,9207,93,3,5,6,3009,0,0,0,NA,0,012,CHAPMAN AV,COVEY WY,0,NA,Y,A,-,N,NA,NA,NA,NA,NA,NA,NA,NA,NA,N,4,0,1,2,A,-,10,21950,A,M,G,B,B,A,H,-,C,A,0,Y,NA,NA,NA,Y,NA,A,01,0,0,1,0,1,0,0,0,0,-,-,NA,NA,ORANGE,GARDEN GROVE,-117.96094001,33.78865007
8454638,2017,2017-10-05,3014,2017-09-13,1753,1146,RD28,3,5,5,3014,0,0,0,NA,0,0A2,IRVINE AV,SHERINGTON PL,1,N,N,A,-,N,NA,NA,NA,NA,NA,NA,NA,NA,NA,N,3,0,1,2,A,-,21,22106,NA,N,H,G,A,A,H,-,A,A,0,NA,Y,NA,NA,Y,NA,A,01,0,1,0,0,0,0,1,0,0,-,-,33.6276,-117.9092,ORANGE,NEWPORT BEACH,-117.9093879,33.6276421
84546672,2024,2025-01-23,3001,2024-12-24,1912,A2973,NA,2,5,7,3001,0,0,0,NA,0,D-1,CRESCENT AVENUE,VALLEY STREET (E),31,E,N,A,-,N,NA,NA,NA,NA,NA,NA,NA,NA,NA,N,4,0,2,2,A,-,09,21802,A,N,A,D,A,B,H,-,D,A,0,NA,NA,NA,NA,Y,NA,A,01,0,0,2,0,0,0,0,0,0,-,-,33.83951187133789,-117.95642852783205,ORANGE,ANAHEIM,-117.95775604248048,33.83977127075195
84549778,2025,2025-01-27,3022,2025-01-10,821,1453,NA,5,5,5,3022,0,0,0,NA,0,NA,EL CAMINO REAL,RED HILL AV,270,W,N,A,-,N,NA,NA,NA,NA,NA,NA,NA,NA,NA,Y,4,0,1,2,A,-,09,21804,A,N,D,C,A,A,H,-,A,A,0,NA,NA,NA,NA,Y,NA,A,01,0,0,1,0,0,0,0,0,0,-,-,33.73400115966797,-117.8146514892578,ORANGE,TUSTIN,-117.81544494628906,33.73462677001953
84549784,2024,2025-01-27,3001,2024-12-28,1523,A2576,NA,6,5,7,3001,0,0,0,NA,0,034,KATELLA AVENUE,DOUGLASS ROAD,597,W,N,A,-,N,NA,NA,NA,NA,NA,NA,NA,NA,NA,Y,4,0,1,2,A,-,03,22350,NA,N,C,C,A,A,H,-,A,D,0,NA,NA,NA,NA,Y,NA,A,01,0,0,1,0,0,0,0,0,0,-,-,33.805931091308594,-117.87767791748048,ORANGE,ANAHEIM,-117.87954711914063,33.806087493896484
84553464,2025,2025-01-29,3001,2025-01-04,1203,A2657,NA,6,5,7,3001,0,0,0,NA,0,024,E CENTER ST (N. ALLEY),PHILADELPHIA ST,63,W,N,A,-,N,NA,NA,NA,NA,NA,NA,NA,NA,NA,N,4,0,1,2,A,-,08,22107,NA,N,D,C,A,A,H,-,A,D,0,NA,NA,NA,NA,Y,NA,A,01,0,0,1,0,0,0,0,0,0,-,-,NA,NA,ORANGE,ANAHEIM,-117.91106414794922,33.83605194091797
84558315,2025,2025-02-03,3010,2025-01-23,1400,1015,NA,4,5,6,3010,0,0,0,NA,0,005,BEACH BL - SR39 BLVD,CONSTANTINE DR,0,NA,Y,A,-,Y,ORA,NA,39,NA,NA,2.841,H,NA,L,N,3,0,1,2,A,-,09,21801,A,N,D,C,A,A,H,-,A,D,0,NA,NA,NA,NA,Y,NA,A,01,0,1,0,0,0,0,0,0,0,-,-,33.689430236816406,-117.98918914794922,ORANGE,HUNTINGTON BEACH,-117.98891448974608,33.68943405151367
84558317,2025,2025-02-03,3019,2025-01-31,1631,3550,NA,5,5,7,3019,0,0,0,NA,0,003,GRAND AVENUE,CHESTNUT AVENUE,460,S,N,B,-,N,NA,NA,NA,NA,NA,NA,NA,NA,NA,Y,4,0,2,2,A,-,09,21801,A,N,D,C,A,A,H,-,A,D,0,NA,NA,NA,NA,Y,NA,A,01,0,0,2,0,0,0,0,0,0,-,-,33.74155044555664,-117.85047912597656,ORANGE,SANTA ANA,-117.85025787353516,33.74129867553711
84558338,2024,2025-02-04,3008,2024-12-09,1918,1714,NA,1,5,6,3008,0,0,0,NA,0,NA,GILBERT ST,HUGHES DR,0,NA,Y,A,-,N,NA,NA,NA,NA,NA,NA,NA,NA,NA,Y,4,0,2,2,A,-,09,21801,A,N,A,C,A,A,H,-,C,A,0,NA,NA,NA,NA,Y,NA,A,08,0,0,2,0,0,0,0,0,0,-,-,NA,NA,ORANGE,FULLERTON,-117.96588134765624,33.882991790771484
84563172,2025,2025-02-04,3001,2025-01-22,1813,A2339,NA,3,5,7,3001,0,0,0,NA,0,D-2,EAST STREET,CHESTNUT STREET,22,N,N,A,-,N,NA,NA,NA,NA,NA,NA,NA,NA,NA,Y,4,0,1,2,A,-,01,23152,A,N,C,C,A,A,H,-,C,A,0,NA,NA,NA,NA,Y,Y,A,01,0,0,1,0,0,0,0,0,0,-,-,NA,NA,ORANGE,ANAHEIM,-117.90213012695313,33.8364372253418
84564159,2024,2025-02-05,3008,2024-12-15,154,1676,NA,7,5,6,3008,0,0,0,NA,0,NA,COMMONWEALTH AVE,EUCLID ST,100,E,N,A,-,N,NA,NA,NA,NA,NA,NA,NA,NA,NA,N,3,0,1,2,A,-,05,21650,NA,F,B,C,A,A,H,-,C,A,0,NA,NA,NA,NA,Y,NA,-,99,0,1,0,0,0,0,0,0,0,-,-,33.870208740234375,-117.94174194335938,ORANGE,FULLERTON,-117.94163513183594,33.8702278137207
8456539,2017,2017-10-19,3019,2017-08-18,1840,3390,SC,5,5,7,3019,0,0,0,NA,0,001,PLAZA DR,SUNFLOWER AV,600,N,N,A,-,N,NA,NA,NA,NA,NA,NA,NA,NA,NA,N,3,0,2,2,A,-,09,21804,A,N,D,C,A,A,H,-,A,D,0,NA,NA,NA,NA,Y,NA,A,01,0,1,1,0,0,0,0,0,0,-,-,33.69426,-117.8899,ORANGE,SANTA ANA,-117.88936946,33.69582054
8456550,2017,2017-10-13,3002,2017-09-11,1139,1657,526Y,1,5,4,3002,0,0,0,NA,0,014,BREA BL,ELM ST,0,NA,Y,A,-,N,NA,NA,NA,NA,NA,NA,NA,NA,NA,Y,4,0,2,2,A,-,09,21801,A,N,D,C,A,A,H,-,A,A,0,NA,NA,NA,NA,Y,NA,A,01,0,0,2,0,0,0,0,0,0,-,-,NA,NA,ORANGE,BREA,-117.90219012,33.91313006
84565601,2025,2025-02-05,3002,2025-01-05,1304,1748,NA,7,5,4,3002,0,0,0,NA,0,014,IMPERIAL HY,PUENTE ST,0,NA,Y,A,-,Y,ORA,NA,90,NA,NA,3.499,H,NA,L,Y,4,0,2,2,A,-,09,21801,A,N,D,C,A,A,H,-,A,A,0,NA,NA,NA,NA,Y,NA,A,07,0,0,2,0,0,0,0,0,0,-,-,33.917388916015625,-117.9156494140625,ORANGE,BREA,-117.9156494140625,33.91742706298828
84565737,2024,2025-02-17,3008,2024-12-13,1645,1470,NA,5,5,6,3008,0,0,0,NA,0,0Z1,HOUSTON AVE,ORANGE AVE,180,E,N,A,-,N,NA,NA,NA,NA,NA,NA,NA,NA,NA,N,4,0,1,2,A,-,11,21950,B,N,G,B,D,A,H,-,A,D,0,Y,NA,NA,NA,Y,NA,N,60,0,0,1,0,1,0,0,0,0,-,-,33.855228424072266,-117.94329833984376,ORANGE,FULLERTON,-117.9426498413086,33.855323791503906
84566760,2025,2025-02-06,3026,2025-02-03,1912,11846,NA,1,5,6,3026,0,0,0,NA,0,005,BARRANCA PKWY,LASER WAY,0,NA,Y,A,-,N,NA,NA,NA,NA,NA,NA,NA,NA,NA,N,4,0,1,2,A,-,00,4,NA,N,D,G,A,A,H,-,C,A,0,NA,Y,NA,NA,Y,NA,L,04,0,0,1,0,0,0,1,0,0,-,-,33.672271728515625,-117.78270721435548,ORANGE,IRVINE,NA,NA
84566834,2025,2025-02-06,3001,2025-02-03,1,A1047,NA,1,5,7,3001,0,0,0,NA,0,D-3,HARBOR BOULEVARD,KATELLA AVENUE,140,N,N,B,E,N,NA,NA,NA,NA,NA,NA,NA,NA,NA,N,4,0,1,2,A,-,21,22106,NA,N,C,C,A,A,H,-,C,A,0,NA,NA,NA,NA,Y,NA,A,01,0,0,1,0,0,0,0,0,0,-,-,NA,NA,ORANGE,ANAHEIM,-117.91541290283205,33.80363464355469
8456898,2017,2017-10-02,3010,2017-09-12,1610,1109,241,2,5,6,3010,0,0,0,NA,0,009,GOTHARD,CENTER AV,0,NA,Y,A,-,N,NA,NA,NA,NA,NA,NA,NA,NA,NA,Y,3,0,2,2,A,-,09,21801,A,N,D,C,A,A,H,-,A,A,0,NA,NA,NA,NA,Y,NA,A,01,0,1,1,0,0,0,0,0,0,-,-,NA,NA,ORANGE,HUNTINGTON BEACH,-118.00037003,33.73375007
8457015,2017,2018-05-18,3026,2017-09-11,1556,313,NA,1,5,6,3026,0,0,0,NA,0,NA,JEFFREY,RT 5,948,N,N,A,-,N,NA,NA,NA,NA,NA,NA,NA,NA,NA,N,4,0,1,4,A,-,03,22350,NA,F,C,C,A,A,H,-,A,D,0,NA,NA,NA,NA,Y,NA,-,99,0,0,1,0,0,0,0,0,0,-,NF,NA,NA,ORANGE,IRVINE,-117.76859,33.69057
84570531,2025,2025-02-10,3001,2025-02-06,1211,A2382,NA,4,5,7,3001,0,0,0,NA,0,D-2,OLIVE STREET,ALBERTA STREET,0,NA,Y,B,-,N,NA,NA,NA,NA,NA,NA,NA,NA,NA,Y,4,0,1,2,A,-,09,21802,A,N,A,C,A,B,H,-,A,A,0,NA,NA,NA,NA,Y,NA,A,01,0,0,1,0,0,0,0,0,0,-,-,NA,NA,ORANGE,ANAHEIM,-117.9118881225586,33.84162902832031
84570809,2025,2025-02-13,3001,2025-01-03,1654,A2576,NA,5,5,7,3001,0,0,0,NA,0,043,AVENIDA MARGARITA,SANTA ANA CANYON ROAD,355,S,N,A,B,N,NA,NA,NA,NA,NA,NA,NA,NA,NA,Y,3,0,1,1,A,-,03,22350,NA,N,F,A,A,A,H,-,B,D,0,NA,NA,Y,NA,Y,NA,C,02,0,1,0,0,0,0,0,0,1,-,-,33.85100173950195,-117.79338073730467,ORANGE,ANAHEIM,-117.79342651367188,33.85040283203125
84573011,2025,2025-02-11,3019,2025-02-02,2334,3776,NA,7,5,7,3019,0,0,0,NA,0,001,NEWHOPE STREET,HAZARD AVENUE,0,NA,Y,E,-,N,NA,NA,NA,NA,NA,NA,NA,NA,NA,Y,3,0,1,2,A,-,01,23152,A,N,D,C,A,A,H,-,C,A,0,NA,NA,NA,NA,Y,Y,A,07,0,1,0,0,0,0,0,0,0,-,-,33.75246047973633,-117.92887115478516,ORANGE,SANTA ANA,-117.9288330078125,33.75244903564453
84573094,2024,2025-02-11,3008,2024-12-18,1639,1706,NA,3,5,6,3008,0,0,0,NA,0,NA,HARBOR BLVD,HOUSTON AVE,0,NA,Y,A,-,N,NA,NA,NA,NA,NA,NA,NA,NA,NA,N,4,0,1,2,D,-,00,NA,NA,N,D,C,A,A,H,-,A,A,0,NA,NA,NA,NA,Y,NA,-,-,0,0,1,0,0,0,0,0,0,-,-,33.855430603027344,-117.92433166503906,ORANGE,FULLERTON,-117.92434692382813,33.85541534423828
84574735,2025,2025-02-12,3001,2025-01-21,1812,A2348,NA,2,5,7,3001,0,0,0,NA,0,D-1,DALE AVENUE,ORANGE AVENUE,335,N,N,A,-,N,NA,NA,NA,NA,NA,NA,NA,NA,NA,N,2,0,1,1,C,-,18,NA,NA,N,B,J,A,A,H,-,C,D,0,NA,NA,NA,NA,Y,NA,-,-,1,0,0,0,0,0,0,0,0,-,-,NA,NA,ORANGE,ANAHEIM,-117.98467254638672,33.825748443603516
84574838,2025,2025-02-12,3019,2025-01-23,1436,3927,NA,4,5,7,3019,0,0,0,NA,0,001,MCFADDEN AVENUE,FAIRVIEW STREET,77,E,N,A,-,N,NA,NA,NA,NA,NA,NA,NA,NA,NA,N,4,0,1,2,A,-,08,22107,NA,N,B,C,A,A,H,-,A,A,0,NA,NA,NA,NA,Y,NA,A,01,0,0,1,0,0,0,0,0,0,-,-,33.734500885009766,-117.90654754638672,ORANGE,SANTA ANA,-117.9065399169922,33.73450469970703
8457604,2017,2018-05-18,3001,2017-09-24,1724,A1252,NA,7,5,7,3001,0,0,0,NA,0,0D3,EAST ORANGEWOOD AV,ANAHEIM WY,0,NA,Y,A,-,N,NA,NA,NA,NA,NA,NA,NA,NA,NA,Y,4,0,2,2,A,-,07,21658,A,N,D,C,A,A,H,-,A,D,0,NA,NA,NA,NA,Y,NA,A,01,0,0,2,0,0,0,0,0,0,-,-,NA,NA,ORANGE,ANAHEIM,-117.89397001,33.79624004
84577405,2025,2025-02-13,3001,2025-02-10,1704,A1880,NA,1,5,7,3001,0,0,0,NA,0,D-1,ORANGE AVENUE,BEACH BOULEVARD,62,W,N,A,-,Y,NA,NA,NA,NA,NA,NA,NA,NA,NA,N,4,0,1,2,A,-,03,22350,NA,N,C,C,A,A,H,-,A,A,0,NA,NA,NA,NA,Y,NA,A,01,0,0,1,0,0,0,0,0,0,-,-,NA,NA,ORANGE,ANAHEIM,-117.9934539794922,33.82476043701172
84577480,2024,2025-02-13,3019,2024-12-30,236,3676,NA,1,5,7,3019,0,0,0,NA,0,002,MAIN STREET,EDINGER AVENUE,0,NA,Y,A,-,N,NA,NA,NA,NA,NA,NA,NA,NA,NA,Y,4,0,1,2,A,-,12,21453,A,M,D,D,A,A,H,-,C,A,0,NA,NA,NA,NA,Y,NA,A,01,0,0,1,0,0,0,0,0,0,-,-,33.727081298828125,-117.867919921875,ORANGE,SANTA ANA,-117.86779022216795,33.727149963378906
84579155,2025,2025-02-14,3011,2025-01-28,810,31613,NA,2,5,4,3011,0,0,0,NA,0,003,PARK AVE,BERN DR (S),617,S,-,A,-,N,NA,NA,NA,NA,NA,NA,NA,NA,NA,N,3,0,1,1,A,-,03,22350,NA,N,H,A,A,A,H,-,A,D,0,NA,Y,NA,NA,Y,NA,L,04,0,1,0,0,0,0,1,0,0,-,-,NA,NA,ORANGE,LAGUNA BEACH,-117.76059722900392,33.55069351196289
84579321,2025,2025-02-14,3019,2025-01-17,1333,3698,NA,5,5,7,3019,0,0,0,NA,0,004,1ST STREET,FOREST AVENUE,58,W,N,A,-,N,NA,NA,NA,NA,NA,NA,NA,NA,NA,Y,4,0,2,2,A,-,03,22350,NA,N,C,C,A,A,H,-,A,D,0,NA,NA,NA,NA,Y,NA,J,48,0,0,2,0,0,0,0,0,0,-,-,33.744911193847656,-117.89006042480467,ORANGE,SANTA ANA,-117.8901138305664,33.74542999267578
84580717,2025,2025-02-17,3019,2025-02-07,836,3201,NA,5,5,7,3019,0,0,0,NA,0,004,WISTERIA PLACE,RAITT STREET,0,NA,Y,A,-,N,NA,NA,NA,NA,NA,NA,NA,NA,NA,Y,4,0,1,2,A,-,09,21802,A,N,D,C,A,B,H,-,A,D,0,NA,NA,NA,NA,Y,NA,A,01,0,0,1,0,0,0,0,0,0,-,-,33.73680877685547,-117.8939208984375,ORANGE,SANTA ANA,-117.893798828125,33.73693084716797
84580728,2025,2025-02-17,3019,2025-02-12,626,3969,NA,3,5,7,3019,0,0,0,NA,0,002,1ST STREET,STANDARD AVENUE,709,E,N,C,-,N,NA,NA,NA,NA,NA,NA,NA,NA,NA,Y,4,0,1,2,A,-,05,21651,A,N,B,C,A,B,H,-,A,D,0,NA,NA,NA,NA,Y,NA,A,01,0,0,1,0,0,0,0,0,0,-,-,33.74559020996094,-117.85726165771484,ORANGE,SANTA ANA,-117.85466003417967,33.74562072753906
84581909,2024,2025-02-26,3008,2024-12-22,147,1700,NA,7,5,6,3008,0,0,0,NA,0,NA,COMMONWEALTH AVE,MALDEN AVE,0,NA,Y,A,-,N,NA,NA,NA,NA,NA,NA,NA,NA,NA,N,3,0,1,2,A,-,10,21950,A,F,G,B,B,A,H,-,C,A,0,Y,NA,NA,NA,Y,NA,-,99,0,1,0,0,1,0,0,0,0,-,-,33.869651794433594,-117.92630767822266,ORANGE,FULLERTON,-117.92652893066406,33.8703498840332
84581912,2024,2025-02-18,3008,2024-12-29,1137,1582,NA,7,5,6,3008,0,0,0,NA,0,NA,CHAPMAN AVE,STATE COLLEGE BLVD,472,E,N,B,-,N,NA,NA,NA,NA,NA,NA,NA,NA,NA,Y,4,0,3,2,A,-,09,21804,A,N,D,C,A,A,H,-,A,A,0,NA,NA,NA,NA,Y,NA,A,07,0,0,3,0,0,0,0,0,0,-,-,33.874351501464844,-117.88977813720705,ORANGE,FULLERTON,-117.88807678222656,33.8742790222168
8458267,2017,2017-10-02,3008,2017-05-25,0828,1520,NA,4,5,6,3008,0,0,0,NA,0,0Z2,N WOODS AVE,COMMONWEALTH AV,5,E,N,B,-,N,NA,NA,NA,NA,NA,NA,NA,NA,NA,N,4,0,1,2,A,-,10,21950,A,N,G,B,A,A,H,-,A,A,0,NA,Y,NA,NA,Y,NA,A,01,0,0,1,0,0,0,1,0,0,-,-,NA,NA,ORANGE,FULLERTON,-117.93754,33.87026
84583464,2025,2025-02-19,3010,2025-02-06,545,6105,NA,4,5,6,3010,0,0,0,NA,0,006,SLATER AVE,NICHOLS LN,0,NA,Y,A,-,N,NA,NA,NA,NA,NA,NA,NA,NA,NA,Y,4,0,1,2,A,-,12,21453,A,N,A,C,A,B,H,-,C,A,0,NA,NA,NA,NA,Y,NA,A,01,0,0,1,0,0,0,0,0,0,-,-,33.70846939086914,-117.99559020996094,ORANGE,HUNTINGTON BEACH,-117.99563598632813,33.70835876464844
84584617,2025,2025-02-20,3001,2025-02-19,930,A2303,NA,3,5,7,3001,0,0,0,NA,0,D-1,KNOTT AVENUE,ORANGE AVENUE,329,N,N,A,-,N,NA,NA,NA,NA,NA,NA,NA,NA,NA,N,4,0,1,2,A,-,03,22350,NA,N,C,C,A,A,H,-,A,A,0,NA,NA,NA,NA,Y,NA,A,01,0,0,1,0,0,0,0,0,0,-,-,NA,NA,ORANGE,ANAHEIM,-118.01088714599608,33.82548141479492
84587433,2025,2025-02-24,3016,2025-01-26,1636,1300,NA,7,5,5,3016,0,0,0,NA,0,001,BASTANCHURY ROAD,VALENCIA AVENUE,0,NA,Y,B,C,N,NA,NA,NA,NA,NA,NA,NA,NA,NA,Y,3,0,1,2,A,-,12,21453,A,N,D,C,A,B,H,-,B,A,0,NA,NA,NA,NA,Y,NA,A,01,0,1,0,0,0,0,0,0,0,-,-,33.89606857299805,-117.8542709350586,ORANGE,PLACENTIA,-117.85494232177734,33.896636962890625
84588610,2025,2025-02-25,3001,2025-02-23,1907,A1047,NA,7,5,7,3001,0,0,0,NA,0,D-1,GILBERT STREET,BALL ROAD,0,NA,Y,A,-,N,NA,NA,NA,NA,NA,NA,NA,NA,NA,Y,4,0,3,2,A,-,01,23152,A,N,C,C,A,A,H,-,C,A,0,NA,NA,NA,NA,Y,Y,A,01,0,0,3,0,0,0,0,0,0,-,-,NA,NA,ORANGE,ANAHEIM,-117.96763610839844,33.81768798828125
84589975,2025,2025-02-26,3019,2025-02-20,1922,3980,NA,4,5,7,3019,0,0,0,NA,0,002,WARNER AVENUE,EVERGREEN STREET (E),10,E,N,A,-,N,NA,NA,NA,NA,NA,NA,NA,NA,NA,N,4,0,1,2,A,-,03,22350,NA,N,C,C,A,A,H,-,C,D,0,NA,NA,NA,NA,Y,NA,A,07,0,0,1,0,0,0,0,0,0,-,-,33.71501922607422,-117.85790252685548,ORANGE,SANTA ANA,-117.8576889038086,33.71596145629883
84591200,2025,2025-02-27,3019,2025-02-25,1510,3970,NA,2,5,7,3019,0,0,0,NA,0,002,MAIN STREET,SANTA CLARA AVENUE,0,NA,Y,A,-,N,NA,NA,NA,NA,NA,NA,NA,NA,NA,Y,4,0,1,2,A,-,12,21453,A,N,D,C,A,A,H,-,A,A,0,NA,NA,NA,NA,Y,NA,A,01,0,0,1,0,0,0,0,0,0,-,-,33.766048431396484,-117.86717987060548,ORANGE,SANTA ANA,-117.86750030517578,33.76683807373047
84593434,2025,2025-03-03,3016,2025-01-29,1520,2217,NA,3,5,5,3016,0,0,0,NA,0,002,SANTA FE AVENUE,PLACENTIA AVENUE,0,NA,Y,A,-,N,NA,NA,NA,NA,NA,NA,NA,NA,NA,N,4,0,1,2,A,-,21,22106,NA,M,H,C,A,A,H,-,A,A,0,NA,NA,NA,NA,Y,NA,A,07,0,0,1,0,0,0,0,0,0,-,-,33.87125015258789,-117.87979888916016,ORANGE,PLACENTIA,-117.8797607421875,33.87116622924805
8459629,2017,2018-05-25,3010,2017-09-16,2157,1208,463,6,5,6,3010,0,0,0,NA,0,002,RT 39,ATLANTA,575,S,N,A,-,Y,ORA,12,39,-,-,0.52,H,-,N,Y,3,0,2,3,A,-,09,21804,A,N,C,C,A,A,H,-,C,D,0,NA,NA,Y,NA,Y,NA,A,01,0,1,1,0,0,0,0,0,2,-,-,NA,NA,ORANGE,HUNTINGTON BEACH,-117.98823971,33.65608973
84596741,2025,2025-03-05,3010,2025-02-21,2110,2090,NA,5,5,6,3010,0,0,0,NA,0,004,MAIN ST,PALM AVE,82,N,N,A,-,N,NA,NA,NA,NA,NA,NA,NA,NA,NA,Y,4,0,1,2,A,-,03,22350,NA,N,C,C,A,A,H,-,C,A,0,NA,NA,NA,NA,Y,NA,A,07,0,0,1,0,0,0,0,0,0,-,-,NA,NA,ORANGE,HUNTINGTON BEACH,-117.9990005493164,33.664241790771484
84596765,2025,2025-03-05,3010,2025-02-28,1950,2151,NA,5,5,6,3010,0,0,0,NA,0,008,BOLSA CHICA ST,EDINGER AVE,324,S,N,A,-,N,NA,NA,NA,NA,NA,NA,NA,NA,NA,N,4,0,2,2,A,-,09,21804,A,N,D,C,A,A,H,-,C,D,0,NA,NA,NA,NA,Y,NA,A,01,0,0,2,0,0,0,0,0,0,-,-,33.728939056396484,-118.04158782958984,ORANGE,HUNTINGTON BEACH,-118.04167938232422,33.728973388671875
84600217,2025,2025-03-18,3001,2025-01-18,1044,A2657,NA,6,5,7,3001,0,0,0,NA,0,041,TUSTIN AVENUE,91 W/B ON RAMP,69,N,N,A,-,N,NA,NA,NA,NA,NA,NA,NA,NA,NA,N,4,0,1,2,A,-,07,21658,A,N,B,C,A,A,H,-,A,D,0,NA,NA,NA,NA,Y,NA,A,01,0,0,1,0,0,0,0,0,0,-,-,NA,NA,ORANGE,ANAHEIM,NA,NA
84600339,2025,2025-03-18,3019,2025-03-05,1649,3550,NA,3,5,7,3019,0,0,0,NA,0,001,FLOWER STREET,SANTA ANA BOULEVARD,0,NA,Y,C,-,N,NA,NA,NA,NA,NA,NA,NA,NA,NA,Y,3,0,2,2,A,-,09,21801,A,N,A,C,A,B,H,-,A,A,0,NA,NA,NA,NA,Y,NA,A,07,0,1,1,0,0,0,0,0,0,-,-,33.74797058105469,-117.8761978149414,ORANGE,SANTA ANA,-117.87648010253906,33.74799346923828
84604148,2025,2025-03-18,3026,2025-03-03,1258,555,NA,1,5,6,3026,0,0,0,NA,0,009,IRVINE BLVD,SAND CANYON AVE,150,E,N,A,-,N,NA,NA,NA,NA,NA,NA,NA,NA,NA,N,4,0,1,2,A,-,03,22350,NA,N,C,C,A,A,H,-,A,A,0,NA,NA,NA,NA,Y,NA,A,07,0,0,1,0,0,0,0,0,0,-,-,33.69839096069336,-117.74732208251952,ORANGE,IRVINE,-117.73805236816406,33.69831085205078
84604728,2025,2025-03-18,3008,2025-01-21,1733,1700,NA,2,5,6,3008,0,0,0,NA,0,NA,HARBOR BLVD,VALENCIA MESA DR,375,S,N,A,-,N,NA,NA,NA,NA,NA,NA,NA,NA,NA,N,4,0,1,2,A,-,03,22350,NA,N,C,C,A,A,H,-,C,D,0,NA,NA,NA,NA,Y,NA,A,01,0,0,1,0,0,0,0,0,0,-,-,33.893638610839844,-117.92862701416016,ORANGE,FULLERTON,-117.92832183837892,33.89239501953125