CASE_ID,ACCIDENT_YEAR,PROC_DATE,JURIS,COLLISION_DATE,COLLISION_TIME,OFFICER_ID,REPORTING_DISTRICT,DAY_OF_WEEK,CHP_SHIFT,POPULATION,CNTY_CITY_LOC,SPECIAL_COND,BEAT_TYPE,CHP_BEAT_TYPE,CITY_DIVISION_LAPD,CHP_BEAT_CLASS,BEAT_NUMBER,PRIMARY_RD,SECONDARY_RD,DISTANCE,DIRECTION,INTERSECTION,WEATHER_1,WEATHER_2,STATE_HWY_IND,CALTRANS_COUNTY,CALTRANS_DISTRICT,STATE_ROUTE,ROUTE_SUFFIX,POSTMILE_PREFIX,POSTMILE,LOCATION_TYPE,RAMP_INTERSECTION,SIDE_OF_HWY,TOW_AWAY,COLLISION_SEVERITY,NUMBER_KILLED,NUMBER_INJURED,PARTY_COUNT,PRIMARY_COLL_FACTOR,PCF_CODE_OF_VIOL,PCF_VIOL_CATEGORY,PCF_VIOLATION,PCF_VIOL_SUBSECTION,HIT_AND_RUN,TYPE_OF_COLLISION,MVIW,PED_ACTION,ROAD_SURFACE,ROAD_COND_1,ROAD_COND_2,LIGHTING,CONTROL_DEVICE,CHP_ROAD_TYPE,PEDESTRIAN_ACCIDENT,BICYCLE_ACCIDENT,MOTORCYCLE_ACCIDENT,TRUCK_ACCIDENT,NOT_PRIVATE_PROPERTY,ALCOHOL_INVOLVED,STWD_VEHTYPE_AT_FAULT,CHP_VEHTYPE_AT_FAULT,COUNT_SEVERE_INJ,COUNT_VISIBLE_INJ,COUNT_COMPLAINT_PAIN,COUNT_PED_KILLED,COUNT_PED_INJURED,COUNT_BICYCLIST_KILLED,COUNT_BICYCLIST_INJURED,COUNT_MC_KILLED,COUNT_MC_INJURED,PRIMARY_RAMP,SECONDARY_RAMP,LATITUDE,LONGITUDE,COUNTY,CITY,POINT_X,POINT_Y
84853795,2025,2025-09-22,3010,2025-09-15,936,2083,NA,1,5,6,3010,0,0,0,NA,0,003,BROOKHURST ST,BEACHMONT,35,N,N,A,-,N,NA,NA,NA,NA,NA,NA,NA,NA,NA,N,3,0,1,2,A,-,04,21703,NA,N,C,C,A,A,H,-,A,A,0,NA,NA,NA,NA,Y,NA,D,22,0,1,0,0,0,0,0,0,0,-,-,33.67388153076172,-117.953857421875,ORANGE,HUNTINGTON BEACH,NA,NA
84855552,2025,2025-09-23,3010,2025-09-05,2155,6139,NA,5,5,6,3010,0,0,0,NA,0,005,YORKTOWN AVE,DELAWARE ST,65,E,N,A,-,N,NA,NA,NA,NA,NA,NA,NA,NA,NA,N,3,0,1,2,A,-,07,21658,A,N,H,E,A,A,H,-,C,A,0,NA,Y,NA,NA,Y,Y,M,91,0,1,0,0,0,0,1,0,0,-,-,33.679298400878906,-117.99285888671876,ORANGE,HUNTINGTON BEACH,-117.99283599853516,33.679420471191406
8485585,2017,2018-06-26,3010,2017-10-05,0314,1021,273,4,5,6,3010,0,0,0,NA,0,006,WARNER AV,RT 39,0,NA,Y,A,-,Y,ORA,12,39,-,-,4.631,I,5,S,Y,2,0,2,2,A,-,12,21453,A,N,D,C,A,A,C,-,C,A,0,NA,NA,NA,NA,Y,NA,A,01,2,0,0,0,0,0,0,0,0,-,-,NA,NA,ORANGE,HUNTINGTON BEACH,-117.98923898,33.71569922
84856324,2025,2025-09-23,3014,2025-09-08,1748,1555,NA,1,5,5,3014,0,0,0,NA,0,A2,SR-1 (W COAST HWY),DOVER DR,826,W,N,A,-,Y,ORA,NA,1,NA,NA,18.603,H,NA,R,Y,4,0,1,2,A,-,03,22350,NA,N,C,C,A,A,H,-,A,D,0,NA,NA,Y,NA,Y,NA,C,02,0,0,1,0,0,0,0,0,1,-,-,33.6159782409668,-117.91008758544922,ORANGE,NEWPORT BEACH,-117.91009521484376,33.616065979003906
8485672,2017,2018-05-25,3010,2017-09-26,1528,1261,283,2,5,6,3010,0,0,0,NA,0,005,RT 39,MAIN,62,N,N,A,-,Y,ORA,12,39,-,-,3.13,H,-,S,N,4,0,1,2,D,-,00,NA,NA,N,C,C,A,A,H,-,A,A,0,NA,NA,NA,NA,Y,NA,-,-,0,0,1,0,0,0,0,0,0,-,-,NA,NA,ORANGE,HUNTINGTON BEACH,-117.98895584,33.69389604
84857076,2025,2025-09-24,3014,2025-09-14,1452,1532,NA,7,5,5,3014,0,0,0,NA,0,A1,OCEAN FRONT W,32ND ST,2,E,N,A,-,N,NA,NA,NA,NA,NA,NA,NA,NA,NA,N,3,0,1,2,A,-,11,21950,B,M,H,B,D,A,H,-,A,D,0,Y,Y,NA,NA,Y,NA,N,60,0,1,0,0,0,0,1,0,0,-,-,33.613990783691406,-117.93370056152344,ORANGE,NEWPORT BEACH,-117.93376922607422,33.614044189453125
84857207,2025,2025-09-26,3001,2025-08-13,1500,A2813,NA,3,5,7,3001,0,0,0,NA,0,D-1,MAGNOLIA AVENUE,ROWLAND AVENUE (N),0,NA,Y,A,-,N,NA,NA,NA,NA,NA,NA,NA,NA,NA,N,3,0,1,2,A,-,09,21804,A,N,D,G,A,A,H,-,A,D,0,NA,Y,NA,NA,Y,NA,L,04,0,1,0,0,0,0,1,0,0,-,-,33.82695007324219,-117.97589874267578,ORANGE,ANAHEIM,-117.9759521484375,33.827335357666016
84857217,2025,2025-09-24,3001,2025-09-07,1106,A2243,NA,7,5,7,3001,0,0,0,NA,0,D-1,BEACH BLVD,ORANGE AVE,24,N,N,A,-,N,NA,NA,NA,NA,NA,NA,NA,NA,NA,N,4,0,1,2,A,-,11,21456,A,N,G,B,D,A,H,-,A,A,0,Y,NA,NA,NA,Y,NA,N,60,0,0,1,0,1,0,0,0,0,-,-,33.82463073730469,-117.99333953857422,ORANGE,ANAHEIM,-117.99324798583984,33.824825286865234
84857243,2025,2025-09-24,3001,2025-09-15,1526,A2382,NA,1,5,7,3001,0,0,0,NA,0,D-1,BROOKHURST ST,CATALINA AVE,266,N,N,A,-,N,NA,NA,NA,NA,NA,NA,NA,NA,NA,N,3,0,2,2,A,-,03,22350,NA,N,D,C,A,A,H,-,A,D,0,NA,NA,Y,NA,Y,NA,C,02,0,2,0,0,0,0,0,0,2,-,-,33.83565902709961,-117.95877838134766,ORANGE,ANAHEIM,-117.95902252197266,33.83700942993164
84858999,2025,2025-09-25,3001,2025-09-23,711,A2092,NA,2,5,7,3001,0,0,0,NA,0,D-4,JEANINE WAY,DUTCH AVENUE (S),442,S,N,A,-,N,NA,NA,NA,NA,NA,NA,NA,NA,NA,Y,2,0,1,2,A,-,01,23152,F,N,C,E,A,A,H,-,A,D,0,NA,NA,NA,NA,Y,NA,A,07,1,0,0,0,0,0,0,0,0,-,-,NA,NA,ORANGE,ANAHEIM,-117.8694305419922,33.84122848510742
84860713,2025,2025-09-29,3001,2025-09-23,1658,A2832,NA,2,5,7,3001,0,0,0,NA,0,031,EUCLID STREET,ORANGE AVENUE,0,NA,Y,B,-,N,NA,NA,NA,NA,NA,NA,NA,NA,NA,Y,3,0,1,2,A,-,09,21801,A,N,D,C,A,A,H,-,A,A,0,NA,NA,Y,NA,Y,NA,A,07,0,1,0,0,0,0,0,0,1,-,-,NA,NA,ORANGE,ANAHEIM,-117.94148254394533,33.82522201538086
8486493,2017,2017-12-05,3019,2017-10-19,1911,3325,SC,4,5,7,3019,0,0,0,NA,0,003,SEGERSTROM AV,FLOWER ST,0,NA,Y,A,-,N,NA,NA,NA,NA,NA,NA,NA,NA,NA,Y,4,0,1,2,A,-,09,21801,A,N,A,C,A,A,H,-,C,A,0,NA,NA,NA,NA,Y,NA,A,01,0,0,1,0,0,0,0,0,0,-,-,33.70952,-117.87662,ORANGE,SANTA ANA,-117.87684005,33.70974006
84865276,2025,2025-09-30,3026,2025-09-25,1429,4779,NA,4,5,6,3026,0,0,0,NA,0,004,WALNUT AVE,HARVARD AVE,30,E,N,A,-,N,NA,NA,NA,NA,NA,NA,NA,NA,NA,N,4,0,1,2,D,-,00,NA,NA,N,D,C,A,A,H,-,A,A,0,NA,NA,NA,NA,Y,NA,-,-,0,0,1,0,0,0,0,0,0,-,-,33.71063995361328,-117.7966079711914,ORANGE,IRVINE,-117.79653167724608,33.710567474365234
84865290,2025,2025-09-30,3011,2025-09-14,1720,31543,NA,7,5,4,3011,0,0,0,NA,0,003,GLENNEYRE ST,PEARL ST,24,S,-,A,-,N,NA,NA,NA,NA,NA,NA,NA,NA,NA,Y,3,0,1,2,A,-,08,22107,NA,N,D,C,A,A,H,-,A,D,0,NA,NA,NA,NA,Y,NA,A,01,0,1,0,0,0,0,0,0,0,-,-,NA,NA,ORANGE,LAGUNA BEACH,-117.77033233642578,33.529422760009766
8486553,2017,2017-12-05,3010,2017-10-16,1936,1261,261,1,5,6,3010,0,0,0,NA,0,007,GOTHARD,WARNER,0,NA,Y,A,-,N,NA,NA,NA,NA,NA,NA,NA,NA,NA,Y,4,0,1,2,A,-,09,21801,A,N,A,C,A,A,H,-,C,A,0,NA,NA,NA,NA,Y,NA,A,01,0,0,1,0,0,0,0,0,0,-,-,NA,NA,ORANGE,HUNTINGTON BEACH,-118.00008003,33.71564007
8486738,2017,2017-11-20,3014,2017-11-09,0710,1046,RD39,4,5,5,3014,0,0,0,NA,0,0A3,SAN NICHOLAS DR,NEWPORT CENTER DR,530,E,N,A,-,N,NA,NA,NA,NA,NA,NA,NA,NA,NA,N,4,0,1,2,A,-,09,21804,A,N,G,B,D,A,H,-,A,A,0,Y,NA,NA,NA,Y,NA,A,01,0,0,1,0,1,0,0,0,0,-,-,33.6149,-117.8705,ORANGE,NEWPORT BEACH,-117.870636,33.614986
8486876,2017,2018-01-17,3024,2017-11-02,2359,177,NA,4,5,5,3024,0,0,0,NA,0,EAST,BROOKHURST ST,BISHOP PL,480,N,N,A,-,N,NA,NA,NA,NA,NA,NA,NA,NA,NA,N,4,0,1,2,A,-,-,NA,NA,M,B,C,A,A,H,-,C,D,0,NA,NA,NA,NA,Y,NA,A,01,0,0,1,0,0,0,0,0,0,-,-,33.74133,-117.95474,ORANGE,WESTMINSTER,-117.95492774,33.74265588
8486880,2017,2017-12-14,3024,2017-11-02,0820,329,P12,4,5,5,3024,0,0,0,NA,0,WEST,WESTMINSTER BL,HOOVER ST,50,E,N,B,-,N,NA,NA,NA,NA,NA,NA,NA,NA,NA,N,4,0,1,2,A,-,07,21658,A,N,B,C,A,A,H,-,A,A,0,NA,NA,NA,NA,Y,NA,A,08,0,0,1,0,0,0,0,0,0,-,-,33.75903,-117.99843,ORANGE,WESTMINSTER,-117.99824595,33.75914438
84872906,2025,2025-10-06,3001,2025-09-16,827,A1007,NA,2,5,7,3001,0,0,0,NA,0,D-2,LA PALMA AVE,EUCLID ST,413,W,N,A,-,N,NA,NA,NA,NA,NA,NA,NA,NA,NA,N,4,0,1,2,A,-,09,21804,A,N,A,C,A,A,H,-,A,D,0,NA,NA,NA,NA,Y,NA,A,01,0,0,1,0,0,0,0,0,0,-,-,33.84737014770508,-117.94161224365234,ORANGE,ANAHEIM,-117.94302368164063,33.84709167480469
84873564,2025,2025-10-06,3008,2025-08-21,1654,1676,NA,4,5,6,3008,0,0,0,NA,0,NA,COMMONWEALTH AVE,CHAPMAN AVE,0,NA,Y,A,-,N,NA,NA,NA,NA,NA,NA,NA,NA,NA,N,3,0,1,2,A,-,09,21801,A,N,D,C,A,A,H,-,A,A,0,NA,NA,NA,NA,Y,NA,A,01,0,1,0,0,0,0,0,0,0,-,-,33.87432098388672,-117.88433837890624,ORANGE,FULLERTON,-117.88423919677734,33.87409210205078
8487395,2017,2017-11-22,3015,2017-10-03,0753,1574,061,2,5,6,3015,0,0,0,NA,0,732,S FLOWER ST,PALMYRA AV,142,W,N,A,-,N,NA,NA,NA,NA,NA,NA,NA,NA,NA,Y,4,0,2,2,A,-,03,22350,NA,N,D,C,A,A,H,-,A,D,0,NA,NA,NA,NA,Y,NA,A,01,0,0,2,0,0,0,0,0,0,-,-,NA,NA,ORANGE,ORANGE,-117.8764962,33.78337
84875332,2025,2025-10-07,3016,2025-09-26,843,2218,NA,5,5,5,3016,0,0,0,NA,0,001,KRAEMER BOULEVARD,YORBA LINDA BOULEVARD,43,N,N,B,-,N,NA,NA,NA,NA,NA,NA,NA,NA,NA,Y,3,0,2,3,A,-,03,22350,NA,N,A,C,A,A,H,-,A,A,0,NA,NA,NA,NA,Y,NA,A,01,0,2,0,0,0,0,0,0,0,-,-,33.88779830932617,-117.86335754394533,ORANGE,PLACENTIA,-117.86355590820313,33.88796615600586
8487668,2017,2017-11-13,3015,2017-10-21,0320,1559,164,6,5,6,3015,0,0,0,NA,0,031,TRAILS END LN,WHITE OAK RIDGE,63,S,N,A,-,N,NA,NA,NA,NA,NA,NA,NA,NA,NA,Y,2,0,1,1,A,-,01,23152,A,N,E,I,A,A,H,-,C,D,0,NA,NA,NA,NA,Y,Y,A,01,1,0,0,0,0,0,0,0,0,-,-,NA,NA,ORANGE,ORANGE,-117.7675,33.7923
84877278,2025,2025-10-08,3008,2025-08-27,844,1407,NA,3,5,6,3008,0,0,0,NA,0,NA,CHAPMAN AVE,STATE COLLEGE BLVD,163,W,N,A,-,N,NA,NA,NA,NA,NA,NA,NA,NA,NA,N,4,0,1,2,A,-,17,21235,G,N,E,J,A,A,H,-,A,D,0,NA,NA,NA,NA,Y,NA,M,94,0,0,1,0,0,0,0,0,0,-,-,33.874351501464844,-117.88977813720705,ORANGE,FULLERTON,-117.89015197753906,33.874210357666016
8487989,2017,2017-11-17,3019,2017-10-18,0952,2460,NE,3,5,7,3019,0,0,0,NA,0,001,MAIN ST,CIVIC CENTER DR,0,NA,Y,A,-,N,NA,NA,NA,NA,NA,NA,NA,NA,NA,Y,4,0,1,2,A,-,09,21801,A,N,A,C,A,A,H,-,A,A,0,NA,NA,NA,NA,Y,NA,A,01,0,0,1,0,0,0,0,0,0,-,-,33.75084,-117.86777,ORANGE,SANTA ANA,-117.86761006,33.75063006
84880730,2025,2026-01-14,3008,2025-08-20,2324,1672,NA,3,5,6,3008,0,0,0,NA,0,NA,GILBERT ST,COMMONWEALTH AVE,46,S,N,A,-,N,NA,NA,NA,NA,NA,NA,NA,NA,NA,N,4,0,1,2,A,-,03,22350,NA,M,C,C,A,A,H,-,C,A,0,NA,NA,NA,NA,Y,NA,-,99,0,0,1,0,0,0,0,0,0,-,-,33.86994171142578,-117.96797943115234,ORANGE,FULLERTON,-117.9682159423828,33.86992263793945
84880808,2025,2025-10-10,3002,2025-09-08,753,1755,NA,1,5,4,3002,0,0,0,NA,0,001,CENTRAL AV,BREA BL,1056,W,N,A,-,N,NA,NA,NA,NA,NA,NA,NA,NA,NA,Y,3,0,2,2,A,-,09,21804,A,N,D,C,A,A,H,-,A,D,0,NA,NA,NA,NA,Y,NA,A,01,0,1,1,0,0,0,0,0,0,-,-,33.932098388671875,-117.89396667480467,ORANGE,BREA,-117.8974380493164,33.932098388671875
84884912,2025,2025-10-14,3010,2025-10-11,841,2090,NA,6,5,6,3010,0,0,0,NA,0,008,BOLSA CHICA ST,EDINGER AVE,231,S,N,A,-,N,NA,NA,NA,NA,NA,NA,NA,NA,NA,Y,3,0,1,1,A,-,08,22107,NA,N,E,I,A,A,H,-,A,D,0,NA,NA,NA,NA,Y,NA,A,07,0,1,0,0,0,0,0,0,0,-,-,NA,NA,ORANGE,HUNTINGTON BEACH,-118.04167938232422,33.729225158691406
8489170,2017,2017-12-07,3019,2017-10-15,0916,3502,SC,7,5,7,3019,0,0,0,NA,0,004,SEGERSTROM AV,BRISTOL ST,0,NA,Y,A,-,N,NA,NA,NA,NA,NA,NA,NA,NA,NA,N,3,0,2,2,A,-,12,21453,A,N,D,C,A,A,H,-,A,A,0,NA,NA,NA,NA,Y,NA,A,01,0,1,1,0,0,0,0,0,0,-,-,33.70745,-117.8853,ORANGE,SANTA ANA,-117.88547013,33.70743002
84892668,2025,2025-10-20,3008,2025-09-01,1500,1687,NA,1,5,6,3008,0,0,0,NA,0,NA,HARBOR BLVD,LAS RIENDAS DR,105,S,N,A,-,N,NA,NA,NA,NA,NA,NA,NA,NA,NA,Y,2,0,1,2,A,-,07,21658,A,F,B,C,A,A,H,-,A,A,0,NA,NA,Y,NA,Y,Y,-,99,1,0,0,0,0,0,0,0,1,-,-,33.914710998535156,-117.93302154541016,ORANGE,FULLERTON,-117.93276214599608,33.91443634033203
8489465,2017,2018-07-09,3002,2017-11-01,1015,1461,426X,3,5,4,3002,0,0,0,NA,0,013,IMPERIAL HWY,BREA BL,84,W,N,B,-,Y,ORA,12,90,-,-,4.391,H,-,W,Y,3,0,2,2,A,-,05,21651,C,N,A,C,A,A,H,-,A,A,0,NA,NA,NA,NA,Y,NA,A,01,0,1,1,0,0,0,0,0,0,-,-,NA,NA,ORANGE,BREA,-117.90030792,33.91660919
8489473,2017,2018-07-10,3003,2017-11-01,0747,665,23,3,5,5,3003,0,0,0,NA,0,008,BEACH BL,DURANGO DR S,0,NA,Y,B,-,Y,ORA,12,39,-,-,16.651,I,5,N,Y,4,0,2,2,A,-,09,21802,A,N,D,C,A,A,H,-,A,D,0,NA,NA,NA,NA,Y,NA,A,01,0,0,2,0,0,0,0,0,0,-,-,33.8881,-117.9928,ORANGE,BUENA PARK,-117.99305150000001,33.88783142
84895083,2025,2025-10-21,3001,2025-10-04,656,A2842,NA,6,5,7,3001,0,0,0,NA,0,NA,WEST ST,BROADWAY,0,NA,Y,A,-,N,NA,NA,NA,NA,NA,NA,NA,NA,NA,N,4,0,1,2,A,-,12,21453,A,M,D,C,A,A,H,-,A,A,0,NA,NA,NA,NA,Y,NA,A,01,0,0,1,0,0,0,0,0,0,-,-,33.830291748046875,-117.9264678955078,ORANGE,ANAHEIM,-117.92636871337892,33.830299377441406
84898763,2025,2025-10-23,3019,2025-10-14,1506,3653,NA,2,5,7,3019,0,0,0,NA,0,001,HARBOR BOULEVARD,WASHINGTON AVENUE,324,N,N,A,-,N,NA,NA,NA,NA,NA,NA,NA,NA,NA,N,4,0,1,2,A,-,03,22350,NA,N,D,G,A,A,H,-,A,D,0,NA,Y,NA,NA,Y,NA,L,04,0,0,1,0,0,0,1,0,0,-,-,33.75605010986328,-117.9201431274414,ORANGE,SANTA ANA,-117.92015838623048,33.757049560546875
8489932,2017,2017-12-01,3002,2017-10-21,1525,5013,739J5,6,5,5,3025,0,0,0,NA,0,002,VAN BUREN ST,BUENA VISTA AV,0,NA,Y,A,-,N,NA,NA,NA,NA,NA,NA,NA,NA,NA,Y,3,0,3,2,A,-,12,22450,NA,N,D,C,A,A,H,-,A,A,0,NA,NA,NA,NA,Y,NA,A,08,0,1,2,0,0,0,0,0,0,-,-,NA,NA,ORANGE,YORBA LINDA,-117.83147008,33.87993008
8490141,2017,2018-05-04,3000,2017-09-16,1955,4601,971D3,6,5,4,3029,0,0,0,NA,0,638,PCH,VIA MENTONE,244,S,N,A,-,N,NA,NA,NA,NA,NA,NA,NA,NA,NA,Y,4,0,1,2,A,-,03,22350,NA,N,C,C,A,A,H,-,C,D,0,NA,NA,NA,NA,Y,NA,D,22,0,0,1,0,0,0,0,0,0,-,-,NA,NA,ORANGE,DANA POINT,-117.73035206,33.48956171
84902527,2025,2025-10-27,3011,2025-10-03,1720,31631,NA,5,5,4,3011,0,0,0,NA,0,NA,RT 1,5 AVENUE,0,NA,-,A,-,Y,NA,NA,NA,NA,NA,NA,NA,NA,NA,Y,3,0,2,5,A,-,08,22107,NA,N,C,E,A,A,H,-,A,D,0,NA,NA,NA,NA,Y,NA,A,01,0,2,0,0,0,0,0,0,0,-,-,NA,NA,ORANGE,LAGUNA BEACH,-117.74317169189452,33.500709533691406
84902741,2025,2025-10-27,3008,2025-09-05,918,1448,NA,5,5,6,3008,0,0,0,NA,0,002,BERKELEY AVE,BROOKDALE PL,700,N,N,A,-,N,NA,NA,NA,NA,NA,NA,NA,NA,NA,Y,4,0,2,2,A,-,03,22350,NA,N,C,E,A,A,H,-,A,D,0,NA,NA,NA,NA,Y,NA,A,01,0,0,2,0,0,0,0,0,0,-,-,NA,NA,ORANGE,FULLERTON,-117.91436004638672,33.87858200073242
8490330,2017,2017-11-29,3024,2017-10-09,1121,433,P 16,1,5,5,3024,0,0,0,NA,0,WEST,WESTMINSTER AV,LA PAT PL,190,E,N,B,-,N,NA,NA,NA,NA,NA,NA,NA,NA,NA,Y,3,0,1,2,A,-,03,22350,NA,N,C,E,A,A,H,-,A,A,0,NA,NA,NA,NA,Y,NA,A,01,0,1,0,0,0,0,0,0,0,-,-,NA,NA,ORANGE,WESTMINSTER,-118.01418632,33.7590626
84906695,2025,2025-10-29,3019,2025-10-18,1357,3968,NA,6,5,7,3019,0,0,0,NA,0,002,17TH STREET,GRAND AVENUE,319,E,N,A,-,N,NA,NA,NA,NA,NA,NA,NA,NA,NA,N,4,0,1,2,A,-,05,21650,1,N,D,G,A,A,H,-,A,D,0,NA,Y,NA,NA,Y,NA,L,04,0,0,1,0,0,0,1,0,0,-,-,33.75992965698242,-117.85192108154295,ORANGE,SANTA ANA,-117.8508758544922,33.759918212890625
84912693,2025,2025-11-05,3010,2025-10-30,1859,2199,NA,4,5,6,3010,0,0,0,NA,0,003,YORKTOWN AVE,WORCHESTER LN,0,NA,Y,A,-,N,NA,NA,NA,NA,NA,NA,NA,NA,NA,N,2,0,1,2,A,-,05,21650,1,N,A,G,A,A,H,-,C,D,0,NA,Y,NA,NA,Y,NA,L,04,1,0,0,0,0,0,1,0,0,-,-,33.67926025390625,-117.986572265625,ORANGE,HUNTINGTON BEACH,-117.98657989501952,33.679447174072266
84916580,2025,2025-12-04,3008,2025-09-21,1736,1703,NA,7,5,6,3008,0,0,0,NA,0,NA,ORANGETHORPE AVE,ACACIA AVE,0,NA,Y,A,-,N,NA,NA,NA,NA,NA,NA,NA,NA,NA,Y,2,0,4,5,A,-,08,22107,NA,N,A,C,A,A,H,-,A,A,0,NA,NA,NA,NA,Y,NA,A,01,1,1,2,0,0,0,0,0,0,-,-,33.859519958496094,-117.89808654785156,ORANGE,FULLERTON,-117.8980712890625,33.85963821411133
84918385,2025,2025-11-10,3019,2025-10-17,2101,3982,NA,5,5,7,3019,0,0,0,NA,0,002,PARTON STREET,15TH STREET,24,N,N,A,-,N,NA,NA,NA,NA,NA,NA,NA,NA,NA,N,4,0,2,2,A,-,08,22107,NA,M,B,C,A,A,H,-,C,A,0,NA,NA,NA,NA,Y,NA,A,07,0,0,2,0,0,0,0,0,0,-,-,33.75774002075195,-117.8747787475586,ORANGE,SANTA ANA,-117.87464141845705,33.75791549682617
8491893,2017,2018-07-10,3001,2017-10-28,1253,1830,NA,6,5,7,3001,0,0,0,NA,0,0D1,RT 39,LINCOLN AV,375,N,N,A,-,Y,ORA,12,39,-,-,12.75,H,-,S,Y,3,0,3,3,A,-,03,22350,NA,N,C,C,A,A,H,-,A,A,0,NA,NA,NA,NA,Y,NA,D,22,0,1,2,0,0,0,0,0,0,-,-,NA,NA,ORANGE,ANAHEIM,-117.993609,33.8330387
84922290,2025,2025-11-12,3001,2025-09-27,2133,A2524,NA,6,5,7,3001,0,0,0,NA,0,D-3,EUCLID ST,KATELLA AVE,10,N,N,A,-,N,NA,NA,NA,NA,NA,NA,NA,NA,NA,N,4,0,1,2,A,-,03,22350,NA,M,C,C,A,A,H,-,C,A,0,NA,NA,NA,NA,Y,NA,A,01,0,0,1,0,0,0,0,0,0,-,-,33.80329132080078,-117.9414520263672,ORANGE,ANAHEIM,-117.94142150878906,33.80327606201172
8492283,2017,2017-11-28,3000,2017-09-17,1433,7734,862E7,7,5,5,3028,0,0,0,NA,0,752,LOS ALISOS BL,MARGUERITE PKWY,0,NA,Y,B,-,N,NA,NA,NA,NA,NA,NA,NA,NA,NA,Y,3,0,2,2,A,-,12,21453,A,N,D,C,A,A,H,-,A,A,0,NA,NA,NA,NA,Y,NA,A,01,0,2,0,0,0,0,0,0,0,-,-,NA,NA,ORANGE,MISSION VIEJO,-117.64183006,33.65711012
84924053,2025,2025-11-12,3001,2025-10-16,1037,A2813,NA,4,5,7,3001,0,0,0,NA,0,D-2,LEMON STREET,WB SR-91 FWY,0,NA,Y,A,-,N,NA,NA,NA,NA,NA,NA,NA,NA,NA,Y,4,0,1,2,A,-,12,21453,A,N,D,C,A,A,H,-,A,A,0,NA,NA,NA,NA,Y,NA,A,01,0,0,1,0,0,0,0,0,0,-,-,NA,NA,ORANGE,ANAHEIM,-117.91980743408205,33.85441207885742
8492465,2017,2017-11-27,3008,2017-06-25,1254,1526,NA,7,5,6,3008,0,0,0,NA,0,002,COMMONWEALTH AV,RAYMOND AV,102,W,N,A,-,N,NA,NA,NA,NA,NA,NA,NA,NA,NA,N,4,0,1,2,A,-,09,21801,A,N,D,C,A,A,H,-,A,D,0,NA,NA,NA,NA,Y,NA,A,01,0,0,1,0,0,0,0,0,0,-,-,NA,NA,ORANGE,FULLERTON,-117.90730517,33.87049468
8492479,2017,2017-11-27,3000,2017-09-19,2308,3785,892D2,2,5,5,3028,0,0,0,NA,0,058,LOS ALISOS BL,ENTIDAD,874,E,N,A,-,N,NA,NA,NA,NA,NA,NA,NA,NA,NA,Y,2,0,1,2,A,-,03,22350,NA,N,C,C,A,A,H,-,C,D,0,NA,NA,NA,NA,Y,NA,A,01,1,0,0,0,0,0,0,0,0,-,-,NA,NA,ORANGE,MISSION VIEJO,-117.65356604,33.64834682
84927229,2025,2025-11-13,3019,2025-10-29,1357,3653,NA,3,5,7,3019,0,0,0,NA,0,003,MAIN STREET,RICHLAND STREET,53,S,N,A,-,N,NA,NA,NA,NA,NA,NA,NA,NA,NA,Y,3,0,4,3,A,-,07,21658,A,N,B,C,A,A,H,-,A,D,0,NA,NA,NA,NA,Y,NA,A,07,0,2,2,0,0,0,0,0,0,-,-,33.73823928833008,-117.8676300048828,ORANGE,SANTA ANA,-117.86771392822266,33.73820495605469
84927245,2025,2025-11-13,3019,2025-11-03,1412,2676,NA,1,5,7,3019,0,0,0,NA,0,004,BOOTH STREET,PINE STREET,23,N,N,A,-,N,NA,NA,NA,NA,NA,NA,NA,NA,NA,N,4,0,1,1,A,-,08,22107,NA,N,H,A,A,A,H,-,A,D,0,NA,NA,Y,NA,Y,NA,C,03,0,0,1,0,0,0,0,0,1,-,-,33.74361038208008,-117.87838745117188,ORANGE,SANTA ANA,-117.87857818603516,33.74365234375
84928992,2025,2025-11-17,3001,2025-10-29,1824,A2813,NA,3,5,7,3001,0,0,0,NA,0,D-2,BROADWAY,LEMON STREET,0,NA,Y,A,-,N,NA,NA,NA,NA,NA,NA,NA,NA,NA,Y,3,0,2,2,A,-,09,21801,A,N,D,C,A,A,H,-,B,D,0,NA,NA,NA,NA,Y,NA,A,01,0,2,0,0,0,0,0,0,0,-,-,NA,NA,ORANGE,ANAHEIM,-117.91510772705078,33.832889556884766
84928994,2025,2025-11-14,3001,2025-10-30,1419,A2687,NA,4,5,7,3001,0,0,0,NA,0,NA,EAST STREET,SYCAMORE STREET,0,NA,Y,A,-,N,NA,NA,NA,NA,NA,NA,NA,NA,NA,Y,4,0,1,2,A,-,09,21801,A,N,D,C,A,A,H,-,A,A,0,NA,NA,NA,NA,Y,NA,A,01,0,0,1,0,0,0,0,0,0,-,-,NA,NA,ORANGE,ANAHEIM,-117.90408325195313,33.842437744140625
84929309,2025,2025-11-14,3019,2025-11-05,1321,3653,NA,3,5,7,3019,0,0,0,NA,0,002,FLOWER STREET,3RD STREET,15,S,N,A,-,N,NA,NA,NA,NA,NA,NA,NA,NA,NA,N,4,0,2,2,A,-,21,22106,NA,N,C,C,A,A,H,-,A,A,0,NA,NA,NA,NA,Y,NA,A,07,0,0,2,0,0,0,0,0,0,-,-,33.7470817565918,-117.87618255615234,ORANGE,SANTA ANA,-117.87654876708984,33.747047424316406